0 0 0 0 0 0 0 1
1 -0.00114 -0.00064 0.00038 2.57343e-11 -8.9594e-11 6.45207e-10 1
2 -0.00779 -0.00606 0.00211 -0.00111 0.00042 -0.000150999 0.999999
3 -0.00919 -0.00859 0.00421 -0.00104795 0.000253188 2.71611e-05 0.999999
4 -0.00749 -0.00909 0.00644 -0.00114987 0.000375535 0.000361059 0.999999
5 -0.00541 -0.00976 0.00799 -0.000936854 0.000529829 0.000549803 0.999999
6 -0.00282 -0.00921 0.00672 -0.00151779 0.000166264 0.000287452 0.999999
7 -0.00162 -0.00924 0.00543 -0.00161083 0.000369432 0.000416159 0.999999
8 -0.00137 -0.00794 0.00316 -0.00100387 0.000138091 4.73084e-05 0.999999
9 -0.000761 -0.00718 0.00277 -0.000612838 0.000322406 0.00034307 1
10 0.000257 -0.00428 0.00278 -0.000488947 0.000229182 -9.1912e-05 1
11 -6.33e-05 -0.00256 0.00236 -0.00165491 0.000187384 0.000102376 0.999999
12 -0.000594 -0.00123 0.000927 -0.000581966 0.000169947 -0.000227796 1
13 -0.00123 -0.000183 -0.00146 -0.000183026 -0.000176081 -0.000119661 1
14 -0.00181 0.000577 -0.00185 -0.000660976 0.000195971 -0.000150813 1
15 -0.00106 0.000589 -0.000595 -0.000356959 0.000247955 -0.000104906 1
16 -0.000483 -0.00024 0.00107 -0.000933951 0.000303018 -9.67822e-05 1
17 -0.000133 -0.00103 0.00198 -0.000597913 0.000265116 4.21521e-05 1
18 -0.000332 -0.00176 0.00276 -0.000927889 0.000337163 0.000145197 1
19 -0.000812 -0.00261 0.00283 -0.00106587 0.000322201 0.000208258 0.999999
20 -0.000612 -0.00262 0.00267 -0.000764941 0.000312007 -3.28273e-05 1
21 -0.000732 -0.0028 0.00275 -0.000921843 0.000406243 0.00026915 0.999999
22 -0.000433 -0.00198 0.00232 -0.000760943 0.000269977 -6.67889e-05 1
23 0.000247 -0.000949 0.00189 -0.000814882 0.000319142 0.000146189 1
24 0.00141 -0.000349 0.0016 -0.000712955 0.000271953 -0.000103805 1
25 0.00116 -0.00013 0.000944 -0.00109092 0.000228104 5.23302e-05 0.999999
26 0.000706 0.000839 0.000372 -0.000467987 0.000280818 -0.000239869 1
27 0.000916 0.00116 -0.000218 -0.000492007 0.000168834 -0.000215809 1
28 0.00104 0.00172 -0.000269 -0.000599975 0.000297869 -0.000191854 1
29 0.00166 0.00125 -0.000219 -0.000612934 0.000225982 -8.80596e-06 1
30 0.00171 0.000968 1.77e-06 -0.00101195 0.000301951 -6.37617e-05 0.999999
31 0.00106 0.000748 0.000183 -0.00110296 0.000304904 -0.000115737 0.999999
32 0.000536 0.000678 5.31e-05 -0.000660946 0.000266924 -5.18288e-05 1
33 0.000586 0.000698 0.000243 -0.00129193 0.000367992 2.27346e-06 0.999999
34 0.000457 0.000819 0.000583 -0.000810963 0.000330864 -9.7855e-05 1
35 0.000966 0.000439 0.000503 -0.00112688 0.000241115 0.000174323 0.999999
36 0.00146 0.000298 -7.68e-05 -0.000497942 0.000264964 -5.68548e-05 1
37 0.00231 0.000267 -0.000817 -0.000705913 0.000147043 7.72597e-05 1
38 0.00287 0.000677 -0.000928 -0.000813945 0.000251918 -8.77979e-05 1
39 0.00227 0.00118 -0.00148 -0.000944966 9.59058e-05 -0.000116637 1
40 0.00168 0.00203 -0.00148 -0.000639962 0.000196796 -0.000194761 1
41 0.00122 0.00267 -0.00149 -0.000458959 0.000201769 -0.000182799 1
42 0.00107 0.00301 -0.00138 -0.00028794 0.000150801 -4.38099e-05 1
43 0.000776 0.00355 -0.00124 -0.000949956 0.00025579 -0.00018274 0.999999
44 0.0012 0.00374 -0.000862 -0.000774922 0.000221909 -2.37515e-05 1
45 0.00182 0.00351 -9.16e-05 -0.00094993 0.000314877 -6.97841e-05 0.999999
46 0.00229 0.0028 0.000389 -0.000558915 0.000265905 -1.186e-05 1
47 0.00213 0.00201 0.00033 -0.000926875 0.000283992 0.000136228 1
48 0.00184 0.00102 -4.76e-05 -0.00117394 0.000262734 -0.000105681 0.999999
49 0.00102 0.000288 -0.000345 -0.000671883 0.000282931 0.000107164 1
50 0.000557 -0.000142 -0.000565 -0.000610907 0.000244871 9.1728e-06 1
51 0.000386 0.000487 -0.000965 -0.000577854 0.000202003 0.000224192 1
52 0.000876 0.00123 -0.00115 -0.000927923 0.000250758 -6.37653e-05 1
53 0.00177 0.00215 -0.00141 -0.000482931 0.000184714 -8.0815e-05 1
54 0.00201 0.00211 -0.00154 -0.000578904 0.000250777 3.51715e-05 1
55 0.0019 0.00282 -0.00142 -0.000712967 0.000247628 -0.000213792 1
56 0.00183 0.00337 -0.00142 -0.00068397 0.000182653 -0.000170753 1
57 0.00206 0.00354 -0.0017 -0.000734953 0.000241685 -0.000135783 1
58 0.00241 0.00301 -0.00179 -0.000744938 0.000194754 -4.47455e-05 1
59 0.00222 0.00217 -0.0014 -0.00100092 0.000241811 1.727e-05 0.999999
60 0.00203 0.00101 -0.00112 -0.000546903 0.000298909 0.000107104 1
61 0.00186 0.000557 -0.000965 -0.000770874 0.000239926 0.000183204 1
62 0.00213 4.71e-05 -0.00105 -0.000791908 0.000270831 6.41854e-05 1
63 0.002 0.000176 -0.00151 -0.000709911 0.000249822 4.61805e-05 1
64 0.00191 0.000546 -0.00209 -0.000669909 0.000223827 5.11896e-05 1
65 0.00237 0.00131 -0.00188 -0.00088692 0.000243785 5.2254e-06 1
66 0.00201 0.00207 -0.00211 -0.000814898 0.000204863 9.3243e-05 1
67 0.00215 0.00289 -0.00228 -0.000694952 0.00020466 -0.000169781 1
68 0.00206 0.00316 -0.00248 -0.000604926 0.000200737 -3.67958e-05 1
69 0.00207 0.00342 -0.00231 -0.000804948 0.00025967 -0.000159791 1
70 0.00244 0.00371 -0.00222 -0.00057394 0.000203685 -9.4805e-05 1
71 0.00252 0.00336 -0.00226 -0.00106894 0.000229714 -0.000125718 0.999999
72 0.00267 0.00324 -0.00247 -0.000797924 0.00023277 -4.17833e-05 1
73 0.00232 0.00291 -0.0023 -0.0010949 0.000289864 6.0241e-05 0.999999
74 0.00263 0.0027 -0.00194 -0.000865913 0.000266815 3.20048e-06 1
75 0.00311 0.00273 -0.0015 -0.000847907 0.000265834 2.51972e-05 1
76 0.00282 0.00196 -0.00163 -0.0008219 0.000332863 5.91341e-05 1
77 0.00271 0.00216 -0.00144 -0.000734925 0.000276798 -2.68482e-05 1
78 0.00205 0.00168 -0.00232 -0.000703872 0.000204942 0.000171197 1
79 0.00255 0.00174 -0.00266 -0.000674927 0.000265794 -4.58514e-05 1
80 0.00251 0.00162 -0.00318 -0.00105991 0.000138863 3.03372e-05 0.999999
81 0.00299 0.0023 -0.00317 -0.000494957 0.00025457 -0.000262863 1
82 0.00335 0.00318 -0.00309 -0.000570937 0.000205653 -0.000133819 1
83 0.00386 0.0039 -0.00254 -0.000672901 0.000322722 -3.68643e-05 1
84 0.00349 0.00424 -0.00236 -0.000655929 0.000203674 -0.000107789 1
85 0.00329 0.00412 -0.00248 -0.000879924 0.000208711 -8.7746e-05 1
86 0.00243 0.00381 -0.00245 -0.000771902 0.000293763 -1.78427e-05 1
87 0.00242 0.00322 -0.00211 -0.00102986 0.000289876 0.000123237 0.999999
88 0.00257 0.0021 -0.00209 -0.00105487 0.000298834 8.52354e-05 0.999999
89 0.00309 0.00142 -0.00225 -0.000660862 0.000220882 9.92005e-05 1
90 0.00313 0.000905 -0.00237 -0.00102986 0.000284857 0.00011624 0.999999
91 0.00348 0.00104 -0.00193 -0.000536882 0.000299857 6.10852e-05 1
92 0.00345 0.00121 -0.0022 -0.000937829 0.000180914 0.00021227 1
93 0.00379 0.00168 -0.00224 -0.000740882 0.00025276 4.16747e-06 1
94 0.00313 0.0028 -0.00248 -0.000853897 0.000201716 -5.47655e-05 1
95 0.00287 0.00416 -0.00257 -0.000691918 0.000275601 -0.000178861 1
96 0.00335 0.00494 -0.00292 -0.000447911 0.000149632 -7.18401e-05 1
97 0.00376 0.00514 -0.00303 -0.000689917 0.000189622 -0.000132821 1
98 0.00382 0.00547 -0.00329 -0.000797922 0.000173626 -0.000146789 1
99 0.00398 0.00584 -0.00326 -0.0010079 0.00019872 -6.77719e-05 0.999999
100 0.0035 0.00616 -0.00305 -0.000788905 0.000244685 -8.78611e-05 1
101 0.00356 0.00508 -0.00245 -0.000976851 0.00023088 0.000138196 0.999999
102 0.00336 0.00349 -0.00208 -0.00102987 0.000331841 0.000106111 0.999999
103 0.00344 0.00274 -0.00209 -0.000705924 0.000303705 -5.89672e-05 1
104 0.00404 0.00258 -0.0022 -0.00102188 0.000250834 9.71668e-05 0.999999
105 0.0046 0.00243 -0.0021 -0.000621913 0.000313761 -1.19972e-05 1
106 0.00409 0.00273 -0.00208 -0.000716847 0.000255895 0.000202069 1
107 0.00403 0.00304 -0.00205 -0.000717918 0.000280709 -5.69477e-05 1
108 0.00409 0.00358 -0.00229 -0.000517913 0.000218719 -2.69587e-05 1
109 0.00418 0.00449 -0.00249 -0.000752949 0.000243639 -0.00019392 1
110 0.00417 0.00513 -0.00276 -0.000472948 0.000220602 -0.00017097 1
111 0.00394 0.0053 -0.00314 -0.000556954 0.000176619 -0.00016493 1
112 0.00388 0.005 -0.00315 -0.000665929 0.000278662 -0.000119967 1
113 0.00411 0.00437 -0.00287 -0.000982913 0.000255745 -5.18625e-05 0.999999
114 0.0041 0.00453 -0.00282 -0.00087191 0.000259749 -4.18942e-05 1
115 0.00415 0.00387 -0.0025 -0.000741904 0.000251766 -1.59203e-05 1
116 0.00415 0.00294 -0.00251 -0.00105888 0.000260845 8.31534e-05 0.999999
117 0.00424 0.00179 -0.00251 -0.000828915 0.00024171 -6.18857e-05 1
118 0.00382 0.00132 -0.00292 -0.000751878 0.000242831 8.90954e-05 1
119 0.00384 0.00134 -0.00312 -0.000643882 0.000190815 5.5109e-05 1
120 0.00405 0.00194 -0.00308 -0.000588857 0.000208904 0.000190087 1
121 0.00411 0.00269 -0.00304 -0.000906931 0.000251659 -0.000123871 1
122 0.00419 0.004 -0.00319 -0.000540957 0.000223531 -0.000214937 1
123 0.00452 0.00516 -0.00332 -0.000521944 0.000251543 -0.000185955 1
124 0.00463 0.00545 -0.00337 -0.000576943 0.000202574 -0.000144915 1
125 0.00491 0.00541 -0.00345 -0.000671935 0.000219603 -0.000117905 1
126 0.00493 0.00533 -0.00373 -0.000834943 0.000243591 -0.000164885 1
127 0.00488 0.00442 -0.0038 -0.000597915 0.00022166 -3.49237e-05 1
128 0.00473 0.00356 -0.00339 -0.000924878 0.000342759 0.000112077 1
129 0.00486 0.00306 -0.00305 -0.000686906 0.000247681 -1.91602e-06 1
130 0.0051 0.00265 -0.00279 -0.00100189 0.000235726 6.41709e-05 0.999999
131 0.00527 0.00239 -0.00279 -0.000943911 0.000261646 -1.98682e-05 1
132 0.00513 0.00245 -0.00341 -0.000539904 0.000263664 8.02487e-06 1
133 0.00409 0.00186 -0.00386 -0.000827878 0.000197713 0.000103137 1
134 0.0042 0.00204 -0.00373 -0.000811932 0.000426588 -5.0055e-05 1
135 0.0038 0.00294 -0.00375 -0.000526941 6.59725e-06 -2.08349e-05 1
136 0.00363 0.00367 -0.00369 -0.000561934 0.000387499 -0.000208035 1
137 0.0038 0.00422 -0.0039 -0.00070696 0.000169557 -0.000157855 1
138 0.00372 0.0048 -0.0036 -0.000707874 0.00076652 -0.000211277 0.999999
139 0.00436 0.00484 -0.00331 -0.000718965 -8.93946e-05 -9.36616e-05 1
140 0.0049 0.00469 -0.003 -0.00106686 0.000929589 -0.000162425 0.999999
141 0.00516 0.00361 -0.00243 -0.000747741 0.000779706 -4.5607e-06 0.999999
142 0.00604 0.00254 -0.00217 -0.000799389 0.00322903 0.000427649 0.999994
143 0.0045 0.00188 -0.00171 -0.000728069 0.000936896 0.000224253 0.999999
144 0.00357 0.00136 -0.0021 -0.000684406 -0.00112194 0.000438711 0.999999
145 0.00293 0.00281 -0.00336 -0.000763156 0.00562976 0.002935 0.99998
146 -0.00183 0.00368 0.00612 0.00221859 0.0112972 0.00404975 0.999926
147 -0.00384 0.00296 0.0311 0.00953634 -0.00210616 0.00235632 0.99995
148 -0.00368 0.00202 0.0702 0.00935812 -0.00553219 0.00523836 0.999927
149 -0.00549 -0.00202 0.12 0.00223778 -0.00260119 0.00702075 0.999969
150 -0.00801 -0.00592 0.179 0.0047139 -0.00310504 0.00758098 0.999955
151 -0.0113 -0.00889 0.243 0.00830335 -0.00279058 0.00733344 0.999935
152 -0.0151 -0.0114 0.311 0.00610315 -0.0019964 0.00886604 0.99994
153 -0.0193 -0.0136 0.385 0.0035605 0.00442256 0.00868118 0.999946
154 -0.0257 -0.0126 0.464 0.00410587 0.0169226 0.00944308 0.999804
155 -0.0347 -0.00834 0.547 0.00373349 0.0305669 0.0121006 0.999452
156 -0.0424 -0.00166 0.634 0.00054512 0.0437503 0.0124516 0.998965
157 -0.0477 0.00603 0.719 -0.00449361 0.0520176 0.0140208 0.998538
158 -0.0508 0.0155 0.793 -0.00547968 0.0403418 0.0198963 0.998973
159 -0.0529 0.025 0.854 -0.00121164 0.0270341 0.0241327 0.999342
160 -0.0534 0.0345 0.899 0.00340422 0.0303762 0.0264366 0.999183
161 -0.0505 0.0429 0.934 0.00732177 0.0379299 0.0239275 0.998967
162 -0.0383 0.0517 0.961 0.0148507 0.0410507 0.0254735 0.998722
163 -0.0123 0.0614 0.98 0.0223919 0.0396924 0.0348634 0.998352
164 0.0287 0.0685 0.995 0.0173284 0.0397285 0.0469553 0.997956
165 0.0816 0.0686 1.01 0.014534 0.0291818 0.0620389 0.997541
166 0.145 0.0715 1.02 0.0208494 0.0114411 0.0752263 0.996883
167 0.211 0.0752 1.04 0.0245146 0.00995693 0.0883313 0.99574
168 0.272 0.0813 1.05 0.0222771 0.0229367 0.0983223 0.994641
169 0.328 0.0994 1.06 0.0143214 0.0128239 0.113168 0.99339
170 0.379 0.122 1.07 0.00547536 0.0109921 0.129842 0.991459
171 0.428 0.15 1.07 -0.0020758 0.00996059 0.144918 0.989391
172 0.482 0.189 1.08 -0.00599221 0.0049667 0.158486 0.987331
173 0.54 0.236 1.08 7.39083e-05 -0.0007754 0.170123 0.985423
174 0.595 0.288 1.08 0.0124831 -0.00498922 0.177131 0.984095
175 0.648 0.334 1.09 0.0172402 -0.0022497 0.179548 0.983596
176 0.695 0.372 1.1 0.0184086 -0.0109114 0.175005 0.984335
177 0.74 0.403 1.11 0.0196561 -0.0168333 0.17602 0.984046
178 0.788 0.425 1.12 0.0245922 -0.0256372 0.1719 0.984474
179 0.839 0.44 1.13 0.029035 -0.0340152 0.155147 0.986879
180 0.895 0.452 1.13 0.0304091 -0.0370424 0.141472 0.988781
181 0.955 0.463 1.14 0.0317876 -0.0424617 0.129794 0.990121
182 1.01 0.472 1.15 0.0337616 -0.0480658 0.117921 0.991284
183 1.07 0.48 1.16 0.0353424 -0.0498774 0.103872 0.99271
184 1.12 0.487 1.16 0.0304917 -0.0496407 0.0905962 0.994182
185 1.16 0.49 1.16 0.0257215 -0.0423046 0.0750388 0.995951
186 1.21 0.491 1.16 0.0226195 -0.045457 0.0558386 0.997148
187 1.25 0.496 1.16 0.017819 -0.0486757 0.0314095 0.998162
188 1.3 0.506 1.16 0.0149502 -0.0496147 0.00422237 0.998648
189 1.34 0.52 1.16 0.0159273 -0.0522225 -0.0214204 0.998279
190 1.38 0.532 1.16 0.0221184 -0.0524224 -0.0544875 0.996892
191 1.42 0.539 1.16 0.0247736 -0.0533349 -0.0859863 0.994559
192 1.45 0.539 1.16 0.0287366 -0.057824 -0.123513 0.99024
193 1.48 0.531 1.17 0.0271588 -0.0557982 -0.147447 0.987121
194 1.51 0.516 1.17 0.0266172 -0.0584696 -0.176437 0.982213
195 1.54 0.493 1.16 0.0230275 -0.0633941 -0.206225 0.976177
196 1.57 0.468 1.16 0.0207997 -0.0650732 -0.23106 0.970538
197 1.61 0.442 1.15 0.020661 -0.0702644 -0.253919 0.964449
198 1.64 0.416 1.15 0.0228575 -0.0686736 -0.274403 0.958887
199 1.66 0.392 1.15 0.0284667 -0.0613508 -0.290007 0.954632
200 1.69 0.37 1.14 0.0307676 -0.0453732 -0.29808 0.952965
201 1.71 0.356 1.13 0.0347314 -0.0232052 -0.306003 0.951114
202 1.73 0.349 1.12 0.0398363 0.0021233 -0.311452 0.949424
203 1.75 0.35 1.11 0.0405605 0.0208287 -0.317264 0.947241
204 1.77 0.353 1.1 0.042397 0.0379325 -0.321433 0.945222
205 1.79 0.36 1.1 0.0445435 0.0522505 -0.323822 0.943623
206 1.81 0.371 1.09 0.0478024 0.0627198 -0.321015 0.943785
207 1.82 0.385 1.08 0.0464099 0.0724168 -0.308899 0.947198
208 1.84 0.4 1.08 0.0435646 0.0821201 -0.289921 0.952525
209 1.86 0.416 1.07 0.0453665 0.0911776 -0.267981 0.958026
210 1.87 0.435 1.07 0.0456898 0.0999857 -0.244795 0.963323
211 1.88 0.455 1.06 0.0412029 0.108416 -0.223886 0.96769
212 1.89 0.473 1.06 0.0388963 0.113361 -0.20192 0.972042
213 1.9 0.49 1.06 0.0370641 0.116711 -0.181335 0.975768
214 1.91 0.505 1.06 0.0339048 0.117396 -0.162486 0.979115
215 1.91 0.518 1.06 0.0318702 0.118327 -0.143885 0.981978
216 1.92 0.533 1.06 0.0302261 0.120076 -0.125285 0.984364
217 1.93 0.547 1.06 0.0286186 0.120406 -0.106446 0.986586
218 1.93 0.56 1.06 0.0273647 0.120405 -0.0885046 0.988393
219 1.94 0.572 1.06 0.0255889 0.119659 -0.0715239 0.989905
220 1.94 0.582 1.07 0.0254807 0.117234 -0.053922 0.991312
221 1.95 0.593 1.07 0.0265031 0.113691 -0.0374044 0.992458
222 1.95 0.601 1.07 0.0237511 0.110544 -0.0219677 0.993345
223 1.95 0.612 1.08 0.0213418 0.105818 -0.0066641 0.994134
224 1.96 0.625 1.08 0.0200041 0.100845 0.00954493 0.994655
225 1.96 0.639 1.09 0.0164189 0.0942348 0.0245659 0.995111
226 1.97 0.652 1.09 0.0132421 0.0831558 0.0383474 0.99571
227 1.97 0.659 1.1 0.0122109 0.070173 0.0470772 0.996349
228 1.97 0.66 1.11 0.0134824 0.0545805 0.0483425 0.997247
229 1.97 0.653 1.12 0.0180318 0.0375557 0.038753 0.99838
230 1.98 0.641 1.12 0.0229393 0.0235347 0.0192369 0.999275
231 1.97 0.624 1.13 0.0267159 0.0107366 -0.00950525 0.99954
232 1.98 0.605 1.13 0.0275338 0.000863456 -0.0444622 0.998631
233 1.98 0.585 1.13 0.0252731 -0.00447731 -0.0805973 0.996416
234 1.97 0.563 1.13 0.0265096 -0.00841727 -0.118681 0.992543
235 1.97 0.542 1.13 0.0302585 -0.0160039 -0.157626 0.986906
236 1.96 0.521 1.14 0.0339133 -0.0228261 -0.196972 0.979556
237 1.94 0.503 1.14 0.0333003 -0.0278047 -0.235028 0.97102
238 1.93 0.492 1.14 0.0307992 -0.0308509 -0.270569 0.961713
239 1.92 0.483 1.14 0.0291313 -0.0355759 -0.30052 0.952666
240 1.92 0.478 1.14 0.0264229 -0.0397874 -0.328463 0.943309
241 1.91 0.473 1.14 0.0262291 -0.0374165 -0.352791 0.934586
242 1.9 0.468 1.14 0.0251869 -0.0332334 -0.3759 0.925722
243 1.89 0.464 1.14 0.024014 -0.0265114 -0.398604 0.916425
244 1.88 0.461 1.13 0.0252314 -0.0186899 -0.419776 0.907084
245 1.86 0.459 1.13 0.0272878 -0.0140026 -0.437995 0.898454
246 1.84 0.458 1.13 0.0261634 -0.0115241 -0.454111 0.890486
247 1.82 0.459 1.14 0.024608 -0.0121646 -0.469429 0.882544
248 1.8 0.46 1.14 0.0208775 -0.0158668 -0.483303 0.87506
249 1.78 0.462 1.14 0.0182488 -0.0170821 -0.497749 0.866961
250 1.76 0.462 1.14 0.0184543 -0.0143338 -0.510883 0.859333
251 1.74 0.465 1.13 0.0216482 -0.00603452 -0.522534 0.852322
252 1.72 0.47 1.13 0.030019 0.00798406 -0.534961 0.844306
253 1.7 0.474 1.12 0.0342285 0.0201933 -0.548721 0.835061
254 1.68 0.48 1.11 0.0400616 0.0300382 -0.562777 0.825091
255 1.66 0.487 1.11 0.0459865 0.0385024 -0.577922 0.813885
256 1.64 0.494 1.11 0.0501383 0.0436419 -0.591757 0.803371
257 1.62 0.499 1.11 0.0498481 0.0438482 -0.603459 0.794626
258 1.61 0.503 1.11 0.04991 0.0435703 -0.613515 0.786899
259 1.59 0.507 1.11 0.0477154 0.0414539 -0.623134 0.779557
260 1.59 0.509 1.11 0.0452464 0.0368584 -0.633634 0.771429
261 1.58 0.511 1.12 0.0372732 0.0273406 -0.641902 0.765392
262 1.59 0.51 1.13 0.0276394 0.0172452 -0.650042 0.7592
263 1.59 0.509 1.14 0.0172993 0.00206898 -0.655687 0.754832
264 1.61 0.506 1.14 0.00607049 -0.0124252 -0.657466 0.753357
265 1.63 0.498 1.14 -0.00722806 -0.0233152 -0.657722 0.752865
266 1.65 0.49 1.15 -0.0144829 -0.0317325 -0.658072 0.752147
267 1.67 0.481 1.15 -0.0206912 -0.0404994 -0.662712 0.747492
268 1.69 0.472 1.15 -0.0226975 -0.0513246 -0.672278 0.738169
269 1.71 0.464 1.15 -0.025273 -0.0608536 -0.683869 0.726623
270 1.72 0.46 1.15 -0.0272567 -0.0697245 -0.697779 0.71239
271 1.73 0.459 1.14 -0.0290638 -0.0720554 -0.713943 0.69588
272 1.74 0.457 1.14 -0.0329173 -0.0708092 -0.731058 0.677833
273 1.74 0.455 1.14 -0.0327415 -0.0660272 -0.747835 0.659781
274 1.74 0.456 1.13 -0.0311593 -0.0547151 -0.763431 0.642812
275 1.74 0.461 1.13 -0.0350241 -0.0446926 -0.77744 0.626389
276 1.73 0.468 1.12 -0.0327828 -0.0344502 -0.790786 0.610242
277 1.72 0.479 1.12 -0.0234892 -0.0228192 -0.802922 0.595183
278 1.71 0.494 1.11 -0.0124877 -0.0123526 -0.814388 0.580054
279 1.7 0.514 1.11 -0.00638482 -0.00728478 -0.82426 0.566129
280 1.7 0.535 1.1 -0.00302527 -0.00656784 -0.83098 0.556256
281 1.69 0.556 1.1 -0.0019712 -0.00565086 -0.838634 0.544662
282 1.69 0.579 1.1 -0.0024802 -0.00452781 -0.845617 0.533765
283 1.7 0.604 1.11 -0.00416854 -0.00522832 -0.852562 0.522583
284 1.7 0.629 1.11 -0.0108595 -0.00772129 -0.859265 0.511358
285 1.71 0.653 1.12 -0.0192708 -0.00938415 -0.865767 0.499989
286 1.71 0.677 1.12 0.0288341 0.0139103 0.872281 -0.487956
287 1.72 0.698 1.13 0.0378285 0.0193747 0.877904 -0.476946
288 1.73 0.718 1.14 0.0462924 0.0250642 0.881774 -0.468725
289 1.73 0.734 1.15 0.0530076 0.0280306 0.884962 -0.461786
290 1.73 0.75 1.15 0.0619281 0.0307391 0.888519 -0.453601
291 1.74 0.762 1.16 0.0690267 0.0354697 0.89435 -0.440586
292 1.74 0.771 1.17 0.0759229 0.0388004 0.901766 -0.423731
293 1.75 0.777 1.17 0.0825019 0.038929 0.910151 -0.404108
294 1.75 0.778 1.17 0.0833812 0.0367147 0.918398 -0.385026
295 1.77 0.774 1.16 0.0809614 0.0385229 0.926931 -0.364362
296 1.78 0.767 1.15 0.068147 0.0389524 0.935248 -0.345181
297 1.79 0.76 1.14 0.0524905 0.0342133 0.942989 -0.326874
298 1.81 0.755 1.14 0.0391725 0.0247541 0.949294 -0.310955
299 1.83 0.746 1.13 0.0253248 0.0162077 0.95281 -0.302073
300 1.85 0.735 1.11 0.00992529 0.00613945 0.955122 -0.295983
301 1.86 0.724 1.1 -0.00905735 -0.00384718 0.955924 -0.293448
302 1.88 0.715 1.09 -0.0308943 -0.00991789 0.955576 -0.292955
303 1.88 0.711 1.08 -0.0471092 -0.0144965 0.956478 -0.287611
304 1.88 0.711 1.07 -0.0604671 -0.0161163 0.958335 -0.278706
305 1.88 0.715 1.06 -0.0737435 -0.0150224 0.961089 -0.26579
306 1.87 0.722 1.06 -0.0858086 -0.0137017 0.963912 -0.25164
307 1.86 0.733 1.06 -0.088361 -0.0117603 0.968573 -0.232206
308 1.85 0.745 1.06 -0.0900632 -0.00820211 0.973229 -0.211296
309 1.83 0.757 1.06 -0.0909057 -0.00294338 0.978412 -0.185575
310 1.81 0.769 1.06 -0.0893407 0.00283978 0.982859 -0.161242
311 1.78 0.778 1.06 -0.0873922 0.00779107 0.986299 -0.139701
312 1.76 0.787 1.06 -0.0868385 0.0119066 0.989195 -0.117516
313 1.73 0.797 1.06 -0.0806797 0.0164652 0.991763 -0.0981123
314 1.71 0.804 1.07 -0.0700912 0.0186743 0.994082 -0.0808693
315 1.69 0.808 1.07 -0.0541012 0.0155641 0.995894 -0.0709002
316 1.67 0.811 1.08 -0.0358308 0.00988491 0.99741 -0.0615693
317 1.66 0.815 1.09 -0.0208475 0.00632544 0.998279 -0.0544428
318 1.65 0.82 1.09 -0.00694638 0.00566494 0.998645 -0.051253
319 1.65 0.827 1.1 0.00677938 0.00326405 0.998837 -0.0476249
320 1.64 0.837 1.1 0.0158588 0.0031308 0.999016 -0.0412955
321 1.63 0.846 1.11 0.0255206 0.00610783 0.999152 -0.0317307
322 1.62 0.855 1.11 0.0351395 0.00708523 0.99917 -0.0193389
323 1.6 0.863 1.11 0.0406503 0.00706485 0.999138 -0.00450423
324 1.59 0.868 1.12 0.0436533 0.00281921 0.998939 0.0144108
325 1.58 0.873 1.12 0.0476025 -0.00121436 0.998188 0.0367859
326 1.56 0.877 1.12 0.0470515 0.000190344 0.997143 0.0590877
327 1.54 0.876 1.11 0.0392174 0.00273744 0.995952 0.0808331
328 1.52 0.874 1.11 0.0324599 0.00330739 0.994692 0.0975822
329 1.5 0.87 1.11 0.0293358 0.0046341 0.992709 0.116817
330 1.48 0.867 1.1 0.0223483 0.00445154 0.990479 0.135765
331 1.46 0.863 1.1 0.0109108 0.00247585 0.987792 0.155376
332 1.44 0.863 1.09 -0.00252769 0.00349645 0.984593 0.17481
333 1.43 0.859 1.09 -0.0132536 0.00589979 0.980694 0.195008
334 1.42 0.857 1.09 -0.0182688 0.00395881 0.976625 0.214136
335 1.42 0.857 1.09 -0.0186308 0.00276663 0.972119 0.233731
336 1.41 0.859 1.09 -0.0156183 0.00396114 0.966783 0.255089
337 1.41 0.862 1.09 -0.0162306 0.0048566 0.960871 0.276478
338 1.41 0.868 1.09 -0.0146491 0.00472236 0.954526 0.297729
339 1.41 0.876 1.09 -0.0115142 0.00431632 0.948927 0.315257
340 1.41 0.885 1.1 -0.00434531 0.00056896 0.943573 0.331136
341 1.4 0.895 1.1 0.00693473 -0.00286091 0.93841 0.345443
342 1.4 0.906 1.11 0.0169599 -0.00699918 0.933267 0.358715
343 1.4 0.919 1.11 0.0265403 -0.0103026 0.928261 0.370839
344 1.4 0.934 1.12 0.035362 -0.00882824 0.923441 0.382005
345 1.4 0.953 1.12 0.0469301 -0.00785668 0.91648 0.397242
346 1.39 0.971 1.13 0.0569952 -0.00872165 0.910351 0.4098
347 1.39 0.991 1.13 0.0611559 -0.0117087 0.904859 0.421134
348 1.4 1.01 1.14 0.0694734 -0.017855 0.899087 0.431853
349 1.41 1.04 1.14 0.0796938 -0.0221474 0.892419 0.443562
350 1.43 1.07 1.15 0.0886775 -0.0245785 0.884652 0.45708
351 1.44 1.09 1.15 0.0910082 -0.0228076 0.876884 0.471457
352 1.45 1.12 1.15 0.0875526 -0.0181676 0.869955 0.484957
353 1.47 1.15 1.14 0.0815984 -0.00990779 0.863603 0.497427
354 1.48 1.17 1.14 0.0735017 0.000532258 0.858699 0.507181
355 1.49 1.19 1.13 0.0639163 0.0104414 0.854437 0.515504
356 1.49 1.2 1.13 0.0544379 0.0198664 0.849069 0.525094
357 1.49 1.21 1.12 0.0427774 0.0262729 0.843149 0.535331
358 1.49 1.22 1.12 0.0247409 0.0310981 0.836379 0.54671
359 1.49 1.24 1.11 0.00705746 0.0336979 0.829495 0.557452
360 1.48 1.25 1.1 -0.00466195 0.0364517 0.821286 0.569332
361 1.48 1.26 1.1 -0.0143199 0.0374218 0.812118 0.582116
362 1.47 1.28 1.1 -0.024814 0.0376588 0.801835 0.595841
363 1.45 1.3 1.1 -0.0325427 0.0420926 0.79027 0.610445
364 1.44 1.31 1.1 -0.0368261 0.0488014 0.776925 0.626617
365 1.42 1.33 1.11 -0.0327106 0.0470157 0.765116 0.641341
366 1.41 1.34 1.11 -0.0251088 0.0440259 0.751712 0.657541
367 1.39 1.35 1.12 -0.0120865 0.0354284 0.740579 0.670926
368 1.38 1.36 1.13 -8.67593e-05 0.0270838 0.732124 0.680632
369 1.37 1.37 1.14 0.0144807 0.0196629 0.727159 0.686034
370 1.36 1.38 1.14 0.0311687 0.00993732 0.723386 0.689669
371 1.35 1.38 1.15 0.0485896 -0.00603257 0.720726 0.691489
372 1.35 1.38 1.16 0.0674565 -0.0214516 0.719717 0.690649
373 1.34 1.38 1.16 0.0832662 -0.036276 0.720792 0.687175
374 1.34 1.39 1.16 0.0915246 -0.0444927 0.719059 0.687458
375 1.34 1.39 1.16 0.0929891 -0.0427333 0.715727 0.690842
376 1.35 1.4 1.16 0.0952291 -0.0436688 0.715153 0.691072
377 1.35 1.41 1.16 0.0953666 -0.0487779 0.717939 0.687815
378 1.36 1.43 1.16 0.0923649 -0.0548081 0.722834 0.682624
379 1.37 1.45 1.16 0.0863036 -0.0540315 0.728517 0.677418
380 1.38 1.46 1.16 0.0837412 -0.0520601 0.729086 0.677281
381 1.4 1.48 1.16 0.075114 -0.0484976 0.72804 0.679679
382 1.42 1.5 1.15 0.0616986 -0.0402776 0.724003 0.685851
383 1.45 1.52 1.15 0.0502355 -0.0279569 0.714056 0.697724
384 1.47 1.53 1.15 0.0421295 -0.018981 0.70159 0.711081
385 1.48 1.53 1.15 0.0363266 -0.0134884 0.688938 0.723784
386 1.5 1.54 1.15 0.0304541 -0.00694714 0.675656 0.736555
387 1.52 1.55 1.15 0.0271429 0.0017957 0.661199 0.749717
388 1.54 1.55 1.15 0.0241202 0.00869876 0.646359 0.762603
389 1.55 1.55 1.15 0.0217617 0.0123535 0.630168 0.776055
390 1.55 1.55 1.15 0.0220984 0.0203233 0.611691 0.790527
391 1.57 1.56 1.15 0.0205578 0.023796 0.594622 0.80339
392 1.58 1.57 1.15 0.0165935 0.0240305 0.575499 0.817281
393 1.6 1.59 1.15 0.0150465 0.0249104 0.5541 0.831941
394 1.61 1.61 1.15 0.0163101 0.0221944 0.531864 0.846382
395 1.62 1.64 1.15 0.018092 0.020038 0.506608 0.861754
396 1.63 1.67 1.15 0.0227081 0.0180029 0.47814 0.877805
397 1.64 1.69 1.16 0.0272024 0.0152706 0.44879 0.893093
398 1.63 1.72 1.16 0.0297132 0.0146701 0.419749 0.907035
399 1.63 1.74 1.16 0.0337199 0.01834 0.388313 0.920728
400 1.63 1.75 1.16 0.0382671 0.01882 0.354302 0.934158
401 1.63 1.76 1.16 0.0387127 0.0197398 0.319575 0.946564
402 1.63 1.75 1.15 0.0406349 0.0185013 0.280705 0.958755
403 1.63 1.74 1.15 0.040178 0.0144438 0.247108 0.968047
404 1.63 1.73 1.14 0.0335016 0.00972255 0.218236 0.975272
405 1.63 1.71 1.13 0.0302983 0.00863399 0.188358 0.981595
406 1.62 1.69 1.13 0.0328798 0.00441243 0.164734 0.98578
407 1.6 1.68 1.13 0.0322391 -0.00184524 0.142458 0.989274
408 1.57 1.66 1.13 0.0345927 -0.010111 0.120067 0.992111
409 1.54 1.64 1.13 0.0369677 -0.016438 0.098621 0.994302
410 1.5 1.62 1.14 0.0371065 -0.0215437 0.0771381 0.996097
411 1.47 1.61 1.14 0.0382655 -0.0264576 0.0542323 0.997444
412 1.44 1.6 1.15 0.0374344 -0.0311603 0.0280152 0.99842
413 1.41 1.59 1.15 0.0409423 -0.0352666 0.00575954 0.998522
414 1.39 1.58 1.15 0.0423771 -0.0401972 -0.0158998 0.998166
415 1.36 1.58 1.16 0.0408315 -0.0384532 -0.0353799 0.997799
416 1.34 1.58 1.17 0.0449667 -0.0398273 -0.0527389 0.9968
417 1.32 1.59 1.17 0.0456096 -0.0457336 -0.0728804 0.995247
418 1.3 1.6 1.17 0.0449945 -0.0465807 -0.094725 0.993395
419 1.28 1.62 1.17 0.0456707 -0.0429735 -0.118101 0.99102
420 1.25 1.64 1.16 0.0455835 -0.040089 -0.142294 0.987961
421 1.23 1.67 1.16 0.0448075 -0.0375166 -0.164324 0.984674
422 1.2 1.7 1.15 0.0491816 -0.033831 -0.184165 0.981081
423 1.16 1.73 1.15 0.0542278 -0.0303484 -0.203457 0.97711
424 1.13 1.75 1.14 0.0547867 -0.0237353 -0.223335 0.972911
425 1.09 1.78 1.14 0.0565769 -0.0135702 -0.234742 0.970315
426 1.06 1.79 1.14 0.0566 -0.00714578 -0.251331 0.966218
427 1.04 1.81 1.14 0.0512346 -0.00287461 -0.258114 0.964751
428 1.02 1.83 1.14 0.0452273 0.00108022 -0.260858 0.964316
429 0.992 1.85 1.13 0.0439618 0.00659927 -0.262037 0.964034
430 0.96 1.87 1.12 0.0435331 0.0115129 -0.261911 0.964041
431 0.919 1.89 1.12 0.0416826 0.00894257 -0.262659 0.963947
432 0.873 1.9 1.12 0.0390438 0.00747549 -0.266652 0.962973
433 0.824 1.93 1.11 0.04102 0.0176074 -0.269448 0.96198
434 0.775 1.94 1.11 0.0467394 0.0227922 -0.273421 0.960488
435 0.732 1.96 1.11 0.0548722 0.027392 -0.282049 0.957438
436 0.695 1.98 1.11 0.0650271 0.0320971 -0.291791 0.953729
437 0.661 1.99 1.12 0.068784 0.0264749 -0.304381 0.949695
438 0.632 2.01 1.13 0.0688279 0.0197994 -0.31483 0.946442
439 0.608 2.03 1.13 0.0674269 0.0166628 -0.323763 0.943585
440 0.586 2.06 1.13 0.0685155 0.0160342 -0.332843 0.940353
441 0.562 2.09 1.12 0.0685882 0.0166585 -0.338921 0.938164
442 0.54 2.14 1.12 0.063604 0.0185911 -0.341631 0.937495
443 0.515 2.19 1.12 0.0614214 0.024283 -0.34028 0.938002
444 0.49 2.23 1.12 0.0604507 0.0263227 -0.335757 0.939638
445 0.464 2.28 1.12 0.0593566 0.0297883 -0.32946 0.941831
446 0.439 2.32 1.11 0.0581198 0.0348574 -0.323662 0.943742
447 0.414 2.35 1.11 0.0622215 0.0445954 -0.316603 0.945464
448 0.393 2.39 1.12 0.0624773 0.050928 -0.303381 0.949454
449 0.37 2.42 1.13 0.0554077 0.0450361 -0.291626 0.953864
450 0.348 2.44 1.13 0.0476839 0.0362362 -0.277155 0.958957
451 0.327 2.46 1.13 0.04098 0.0305561 -0.261136 0.963948
452 0.304 2.48 1.14 0.0376784 0.0282946 -0.247795 0.967666
453 0.279 2.49 1.14 0.038457 0.0231113 -0.23335 0.971357
454 0.248 2.51 1.14 0.0389278 0.0218653 -0.217621 0.975012
455 0.214 2.54 1.14 0.0402434 0.0230245 -0.198635 0.978976
456 0.178 2.56 1.14 0.0410017 0.0231752 -0.180724 0.982406
457 0.141 2.58 1.14 0.0411531 0.0197215 -0.16512 0.985217
458 0.105 2.6 1.14 0.0432025 0.0233065 -0.154547 0.986765
459 0.0743 2.63 1.14 0.0460773 0.0297312 -0.144063 0.988048
460 0.0495 2.65 1.14 0.0433125 0.0279989 -0.13413 0.989621
461 0.0299 2.67 1.15 0.0372725 0.0224864 -0.124492 0.991265
462 0.013 2.69 1.16 0.0324632 0.0124394 -0.113078 0.992978
463 0.00019 2.71 1.17 0.0301561 0.00277137 -0.0992067 0.994606
464 -0.0107 2.74 1.18 0.0284593 -0.00693806 -0.0833724 0.996088
465 -0.0231 2.78 1.18 0.0263987 -0.0133857 -0.0637933 0.997524
466 -0.0388 2.82 1.18 0.0271678 -0.0151357 -0.042018 0.998633
467 -0.0569 2.85 1.18 0.0270615 -0.0175009 -0.0232935 0.999209
468 -0.08 2.88 1.19 0.0274707 -0.0125935 -0.00933224 0.9995
469 -0.107 2.9 1.19 0.0260941 -0.0057002 0.00298166 0.999639
470 -0.134 2.92 1.18 0.0245191 -0.00359891 0.00987001 0.999644
471 -0.159 2.93 1.17 0.0273186 0.0084463 0.00460593 0.99958
472 -0.183 2.93 1.16 0.0337663 0.0217038 -0.00904305 0.999153
473 -0.205 2.92 1.15 0.0387779 0.0323403 -0.0297043 0.998283
474 -0.227 2.9 1.14 0.0449138 0.0429981 -0.0530812 0.996653
475 -0.251 2.89 1.14 0.0489919 0.0518033 -0.0741527 0.994695
476 -0.278 2.86 1.13 0.0478417 0.0554553 -0.0946643 0.992811
477 -0.309 2.83 1.12 0.0472597 0.0665172 -0.111934 0.99036
478 -0.344 2.8 1.11 0.0453989 0.0757671 -0.131797 0.987334
479 -0.383 2.77 1.1 0.0433083 0.0826873 -0.150822 0.984144
480 -0.421 2.73 1.1 0.0422367 0.0956452 -0.171269 0.979661
481 -0.456 2.7 1.1 0.041723 0.0955517 -0.198724 0.974494
482 -0.487 2.67 1.1 0.043485 0.0976435 -0.227013 0.968008
483 -0.519 2.64 1.1 0.0445584 0.0991332 -0.259927 0.959492
484 -0.547 2.61 1.1 0.0470367 0.0960748 -0.290247 0.950954
485 -0.571 2.58 1.09 0.0497383 0.0952233 -0.31895 0.941663
486 -0.592 2.55 1.09 0.0531232 0.0960989 -0.3465 0.931601
487 -0.607 2.53 1.09 0.0547967 0.0929371 -0.371581 0.92211
488 -0.615 2.5 1.1 0.0535198 0.0880685 -0.392651 0.913895
489 -0.612 2.48 1.1 0.0517217 0.0820376 -0.413006 0.90555
490 -0.6 2.44 1.09 0.0531613 0.0774647 -0.429347 0.898239
491 -0.581 2.41 1.09 0.0535043 0.0754767 -0.441623 0.892418
492 -0.556 2.37 1.09 0.0459948 0.0696841 -0.450863 0.88868
493 -0.525 2.33 1.1 0.0378819 0.0578358 -0.456921 0.886816
494 -0.489 2.29 1.1 0.0331577 0.0495616 -0.461065 0.885361
495 -0.45 2.24 1.11 0.0300631 0.047284 -0.461207 0.885521
496 -0.413 2.2 1.11 0.0253039 0.0423726 -0.463448 0.884749
497 -0.375 2.16 1.11 0.0256224 0.0364931 -0.463786 0.884824
498 -0.339 2.11 1.1 0.0294365 0.0349027 -0.461745 0.885837
499 -0.304 2.06 1.1 0.0312882 0.030002 -0.459338 0.887203
500 -0.267 2.01 1.09 0.0317239 0.0241977 -0.452593 0.890824
501 -0.229 1.94 1.09 0.0269352 0.0153698 -0.444261 0.895361
502 -0.189 1.87 1.09 0.0248026 0.0100843 -0.433606 0.900704
503 -0.149 1.8 1.09 0.0255457 0.00863618 -0.422967 0.905744
504 -0.11 1.73 1.1 0.0188861 -0.00186616 -0.411523 0.911202
505 -0.0709 1.68 1.1 0.0210418 0.000589684 -0.394718 0.918561
506 -0.0294 1.63 1.1 0.0245523 -0.00104118 -0.386189 0.922092
507 0.015 1.58 1.09 0.0261664 -0.00314462 -0.378532 0.925213
508 0.0646 1.53 1.09 0.0220568 -0.00825002 -0.372449 0.927754
509 0.117 1.48 1.08 0.0133762 -0.0158842 -0.363437 0.931387
510 0.168 1.43 1.09 0.00833167 -0.0211923 -0.361698 0.932017
511 0.213 1.38 1.09 0.00765651 -0.0185794 -0.35149 0.935976
512 0.252 1.33 1.09 0.011239 -0.0302472 -0.349445 0.936401
513 0.289 1.29 1.09 0.0179524 -0.029301 -0.340354 0.939669
514 0.325 1.25 1.09 0.0208493 -0.0326717 -0.329417 0.943389
515 0.36 1.2 1.09 0.018274 -0.0385453 -0.316108 0.947764
516 0.396 1.15 1.08 0.0141034 -0.0478216 -0.300593 0.952448
517 0.43 1.09 1.08 0.0125233 -0.0530544 -0.286532 0.956518
518 0.462 1.03 1.08 0.00970033 -0.0624648 -0.274178 0.959599
519 0.493 0.978 1.08 0.0126922 -0.0579675 -0.262473 0.963113
520 0.519 0.93 1.08 0.0140401 -0.0538712 -0.243336 0.968343
521 0.544 0.887 1.08 0.017639 -0.0543361 -0.230058 0.971499
522 0.574 0.848 1.08 0.0240009 -0.0530212 -0.225005 0.972618
523 0.608 0.811 1.07 0.0296611 -0.0521043 -0.223477 0.972863
524 0.645 0.777 1.06 0.0301768 -0.0530045 -0.222567 0.973008
525 0.687 0.743 1.06 0.0204041 -0.056718 -0.216468 0.974427
526 0.731 0.708 1.06 0.00712029 -0.0668691 -0.217016 0.973849
527 0.776 0.673 1.06 0.0031161 -0.0608112 -0.215988 0.974495
528 0.818 0.641 1.06 -0.00188967 -0.0698024 -0.211029 0.974983
529 0.855 0.612 1.06 -0.00375684 -0.0639797 -0.205923 0.976467
530 0.889 0.586 1.07 0.00297134 -0.0568213 -0.19175 0.979793
531 0.922 0.56 1.06 0.0106327 -0.0595539 -0.175082 0.982693
532 0.956 0.53 1.06 0.0175683 -0.0621689 -0.152899 0.986128
533 0.99 0.496 1.06 0.0219132 -0.0660181 -0.125577 0.989642
534 1.02 0.459 1.06 0.0189235 -0.0700945 -0.0953756 0.99279
535 1.05 0.42 1.06 0.0136018 -0.0771949 -0.0699406 0.994467
536 1.07 0.384 1.06 0.00989456 -0.0703733 -0.0493688 0.996249
537 1.09 0.35 1.05 0.00534828 -0.0640972 -0.0264022 0.99758
538 1.12 0.322 1.04 0.00362477 -0.0590537 -0.00470051 0.998237
539 1.15 0.299 1.04 0.0104735 -0.0479656 0.00837873 0.998759
540 1.18 0.281 1.03 0.0188593 -0.0449077 0.0196268 0.99862
541 1.22 0.267 1.03 0.021145 -0.040275 0.0307847 0.99849
542 1.26 0.256 1.02 0.0146819 -0.0399869 0.0427479 0.998177
543 1.31 0.246 1.01 0.00616197 -0.0542472 0.0524917 0.997128
544 1.36 0.236 1.01 0.00485767 -0.0661823 0.054977 0.99628
545 1.41 0.219 1.02 0.0122541 -0.0673897 0.0559674 0.99608
546 1.45 0.197 1.02 0.0179757 -0.0799536 0.0441671 0.995657
547 1.5 0.17 1.02 0.0251872 -0.0738459 0.0330782 0.996403
548 1.54 0.137 1.02 0.0294396 -0.0663742 0.0248192 0.997052
549 1.58 0.0976 1.01 0.0339657 -0.0627331 0.0155254 0.997331
550 1.63 0.0538 1.01 0.0365719 -0.0625072 0.00451666 0.997364
551 1.67 0.00717 1 0.0342248 -0.0618257 -0.0026083 0.997497
552 1.71 -0.0392 0.997 0.0272465 -0.0552164 -0.000912877 0.998102
553 1.75 -0.0846 0.996 0.0237461 -0.0445529 -0.00217357 0.998722
554 1.78 -0.122 0.994 0.0211203 -0.0344701 0.00328285 0.999177
555 1.81 -0.149 0.987 0.0227045 -0.0289902 0.00461574 0.999311
556 1.84 -0.169 0.976 0.0265001 -0.0150067 -0.0034743 0.99953
557 1.88 -0.183 0.962 0.0289677 0.00565087 -0.0110983 0.999503
558 1.92 -0.192 0.949 0.0304247 0.0310979 -0.0180721 0.99889
559 1.96 -0.197 0.937 0.0275398 0.0481896 -0.0247955 0.998151
560 2.01 -0.2 0.93 0.0237038 0.0550972 -0.0288027 0.997784
561 2.06 -0.2 0.927 0.0238286 0.0562038 -0.0366735 0.997461
562 2.11 -0.198 0.926 0.0287036 0.0578094 -0.0467613 0.996819
563 2.16 -0.197 0.928 0.0297721 0.0581783 -0.06015 0.996048
564 2.2 -0.199 0.926 0.0277493 0.0470952 -0.0721755 0.995893
565 2.25 -0.206 0.923 0.030904 0.050049 -0.073883 0.995531
566 2.3 -0.215 0.919 0.0330853 0.0468328 -0.0715011 0.995791
567 2.35 -0.229 0.911 0.0348229 0.0375886 -0.0700324 0.996228
568 2.4 -0.244 0.902 0.034434 0.0273109 -0.060169 0.99722
569 2.46 -0.257 0.894 0.0292436 0.0146732 -0.0424389 0.998563
570 2.52 -0.266 0.887 0.0227914 0.0202431 -0.020275 0.99933
571 2.57 -0.273 0.877 0.018786 0.0137469 0.00473088 0.999718
572 2.62 -0.27 0.86 0.00923823 0.0036114 0.0264943 0.9996
573 2.68 -0.261 0.838 0.00582791 0.0111057 0.0428636 0.999002
574 2.75 -0.247 0.808 0.00860866 0.0137599 0.059432 0.9981
575 2.82 -0.228 0.777 0.00963771 0.0115226 0.0709469 0.997367
576 2.88 -0.206 0.749 0.013787 0.00548622 0.0779874 0.996844
577 2.95 -0.189 0.721 0.0201566 -0.00197375 0.0802832 0.996566
578 3.01 -0.175 0.69 0.0276455 -0.00195113 0.0817853 0.996265
579 3.08 -0.166 0.65 0.0338426 -0.0116576 0.0817312 0.996011
580 3.15 -0.156 0.609 0.0331778 -0.00784354 0.0835613 0.995919
581 3.22 -0.147 0.57 0.0265667 -0.000189508 0.0880525 0.995761
582 3.29 -0.138 0.537 0.0225985 0.00286743 0.101559 0.994569
583 3.35 -0.123 0.503 0.0156437 -0.00145204 0.11845 0.992836
584 3.41 -0.1 0.467 0.0105668 0.0031347 0.140818 0.989974
585 3.46 -0.0763 0.427 0.00748781 0.0113195 0.162505 0.986614
586 3.5 -0.0526 0.388 0.00458984 0.018561 0.180003 0.98348
587 3.54 -0.0323 0.354 0.00776423 0.0116959 0.193391 0.981021
588 3.57 -0.015 0.326 0.0146887 0.0111178 0.206822 0.978205
589 3.61 -0.00062 0.299 0.0153162 0.0136031 0.218118 0.975707
590 3.66 0.011 0.272 0.0126211 0.0110326 0.229785 0.973097
591 3.7 0.0164 0.24 0.0186228 0.0120241 0.230575 0.972802
592 3.74 0.0194 0.207 0.0288041 0.00668213 0.227354 0.973363
593 3.78 0.0203 0.178 0.03545 0.00621493 0.228846 0.972797
594 3.81 0.0206 0.154 0.0405711 0.0104896 0.225759 0.973281
595 3.83 0.0224 0.134 0.0388815 0.0214059 0.215415 0.975513
596 3.86 0.0241 0.121 0.0270036 0.0263077 0.209617 0.977057
597 3.89 0.0212 0.113 0.023409 0.0266407 0.210515 0.976947
598 3.92 0.012 0.113 0.0359946 0.0269256 0.205279 0.977671
599 3.95 -0.00043 0.126 0.0486991 0.0277155 0.193061 0.979585
600 3.99 -0.0115 0.148 0.0590497 0.0301956 0.178214 0.981754
601 4.02 -0.0117 0.175 0.0699379 0.0276802 0.160731 0.984128
602 4.05 -0.00183 0.2 0.0765276 0.0206141 0.149712 0.985548
603 4.08 0.0171 0.203 0.0688413 -0.00202048 0.145829 0.98691
604 4.12 0.0345 0.183 0.0677552 0.0145783 0.135884 0.988298
605 4.15 0.0525 0.163 0.0730951 0.00256528 0.139552 0.98751
606 4.19 0.072 0.157 0.0673526 0.00410316 0.137687 0.988175
607 4.23 0.0893 0.159 0.0703434 0.00653753 0.144124 0.987035
608 4.25 0.105 0.172 0.0568939 0.0116588 0.152943 0.986527
609 4.28 0.119 0.183 0.0446343 0.000876588 0.169934 0.984444
610 4.29 0.132 0.189 0.0488803 -0.0105479 0.179849 0.982422
611 4.31 0.143 0.188 0.0576856 -0.00828826 0.192744 0.979517
612 4.32 0.152 0.193 0.0602551 -0.00488732 0.216553 0.974397
613 4.34 0.158 0.206 0.0514821 -0.0161851 0.253793 0.965752
614 4.35 0.161 0.23 0.042628 -0.0240005 0.295591 0.954061
615 4.37 0.164 0.265 0.0474093 -0.0222279 0.336012 0.940401
616 4.38 0.174 0.306 0.0598818 -0.0214432 0.375429 0.924666
617 4.38 0.186 0.352 0.0649121 -0.02479 0.411666 0.908682
618 4.38 0.202 0.397 0.0611965 -0.0348918 0.445185 0.892663
619 4.37 0.218 0.437 0.0542033 -0.0419776 0.484297 0.872214
620 4.37 0.234 0.473 0.0478941 -0.051933 0.524221 0.848647
621 4.37 0.253 0.497 0.0455614 -0.0547391 0.560148 0.825326
622 4.37 0.273 0.509 0.0408179 -0.0453456 0.588288 0.806347
623 4.37 0.289 0.513 0.034333 -0.0314983 0.613627 0.78822
624 4.37 0.303 0.509 0.0204997 -0.0267782 0.636096 0.770873
625 4.38 0.303 0.505 0.01003 -0.0134464 0.656882 0.753806
626 4.38 0.29 0.502 0.00851439 -0.00589079 0.675779 0.737032
627 4.39 0.27 0.499 0.00392938 0.00115392 0.693217 0.720717
628 4.4 0.239 0.496 -0.00136254 0.00336089 0.71195 0.702221
629 4.42 0.204 0.492 -0.00693796 0.00693372 0.730864 0.682453
630 4.44 0.169 0.483 -0.0153227 0.017727 0.746805 0.66463
631 4.46 0.136 0.476 -0.0255577 0.0265316 0.757489 0.651808
632 4.46 0.105 0.469 -0.0297346 0.035964 0.76428 0.643194
633 4.47 0.0725 0.465 -0.0364957 0.0492517 0.766313 0.639536
634 4.47 0.0378 0.463 -0.0345974 0.0546958 0.762773 0.643419
635 4.47 0.00155 0.46 -0.0338094 0.0631474 0.754397 0.652499
636 4.46 -0.0383 0.455 -0.0377108 0.0672919 0.74543 0.662106
637 4.45 -0.0827 0.447 -0.0446691 0.0732307 0.73489 0.672739
638 4.43 -0.13 0.44 -0.041782 0.0742821 0.724617 0.683861
639 4.43 -0.175 0.433 -0.0429448 0.0763526 0.715119 0.693491
640 4.42 -0.216 0.426 -0.0551146 0.0815968 0.707685 0.699633
641 4.42 -0.254 0.424 -0.0649815 0.0885156 0.706804 0.698835
642 4.42 -0.289 0.424 -0.0637824 0.0842539 0.708108 0.698152
643 4.42 -0.326 0.424 -0.0655024 0.0827271 0.710926 0.695305
644 4.43 -0.371 0.424 -0.0617996 0.0794997 0.716002 0.690798
645 4.44 -0.421 0.424 -0.0504064 0.072773 0.719022 0.689326
646 4.45 -0.474 0.42 -0.043287 0.0726585 0.724623 0.683936
647 4.46 -0.529 0.417 -0.0406806 0.0702621 0.727899 0.680861
648 4.47 -0.581 0.418 -0.0412702 0.0757433 0.729172 0.678873
649 4.48 -0.625 0.422 -0.0375123 0.077388 0.730169 0.677833
650 4.49 -0.662 0.43 -0.035008 0.0716799 0.730399 0.678346
651 4.49 -0.693 0.432 -0.0245264 0.067833 0.725965 0.683939
652 4.48 -0.721 0.429 -0.0232914 0.0720843 0.719026 0.690843
653 4.47 -0.753 0.423 -0.0257036 0.0737565 0.713167 0.696629
654 4.46 -0.788 0.411 -0.0325212 0.0824125 0.707517 0.701121
655 4.45 -0.823 0.397 -0.0400738 0.089717 0.702736 0.704632
656 4.43 -0.856 0.385 -0.0490104 0.0995049 0.700838 0.704644
657 4.42 -0.884 0.377 -0.0519999 0.106023 0.702951 0.701366
658 4.4 -0.904 0.375 -0.0604375 0.109773 0.703965 0.699093
659 4.39 -0.912 0.378 -0.0596754 0.103727 0.708122 0.695875
660 4.38 -0.908 0.387 -0.0608289 0.0933217 0.711997 0.693291
661 4.37 -0.891 0.396 -0.0545727 0.0803123 0.719167 0.68802
662 4.37 -0.861 0.405 -0.0455276 0.070536 0.723903 0.684775
663 4.38 -0.82 0.416 -0.0317286 0.0617489 0.727356 0.68274
664 4.39 -0.767 0.428 -0.0172026 0.0524249 0.726075 0.685398
665 4.41 -0.708 0.444 -0.00657303 0.0441248 0.724081 0.688271
666 4.42 -0.644 0.457 -0.00124012 0.0376751 0.725355 0.687342
667 4.43 -0.584 0.472 0.00192528 0.0340763 0.728268 0.684442
668 4.44 -0.53 0.486 0.0100674 0.0264642 0.734442 0.67808
669 4.44 -0.475 0.494 0.0161621 0.0158178 0.735112 0.677568
670 4.44 -0.418 0.497 0.0222158 0.0114199 0.730678 0.682265
671 4.43 -0.356 0.495 0.0272275 0.00724002 0.72676 0.686313
672 4.42 -0.289 0.493 0.0293476 0.000971883 0.720338 0.693002
673 4.4 -0.22 0.494 0.0310116 -0.0101228 0.714411 0.698965
674 4.39 -0.152 0.501 0.0234879 -0.00158066 0.71087 0.702929
675 4.38 -0.0912 0.507 0.0300561 -0.00410943 0.701381 0.71214
676 4.37 -0.0356 0.511 0.0303349 -0.0013828 0.684824 0.728076
677 4.36 0.0166 0.518 0.0301353 -0.00136269 0.678855 0.733652
678 4.36 0.0675 0.522 0.0370737 -0.0121316 0.67191 0.739605
679 4.36 0.124 0.524 0.045747 -0.0216716 0.667926 0.742504
680 4.37 0.189 0.527 0.0582401 -0.0304894 0.663236 0.745518
681 4.39 0.255 0.534 0.0707576 -0.0393444 0.660872 0.746119
682 4.4 0.318 0.545 0.0768317 -0.0387269 0.653962 0.751619
683 4.41 0.374 0.55 0.0857507 -0.0424547 0.649912 0.753962
684 4.42 0.429 0.548 0.0824878 -0.0382491 0.641254 0.761923
685 4.43 0.481 0.546 0.0803846 -0.0360493 0.62856 0.772756
686 4.44 0.536 0.543 0.079056 -0.0356774 0.610188 0.787495
687 4.44 0.591 0.543 0.0824067 -0.0407124 0.583861 0.806633
688 4.44 0.647 0.543 0.0897146 -0.0519868 0.551989 0.827379
689 4.44 0.705 0.544 0.0945898 -0.0633693 0.519728 0.846711
690 4.43 0.756 0.548 0.0919315 -0.0686518 0.495133 0.861208
691 4.42 0.799 0.549 0.0913479 -0.0715645 0.465869 0.877211
692 4.41 0.844 0.55 0.0835457 -0.0690945 0.441897 0.89049
693 4.42 0.887 0.55 0.0712742 -0.0656809 0.425114 0.899936
694 4.42 0.928 0.548 0.065629 -0.0649019 0.406285 0.909072
695 4.43 0.969 0.547 0.0704706 -0.0686114 0.384945 0.917684
696 4.44 1.01 0.545 0.0832727 -0.0748522 0.358179 0.926915
697 4.45 1.05 0.547 0.0966457 -0.0771637 0.328552 0.936354
698 4.46 1.08 0.552 0.101368 -0.0779724 0.297892 0.945994
699 4.47 1.11 0.559 0.107068 -0.0754881 0.267651 0.954568
700 4.48 1.12 0.566 0.101115 -0.0728447 0.235442 0.963865
701 4.49 1.13 0.57 0.0923682 -0.0815046 0.204062 0.971176
702 4.5 1.15 0.57 0.0849155 -0.0850524 0.164577 0.979015
703 4.5 1.16 0.567 0.0754499 -0.0859435 0.116316 0.986606
704 4.49 1.18 0.566 0.0677919 -0.0883274 0.0611308 0.9919
705 4.48 1.19 0.567 0.0635523 -0.0843074 -0.000563367 0.994411
706 4.47 1.2 0.57 0.0608728 -0.0856295 -0.0593781 0.992691
707 4.46 1.21 0.571 0.0529517 -0.0824325 -0.117713 0.988203
708 4.45 1.2 0.573 0.0457724 -0.0836986 -0.170239 0.980774
709 4.44 1.19 0.573 0.0402607 -0.085809 -0.224579 0.969835
710 4.44 1.17 0.573 0.0354503 -0.0874276 -0.272513 0.957516
711 4.44 1.14 0.572 0.035247 -0.0946557 -0.315057 0.943683
712 4.44 1.12 0.569 0.0340366 -0.0911892 -0.352214 0.930844
713 4.44 1.1 0.562 0.0351441 -0.0940897 -0.38495 0.917456
714 4.44 1.07 0.558 0.0390585 -0.0829114 -0.416819 0.904357
715 4.43 1.06 0.555 0.0386821 -0.0763997 -0.440451 0.893683
716 4.43 1.04 0.55 0.0359879 -0.0604971 -0.469431 0.880159
717 4.43 1.04 0.543 0.037527 -0.0491828 -0.494556 0.866941
718 4.43 1.04 0.538 0.0408256 -0.0363649 -0.518377 0.853403
719 4.44 1.05 0.539 0.0454435 -0.0199162 -0.542587 0.838533
720 4.44 1.05 0.54 0.0530388 -0.01022 -0.56661 0.822214
721 4.44 1.06 0.54 0.0573963 -0.00526949 -0.590469 0.805
722 4.44 1.07 0.536 0.0596733 0.00433997 -0.611867 0.788694
723 4.44 1.07 0.529 0.0630678 0.0183924 -0.630741 0.773208
724 4.43 1.08 0.52 0.0660459 0.0343232 -0.646997 0.758851
725 4.43 1.08 0.513 0.0681427 0.0483871 -0.661142 0.745592
726 4.42 1.09 0.507 0.0691896 0.061561 -0.674139 0.732775
727 4.42 1.09 0.502 0.0731349 0.0724457 -0.684973 0.721259
728 4.41 1.1 0.495 0.0808666 0.0830163 -0.693663 0.710915
729 4.41 1.1 0.486 0.0880588 0.0949218 -0.701027 0.701282
730 4.4 1.1 0.478 0.0976351 0.107338 -0.707358 0.691803
731 4.39 1.09 0.47 0.105334 0.113258 -0.712316 0.684605
732 4.38 1.08 0.464 0.113794 0.122345 -0.714995 0.67887
733 4.37 1.06 0.458 0.118556 0.123563 -0.71456 0.678292
734 4.36 1.03 0.454 0.121817 0.122362 -0.713559 0.678985
735 4.34 0.998 0.454 0.128085 0.119925 -0.710691 0.681272
736 4.32 0.965 0.458 0.124429 0.109789 -0.711286 0.683034
737 4.3 0.932 0.467 0.113166 0.0973494 -0.709374 0.688843
738 4.28 0.903 0.477 0.100938 0.0893582 -0.706209 0.695051
739 4.26 0.879 0.486 0.0870743 0.0774653 -0.704439 0.700131
740 4.25 0.857 0.495 0.0734509 0.0646832 -0.702264 0.705157
741 4.25 0.835 0.503 0.0526434 0.0532027 -0.698136 0.712042
742 4.25 0.815 0.512 0.0352353 0.0391967 -0.695134 0.716945
743 4.25 0.796 0.52 0.0176696 0.018514 -0.694308 0.719223
744 4.25 0.778 0.526 0.00244904 0.00297355 -0.694505 0.719478
745 4.26 0.756 0.528 -0.0114684 -0.00690208 -0.69606 0.717859
746 4.26 0.731 0.53 -0.0216133 -0.01422 -0.69607 0.717507
747 4.27 0.703 0.533 -0.0298743 -0.0214525 -0.697537 0.715604
748 4.29 0.672 0.537 -0.0363205 -0.0222695 -0.695761 0.717009
749 4.31 0.642 0.539 -0.0408424 -0.0274317 -0.694126 0.71817
750 4.33 0.615 0.544 -0.0423613 -0.0321777 -0.694587 0.717439
751 4.34 0.592 0.548 -0.0510742 -0.0376335 -0.691044 0.720023
752 4.36 0.573 0.547 -0.0554118 -0.0390938 -0.685582 0.72483
753 4.37 0.554 0.541 -0.0528255 -0.0303891 -0.676527 0.733892
754 4.38 0.534 0.533 -0.0455573 -0.0205517 -0.666852 0.743512
755 4.38 0.512 0.524 -0.0328645 -0.00529741 -0.659164 0.751262
756 4.39 0.489 0.515 -0.0186282 0.00563349 -0.650547 0.759216
757 4.38 0.464 0.505 -0.00657286 0.0172311 -0.645486 0.763549
758 4.38 0.439 0.499 0.00568405 0.0268299 -0.642571 0.765735
759 4.36 0.414 0.495 0.0182156 0.0297012 -0.649601 0.759476
760 4.35 0.394 0.489 0.0273387 0.0343151 -0.662743 0.747561
761 4.32 0.378 0.481 0.0323974 0.0400897 -0.680792 0.730661
762 4.3 0.368 0.474 0.0405298 0.0450754 -0.705105 0.706507
763 4.27 0.361 0.47 0.0459086 0.0455524 -0.7306 0.679736
764 4.25 0.36 0.468 0.0478579 0.0433793 -0.756024 0.651349
765 4.23 0.364 0.465 0.0476775 0.0379711 -0.779095 0.623936
766 4.22 0.373 0.461 0.0477958 0.0392275 -0.794756 0.603772
767 4.22 0.385 0.459 0.0495628 0.0393024 -0.803681 0.591688
768 4.22 0.398 0.459 0.0486632 0.0376165 -0.805137 0.589891
769 4.23 0.408 0.459 0.0467023 0.0377729 -0.799691 0.5974
770 4.24 0.418 0.457 0.0514018 0.0434479 -0.788281 0.611624
771 4.25 0.427 0.456 0.0536751 0.0494393 -0.774453 0.628408
772 4.25 0.438 0.458 0.051566 0.0542225 -0.761049 0.644365
773 4.26 0.447 0.462 0.0491081 0.0560291 -0.747644 0.659907
774 4.26 0.451 0.467 0.0472242 0.0566525 -0.728351 0.681223
775 4.26 0.456 0.474 0.0453721 0.0550723 -0.707934 0.702665
776 4.26 0.463 0.479 0.0409093 0.0480447 -0.686517 0.72437
777 4.26 0.471 0.482 0.0391707 0.0464748 -0.663551 0.745658
778 4.25 0.481 0.483 0.0347919 0.048192 -0.642971 0.763581
779 4.25 0.492 0.482 0.0382397 0.0476181 -0.61984 0.782348
780 4.25 0.503 0.48 0.0379421 0.0438009 -0.595593 0.801193
781 4.25 0.514 0.476 0.0413074 0.0469001 -0.568393 0.82038
782 4.25 0.528 0.473 0.0458131 0.0499277 -0.541583 0.837912
783 4.26 0.542 0.469 0.0481481 0.0448179 -0.516118 0.853988
784 4.26 0.556 0.464 0.0550029 0.0478296 -0.495265 0.865679
785 4.27 0.57 0.462 0.0562348 0.0549343 -0.479253 0.874149
786 4.27 0.586 0.464 0.0533893 0.0511482 -0.47196 0.878514
787 4.27 0.603 0.472 0.0476472 0.0383284 -0.470512 0.880272
788 4.27 0.627 0.491 0.0333129 0.0152974 -0.471429 0.881142
789 4.27 0.654 0.515 0.0127924 -0.0218004 -0.472722 0.880849
790 4.27 0.684 0.536 -0.000870408 -0.0552607 -0.470388 0.880727
791 4.28 0.715 0.55 -0.00727655 -0.0745732 -0.460464 0.88451
792 4.29 0.748 0.56 -0.0139733 -0.0913071 -0.450198 0.888138
793 4.3 0.78 0.565 -0.0159742 -0.103536 -0.43581 0.893921
794 4.31 0.812 0.566 -0.0165728 -0.115087 -0.415416 0.902169
795 4.32 0.842 0.567 -0.0160653 -0.121582 -0.393595 0.911067
796 4.34 0.868 0.566 -0.0134217 -0.122982 -0.370233 0.920664
797 4.35 0.894 0.564 -0.00928579 -0.12183 -0.34489 0.930657
798 4.36 0.919 0.562 -0.00969476 -0.121825 -0.319377 0.939714
799 4.37 0.942 0.56 -0.00923712 -0.121428 -0.291118 0.948905
800 4.38 0.963 0.559 -0.0127634 -0.115674 -0.265539 0.95705
801 4.38 0.984 0.559 -0.0172333 -0.109744 -0.243185 0.963598
802 4.39 1 0.558 -0.0194603 -0.10678 -0.222985 0.96876
803 4.39 1.02 0.554 -0.0220313 -0.10278 -0.20318 0.973483
804 4.4 1.04 0.547 -0.0216799 -0.0953555 -0.183725 0.978101
805 4.41 1.06 0.541 -0.0159451 -0.0821493 -0.163312 0.983019
806 4.41 1.08 0.533 -0.0114659 -0.0719999 -0.142138 0.987158
807 4.42 1.09 0.525 -0.00720231 -0.0600188 -0.119238 0.991024
808 4.44 1.1 0.513 -0.00376528 -0.0472988 -0.0946726 0.994377
809 4.46 1.1 0.497 0.000697982 -0.0283695 -0.071734 0.99702
810 4.48 1.1 0.479 0.00771916 -0.00591725 -0.0494733 0.998728
811 4.51 1.1 0.46 0.0107826 0.00936032 -0.030415 0.999435
812 4.54 1.09 0.444 0.0136236 0.0210375 -0.0118997 0.999615
813 4.57 1.07 0.427 0.0169196 0.0345079 0.00504536 0.999248
814 4.6 1.06 0.408 0.0152456 0.0441928 0.0193321 0.99872
815 4.63 1.05 0.388 0.0151449 0.0469545 0.0357515 0.998142
816 4.67 1.05 0.363 0.0150718 0.0476604 0.0455004 0.997713
817 4.7 1.06 0.335 0.0133012 0.0536742 0.0495981 0.997237
818 4.74 1.07 0.301 0.0185742 0.0512022 0.043985 0.997546
819 4.78 1.08 0.262 0.0237995 0.0440603 0.0382753 0.998012
820 4.82 1.1 0.225 0.0221067 0.0386847 0.0420937 0.99812
821 4.87 1.12 0.194 0.0193768 0.0421317 0.0493986 0.997702
822 4.92 1.13 0.176 0.0207781 0.0439232 0.0591523 0.997066
823 4.96 1.14 0.168 0.0231959 0.0277236 0.0627023 0.997377
824 5 1.14 0.157 0.022845 0.0091938 0.0643031 0.997627
825 5.05 1.15 0.142 0.0188522 0.0263433 0.0724996 0.996842
826 5.09 1.15 0.126 0.00727489 0.0616145 0.0744603 0.995292
827 5.13 1.16 0.107 0.00651514 0.0661077 0.071488 0.995227
828 5.17 1.16 0.0855 0.0154622 0.0568605 0.0658859 0.996086
829 5.22 1.17 0.0703 0.0202139 0.0637933 0.051083 0.99645
830 5.27 1.16 0.067 0.028844 0.06268 0.0352916 0.996992
831 5.33 1.15 0.0722 0.0366681 0.0617235 0.0146558 0.997312
832 5.39 1.14 0.0841 0.0452535 0.0630684 -0.00367804 0.996976
833 5.45 1.12 0.103 0.0555242 0.0604526 -0.0200687 0.996423
834 5.51 1.11 0.128 0.0642153 0.0624566 -0.0314336 0.995484
835 5.57 1.1 0.159 0.0691354 0.0653133 -0.0404639 0.994644
836 5.63 1.09 0.194 0.0789435 0.064032 -0.0479334 0.993665
837 5.68 1.09 0.239 0.0963104 0.0522707 -0.0583909 0.992261
838 5.73 1.08 0.287 0.111766 0.0379206 -0.0771766 0.990007
839 5.79 1.07 0.337 0.128817 0.0427362 -0.0897082 0.986677
840 5.85 1.06 0.381 0.125654 0.0377798 -0.106477 0.98562
841 5.91 1.05 0.426 0.118499 0.0336589 -0.120115 0.985088
842 5.97 1.03 0.468 0.102467 0.0141082 -0.144626 0.984065
843 6.03 1.01 0.517 0.0943189 0.0264848 -0.164617 0.98148
844 6.07 0.99 0.568 0.0923627 0.0526293 -0.174706 0.978865
845 6.1 0.964 0.621 0.0850355 0.0598922 -0.195342 0.975204
846 6.13 0.935 0.668 0.0758335 0.0590526 -0.220915 0.970545
847 6.15 0.907 0.704 0.0726132 0.0632828 -0.242218 0.965429
848 6.18 0.879 0.727 0.0714455 0.0712158 -0.254462 0.961807
849 6.2 0.855 0.742 0.0687124 0.0751426 -0.259718 0.960301
850 6.23 0.831 0.749 0.0660928 0.0790916 -0.258374 0.960531
851 6.26 0.808 0.753 0.064145 0.0880751 -0.247971 0.962621
852 6.29 0.789 0.757 0.0626459 0.101506 -0.237621 0.964006
853 6.32 0.775 0.765 0.0645755 0.103087 -0.223306 0.967128
854 6.35 0.765 0.771 0.0648306 0.101332 -0.204141 0.971522
855 6.38 0.759 0.776 0.0622966 0.102208 -0.186566 0.975123
856 6.41 0.754 0.777 0.0586359 0.0965815 -0.168585 0.97919
857 6.46 0.749 0.778 0.0538349 0.0902803 -0.154864 0.982328
858 6.51 0.741 0.779 0.0466636 0.0791976 -0.146942 0.984865
859 6.56 0.731 0.781 0.042567 0.0649303 -0.141227 0.986928
860 6.61 0.716 0.787 0.0429921 0.0531339 -0.144065 0.987205
861 6.65 0.698 0.795 0.0429546 0.0516838 -0.144629 0.987201
862 6.69 0.673 0.801 0.0458794 0.0334048 -0.146442 0.98759
863 6.72 0.642 0.806 0.0482441 0.0314945 -0.147674 0.987357
864 6.76 0.602 0.809 0.0473368 0.027566 -0.145176 0.987888
865 6.79 0.555 0.808 0.0459712 0.0174161 -0.140922 0.988799
866 6.81 0.504 0.809 0.0457851 0.00668113 -0.131046 0.990296
867 6.84 0.452 0.812 0.0432981 -0.00132637 -0.114328 0.992498
868 6.87 0.405 0.815 0.0486516 0.00416333 -0.102318 0.993553
869 6.89 0.364 0.819 0.0485712 0.0082261 -0.0824573 0.995376
870 6.92 0.332 0.82 0.0475092 0.00400529 -0.0608542 0.997007
871 6.94 0.309 0.82 0.0478548 0.000141992 -0.0445813 0.997859
872 6.98 0.289 0.817 0.0469789 -0.00817601 -0.0210026 0.998642
873 7.01 0.269 0.811 0.0464091 -0.0111052 -0.00307104 0.998856
874 7.05 0.247 0.806 0.0431592 -0.0187144 0.00948312 0.998848
875 7.09 0.222 0.804 0.0415159 -0.0271146 0.0111404 0.998708
876 7.13 0.192 0.804 0.0421068 -0.0171946 0.00532947 0.998951
877 7.16 0.16 0.807 0.0467407 -0.0162919 -0.0102284 0.998722
878 7.18 0.125 0.812 0.0522402 -0.0174726 -0.0285728 0.998073
879 7.19 0.0905 0.816 0.0553952 -0.0233542 -0.0476415 0.997054
880 7.2 0.0547 0.819 0.0586817 -0.0285704 -0.0655216 0.995714
881 7.21 0.0182 0.819 0.0592069 -0.0274963 -0.0817694 0.994511
882 7.21 -0.0195 0.818 0.0596966 -0.0284806 -0.0942546 0.993348
883 7.21 -0.0593 0.814 0.0574985 -0.0269168 -0.105048 0.992439
884 7.21 -0.101 0.807 0.0598841 -0.0219839 -0.117286 0.991047
885 7.2 -0.142 0.796 0.0605251 -0.00786021 -0.122056 0.990645
886 7.2 -0.178 0.783 0.0606018 0.0104186 -0.11628 0.991311
887 7.19 -0.211 0.77 0.0578544 0.0295933 -0.103898 0.992463
888 7.17 -0.239 0.761 0.0566568 0.0461138 -0.0837765 0.993803
889 7.16 -0.262 0.754 0.0555644 0.052536 -0.0590082 0.995324
890 7.14 -0.274 0.75 0.0583444 0.0606679 -0.036809 0.995771
891 7.13 -0.282 0.748 0.0586092 0.0620831 -0.0167628 0.996208
892 7.11 -0.283 0.745 0.0555639 0.0610056 0.00525244 0.996576
893 7.09 -0.28 0.745 0.0486039 0.0634244 0.0329586 0.996257
894 7.06 -0.274 0.746 0.0391766 0.0707162 0.0633808 0.99471
895 7.04 -0.267 0.75 0.0270386 0.0634755 0.0990661 0.992686
896 7.01 -0.259 0.755 0.0175289 0.06143 0.136905 0.988522
897 7 -0.251 0.759 0.0185393 0.0610146 0.179347 0.981717
898 6.99 -0.246 0.765 0.0194879 0.0569629 0.217465 0.97421
899 6.98 -0.245 0.767 0.0212114 0.0551595 0.253932 0.965415
900 6.98 -0.25 0.769 0.0243724 0.0532832 0.288744 0.955612
901 6.99 -0.257 0.768 0.0277387 0.0528453 0.319924 0.945561
902 7 -0.267 0.767 0.0279642 0.048857 0.352247 0.934213
903 7.01 -0.279 0.766 0.0242302 0.0506753 0.385178 0.921131
904 7.02 -0.29 0.766 0.0169323 0.0527249 0.415398 0.907952
905 7.03 -0.297 0.768 0.0139286 0.0528877 0.448374 0.892171
906 7.02 -0.297 0.769 0.012522 0.0503484 0.477524 0.877086
907 7.02 -0.297 0.767 0.00931663 0.0524327 0.502189 0.863117
908 7.01 -0.297 0.768 0.00745804 0.0542427 0.523331 0.850368
909 6.99 -0.296 0.767 0.00563365 0.0569254 0.545237 0.836328
910 6.97 -0.292 0.766 0.00429356 0.0593413 0.565751 0.822427
911 6.95 -0.282 0.765 0.00199414 0.0623552 0.586227 0.807741
912 6.93 -0.272 0.765 -0.00167383 0.0622627 0.605399 0.793481
913 6.9 -0.26 0.767 -0.00575699 0.0575118 0.624393 0.778969
914 6.88 -0.244 0.77 -0.00761338 0.0483769 0.642416 0.76479
915 6.85 -0.226 0.773 -0.0114689 0.0406793 0.65774 0.752059
916 6.83 -0.206 0.777 -0.0118815 0.0335992 0.677236 0.734902
917 6.8 -0.185 0.78 -0.0155708 0.0297096 0.696674 0.716603
918 6.77 -0.165 0.782 -0.0192283 0.0242852 0.715519 0.697906
919 6.75 -0.15 0.782 -0.020681 0.0217282 0.73412 0.678357
920 6.73 -0.133 0.781 -0.0266288 0.0242148 0.751314 0.658963
921 6.72 -0.117 0.781 -0.0269732 0.0267699 0.767692 0.639691
922 6.71 -0.0954 0.782 -0.0278174 0.0301546 0.783057 0.620596
923 6.7 -0.0733 0.781 -0.0282428 0.0299644 0.798674 0.600353
924 6.69 -0.0488 0.778 -0.0288932 0.0291483 0.815492 0.577311
925 6.69 -0.0235 0.775 -0.0317373 0.0280897 0.832312 0.552685
926 6.69 0.00165 0.776 -0.0354767 0.0265356 0.850285 0.524455
927 6.69 0.0243 0.778 -0.0341079 0.0222237 0.867387 0.495966
928 6.69 0.0401 0.777 -0.0348935 0.0171358 0.883221 0.467343
929 6.69 0.0512 0.777 -0.0356744 0.014998 0.898709 0.436834
930 6.69 0.0589 0.775 -0.0412707 0.0135671 0.914371 0.40254
931 6.69 0.0618 0.773 -0.0519829 0.0132581 0.927751 0.369324
932 6.68 0.0597 0.772 -0.0570185 0.0115907 0.940584 0.334539
933 6.68 0.0525 0.772 -0.0562144 0.00744275 0.950844 0.304434
934 6.69 0.0423 0.772 -0.0533987 0.00634905 0.958417 0.280261
935 6.69 0.029 0.769 -0.0538407 0.000925077 0.964922 0.256956
936 6.7 0.0131 0.762 -0.0593646 -0.00324621 0.970232 0.234767
937 6.71 -0.00395 0.751 -0.0715795 -0.00563849 0.973748 0.216006
938 6.73 -0.0217 0.74 -0.0843822 -0.00882168 0.975846 0.201313
939 6.76 -0.0406 0.736 -0.0948767 -0.0115262 0.977943 0.185722
940 6.78 -0.0601 0.734 -0.0958668 -0.0145134 0.981318 0.166173
941 6.8 -0.082 0.735 -0.0955812 -0.0176364 0.985068 0.142107
942 6.82 -0.104 0.738 -0.0940516 -0.0225884 0.98846 0.116576
943 6.83 -0.123 0.743 -0.0889573 -0.0252409 0.991859 0.0875529
944 6.84 -0.14 0.75 -0.0783434 -0.0295355 0.994864 0.0568804
945 6.86 -0.149 0.758 -0.0684527 -0.0358046 0.996732 0.0235935
946 6.87 -0.151 0.765 -0.0610018 -0.0391436 0.99729 -0.012617
947 6.88 -0.143 0.773 -0.0501675 -0.0372447 0.997061 -0.0443223
948 6.89 -0.123 0.779 -0.040673 -0.0364132 0.995679 -0.0751145
949 6.91 -0.0967 0.783 -0.0266295 -0.0351343 0.993181 -0.107926
950 6.92 -0.0669 0.782 -0.0188005 -0.035422 0.989154 -0.141302
951 6.94 -0.0413 0.779 -0.0162706 -0.0398799 0.983522 -0.175583
952 6.95 -0.0199 0.777 -0.01788 -0.0410946 0.976762 -0.20959
953 6.97 -0.00595 0.773 -0.0262426 -0.0440828 0.969334 -0.240333
954 6.99 0.00661 0.769 -0.0363584 -0.049316 0.962027 -0.26599
955 7 0.0172 0.766 -0.0366279 -0.0492079 0.95722 -0.282785
956 7.02 0.0225 0.76 -0.0378889 -0.0483598 0.952502 -0.298272
957 7.03 0.024 0.754 -0.0487354 -0.0501246 0.946144 -0.316108
958 7.05 0.028 0.746 -0.0587467 -0.053834 0.939487 -0.333188
959 7.06 0.0332 0.74 -0.0664787 -0.0571946 0.933676 -0.347216
960 7.08 0.0428 0.737 -0.0741972 -0.0592892 0.927808 -0.360765
961 7.11 0.0562 0.735 -0.0759337 -0.0604377 0.920922 -0.377471
962 7.13 0.0715 0.732 -0.0763554 -0.0630568 0.914645 -0.391942
963 7.16 0.0883 0.726 -0.0860336 -0.06584 0.903846 -0.413915
964 7.19 0.103 0.722 -0.0947009 -0.0718115 0.890607 -0.438969
965 7.22 0.112 0.725 -0.0918289 -0.0762465 0.87721 -0.465035
966 7.25 0.124 0.731 -0.0825286 -0.0767464 0.862281 -0.493732
967 7.27 0.136 0.738 0.0800788 0.0784307 -0.847543 0.518755
968 7.29 0.145 0.747 0.0766354 0.0769347 -0.830412 0.546465
969 7.3 0.152 0.756 0.065716 0.0740043 -0.810738 0.576982
970 7.3 0.158 0.76 0.0573263 0.0723958 -0.78799 0.608724
971 7.31 0.166 0.763 0.0505869 0.0716494 -0.76126 0.642488
972 7.3 0.178 0.764 0.0514137 0.0789333 -0.733317 0.673329
973 7.3 0.196 0.765 0.0511961 0.0823779 -0.706834 0.700699
974 7.29 0.215 0.764 0.0535828 0.0821976 -0.682359 0.724402
975 7.29 0.234 0.76 0.0574166 0.0854266 -0.660753 0.743512
976 7.29 0.253 0.758 0.0635427 0.0922629 -0.63634 0.763231
977 7.3 0.271 0.759 0.0678824 0.0948528 -0.614163 0.780512
978 7.31 0.286 0.762 0.0680046 0.0910409 -0.597853 0.793511
979 7.32 0.3 0.766 0.0662524 0.0841637 -0.582389 0.805823
980 7.34 0.314 0.772 0.0610047 0.0803202 -0.567994 0.816829
981 7.35 0.328 0.779 0.0567795 0.0744112 -0.557016 0.82521
982 7.36 0.346 0.789 0.050918 0.0651344 -0.548642 0.831959
983 7.38 0.368 0.8 0.0425496 0.0530904 -0.542134 0.837533
984 7.39 0.392 0.813 0.0372115 0.0435713 -0.538175 0.840883
985 7.4 0.417 0.826 0.0265631 0.0287363 -0.536317 0.843109
986 7.41 0.441 0.838 0.0164346 0.0148207 -0.536901 0.843355
987 7.4 0.462 0.846 0.0093535 0.00347283 -0.543168 0.839565
988 7.4 0.48 0.853 0.00622525 -0.00462239 -0.554663 0.832039
989 7.38 0.495 0.859 0.00253988 -0.0123057 -0.56905 0.822207
990 7.36 0.507 0.861 -0.00195233 -0.0157617 -0.585725 0.810355
991 7.34 0.515 0.861 -0.00442388 -0.0152864 -0.603495 0.797208
992 7.31 0.525 0.86 -0.0059059 -0.0186871 -0.621579 0.783106
993 7.29 0.535 0.861 -0.0043949 -0.0194551 -0.64169 0.766705
994 7.26 0.546 0.865 -0.00385299 -0.0242519 -0.659473 0.751327
995 7.23 0.558 0.868 -0.00587346 -0.0290451 -0.675002 0.737221
996 7.2 0.569 0.871 -0.00561735 -0.0302284 -0.690007 0.723149
997 7.16 0.582 0.875 -0.00438601 -0.0290601 -0.703475 0.710112
998 7.12 0.598 0.878 -0.00590751 -0.0285109 -0.716115 0.697375
999 7.08 0.614 0.88 -0.00511304 -0.0255687 -0.728795 0.684236
1000 7.04 0.629 0.88 -0.00198947 -0.022293 -0.741957 0.670074
1001 7 0.647 0.88 0.000563275 -0.0181097 -0.755238 0.6552
1002 6.96 0.666 0.88 0.0014451 -0.0128352 -0.769351 0.638696
1003 6.93 0.685 0.877 0.000312397 -0.00612961 -0.782958 0.622044
1004 6.9 0.707 0.872 0.00214108 0.00276674 -0.796586 0.604516
1005 6.87 0.732 0.866 0.00918526 0.0135637 -0.809308 0.587156
1006 6.84 0.759 0.862 0.0204632 0.0205199 -0.821053 0.570117
1007 6.82 0.786 0.861 0.0267601 0.0234725 -0.831265 0.554736
1008 6.81 0.812 0.86 0.0313584 0.0291672 -0.840346 0.540356
1009 6.8 0.838 0.859 0.0333443 0.0315567 -0.851084 0.523019
1010 6.8 0.864 0.858 0.0369821 0.0294416 -0.860777 0.506782
1011 6.8 0.894 0.858 -0.0362048 -0.0256359 0.870113 -0.490852
1012 6.81 0.923 0.858 -0.0316266 -0.0206138 0.87532 -0.482068
1013 6.83 0.949 0.861 -0.0314005 -0.0203253 0.873097 -0.486109
1014 6.85 0.971 0.867 0.0244094 0.0271684 -0.86592 0.498847
1015 6.88 0.986 0.873 0.0135708 0.0284584 -0.854347 0.518746
1016 6.91 0.992 0.878 0.0108474 0.0263381 -0.839575 0.542497
1017 6.93 0.989 0.882 0.00730506 0.0233474 -0.823279 0.56711
1018 6.96 0.98 0.886 0.00478103 0.0224564 -0.803902 0.594318
1019 6.98 0.965 0.888 0.000204037 0.0206498 -0.780718 0.624542
1020 7 0.945 0.889 -0.0045322 0.0181667 -0.755705 0.654644
1021 7.02 0.921 0.887 -0.00253511 0.0160904 -0.729467 0.683823
1022 7.03 0.897 0.886 0.00347774 0.0130087 -0.704112 0.709961
1023 7.04 0.872 0.883 0.0032756 0.00553334 -0.679163 0.733959
1024 7.04 0.843 0.878 0.00368578 0.00307089 -0.65263 0.757662
1025 7.04 0.811 0.872 0.00619773 0.00576844 -0.623107 0.782091
1026 7.04 0.782 0.867 0.00984119 0.00706889 -0.592046 0.805813
1027 7.03 0.754 0.864 0.0109801 0.00746807 -0.562129 0.826943
1028 7.02 0.729 0.862 0.015182 0.0124665 -0.534084 0.845203
1029 7.01 0.707 0.857 0.0192878 0.0201471 -0.50746 0.861224
1030 7.01 0.685 0.849 0.0218669 0.0317426 -0.483847 0.874303
1031 7 0.662 0.84 0.0270866 0.0405839 -0.461754 0.885665
1032 7 0.635 0.832 0.0397692 0.0524447 -0.447896 0.89166
1033 7.01 0.605 0.822 0.0465445 0.0575085 -0.436071 0.896866
1034 7.01 0.572 0.808 0.0503373 0.0680095 -0.424552 0.901441
1035 7.02 0.536 0.793 0.0498737 0.0798937 -0.412481 0.906085
1036 7.02 0.5 0.781 0.0447059 0.0828259 -0.400635 0.911391
1037 7.03 0.461 0.773 0.0380836 0.0865549 -0.387966 0.91681
1038 7.04 0.425 0.768 0.0440659 0.0967405 -0.372044 0.922108
1039 7.04 0.393 0.766 0.0433121 0.10129 -0.356466 0.927791
1040 7.04 0.367 0.765 0.0443474 0.104827 -0.338196 0.934167
1041 7.04 0.343 0.767 0.0460504 0.104791 -0.318118 0.941116
1042 7.03 0.319 0.767 0.0453608 0.103836 -0.294431 0.948931
1043 7.02 0.292 0.77 0.044417 0.0990974 -0.268993 0.957
1044 7 0.266 0.774 0.0390792 0.0883119 -0.239728 0.966025
1045 6.97 0.243 0.779 0.0332461 0.0810334 -0.203178 0.975216
1046 6.94 0.226 0.784 0.0288535 0.0714504 -0.163932 0.983458
1047 6.91 0.214 0.788 0.0300542 0.0676464 -0.123247 0.989612
1048 6.88 0.208 0.795 0.0324976 0.0583685 -0.0818775 0.994401
1049 6.85 0.206 0.8 0.0337305 0.0471696 -0.0485537 0.997136
1050 6.83 0.207 0.803 0.039545 0.0380447 -0.0221722 0.998247
1051 6.81 0.213 0.802 0.0442642 0.0350349 -0.000477241 0.998405
1052 6.79 0.221 0.801 0.0435961 0.0328957 0.018625 0.998334
1053 6.77 0.231 0.798 0.0375737 0.0355904 0.0352748 0.998037
1054 6.75 0.238 0.792 0.0351078 0.0415844 0.0457753 0.997468
1055 6.72 0.241 0.784 0.0363374 0.0523233 0.0511017 0.99666
1056 6.69 0.242 0.775 0.0344872 0.0660833 0.052538 0.995833
1057 6.66 0.241 0.765 0.0291247 0.0878984 0.0508466 0.994404
1058 6.63 0.235 0.756 0.0246433 0.106316 0.0492387 0.992807
1059 6.6 0.226 0.748 0.0218761 0.120247 0.0447342 0.991494
1060 6.58 0.215 0.74 0.0221773 0.133669 0.0369314 0.990089
1061 6.55 0.2 0.731 0.021322 0.147198 0.0297089 0.988431
1062 6.53 0.181 0.725 0.0254091 0.158926 0.0178811 0.986801
1063 6.52 0.159 0.722 0.0273349 0.160223 0.00531211 0.986688
1064 6.51 0.131 0.72 0.0286988 0.167044 -0.0100479 0.985481
1065 6.51 0.0977 0.717 0.0296606 0.171042 -0.025277 0.984493
1066 6.51 0.0611 0.713 0.0354837 0.172369 -0.0404727 0.983561
1067 6.52 0.019 0.708 0.0409695 0.173895 -0.0531009 0.982478
1068 6.53 -0.0275 0.705 0.0396911 0.175199 -0.059614 0.981925
1069 6.54 -0.0775 0.703 0.0358792 0.175715 -0.0633393 0.981746
1070 6.55 -0.129 0.706 0.0338188 0.160746 -0.0646325 0.984296
1071 6.56 -0.174 0.71 0.0318152 0.140446 -0.0621601 0.987623
1072 6.57 -0.21 0.718 0.029678 0.125432 -0.0608178 0.989791
1073 6.58 -0.238 0.728 0.0273832 0.101831 -0.0605764 0.992578
1074 6.6 -0.258 0.737 0.0295956 0.0803828 -0.0617637 0.994408
1075 6.62 -0.271 0.742 0.0343411 0.0580914 -0.0607855 0.995867
1076 6.64 -0.278 0.741 0.0398992 0.0383757 -0.0573951 0.996816
1077 6.68 -0.28 0.735 0.0399474 0.0264045 -0.0547669 0.99735
1078 6.72 -0.278 0.727 0.0348822 0.0190172 -0.0538412 0.997759
1079 6.77 -0.271 0.718 0.0260534 0.0100556 -0.0470777 0.998501
1080 6.83 -0.26 0.712 0.0159554 0.00193137 -0.0343234 0.999282
1081 6.89 -0.248 0.707 0.0040487 -0.00966714 -0.0222481 0.999698
1082 6.95 -0.236 0.7 -0.00519287 -0.00876999 -0.0101936 0.999896
1083 7.01 -0.226 0.69 -0.00574016 -0.00808082 -0.00152957 0.99995
1084 7.08 -0.22 0.676 -0.00292822 -0.00674919 0.00853303 0.999937
1085 7.15 -0.214 0.663 0.000532491 0.00145681 0.0211208 0.999776
1086 7.22 -0.208 0.644 0.00359712 0.0114233 0.0339366 0.999352
1087 7.3 -0.202 0.619 0.00503154 0.0191936 0.0438302 0.998842
1088 7.39 -0.193 0.59 0.00690971 0.0222089 0.0535686 0.998293
1089 7.47 -0.182 0.559 0.0103133 0.030972 0.0670608 0.997215
1090 7.54 -0.169 0.522 0.00711182 0.0187254 0.0786016 0.996705
1091 7.61 -0.156 0.479 0.0121234 0.0129784 0.0836735 0.996335
1092 7.68 -0.137 0.43 0.0218678 0.0155734 0.0859566 0.995937
1093 7.74 -0.111 0.378 0.0236948 0.00780549 0.0915962 0.995484
1094 7.81 -0.0843 0.324 0.0230739 0.00617901 0.102573 0.994439
1095 7.87 -0.0599 0.272 0.0282585 0.0158481 0.115205 0.992813
1096 7.93 -0.0382 0.221 0.0294675 0.0178197 0.127582 0.99123
1097 7.99 -0.0194 0.167 0.0269033 0.0133379 0.141722 0.989451
1098 8.04 -0.00633 0.109 0.0230079 0.0219988 0.158438 0.986856
1099 8.1 0.00129 0.0525 0.0185992 0.0389885 0.171499 0.984237
1100 8.15 0.0044 0.00351 0.00966343 0.0527965 0.175271 0.983056
1101 8.2 0.00305 -0.0363 0.0084006 0.0548571 0.171879 0.983554
1102 8.25 -0.00111 -0.0651 0.0142706 0.0523331 0.163102 0.985117
1103 8.29 -0.00425 -0.086 0.0263271 0.0487659 0.14369 0.98807
1104 8.32 -0.00814 -0.0985 0.0232804 0.0498214 0.127406 0.990325
1105 8.36 -0.0168 -0.0991 0.0280057 0.062235 0.121976 0.990184
1106 8.39 -0.0269 -0.0891 0.0399036 0.0687761 0.114241 0.990266
1107 8.43 -0.0343 -0.0727 0.0501401 0.0659309 0.102438 0.991285
1108 8.46 -0.034 -0.0627 0.0579989 0.0705378 0.0939349 0.991381
1109 8.49 -0.0262 -0.0564 0.0633121 0.0682664 0.0870015 0.991848
1110 8.54 -0.0136 -0.0503 0.0606341 0.0520811 0.0871286 0.992985
1111 8.58 0.00109 -0.0409 0.0477602 0.0424017 0.0859671 0.994249
1112 8.63 0.0165 -0.0334 0.0383843 0.0198808 0.0920478 0.994816
1113 8.67 0.0395 -0.0345 0.0420539 -0.00988836 0.0924369 0.994781
1114 8.72 0.0562 -0.0527 0.0442566 -0.000151895 0.0828559 0.995578
1115 8.74 0.07 -0.0735 0.0446417 0.00933417 0.0692676 0.996555
1116 8.75 0.0908 -0.087 0.028636 0.0166306 0.0649731 0.997337
1117 8.77 0.111 -0.0905 0.00828575 0.0334066 0.0687956 0.997037
1118 8.79 0.127 -0.0856 -0.010645 0.0505196 0.0743677 0.995894
1119 8.8 0.143 -0.0666 -0.0359392 0.0594259 0.0980915 0.992751
1120 8.82 0.162 -0.0511 -0.0365816 0.0387493 0.124284 0.990815
1121 8.83 0.186 -0.0448 -0.0394891 0.0338088 0.144157 0.988188
1122 8.84 0.21 -0.0446 -0.0395315 0.022791 0.173587 0.983761
1123 8.86 0.232 -0.0504 -0.0336785 0.0175397 0.20425 0.978182
1124 8.87 0.247 -0.0572 -0.0250471 0.0214979 0.227799 0.973149
1125 8.88 0.253 -0.0603 -0.00985119 0.0306242 0.249154 0.967929
1126 8.89 0.256 -0.0535 0.0142686 0.0243437 0.267604 0.963116
1127 8.9 0.256 -0.0348 0.0292046 0.00848107 0.294095 0.955292
1128 8.92 0.252 -0.0106 0.0290752 -0.00370075 0.319063 0.94728
1129 8.95 0.245 0.016 0.0281957 -0.014025 0.347465 0.937164
1130 8.98 0.239 0.0445 0.0287793 -0.0229347 0.370951 0.927923
1131 9 0.239 0.0741 0.0357013 -0.0336639 0.391444 0.918893
1132 9.02 0.252 0.106 0.0418844 -0.0404457 0.416492 0.907273
1133 9.03 0.273 0.134 0.033086 -0.0427773 0.442932 0.894923
1134 9.02 0.296 0.162 0.0260816 -0.0346643 0.474975 0.878929
1135 9.02 0.32 0.195 0.0226924 -0.03997 0.503094 0.863009
1136 9 0.34 0.224 0.0231679 -0.040058 0.528617 0.847598
1137 8.99 0.357 0.249 0.0263933 -0.0380016 0.550611 0.833479
1138 8.98 0.368 0.27 0.0308251 -0.0336587 0.572736 0.818469
1139 8.98 0.37 0.286 0.0333066 -0.0367547 0.591936 0.804458
1140 8.98 0.367 0.297 0.0348411 -0.0388029 0.610932 0.789964
1141 8.98 0.36 0.299 0.0367854 -0.0367325 0.632928 0.772463
1142 8.99 0.344 0.297 0.0329247 -0.0284065 0.652848 0.75624
1143 9 0.319 0.296 0.0325355 -0.0289559 0.677194 0.734514
1144 9.01 0.29 0.294 0.0307418 -0.0244706 0.699751 0.713306
1145 9.03 0.26 0.29 0.0253555 -0.0169579 0.717791 0.69559
1146 9.03 0.234 0.284 0.0131085 -0.00392569 0.734906 0.678031
1147 9.04 0.215 0.273 -0.00331402 0.0114818 0.747799 0.663817
1148 9.05 0.197 0.263 -0.0194482 0.0297995 0.751866 0.658355
1149 9.05 0.182 0.251 -0.0301292 0.0438461 0.751541 0.657538
1150 9.05 0.165 0.238 -0.0454657 0.0585005 0.749307 0.658065
1151 9.05 0.143 0.224 -0.0622645 0.0721725 0.743757 0.661619
1152 9.05 0.117 0.211 -0.0716241 0.0858933 0.738239 0.665204
1153 9.04 0.0866 0.201 -0.0815063 0.0974116 0.73127 0.670158
1154 9.04 0.0526 0.193 -0.0865006 0.106786 0.72254 0.677533
1155 9.04 0.0162 0.189 -0.0831627 0.112353 0.7168 0.683124
1156 9.03 -0.0207 0.191 -0.0778031 0.110573 0.716215 0.684657
1157 9.02 -0.0549 0.195 -0.0711212 0.102089 0.723928 0.678563
1158 9 -0.0866 0.202 -0.0645534 0.0886898 0.737162 0.666753
1159 8.98 -0.116 0.212 -0.061723 0.0750209 0.751058 0.65305
1160 8.96 -0.141 0.225 -0.0558278 0.0567044 0.767665 0.635891
1161 8.94 -0.162 0.24 -0.0441515 0.0342197 0.784773 0.617261
1162 8.93 -0.179 0.253 -0.0329288 0.0111376 0.801259 0.597308
1163 8.92 -0.192 0.266 -0.0216481 -0.00696788 0.814939 0.579101
1164 8.91 -0.207 0.278 -0.00901536 -0.0223859 0.824491 0.565361
1165 8.92 -0.222 0.288 0.010356 -0.0379363 0.829554 0.55704
1166 8.93 -0.233 0.295 0.0267052 -0.0470211 0.828381 0.557549
1167 8.94 -0.24 0.3 0.0392891 -0.0514453 0.819173 0.569881
1168 8.96 -0.247 0.302 0.0501539 -0.0486767 0.805763 0.588099
1169 8.98 -0.255 0.301 0.054375 -0.0391051 0.787873 0.612185
1170 9.01 -0.268 0.297 0.0568437 -0.0334358 0.767425 0.637737
1171 9.03 -0.286 0.292 0.0488085 -0.0193267 0.746922 0.662836
1172 9.05 -0.307 0.287 0.0522163 -0.0111997 0.723759 0.687984
1173 9.07 -0.327 0.281 0.0476981 -0.0017294 0.70306 0.709527
1174 9.09 -0.342 0.274 0.0380142 0.00533292 0.680335 0.731896
1175 9.12 -0.355 0.267 0.0276561 0.0168333 0.657436 0.752815
1176 9.14 -0.364 0.259 0.0175752 0.0311168 0.636801 0.7702
1177 9.16 -0.37 0.251 0.0060987 0.045339 0.619803 0.783423
1178 9.18 -0.375 0.241 -0.00571772 0.0577148 0.607735 0.792019
1179 9.19 -0.381 0.231 -0.0138991 0.0673085 0.5999 0.797118
1180 9.19 -0.385 0.22 -0.0241035 0.0774855 0.594815 0.799757
1181 9.2 -0.387 0.209 -0.03231 0.0900348 0.592148 0.800132
1182 9.21 -0.382 0.199 -0.0397825 0.102509 0.588452 0.801021
1183 9.21 -0.372 0.191 -0.0469965 0.11323 0.585927 0.801037
1184 9.2 -0.354 0.188 -0.0534068 0.118713 0.588487 0.797959
1185 9.19 -0.327 0.185 -0.0598368 0.119601 0.596837 0.791139
1186 9.17 -0.291 0.184 -0.0674609 0.118434 0.608555 0.781718
1187 9.16 -0.249 0.185 -0.0756058 0.115269 0.622075 0.770727
1188 9.14 -0.203 0.192 -0.0766873 0.106841 0.636357 0.760101
1189 9.12 -0.153 0.204 -0.0802316 0.100916 0.64495 0.753272
1190 9.1 -0.107 0.218 -0.0708394 0.0877395 0.657638 0.744846
1191 9.08 -0.0626 0.232 -0.0615321 0.0751896 0.662328 0.742888
1192 9.07 -0.027 0.242 -0.0468519 0.0608255 0.65978 0.747526
1193 9.06 0.00693 0.25 -0.0347237 0.0522413 0.65103 0.756456
1194 9.07 0.0383 0.257 -0.0215456 0.0410179 0.643853 0.763745
1195 9.08 0.0671 0.26 -0.00499571 0.0272767 0.629726 0.776323
1196 9.09 0.0947 0.261 0.0139193 0.018792 0.613398 0.789427
1197 9.1 0.127 0.262 0.0303735 0.0138193 0.600416 0.798991
1198 9.11 0.165 0.263 0.0455534 0.00610578 0.590069 0.806043
1199 9.11 0.207 0.268 0.0527147 0.00207376 0.580946 0.812231
1200 9.11 0.248 0.275 0.0634678 -0.00414508 0.577929 0.813605
1201 9.12 0.291 0.282 0.0717101 -0.0121588 0.573743 0.815799
1202 9.12 0.326 0.289 0.0729764 -0.0139962 0.572528 0.816511
1203 9.12 0.353 0.297 0.0720173 -0.0188742 0.56652 0.820678
1204 9.12 0.373 0.305 0.0781228 -0.0339013 0.552819 0.828938
1205 9.13 0.398 0.311 0.0818623 -0.0524371 0.532211 0.841012
1206 9.14 0.429 0.313 0.0844046 -0.0616595 0.503248 0.857797
1207 9.14 0.462 0.313 0.0848971 -0.0697423 0.464268 0.878854
1208 9.15 0.495 0.312 0.0816292 -0.0680251 0.418564 0.90195
1209 9.15 0.526 0.315 0.0821888 -0.0759863 0.375604 0.919996
1210 9.16 0.554 0.317 0.077248 -0.084556 0.335198 0.935161
1211 9.16 0.575 0.32 0.0688932 -0.0896437 0.29887 0.947573
1212 9.16 0.592 0.32 0.0665552 -0.0929623 0.266937 0.956908
1213 9.16 0.609 0.319 0.0629127 -0.0922504 0.245291 0.962997
1214 9.17 0.631 0.32 0.0605527 -0.0933827 0.239815 0.964418
1215 9.18 0.661 0.321 0.0605469 -0.0975987 0.234193 0.965382
1216 9.19 0.698 0.32 0.0652315 -0.101342 0.236047 0.964239
1217 9.2 0.741 0.32 0.0714485 -0.110379 0.231934 0.963804
1218 9.21 0.79 0.324 0.0758554 -0.105629 0.227569 0.965039
1219 9.22 0.835 0.333 0.0748533 -0.110981 0.216138 0.967143
1220 9.23 0.876 0.343 0.0734827 -0.104169 0.206239 0.970162
1221 9.24 0.911 0.35 0.0681815 -0.107583 0.190303 0.973428
1222 9.25 0.94 0.353 0.0574246 -0.0972915 0.171675 0.978654
1223 9.25 0.97 0.355 0.0518686 -0.0916192 0.148724 0.983258
1224 9.26 1 0.355 0.0432192 -0.085644 0.118826 0.98827
1225 9.25 1.04 0.353 0.0437641 -0.0837132 0.0851188 0.991883
1226 9.25 1.09 0.353 0.0485016 -0.0804746 0.0407353 0.994742
1227 9.23 1.12 0.354 0.0478378 -0.0775371 -0.00950792 0.995796
1228 9.22 1.15 0.355 0.0445833 -0.0686649 -0.0558759 0.995076
1229 9.21 1.18 0.357 0.0432737 -0.0589211 -0.103347 0.991955
1230 9.2 1.19 0.357 0.0408835 -0.0599115 -0.142482 0.987136
1231 9.18 1.2 0.355 0.0367797 -0.0614734 -0.182873 0.980523
1232 9.16 1.21 0.349 0.0344833 -0.061343 -0.220421 0.972863
1233 9.14 1.23 0.343 0.0299689 -0.058639 -0.256008 0.964429
1234 9.12 1.25 0.337 0.0320297 -0.0565107 -0.294069 0.953574
1235 9.09 1.26 0.33 0.0419206 -0.052198 -0.329765 0.941686
1236 9.07 1.28 0.324 0.0499176 -0.0483717 -0.364282 0.928691
1237 9.06 1.29 0.32 0.0514768 -0.0279784 -0.397809 0.915596
1238 9.04 1.29 0.322 0.05403 -0.0194253 -0.42364 0.904009
1239 9.04 1.3 0.327 0.051715 -0.0173735 -0.454448 0.889101
1240 9.04 1.3 0.332 0.0506871 -0.0131544 -0.480586 0.875383
1241 9.04 1.3 0.336 0.0508479 -0.0117167 -0.506545 0.860633
1242 9.04 1.31 0.337 0.0535908 -0.00485471 -0.528992 0.846919
1243 9.04 1.32 0.336 0.0609867 0.00879999 -0.549558 0.83318
1244 9.04 1.33 0.332 0.0638789 0.0212583 -0.567514 0.820607
1245 9.05 1.33 0.327 0.0674234 0.0390073 -0.582603 0.809015
1246 9.05 1.34 0.322 0.0708462 0.0544846 -0.598228 0.796327
1247 9.05 1.34 0.316 0.0763964 0.0677499 -0.613585 0.782999
1248 9.05 1.35 0.313 0.0818198 0.0753372 -0.630176 0.768445
1249 9.05 1.36 0.31 0.0843002 0.0807469 -0.648858 0.751902
1250 9.04 1.36 0.307 0.0873489 0.082269 -0.668953 0.733555
1251 9.03 1.36 0.306 0.0915129 0.0842738 -0.687345 0.715597
1252 9.02 1.36 0.305 0.0895082 0.0833078 -0.70543 0.698152
1253 9 1.36 0.305 0.089255 0.0793671 -0.719906 0.683718
1254 8.99 1.35 0.303 0.0878348 0.0725989 -0.732671 0.670975
1255 8.97 1.34 0.303 0.086045 0.0652545 -0.744066 0.659321
1256 8.96 1.32 0.306 0.0761073 0.0580594 -0.752789 0.651264
1257 8.95 1.3 0.311 0.0677034 0.0543292 -0.75826 0.646147
1258 8.94 1.27 0.317 0.057517 0.0415666 -0.766216 0.638653
1259 8.93 1.25 0.326 0.0476576 0.0314106 -0.770068 0.635403
1260 8.92 1.22 0.335 0.0340963 0.0252077 -0.771054 0.635356
1261 8.91 1.2 0.343 0.0205999 0.0160447 -0.770961 0.636347
1262 8.9 1.18 0.35 0.00855873 0.000829364 -0.769171 0.638985
1263 8.9 1.16 0.355 -0.0061113 -0.0103481 -0.767196 0.641301
1264 8.9 1.13 0.358 -0.0167166 -0.0146989 -0.764082 0.644735
1265 8.91 1.11 0.359 -0.0222746 -0.0186555 -0.761355 0.647683
1266 8.92 1.07 0.357 -0.0288343 -0.0268354 -0.756116 0.653251
1267 8.94 1.04 0.357 -0.0377066 -0.027992 -0.751972 0.65752
1268 8.96 1.01 0.358 -0.0402017 -0.0268682 -0.748425 0.661455
1269 8.98 0.979 0.358 -0.0473287 -0.025818 -0.742541 0.667627
1270 9 0.949 0.359 -0.0423212 -0.0111893 -0.734282 0.677432
1271 9.02 0.922 0.357 -0.0408057 -0.0132247 -0.726385 0.685948
1272 9.03 0.899 0.355 -0.0334839 -0.00327596 -0.715998 0.697291
1273 9.04 0.878 0.352 -0.0357401 -0.000390854 -0.701788 0.711489
1274 9.04 0.852 0.346 -0.0302776 0.00269587 -0.689605 0.723547
1275 9.04 0.825 0.339 -0.0246277 0.00416303 -0.672918 0.739295
1276 9.04 0.798 0.334 -0.0205869 0.00697873 -0.651641 0.758216
1277 9.03 0.769 0.333 -0.016842 0.0111476 -0.62667 0.779023
1278 9.02 0.739 0.332 -0.0103947 0.011371 -0.603287 0.797375
1279 9.01 0.711 0.33 -0.00494868 0.0122364 -0.579317 0.814995
1280 9.01 0.686 0.326 0.000639444 0.0190664 -0.551725 0.833808
1281 9.01 0.668 0.323 0.00558542 0.0264237 -0.521583 0.852773
1282 9.01 0.651 0.318 0.00949015 0.0308423 -0.491586 0.870231
1283 9.02 0.636 0.313 0.013749 0.0350471 -0.4616 0.886289
1284 9.02 0.624 0.309 0.0210838 0.0384364 -0.433364 0.900152
1285 9.03 0.615 0.304 0.029124 0.0397147 -0.406912 0.912139
1286 9.03 0.605 0.299 0.0388283 0.0372597 -0.393277 0.917844
1287 9.04 0.588 0.295 0.0480038 0.0363315 -0.391678 0.918131
1288 9.05 0.565 0.292 0.0536087 0.0349668 -0.400805 0.913925
1289 9.06 0.537 0.288 0.0533792 0.0287109 -0.422525 0.904322
1290 9.07 0.508 0.286 0.0538625 0.0238808 -0.451823 0.89016
1291 9.08 0.479 0.284 0.0581473 0.019549 -0.485345 0.872168
1292 9.09 0.451 0.282 0.058602 0.0126747 -0.519224 0.852532
1293 9.09 0.423 0.28 0.0576196 0.0211107 -0.558179 0.827448
1294 9.09 0.401 0.278 0.0524086 0.0267995 -0.596152 0.800711
1295 9.08 0.384 0.278 0.051815 0.0276289 -0.626261 0.777399
1296 9.07 0.373 0.275 0.0508331 0.0266601 -0.649588 0.758117
1297 9.06 0.362 0.272 0.0545975 0.0320041 -0.670867 0.738872
1298 9.04 0.35 0.271 0.0566431 0.0362143 -0.685396 0.72506
1299 9.03 0.336 0.27 0.057416 0.0396404 -0.697572 0.71311
1300 9.02 0.318 0.269 0.0589955 0.0400166 -0.708097 0.702507
1301 8.99 0.294 0.267 0.0615141 0.0359377 -0.717923 0.692468
1302 8.97 0.27 0.262 0.0710771 0.0376306 -0.729944 0.678759
1303 8.95 0.249 0.255 0.0765777 0.0366974 -0.743849 0.662931
1304 8.93 0.23 0.247 0.0832283 0.0442114 -0.755611 0.648205
1305 8.91 0.216 0.242 0.091203 0.0535648 -0.768791 0.630692
1306 8.89 0.207 0.239 0.0893947 0.0518695 -0.781059 0.615845
1307 8.88 0.199 0.237 0.093767 0.0517243 -0.794101 0.598278
1308 8.87 0.191 0.238 0.0931177 0.0521355 -0.80803 0.579395
1309 8.87 0.183 0.24 0.0886347 0.0510383 -0.819777 0.563476
1310 8.87 0.17 0.244 0.0798739 0.0454442 -0.830643 0.54917
1311 8.88 0.154 0.25 0.0758716 0.0429245 -0.838726 0.537531
1312 8.9 0.136 0.259 0.0600984 0.0349124 -0.842472 0.534238
1313 8.92 0.113 0.267 0.0451465 0.0235699 -0.842841 0.535747
1314 8.94 0.0877 0.274 0.0302888 0.012297 -0.84049 0.540839
1315 8.96 0.0629 0.278 0.0174229 0.00486815 -0.836011 0.548414
1316 8.99 0.04 0.28 0.00662084 -0.000892913 -0.830134 0.557524
1317 9.01 0.019 0.282 1.78766e-05 -0.0064719 -0.821966 0.5695
1318 9.03 -0.000224 0.284 -0.00465313 -0.00969759 -0.811304 0.584526
1319 9.05 -0.0182 0.284 -0.00608284 -0.0127719 -0.799141 0.600977
1320 9.06 -0.0389 0.284 -0.00768918 -0.0109224 -0.780742 0.624711
1321 9.07 -0.0605 0.282 -0.0133649 -0.00890217 -0.756523 0.65377
1322 9.07 -0.0824 0.276 -0.0129674 -0.00482455 -0.730256 0.683033
1323 9.06 -0.103 0.269 -0.0077784 -0.00442951 -0.703093 0.711041
1324 9.05 -0.124 0.265 0.00109005 0.00207758 -0.671737 0.740786
1325 9.05 -0.14 0.261 0.00685227 0.00305616 -0.636893 0.770916
1326 9.04 -0.15 0.259 0.0116931 0.00422902 -0.59835 0.801138
1327 9.04 -0.153 0.258 0.0185929 -0.00030322 -0.558436 0.829339
1328 9.05 -0.149 0.259 0.0212539 -0.0095996 -0.520065 0.853808
1329 9.06 -0.142 0.259 0.0250948 -0.020834 -0.481486 0.875846
1330 9.07 -0.129 0.258 0.0294481 -0.0273586 -0.444419 0.894917
1331 9.08 -0.111 0.254 0.031614 -0.0272893 -0.409203 0.911487
1332 9.1 -0.09 0.248 0.0348293 -0.0184694 -0.373155 0.926931
1333 9.11 -0.0666 0.239 0.0365655 -0.00598841 -0.338781 0.940135
1334 9.11 -0.0395 0.231 0.0357026 0.00489556 -0.306048 0.951334
1335 9.12 -0.0126 0.224 0.0362484 0.012529 -0.275372 0.960572
1336 9.12 0.0138 0.223 0.035412 0.0263458 -0.245124 0.968487
1337 9.12 0.0415 0.225 0.029731 0.0366477 -0.218397 0.974718
1338 9.13 0.0702 0.225 0.0245377 0.0428982 -0.1924 0.980071
1339 9.13 0.0948 0.223 0.0215486 0.045939 -0.16578 0.984856
1340 9.13 0.117 0.219 0.0197381 0.0534011 -0.144655 0.987843
1341 9.13 0.137 0.213 0.0156157 0.0605714 -0.12824 0.989769
1342 9.13 0.159 0.208 0.0128409 0.0656467 -0.112455 0.991403
1343 9.14 0.18 0.202 0.00833194 0.0660444 -0.0917306 0.993556
1344 9.15 0.203 0.196 0.00658954 0.0693378 -0.0644664 0.995486
1345 9.16 0.228 0.193 0.00733755 0.0748594 -0.0322181 0.996646
1346 9.18 0.257 0.196 0.00602191 0.0701767 0.00635297 0.997496
1347 9.19 0.285 0.202 0.0118393 0.0577734 0.0503149 0.996991
1348 9.2 0.31 0.212 0.0160173 0.0462044 0.0976115 0.994022
1349 9.21 0.329 0.22 0.0224456 0.0304937 0.140395 0.989371
1350 9.21 0.342 0.23 0.030668 0.018956 0.173927 0.984098
1351 9.21 0.347 0.239 0.0343491 0.00290679 0.199961 0.979197
1352 9.2 0.349 0.252 0.0370412 -0.0148895 0.218886 0.974934
1353 9.2 0.348 0.266 0.0402232 -0.0414285 0.232328 0.970922
1354 9.19 0.349 0.279 0.046195 -0.0661399 0.245029 0.966153
1355 9.19 0.355 0.289 0.0499131 -0.0850527 0.264017 0.959463
1356 9.18 0.366 0.296 0.052085 -0.0993757 0.289768 0.950498
1357 9.17 0.383 0.302 0.055594 -0.114561 0.317356 0.939718
1358 9.16 0.406 0.307 0.0576948 -0.124423 0.341687 0.929753
1359 9.16 0.436 0.31 0.0604768 -0.129486 0.362666 0.920896
1360 9.15 0.47 0.307 0.0590429 -0.134129 0.379553 0.913489
1361 9.15 0.508 0.301 0.0512574 -0.133141 0.38971 0.90982
1362 9.15 0.552 0.294 0.0422027 -0.124568 0.394447 0.909458
1363 9.15 0.599 0.287 0.0351627 -0.10877 0.395497 0.911326
1364 9.15 0.648 0.28 0.0286207 -0.0951372 0.39581 0.912943
1365 9.16 0.695 0.271 0.0257634 -0.0785387 0.389696 0.917227
1366 9.17 0.737 0.263 0.0231888 -0.0543874 0.383783 0.921528
1367 9.19 0.775 0.251 0.0232985 -0.0360413 0.374499 0.926234
1368 9.21 0.812 0.239 0.0215384 -0.0162264 0.366639 0.929972
1369 9.23 0.851 0.223 0.0249961 -0.00244709 0.358657 0.933132
1370 9.27 0.894 0.206 0.0270004 0.0149491 0.348162 0.936926
1371 9.3 0.937 0.187 0.0274359 0.0313229 0.332686 0.942118
1372 9.33 0.978 0.175 0.0208197 0.0459693 0.313013 0.948407
1373 9.36 1.02 0.164 0.0241983 0.0381475 0.297268 0.953725
1374 9.39 1.06 0.15 0.0225124 0.03968 0.279383 0.959095
1375 9.42 1.1 0.137 0.0240302 0.0387513 0.256553 0.965454
1376 9.45 1.14 0.123 0.0148884 0.0358377 0.231127 0.972149
1377 9.49 1.17 0.105 0.01304 0.0291234 0.215199 0.976049
1378 9.53 1.2 0.0812 0.00454307 0.013097 0.201919 0.979304
1379 9.57 1.22 0.0518 0.000868965 0.0104459 0.1944 0.980866
1380 9.61 1.24 0.0176 -0.00231076 0.0144268 0.18594 0.982453
1381 9.65 1.26 -0.0213 -0.00379357 0.0199658 0.173878 0.984557
1382 9.7 1.27 -0.0603 -0.00171658 0.0367306 0.163844 0.985801
1383 9.74 1.28 -0.0898 -0.0104258 0.054656 0.152275 0.986771
1384 9.81 1.28 -0.107 -0.0212123 0.0628068 0.140434 0.987868
1385 9.88 1.27 -0.118 -0.0249626 0.06523 0.124933 0.989704
1386 9.96 1.27 -0.124 -0.0189222 0.0711769 0.100536 0.992204
1387 10 1.27 -0.124 -0.0121084 0.0693229 0.0738289 0.994785
1388 10.1 1.26 -0.115 -0.0192355 0.0675131 0.0457579 0.996483
1389 10.2 1.25 -0.0902 -0.0191197 0.0736403 0.0246633 0.996796
1390 10.3 1.24 -0.0562 -0.013005 0.0747612 0.000965593 0.997116
1391 10.3 1.24 -0.0198 -0.00233175 0.0744459 -0.0182648 0.997055
1392 10.4 1.25 0.0214 0.0100031 0.082416 -0.0414659 0.995685
1393 10.4 1.25 0.068 0.0341518 0.0812742 -0.0725034 0.993464
1394 10.5 1.27 0.121 0.0658487 0.0821399 -0.102294 0.989168
1395 10.6 1.29 0.181 0.0786311 0.0804031 -0.126791 0.985534
1396 10.6 1.3 0.247 0.0705063 0.0652347 -0.147345 0.98441
1397 10.7 1.31 0.313 0.0723459 0.0668601 -0.160632 0.982086
1398 10.7 1.31 0.381 0.0689351 0.0777164 -0.168121 0.980277
1399 10.8 1.3 0.449 0.0674035 0.0698929 -0.172002 0.980299
1400 10.8 1.28 0.511 0.0560872 0.0703792 -0.17832 0.979848
1401 10.9 1.25 0.565 0.0523154 0.0739136 -0.190491 0.977504
1402 10.9 1.22 0.607 0.0532118 0.0729701 -0.2068 0.974206
1403 10.9 1.18 0.639 0.0534077 0.0546413 -0.225437 0.971257
1404 11 1.15 0.66 0.0499317 0.0391275 -0.241594 0.968302
1405 11 1.11 0.673 0.0445689 0.0291467 -0.252333 0.966174
1406 11.1 1.07 0.682 0.0508527 0.0286355 -0.262534 0.963156
1407 11.1 1.04 0.691 0.0529561 0.0261882 -0.272569 0.960321
1408 11.1 1.01 0.697 0.0494003 0.0106384 -0.283264 0.95771
1409 11.2 0.975 0.699 0.043468 0.000950062 -0.300106 0.952914
1410 11.2 0.943 0.698 0.0379868 0.00552657 -0.319799 0.946708
1411 11.2 0.913 0.695 0.0327608 0.00393093 -0.344132 0.938341
1412 11.3 0.883 0.695 0.0236313 0.00196655 -0.369113 0.929082
1413 11.3 0.85 0.698 0.0159499 -0.00565753 -0.394268 0.91884
1414 11.4 0.819 0.704 0.0178257 0.00120342 -0.41872 0.90794
1415 11.4 0.788 0.707 0.0159166 -0.00342979 -0.441089 0.897316
1416 11.4 0.755 0.704 0.0176147 -0.00535564 -0.468751 0.883138
1417 11.4 0.721 0.702 0.0237577 0.00116505 -0.493152 0.869618
1418 11.4 0.687 0.703 0.0249002 0.00235 -0.517546 0.85529
1419 11.4 0.645 0.702 0.0226515 -0.00228894 -0.540693 0.840912
1420 11.4 0.593 0.7 0.021371 -0.00578604 -0.557621 0.8298
1421 11.4 0.534 0.699 0.0179887 -0.00861156 -0.572881 0.819396
1422 11.4 0.472 0.698 0.0170644 -0.00267838 -0.589724 0.80742
1423 11.4 0.416 0.699 0.0232606 0.00310388 -0.608096 0.793517
1424 11.4 0.366 0.699 0.0213555 0.00150806 -0.626106 0.779444
1425 11.4 0.319 0.698 0.022746 0.00271454 -0.638182 0.769545
1426 11.4 0.279 0.695 0.0225331 0.00892806 -0.650932 0.758749
1427 11.4 0.241 0.692 0.0182115 0.00719064 -0.668041 0.743867
1428 11.4 0.202 0.689 0.0138862 0.00228926 -0.688755 0.724857
1429 11.4 0.163 0.689 0.0121463 -0.0014946 -0.712024 0.702048
1430 11.4 0.126 0.691 0.0119093 -0.00742875 -0.737764 0.674913
1431 11.4 0.0938 0.693 0.00963443 -0.0119485 -0.761718 0.647727
1432 11.4 0.0664 0.694 0.0110791 -0.00541227 -0.785163 0.619167
1433 11.4 0.0489 0.694 0.0126388 -0.00286234 -0.810662 0.585371
1434 11.4 0.0387 0.69 0.0155122 -0.000732704 -0.833485 0.552323
1435 11.4 0.031 0.685 0.0157301 0.0096377 -0.852827 0.521867
1436 11.4 0.0259 0.681 -0.0167024 -0.0169131 0.869129 -0.494014
1437 11.3 0.0216 0.678 -0.0188691 -0.012514 0.882915 -0.468986
1438 11.3 0.0171 0.678 -0.0153191 -0.0074012 0.894402 -0.44694
1439 11.3 0.014 0.682 -0.0177118 0.00019699 0.905472 -0.424037
1440 11.2 0.00877 0.683 -0.00866183 0.0221776 0.916924 -0.39835
1441 11.2 0.00359 0.685 -0.00129096 0.0269583 0.924843 -0.37939
1442 11.2 0.000795 0.686 0.0116635 0.0295478 0.929369 -0.367783
1443 11.2 -0.00409 0.683 0.0162633 0.0322282 0.933128 -0.357728
1444 11.2 -0.00773 0.681 0.0120642 0.030419 0.940138 -0.33922
1445 11.2 -0.0128 0.679 0.00862275 0.0301238 0.946829 -0.320208
1446 11.2 -0.019 0.679 0.0117524 0.0320576 0.954658 -0.29574
1447 11.2 -0.0274 0.679 0.0233333 0.030638 0.964183 -0.262427
1448 11.2 -0.0406 0.678 0.0384711 0.0281901 0.97487 -0.217609
1449 11.2 -0.0544 0.674 0.0413393 0.028073 0.984338 -0.169059
1450 11.2 -0.0684 0.667 0.0334845 0.0237575 0.991588 -0.122748
1451 11.2 -0.0759 0.66 0.0163931 0.0145966 0.996845 -0.0762732
1452 11.2 -0.0745 0.656 -0.000114146 0.00522554 0.999301 -0.037003
1453 11.2 -0.0678 0.652 -0.0133088 -0.00240759 0.999897 -0.00488941
1454 11.2 -0.0589 0.645 -0.0329517 -0.00819067 0.999143 0.0236826
1455 11.2 -0.0483 0.639 -0.0503443 -0.0131179 0.997384 0.0501847
1456 11.3 -0.036 0.633 -0.0665039 -0.0166493 0.995187 0.0700265
1457 11.3 -0.0223 0.628 -0.0810699 -0.0177452 0.992361 0.0912846
1458 11.3 -0.0077 0.623 -0.096678 -0.0120059 0.988672 0.114175
1459 11.3 0.00675 0.619 -0.105747 -0.00769226 0.984648 0.138659
1460 11.3 0.0203 0.617 -0.112111 -0.00587272 0.980285 0.162597
1461 11.4 0.0354 0.617 -0.109537 -0.0018725 0.976433 0.185946
1462 11.4 0.0501 0.622 -0.104187 0.00643296 0.971931 0.21084
1463 11.4 0.0671 0.631 -0.0882605 0.00995143 0.967199 0.237984
1464 11.4 0.0834 0.642 -0.0683458 0.0121206 0.962966 0.260535
1465 11.4 0.0956 0.655 -0.0451513 0.0115382 0.958453 0.281417
1466 11.5 0.102 0.669 -0.0188089 0.00792192 0.953099 0.301971
1467 11.5 0.104 0.682 0.00476048 0.00395056 0.947984 0.318257
1468 11.5 0.108 0.694 0.0235159 0.000509874 0.943233 0.331299
1469 11.5 0.117 0.706 0.0450602 -0.00323127 0.937805 0.344211
1470 11.5 0.131 0.716 0.0620571 -0.000994039 0.930218 0.361723
1471 11.6 0.146 0.721 0.0714587 0.00512497 0.919795 0.385804
1472 11.6 0.164 0.724 0.07679 0.00709475 0.909049 0.409491
1473 11.6 0.185 0.725 0.0788548 0.00225432 0.896649 0.435658
1474 11.6 0.208 0.725 0.0783812 -0.00544635 0.881732 0.465162
1475 11.6 0.232 0.722 0.0729839 -0.010007 0.867035 0.492771
1476 11.6 0.251 0.716 0.0693795 -0.0104211 0.851621 0.519441
1477 11.5 0.267 0.713 0.062754 -0.0107666 0.83696 0.543548
1478 11.5 0.279 0.713 0.0588904 -0.0134368 0.823695 0.563806
1479 11.5 0.289 0.713 0.0536453 -0.0106437 0.813007 0.57968
1480 11.5 0.295 0.715 0.0463182 -0.0100893 0.802978 0.59412
1481 11.5 0.301 0.714 0.0375672 -0.00929916 0.79348 0.607364
1482 11.5 0.309 0.711 0.0256086 -0.00461101 0.785602 0.618184
1483 11.5 0.319 0.707 0.0131372 0.00169913 0.777118 0.629215
1484 11.4 0.33 0.702 0.0025935 0.00952387 0.768041 0.640324
1485 11.4 0.341 0.698 -0.00936449 0.0199155 0.759818 0.649763
1486 11.4 0.35 0.694 -0.0170724 0.0260167 0.750148 0.660537
1487 11.4 0.361 0.687 -0.0291972 0.0328725 0.740726 0.670367
1488 11.4 0.374 0.677 -0.0451452 0.0436594 0.733607 0.676666
1489 11.4 0.391 0.667 -0.0549675 0.0528904 0.7239 0.685675
1490 11.5 0.412 0.661 -0.0582183 0.0626501 0.714475 0.694414
1491 11.5 0.436 0.658 -0.0555838 0.0697612 0.703312 0.705263
1492 11.5 0.464 0.658 -0.0463533 0.0707388 0.690305 0.718559
1493 11.5 0.495 0.661 -0.0399059 0.0737757 0.678457 0.729836
1494 11.5 0.525 0.667 -0.0306355 0.0765484 0.663962 0.743207
1495 11.5 0.554 0.676 -0.0171716 0.0792742 0.650229 0.755396
1496 11.5 0.581 0.685 -0.00340886 0.0715493 0.639313 0.765603
1497 11.6 0.601 0.694 0.00897464 0.0590431 0.626386 0.777222
1498 11.6 0.614 0.7 0.0187973 0.0441292 0.614739 0.78727
1499 11.6 0.623 0.707 0.0231753 0.0335301 0.604902 0.795256
1500 11.6 0.633 0.715 0.0288015 0.0184731 0.590374 0.806404
1501 11.6 0.644 0.723 0.037013 0.00078515 0.573272 0.818529
1502 11.6 0.655 0.729 0.0453057 -0.015791 0.553633 0.831377
1503 11.6 0.665 0.735 0.0534503 -0.0300808 0.529652 0.845994
1504 11.6 0.675 0.739 0.062524 -0.0416589 0.501655 0.861799
1505 11.6 0.687 0.74 0.0632066 -0.04558 0.473637 0.877266
1506 11.6 0.694 0.738 0.0614706 -0.0481806 0.451688 0.888751
1507 11.6 0.694 0.732 0.0586728 -0.0485504 0.428828 0.900171
1508 11.6 0.689 0.723 0.0537129 -0.0442039 0.40574 0.911338
1509 11.6 0.681 0.716 0.0488022 -0.0317633 0.381387 0.92258
1510 11.6 0.668 0.712 0.0457613 -0.0262786 0.354755 0.933469
1511 11.6 0.651 0.71 0.0426184 -0.0268517 0.325711 0.944127
1512 11.6 0.636 0.706 0.0384832 -0.0227556 0.295017 0.954446
1513 11.5 0.622 0.701 0.0316031 -0.0157999 0.262959 0.96416
1514 11.5 0.608 0.698 0.026764 -0.0155422 0.235671 0.97134
1515 11.5 0.596 0.697 0.0255308 -0.00951086 0.217919 0.975586
1516 11.5 0.584 0.699 0.02205 -0.00548745 0.200011 0.97953
1517 11.5 0.569 0.701 0.0241574 -0.00750504 0.185332 0.98235
1518 11.5 0.556 0.705 0.0306913 -0.0102679 0.171318 0.984684
1519 11.5 0.54 0.705 0.0342382 -0.00824759 0.160454 0.986415
1520 11.5 0.52 0.704 0.0375441 -0.00513006 0.151772 0.987689
1521 11.5 0.499 0.704 0.0386311 -0.00111636 0.142741 0.989005
1522 11.5 0.475 0.704 0.0371037 0.00208427 0.13176 0.990585
1523 11.5 0.452 0.702 0.0379668 0.00556119 0.12088 0.991925
1524 11.5 0.427 0.697 0.0367449 0.0137479 0.111001 0.993046
1525 11.5 0.401 0.69 0.0340972 0.0232441 0.0998196 0.994149
1526 11.5 0.377 0.681 0.0305312 0.0436078 0.0872854 0.99476
1527 11.5 0.353 0.674 0.0258652 0.0589811 0.0745573 0.995135
1528 11.5 0.328 0.671 0.0269334 0.0635558 0.0617806 0.9957
1529 11.5 0.304 0.667 0.0259636 0.0708236 0.049644 0.995914
1530 11.5 0.279 0.662 0.0267831 0.0799373 0.0363023 0.995779
1531 11.5 0.254 0.657 0.0321918 0.0893068 0.0222609 0.995235
1532 11.5 0.229 0.652 0.0354639 0.0946605 0.00696466 0.994853
1533 11.4 0.206 0.645 0.0390504 0.102092 -0.00947915 0.993963
1534 11.4 0.187 0.638 0.0457128 0.113041 -0.0253218 0.992215
1535 11.4 0.169 0.635 0.0510587 0.118709 -0.0430421 0.990681
1536 11.4 0.15 0.635 0.0589977 0.1202 -0.06335 0.988968
1537 11.4 0.132 0.638 0.0648777 0.11859 -0.0855456 0.987122
1538 11.4 0.115 0.643 0.0748764 0.113322 -0.107099 0.984927
1539 11.4 0.0993 0.648 0.0811127 0.106535 -0.127871 0.982711
1540 11.4 0.085 0.654 0.0840132 0.0957415 -0.145118 0.981181
1541 11.4 0.0742 0.66 0.0856508 0.0818208 -0.158351 0.980252
1542 11.4 0.0694 0.666 0.0854345 0.0654637 -0.167603 0.979962
1543 11.4 0.0692 0.672 0.08263 0.0476167 -0.173052 0.980285
1544 11.4 0.0712 0.68 0.0796052 0.0339296 -0.1774 0.980327
1545 11.4 0.0753 0.688 0.0749563 0.0174026 -0.180046 0.980644
1546 11.4 0.0811 0.695 0.0702562 -0.00450064 -0.181983 0.980778
1547 11.4 0.0904 0.702 0.0648867 -0.0259383 -0.182635 0.980694
1548 11.4 0.101 0.705 0.0556919 -0.0435408 -0.181725 0.980805
1549 11.4 0.111 0.705 0.046537 -0.0555867 -0.180139 0.980966
1550 11.4 0.123 0.705 0.0369675 -0.06199 -0.174183 0.982065
1551 11.4 0.137 0.704 0.0255491 -0.0676426 -0.163478 0.983894
1552 11.5 0.151 0.704 0.0153043 -0.0712862 -0.15094 0.985851
1553 11.5 0.169 0.702 0.00404658 -0.071395 -0.134933 0.988271
1554 11.5 0.189 0.7 -0.00581205 -0.0696281 -0.11562 0.990833
1555 11.6 0.208 0.695 -0.0110434 -0.0651432 -0.0977363 0.993017
1556 11.6 0.226 0.693 -0.014131 -0.0544032 -0.081527 0.995085
1557 11.6 0.24 0.693 -0.0167983 -0.0460282 -0.0654103 0.996655
1558 11.7 0.253 0.69 -0.017357 -0.040172 -0.0539988 0.997582
1559 11.7 0.263 0.683 -0.0148727 -0.0310687 -0.04315 0.998475
1560 11.7 0.266 0.672 -0.0143146 -0.0099261 -0.0340645 0.999268
1561 11.8 0.265 0.659 -0.0140564 0.0115741 -0.0249307 0.999523
1562 11.8 0.258 0.645 -0.012504 0.0267872 -0.0196431 0.99937
1563 11.8 0.245 0.629 -0.0151462 0.0382967 -0.0121848 0.999077
1564 11.9 0.225 0.613 -0.0177376 0.0492897 0.00205055 0.998625
1565 11.9 0.2 0.598 -0.019592 0.0557746 0.0154744 0.998131
1566 12 0.179 0.581 -0.0166645 0.0711251 0.023746 0.997045
1567 12 0.163 0.561 -0.0159694 0.0776591 0.0343063 0.996262
1568 12.1 0.155 0.535 -0.0136519 0.0758923 0.0392646 0.996249
1569 12.2 0.155 0.504 -0.00983548 0.0782175 0.041142 0.996038
1570 12.2 0.162 0.466 -0.00858792 0.0707021 0.0452118 0.996435
1571 12.3 0.17 0.422 -0.00261435 0.0527536 0.052307 0.997233
1572 12.4 0.179 0.377 0.00181705 0.0353083 0.0575936 0.997714
1573 12.4 0.183 0.326 0.00750581 0.019109 0.0637876 0.997752
1574 12.5 0.182 0.267 0.0159193 0.00978937 0.0704995 0.997337
1575 12.6 0.184 0.205 0.020406 0.0114851 0.0763966 0.996803
1576 12.6 0.184 0.139 0.0144022 0.0141459 0.0828156 0.99636
1577 12.7 0.179 0.0723 0.0119179 0.0200401 0.0889306 0.995765
1578 12.8 0.17 0.0134 0.0121933 0.0220486 0.0974561 0.994921
1579 12.8 0.166 -0.0325 0.0120196 0.0226804 0.0971189 0.994942
1580 12.9 0.16 -0.0643 0.0149726 0.0257931 0.0867217 0.995786
1581 12.9 0.149 -0.0799 0.0303586 0.0357012 0.0761867 0.995992
1582 13 0.143 -0.0787 0.0441166 0.0376388 0.0555699 0.996769
1583 13 0.144 -0.0757 0.0649025 0.0480195 0.0323545 0.99621
1584 13 0.143 -0.0782 0.0857352 0.0599625 0.0186467 0.994337
1585 13.1 0.143 -0.0882 0.0930677 0.0557319 0.00410835 0.99409
1586 13.1 0.14 -0.103 0.092056 0.0426933 -0.0144991 0.994733
1587 13.2 0.139 -0.123 0.0860245 0.0331105 -0.037864 0.995023
1588 13.2 0.137 -0.141 0.079025 0.0349616 -0.0541812 0.994785
1589 13.3 0.136 -0.15 0.0639192 0.0373746 -0.065128 0.995126
1590 13.3 0.138 -0.154 0.0505644 0.0422388 -0.076559 0.994886
1591 13.3 0.14 -0.151 0.040609 0.0425637 -0.0932203 0.993906
1592 13.4 0.142 -0.149 0.0290829 0.0407691 -0.0988787 0.993839
1593 13.4 0.144 -0.145 0.0217934 0.051769 -0.0994234 0.993459
1594 13.5 0.152 -0.14 0.00684784 0.050762 -0.0948687 0.994171
1595 13.5 0.17 -0.131 0.000383353 0.0475959 -0.0855013 0.9952
1596 13.5 0.196 -0.12 0.00263941 0.0462531 -0.08 0.995718
1597 13.6 0.222 -0.107 0.00660175 0.0504702 -0.0716564 0.99613
1598 13.6 0.245 -0.0845 -0.0100466 0.057956 -0.0545879 0.996775
1599 13.6 0.26 -0.0592 -0.0217629 0.046413 -0.0360178 0.998036
1600 13.6 0.271 -0.0373 -0.0216613 0.037199 -0.0323893 0.998548
1601 13.6 0.281 -0.0232 -0.000640203 0.0310567 -0.0207808 0.999301
1602 13.6 0.285 -0.0211 0.0268 0.0320373 -0.00640355 0.999107
1603 13.7 0.287 -0.023 0.0361425 0.041004 0.00474733 0.998494
1604 13.7 0.28 -0.0211 0.0241309 0.043098 0.0210644 0.998557
1605 13.7 0.262 -0.0103 0.0108683 0.0466189 0.0433225 0.997914
1606 13.7 0.235 0.00928 0.015148 0.0496514 0.0607442 0.996803
1607 13.7 0.205 0.0403 0.0286895 0.0556317 0.0725419 0.995399
1608 13.7 0.173 0.0801 0.0397824 0.0486611 0.0790835 0.994885
1609 13.7 0.147 0.113 0.0183203 0.0293877 0.0728931 0.996738
1610 13.8 0.127 0.135 0.00286443 0.0164057 0.0784206 0.996781
1611 13.8 0.116 0.154 0.00812801 0.00408784 0.0875375 0.99612
1612 13.8 0.12 0.174 0.0113548 0.00286028 0.0947302 0.995434
1613 13.9 0.133 0.19 0.00926191 -0.000371844 0.118584 0.992901
1614 13.9 0.147 0.196 0.0132003 -0.0120445 0.148643 0.98873
1615 13.9 0.158 0.201 0.0177191 -0.0109909 0.179243 0.983584
1616 13.9 0.163 0.21 0.0153243 -0.0137059 0.214514 0.976505
1617 14 0.163 0.218 0.0122896 -0.010741 0.243833 0.96968
1618 14 0.155 0.228 0.0177484 -0.00976249 0.275103 0.961201
1619 14 0.141 0.233 0.0226148 -0.0186246 0.311736 0.949717
1620 14 0.121 0.231 0.026218 -0.0214484 0.351124 0.935716
1621 14 0.0933 0.228 0.0284347 -0.0158904 0.391309 0.919683
1622 14 0.06 0.222 0.0250349 -0.0152929 0.424659 0.904878
1623 14 0.0297 0.217 0.0260572 -0.0174056 0.458948 0.88791
1624 14 0.00755 0.216 0.0275089 -0.0164188 0.488891 0.871757
1625 14 -0.00736 0.224 0.0308307 -0.0136303 0.518974 0.854125
1626 13.9 -0.0171 0.238 0.0375335 -0.0165438 0.541057 0.839985
1627 13.9 -0.0257 0.253 0.0428985 -0.0231768 0.565191 0.823518
1628 13.9 -0.0336 0.261 0.0472058 -0.0230754 0.590069 0.805641
1629 13.9 -0.0447 0.265 0.0490273 -0.018725 0.609992 0.790668
1630 13.8 -0.0574 0.264 0.048905 -0.0189538 0.629705 0.775062
1631 13.8 -0.0725 0.261 0.0441036 -0.0180231 0.65039 0.758105
1632 13.8 -0.0901 0.254 0.0404952 -0.0200899 0.669416 0.741511
1633 13.8 -0.109 0.243 0.0388546 -0.0178388 0.6871 0.725304
1634 13.8 -0.128 0.231 0.0310756 -0.0106812 0.703242 0.710191
1635 13.8 -0.147 0.219 0.0207983 0.00236374 0.718002 0.695726
1636 13.8 -0.17 0.212 0.012268 0.0125197 0.728942 0.684351
1637 13.8 -0.188 0.205 0.00215362 0.018104 0.736104 0.676623
1638 13.8 -0.199 0.2 -0.00758465 0.0300728 0.74285 0.668739
1639 13.7 -0.205 0.196 -0.0166897 0.0397681 0.746899 0.663537
1640 13.7 -0.209 0.193 -0.0260208 0.0443727 0.754194 0.654634
1641 13.7 -0.211 0.192 -0.0338851 0.0462948 0.763225 0.643581
1642 13.7 -0.209 0.192 -0.0367918 0.0462509 0.772543 0.632206
1643 13.7 -0.204 0.191 -0.0393509 0.0429112 0.781502 0.62118
1644 13.7 -0.191 0.189 -0.0399001 0.0407643 0.79063 0.609632
1645 13.7 -0.174 0.188 -0.0384834 0.0376512 0.798867 0.599093
1646 13.7 -0.153 0.191 -0.033398 0.0333123 0.805093 0.591269
1647 13.7 -0.124 0.198 -0.0252818 0.0250166 0.80913 0.586552
1648 13.7 -0.0895 0.207 -0.0106103 0.0111516 0.809516 0.586896
1649 13.7 -0.0521 0.215 0.00296977 0.00251981 0.805956 0.591963
1650 13.7 -0.0197 0.224 0.010488 -0.00307756 0.800872 0.598736
1651 13.7 0.00782 0.232 0.0107213 -0.00425817 0.794128 0.607641
1652 13.7 0.0332 0.237 0.0169404 -0.00459818 0.786472 0.617376
1653 13.7 0.0568 0.241 0.0194616 -0.000184782 0.774891 0.631795
1654 13.7 0.0828 0.243 0.0204438 0.00186614 0.758797 0.651003
1655 13.7 0.113 0.245 0.0231681 0.000536363 0.741589 0.670454
1656 13.7 0.145 0.248 0.026694 -0.00713145 0.721231 0.692144
1657 13.7 0.184 0.254 0.0247325 -0.00816772 0.70141 0.712282
1658 13.7 0.224 0.257 0.026968 -0.0176475 0.687711 0.725269
1659 13.7 0.257 0.258 0.0209904 -0.0171622 0.674382 0.737884
1660 13.7 0.283 0.258 0.017408 -0.0127336 0.665847 0.745776
1661 13.7 0.308 0.255 0.0150823 -0.00847236 0.660631 0.750512
1662 13.7 0.339 0.252 0.0107802 -0.00119743 0.661022 0.750288
1663 13.7 0.379 0.249 0.00414554 0.0104448 0.663734 0.747885
1664 13.7 0.424 0.249 0.00226551 0.0165425 0.670965 0.741301
1665 13.7 0.471 0.252 0.00654072 0.0184953 0.681036 0.731987
1666 13.7 0.515 0.258 0.00916324 0.0208131 0.691731 0.721797
1667 13.8 0.559 0.262 0.0111831 0.0278172 0.70379 0.709775
1668 13.8 0.593 0.265 0.0107712 0.0305101 0.715157 0.698214
1669 13.8 0.627 0.267 0.0121139 0.0297033 0.722664 0.690455
1670 13.8 0.663 0.27 0.0162047 0.02895 0.721477 0.691643
1671 13.8 0.704 0.273 0.0188326 0.019833 0.716934 0.696604
1672 13.8 0.75 0.275 0.0245662 0.00425143 0.705642 0.70813
1673 13.8 0.804 0.276 0.0329869 -0.0121047 0.689287 0.723635
1674 13.8 0.863 0.279 0.0384264 -0.0233957 0.670636 0.740421
1675 13.7 0.919 0.284 0.0375365 -0.0268729 0.653779 0.755276
1676 13.7 0.966 0.294 0.0348026 -0.0227803 0.632188 0.773698
1677 13.7 1.01 0.299 0.0353593 -0.0286972 0.611964 0.789573
1678 13.7 1.05 0.303 0.0216366 -0.0256088 0.603329 0.796787
1679 13.7 1.08 0.302 0.0196009 -0.0242593 0.591925 0.805389
1680 13.7 1.12 0.298 0.0238392 -0.0172852 0.579007 0.814791
1681 13.8 1.16 0.29 0.0310891 -0.00536058 0.562341 0.826304
1682 13.8 1.2 0.281 0.0401054 0.00409883 0.541565 0.839692
1683 13.8 1.24 0.278 0.0350508 0.0279816 0.516991 0.854815
1684 13.8 1.27 0.279 0.0391984 0.0354366 0.488718 0.87084
1685 13.8 1.29 0.279 0.0426074 0.0374745 0.462064 0.88503
1686 13.9 1.3 0.279 0.0449134 0.0435642 0.433545 0.898957
1687 13.9 1.32 0.275 0.0452065 0.0470198 0.405378 0.911819
1688 13.9 1.33 0.268 0.0406466 0.0461047 0.371856 0.926253
1689 13.9 1.35 0.264 0.0369464 0.0416314 0.33189 0.941674
1690 13.9 1.37 0.262 0.0362287 0.0364342 0.285739 0.956929
1691 13.9 1.4 0.261 0.042204 0.0348481 0.235846 0.970248
1692 13.9 1.43 0.266 0.0438038 0.0414889 0.188372 0.980243
1693 13.9 1.46 0.269 0.0503233 0.0430906 0.147762 0.986801
1694 13.9 1.48 0.271 0.0562673 0.0485473 0.107717 0.9914
1695 13.9 1.49 0.272 0.0562119 0.051784 0.0650558 0.99495
1696 13.9 1.49 0.274 0.0539765 0.0593348 0.0279671 0.996385
1697 13.9 1.49 0.273 0.0534836 0.0585254 0.000868762 0.996852
1698 13.8 1.48 0.272 0.0542646 0.0548328 -0.0207475 0.996804
1699 13.8 1.47 0.271 0.0536297 0.0551399 -0.0398364 0.996241
1700 13.8 1.46 0.271 0.054876 0.0532955 -0.0568193 0.99545
1701 13.8 1.45 0.27 0.0515135 0.0552805 -0.0868057 0.993356
1702 13.8 1.44 0.272 0.0509059 0.0556801 -0.120737 0.989814
1703 13.8 1.44 0.274 0.0500585 0.0460555 -0.160795 0.984641
1704 13.8 1.44 0.275 0.0523834 0.0461739 -0.201669 0.976961
1705 13.8 1.43 0.275 0.0584699 0.0455161 -0.237302 0.968606
1706 13.8 1.43 0.273 0.0595201 0.0417129 -0.275671 0.9585
1707 13.8 1.43 0.271 0.0626805 0.043429 -0.312521 0.946845
1708 13.8 1.42 0.27 0.0649237 0.043369 -0.35311 0.932318
1709 13.8 1.42 0.269 0.0644844 0.0443074 -0.394918 0.915379
1710 13.8 1.42 0.269 0.0631464 0.0460257 -0.432926 0.898036
1711 13.8 1.42 0.267 0.0598301 0.0466963 -0.46817 0.880373
1712 13.7 1.43 0.269 0.0566714 0.0485903 -0.499593 0.863038
1713 13.7 1.43 0.272 0.0559827 0.0479613 -0.529113 0.845343
1714 13.7 1.42 0.275 0.0554431 0.0494487 -0.554755 0.828691
1715 13.7 1.41 0.276 0.0562865 0.0524131 -0.579239 0.811521
1716 13.7 1.4 0.272 0.0575348 0.0576727 -0.601052 0.795047
1717 13.7 1.37 0.267 0.0620932 0.0661886 -0.615994 0.782505
1718 13.7 1.34 0.262 0.0656664 0.0739783 -0.627265 0.772498
1719 13.7 1.31 0.257 0.0748853 0.0832428 -0.634554 0.764725
1720 13.7 1.27 0.251 0.0800548 0.0860856 -0.642124 0.757534
1721 13.7 1.23 0.245 0.0832577 0.0901026 -0.643824 0.755275
1722 13.7 1.19 0.241 0.0880296 0.101867 -0.641124 0.755535
1723 13.7 1.15 0.242 0.0858492 0.11505 -0.633885 0.759989
1724 13.7 1.11 0.24 0.082102 0.117209 -0.624737 0.76761
1725 13.7 1.08 0.238 0.0839066 0.121504 -0.615792 0.773948
1726 13.7 1.04 0.234 0.0806473 0.119438 -0.608734 0.780176
1727 13.7 1 0.229 0.0786092 0.119041 -0.603379 0.784591
1728 13.7 0.96 0.226 0.0679353 0.112769 -0.602296 0.787342
1729 13.7 0.913 0.227 0.0596264 0.106692 -0.60583 0.78615
1730 13.7 0.865 0.233 0.0558083 0.102453 -0.608782 0.784712
1731 13.8 0.822 0.238 0.0486795 0.0889885 -0.616947 0.780441
1732 13.8 0.787 0.245 0.040197 0.0759844 -0.627458 0.773891
1733 13.8 0.756 0.253 0.0382436 0.0685999 -0.63788 0.76612
1734 13.8 0.729 0.261 0.0284919 0.0549394 -0.646511 0.76039
1735 13.8 0.705 0.267 0.019033 0.0383261 -0.655755 0.75376
1736 13.8 0.679 0.268 0.0123013 0.0249952 -0.661295 0.749609
1737 13.8 0.651 0.267 0.00762592 0.0152286 -0.666252 0.745532
1738 13.8 0.619 0.265 0.00300744 0.00321421 -0.671504 0.740988
1739 13.8 0.581 0.262 -0.00116766 -0.0134482 -0.673272 0.739272
1740 13.8 0.538 0.26 -0.00066145 -0.0235829 -0.677224 0.735399
1741 13.8 0.495 0.258 0.000506105 -0.0266446 -0.684867 0.72818
1742 13.7 0.456 0.255 -0.00432358 -0.030578 -0.692362 0.720889
1743 13.7 0.422 0.253 -0.00563781 -0.0312 -0.698002 0.715393
1744 13.7 0.396 0.252 -0.0028541 -0.0341266 -0.700279 0.713048
1745 13.7 0.377 0.25 1.98521e-05 -0.0326895 -0.706828 0.706629
1746 13.7 0.36 0.247 0.00301913 -0.0309253 -0.718197 0.695146
1747 13.7 0.34 0.241 0.0110728 -0.0248588 -0.730886 0.681957
1748 13.7 0.32 0.234 0.0198285 -0.0147351 -0.744986 0.666622
1749 13.7 0.299 0.231 0.0225104 -0.00480612 -0.76178 0.647427
1750 13.7 0.276 0.231 0.0216761 0.00186284 -0.778671 0.627055
1751 13.7 0.25 0.231 0.0195151 0.0097113 -0.790457 0.61213
1752 13.7 0.224 0.227 0.015504 0.0187462 -0.80067 0.598611
1753 13.7 0.2 0.22 0.0245725 0.028966 -0.811027 0.583775
1754 13.7 0.177 0.212 0.0333138 0.0427273 -0.816589 0.574671
1755 13.7 0.154 0.204 0.0421402 0.0573888 -0.818296 0.570371
1756 13.7 0.134 0.196 0.055632 0.0668183 -0.817674 0.569078
1757 13.7 0.117 0.19 0.0592711 0.0728903 -0.814258 0.57285
1758 13.7 0.0955 0.186 0.0631277 0.0790321 -0.804983 0.584612
1759 13.7 0.0734 0.182 0.0663931 0.0813292 -0.788422 0.606109
1760 13.7 0.0523 0.178 0.0665512 0.0798428 -0.768391 0.631483
1761 13.7 0.0351 0.179 0.0702684 0.0828552 -0.743712 0.659613
1762 13.7 0.0188 0.182 0.0684005 0.0834042 -0.716633 0.689059
1763 13.7 0.0024 0.186 0.0698011 0.0877261 -0.693006 0.712162
1764 13.7 -0.00904 0.189 0.066092 0.0854698 -0.66954 0.734876
1765 13.7 -0.0159 0.189 0.0662424 0.0822001 -0.646841 0.755283
1766 13.7 -0.0166 0.185 0.0691505 0.0799039 -0.623122 0.774953
1767 13.7 -0.0106 0.175 0.0752843 0.0800747 -0.599108 0.793089
1768 13.7 -0.0004 0.163 0.088046 0.083078 -0.57789 0.807087
1769 13.7 0.0156 0.154 0.10133 0.0853321 -0.55588 0.820639
1770 13.7 0.0352 0.15 0.105206 0.084487 -0.540035 0.830756
1771 13.7 0.0606 0.153 0.108578 0.0890937 -0.53666 0.832027
1772 13.7 0.088 0.164 0.098792 0.0791161 -0.543305 0.82994
1773 13.8 0.119 0.175 0.0847704 0.0638061 -0.555806 0.824513
1774 13.8 0.157 0.181 0.0768425 0.0593923 -0.569693 0.816099
1775 13.8 0.201 0.184 0.0685344 0.0508648 -0.585797 0.805952
1776 13.8 0.244 0.184 0.0560094 0.0581115 -0.603975 0.792906
1777 13.8 0.284 0.185 0.0504386 0.0728317 -0.620383 0.779279
1778 13.8 0.319 0.191 0.0480299 0.0754156 -0.629006 0.772241
1779 13.8 0.347 0.198 0.0391573 0.0739955 -0.63084 0.771383
1780 13.8 0.374 0.201 0.0334166 0.0754499 -0.625981 0.77546
1781 13.8 0.408 0.204 0.0336033 0.0757223 -0.616181 0.783236
1782 13.8 0.45 0.206 0.0334072 0.0675219 -0.603804 0.793565
1783 13.8 0.499 0.204 0.0344947 0.0611944 -0.589636 0.804608
1784 13.8 0.55 0.201 0.0376147 0.0632475 -0.576422 0.813832
1785 13.8 0.6 0.2 0.0446547 0.0591864 -0.5649 0.821822
1786 13.8 0.643 0.2 0.0587762 0.0657584 -0.56089 0.823179
1787 13.8 0.68 0.208 0.0598458 0.0670235 -0.566701 0.819009
1788 13.8 0.709 0.216 0.0540015 0.0608313 -0.576767 0.812849
1789 13.8 0.734 0.221 0.0542087 0.0653886 -0.600244 0.795294
1790 13.7 0.763 0.224 0.0538329 0.0648888 -0.629732 0.772223
1791 13.7 0.798 0.226 0.0542355 0.0617437 -0.658252 0.748299
1792 13.7 0.839 0.228 0.055767 0.0633402 -0.685327 0.72333
1793 13.7 0.882 0.228 0.0581817 0.0610232 -0.709845 0.699293
1794 13.7 0.924 0.228 0.0606712 0.0590627 -0.733704 0.674173
1795 13.7 0.962 0.227 0.0619265 0.0547048 -0.753803 0.651885
1796 13.7 0.994 0.226 0.0691348 0.0545618 -0.771885 0.629632
1797 13.7 1.02 0.226 0.0734525 0.0577483 -0.784893 0.612546
1798 13.7 1.04 0.224 0.0704747 0.0632653 -0.792858 0.602003
1799 13.7 1.06 0.219 0.074161 0.0700588 -0.796109 0.596492
1800 13.6 1.08 0.214 0.0778407 0.0753692 -0.795476 0.59622
1801 13.6 1.1 0.207 0.0866357 0.0836881 -0.789232 0.602165
1802 13.6 1.12 0.202 0.0960622 0.0868776 -0.778687 0.613898
1803 13.6 1.14 0.198 0.10818 0.0925383 -0.761801 0.631975
1804 13.6 1.17 0.195 0.111893 0.100861 -0.740067 0.655445
1805 13.5 1.19 0.189 0.115659 0.111298 -0.714531 0.680942
1806 13.5 1.21 0.182 0.123531 0.127607 -0.691797 0.699909
1807 13.5 1.23 0.181 0.124658 0.137276 -0.669814 0.719003
1808 13.6 1.25 0.178 0.124179 0.143807 -0.650993 0.73492
1809 13.6 1.27 0.174 0.125907 0.151333 -0.63133 0.750112
1810 13.6 1.3 0.169 0.123945 0.160072 -0.610058 0.766057
1811 13.6 1.33 0.161 0.122654 0.165188 -0.589899 0.780826
1812 13.6 1.36 0.152 0.123798 0.172409 -0.570034 0.793732
1813 13.6 1.4 0.145 0.124744 0.179504 -0.546823 0.808209
1814 13.6 1.45 0.141 0.124009 0.192173 -0.517497 0.824553
1815 13.6 1.49 0.141 0.118697 0.193692 -0.485978 0.843931
1816 13.6 1.52 0.141 0.117284 0.196019 -0.455262 0.860556
1817 13.6 1.55 0.143 0.112663 0.192167 -0.421239 0.879168
1818 13.7 1.57 0.144 0.105446 0.186615 -0.387539 0.896588
1819 13.7 1.57 0.14 0.097399 0.180019 -0.357409 0.911244
1820 13.7 1.57 0.135 0.0953763 0.177606 -0.331728 0.921584
1821 13.8 1.56 0.127 0.090834 0.169603 -0.307752 0.931812
1822 13.8 1.53 0.122 0.0908889 0.164887 -0.286607 0.939366
1823 13.8 1.5 0.119 0.0913658 0.156129 -0.271399 0.945314
1824 13.9 1.47 0.121 0.0897435 0.149147 -0.257041 0.950595
1825 13.9 1.44 0.126 0.0771489 0.137734 -0.245534 0.956447
1826 14 1.42 0.13 0.0681434 0.12676 -0.231003 0.96225
1827 14 1.4 0.133 0.062647 0.117218 -0.217063 0.967067
1828 14 1.39 0.139 0.0593749 0.10669 -0.211426 0.969737
1829 14.1 1.38 0.145 0.0559869 0.096972 -0.210042 0.971259
1830 14.1 1.37 0.145 0.0424186 0.0841057 -0.216662 0.971691
1831 14.1 1.36 0.134 0.037245 0.0766509 -0.22624 0.970336
1832 14.1 1.36 0.111 0.0423953 0.0709146 -0.232244 0.969142
1833 14.2 1.36 0.0854 0.0540563 0.0571528 -0.230821 0.969811
1834 14.2 1.36 0.0635 0.0556475 0.0576138 -0.228847 0.970161
1835 14.2 1.37 0.0472 0.058301 0.0420037 -0.227465 0.971132
1836 14.3 1.37 0.0222 0.0559777 0.0309548 -0.222348 0.972867
1837 14.3 1.38 -0.0127 0.0549573 0.0344143 -0.214365 0.974599
1838 14.3 1.39 -0.0477 0.0556139 0.0275935 -0.212553 0.975175
1839 14.4 1.39 -0.0835 0.0583873 0.0125895 -0.216708 0.974408
1840 14.4 1.39 -0.119 0.0611266 0.0196686 -0.218043 0.973824
1841 14.5 1.39 -0.15 0.060853 0.0321158 -0.216701 0.97381
1842 14.5 1.39 -0.175 0.0600513 0.0465537 -0.212371 0.97423
1843 14.6 1.4 -0.192 0.0608939 0.0597042 -0.204793 0.975083
1844 14.6 1.4 -0.198 0.0622988 0.0712291 -0.195357 0.976156
1845 14.7 1.41 -0.197 0.0605464 0.0732947 -0.184359 0.97825
1846 14.7 1.42 -0.189 0.0583797 0.076263 -0.168983 0.980928
1847 14.8 1.43 -0.176 0.0532808 0.0813689 -0.15264 0.983484
1848 14.8 1.43 -0.154 0.0489769 0.0826061 -0.14076 0.985375
1849 14.9 1.43 -0.124 0.0430786 0.0856134 -0.135745 0.986097
1850 14.9 1.41 -0.0898 0.0416932 0.091043 -0.128236 0.986675
1851 14.9 1.39 -0.0542 0.0389199 0.0846969 -0.12647 0.987581
1852 15 1.36 -0.0144 0.0263251 0.0882478 -0.12747 0.987558
1853 15 1.33 0.0315 0.0171543 0.0833693 -0.127603 0.988166
1854 15.1 1.3 0.0743 0.0167782 0.0797476 -0.124188 0.988907
1855 15.1 1.27 0.11 0.0234019 0.0839746 -0.127114 0.98805
1856 15.2 1.23 0.143 0.0373914 0.0768114 -0.137809 0.986768
1857 15.2 1.18 0.181 0.061705 0.0655906 -0.157796 0.983357
1858 15.3 1.14 0.222 0.0792157 0.0377891 -0.187393 0.978356
1859 15.3 1.1 0.267 0.0892244 0.0386829 -0.223791 0.969773
1860 15.3 1.06 0.314 0.0910214 0.0508101 -0.251695 0.962176
1861 15.4 1.03 0.36 0.0790013 0.0511397 -0.270248 0.95818
1862 15.4 1 0.403 0.0717436 0.0492885 -0.288461 0.953527
1863 15.4 0.978 0.439 0.0685338 0.04838 -0.306856 0.948052
1864 15.5 0.962 0.463 0.0620484 0.0543532 -0.326268 0.941671
1865 15.5 0.947 0.482 0.0600103 0.072297 -0.346767 0.933233
1866 15.5 0.931 0.496 0.0608788 0.0789836 -0.378971 0.92002
1867 15.6 0.915 0.504 0.0659715 0.0857653 -0.414083 0.903785
1868 15.6 0.9 0.511 0.0646586 0.0871293 -0.44989 0.886469
1869 15.6 0.88 0.514 0.0624189 0.0834829 -0.476278 0.873094
1870 15.7 0.855 0.511 0.0721945 0.094362 -0.487151 0.865198
1871 15.7 0.822 0.506 0.0832713 0.0985316 -0.493332 0.860222
1872 15.7 0.782 0.501 0.0836123 0.0877258 -0.496524 0.859521
1873 15.8 0.731 0.499 0.0818223 0.0749381 -0.493176 0.862825
1874 15.8 0.675 0.501 0.0788336 0.0633757 -0.490105 0.865775
1875 15.8 0.622 0.509 0.0799478 0.0595785 -0.484965 0.868831
1876 15.9 0.575 0.512 0.0750239 0.0545587 -0.470688 0.87741
1877 15.9 0.537 0.513 0.0761913 0.0580769 -0.460101 0.882683
1878 15.9 0.503 0.507 0.0686783 0.0517012 -0.445321 0.891235
1879 16 0.472 0.501 0.0634001 0.0509949 -0.429607 0.899343
1880 16 0.442 0.495 0.0521737 0.0466235 -0.418602 0.90547
1881 16.1 0.41 0.493 0.042697 0.0414156 -0.405409 0.912198
1882 16.1 0.382 0.496 0.0465163 0.051106 -0.389307 0.918512
1883 16.2 0.36 0.497 0.0442226 0.0363228 -0.369276 0.927556
1884 16.2 0.341 0.498 0.0469973 0.0377491 -0.348521 0.93536
1885 16.2 0.325 0.499 0.049072 0.034119 -0.320239 0.945449
1886 16.3 0.307 0.497 0.0511515 0.0300071 -0.291627 0.954692
1887 16.3 0.288 0.495 0.0550225 0.025854 -0.258552 0.964083
1888 16.3 0.268 0.496 0.0578884 0.0250918 -0.227234 0.971794
1889 16.4 0.249 0.494 0.0553868 0.0199974 -0.195117 0.979011
1890 16.4 0.229 0.491 0.0518854 0.0256188 -0.160998 0.985257
1891 16.4 0.215 0.489 0.0501062 0.0320346 -0.130465 0.989668
1892 16.4 0.208 0.486 0.0491835 0.0352833 -0.10256 0.992883
1893 16.5 0.209 0.482 0.0505806 0.0399256 -0.0774697 0.99491
1894 16.5 0.217 0.478 0.0503823 0.0438506 -0.0523312 0.996394
1895 16.5 0.233 0.475 0.0496172 0.0492576 -0.0314376 0.997057
1896 16.5 0.255 0.475 0.0457147 0.0515338 -0.0127126 0.997543
1897 16.5 0.282 0.474 0.0429456 0.0518812 0.00166294 0.997728
1898 16.5 0.315 0.475 0.0425678 0.0530562 0.0132411 0.997596
1899 16.6 0.35 0.477 0.04043 0.0508274 0.02419 0.997596
1900 16.6 0.388 0.478 0.0419269 0.0451498 0.0357468 0.99746
1901 16.6 0.425 0.48 0.0425303 0.0471295 0.0438794 0.997018
1902 16.6 0.459 0.478 0.0413697 0.0493932 0.055583 0.996373
1903 16.6 0.49 0.477 0.0422405 0.0543765 0.0683529 0.995282
1904 16.7 0.518 0.476 0.0434148 0.0558906 0.0812813 0.994175
1905 16.7 0.543 0.475 0.043403 0.0604462 0.0935947 0.992825
1906 16.7 0.562 0.474 0.0407799 0.0612427 0.108615 0.991357
1907 16.7 0.576 0.474 0.0433199 0.0647669 0.123251 0.989312
1908 16.8 0.587 0.475 0.0479504 0.0634238 0.135381 0.987598
1909 16.8 0.596 0.478 0.0548819 0.0537167 0.145294 0.986404
1910 16.9 0.602 0.484 0.0607133 0.0440656 0.151195 0.985653
1911 16.9 0.604 0.492 0.0661554 0.0357174 0.145428 0.986508
1912 16.9 0.6 0.492 0.0727971 0.0197131 0.134077 0.988097
1913 17 0.595 0.491 0.0775691 0.0193955 0.120493 0.989489
1914 17 0.589 0.487 0.0759875 0.0172865 0.106084 0.991299
1915 17 0.583 0.483 0.0746101 0.023378 0.0876748 0.993076
1916 17.1 0.579 0.48 0.0748693 0.0251211 0.0617246 0.994964
1917 17.1 0.573 0.477 0.0707373 0.0230301 0.02782 0.996841
1918 17.1 0.568 0.474 0.0655185 0.0234426 -0.0107708 0.997518
1919 17.1 0.569 0.472 0.0585035 0.026628 -0.0497104 0.996693
1920 17.1 0.574 0.472 0.0577421 0.0229833 -0.0921071 0.993808
1921 17.2 0.583 0.475 0.0609693 0.0247546 -0.139349 0.988055
1922 17.2 0.589 0.477 0.0593278 0.0202358 -0.183673 0.980987
1923 17.2 0.595 0.478 0.0627672 0.0202279 -0.225045 0.972114
1924 17.2 0.604 0.478 0.0612675 0.0220107 -0.262891 0.962627
1925 17.2 0.613 0.478 0.058985 0.0251272 -0.29091 0.9546
1926 17.2 0.622 0.476 0.0584918 0.0302432 -0.310447 0.948307
1927 17.2 0.63 0.475 0.0650511 0.0334576 -0.326529 0.942352
1928 17.2 0.631 0.474 0.0673845 0.0315825 -0.343514 0.936195
1929 17.2 0.626 0.472 0.0668118 0.0322308 -0.352532 0.932855
1930 17.3 0.615 0.468 0.0644639 0.0338938 -0.361756 0.929424
1931 17.3 0.601 0.465 0.0651502 0.0365832 -0.36915 0.926361
1932 17.3 0.585 0.46 0.0656018 0.0310138 -0.375439 0.924002
1933 17.3 0.566 0.456 0.0660257 0.0268764 -0.380337 0.922097
1934 17.4 0.545 0.456 0.0724905 0.0227596 -0.384798 0.919868
1935 17.4 0.523 0.455 0.0725608 0.0201446 -0.393141 0.916389
1936 17.4 0.501 0.452 0.0697553 0.0215035 -0.398396 0.914304
1937 17.4 0.479 0.45 0.0647492 0.018876 -0.402757 0.912819
1938 17.4 0.459 0.447 0.0636903 0.015672 -0.40798 0.910632
1939 17.5 0.441 0.443 0.0657519 0.0197781 -0.411101 0.909
1940 17.5 0.428 0.44 0.0671084 0.0250163 -0.415272 0.906873
1941 17.5 0.419 0.44 0.0677087 0.0298953 -0.421551 0.903779
1942 17.5 0.412 0.44 0.0677392 0.032605 -0.429847 0.899767
1943 17.5 0.408 0.44 0.0646091 0.0313089 -0.440889 0.894685
1944 17.5 0.406 0.44 0.0663383 0.0390782 -0.454847 0.887235
1945 17.6 0.407 0.442 0.0616917 0.034314 -0.467591 0.881122
1946 17.6 0.407 0.444 0.0610602 0.0342665 -0.477753 0.875699
1947 17.6 0.409 0.447 0.0559028 0.0310119 -0.484104 0.872672
1948 17.6 0.414 0.448 0.0517244 0.028592 -0.485134 0.87244
1949 17.7 0.419 0.449 0.0497741 0.0287335 -0.481073 0.874795
1950 17.7 0.428 0.45 0.0471704 0.0273701 -0.47204 0.879889
1951 17.7 0.438 0.448 0.0434289 0.0276554 -0.456124 0.888426
1952 17.8 0.447 0.443 0.0442268 0.0288146 -0.435333 0.898721
1953 17.8 0.452 0.437 0.0478291 0.0300812 -0.411035 0.909867
1954 17.9 0.453 0.432 0.0507681 0.0365866 -0.379362 0.92313
1955 17.9 0.449 0.427 0.0460684 0.043612 -0.34748 0.935539
1956 17.9 0.441 0.422 0.0473132 0.0473699 -0.314987 0.946732
1957 18 0.427 0.418 0.0531975 0.0408696 -0.285326 0.95608
1958 18 0.408 0.421 0.0560508 0.0336712 -0.257755 0.963995
1959 18.1 0.387 0.426 0.0549126 0.0199961 -0.229442 0.971566
1960 18.1 0.366 0.428 0.0562121 0.00984381 -0.205239 0.977047
1961 18.2 0.349 0.429 0.0585025 0.0160955 -0.178388 0.982088
1962 18.2 0.34 0.427 0.0582248 0.0143507 -0.150157 0.986842
1963 18.3 0.338 0.424 0.0554022 0.0203153 -0.122978 0.990653
1964 18.3 0.344 0.421 0.0547297 0.0233434 -0.101693 0.993035
1965 18.3 0.355 0.414 0.0517219 0.0251894 -0.0807481 0.995073
1966 18.4 0.366 0.409 0.0474359 0.0243703 -0.0652497 0.996443
1967 18.4 0.382 0.407 0.0411809 0.0202664 -0.0524999 0.997566
1968 18.5 0.399 0.411 0.0363448 0.00622607 -0.0414461 0.99846
1969 18.6 0.419 0.418 0.0384626 0.00661761 -0.0241586 0.998946
1970 18.6 0.438 0.423 0.0436181 0.000118264 -0.0106586 0.998991
1971 18.7 0.452 0.425 0.0449838 0.000983446 0.00988631 0.998938
1972 18.7 0.462 0.424 0.0489133 0.00388951 0.034454 0.998201
1973 18.7 0.465 0.419 0.0534442 0.00824316 0.0500877 0.99728
1974 18.8 0.46 0.412 0.0568835 0.0130473 0.063872 0.99625
1975 18.8 0.448 0.405 0.0617343 0.0149149 0.0730479 0.995304
1976 18.9 0.428 0.403 0.0649166 0.0159734 0.0736464 0.995041
1977 18.9 0.396 0.407 0.0704271 0.00592334 0.0637377 0.995461
1978 19 0.359 0.407 0.0755153 0.00190785 0.0393288 0.996367
1979 19 0.32 0.402 0.0768755 0.0022704 0.00211164 0.997036
1980 19 0.283 0.394 0.0747754 0.00411543 -0.0342845 0.996602
1981 19.1 0.249 0.389 0.0736782 0.00330437 -0.073488 0.994565
1982 19.1 0.219 0.387 0.0720175 0.00434247 -0.116685 0.990545
1983 19.1 0.193 0.382 0.0691284 0.00368936 -0.161528 0.984437
1984 19.1 0.164 0.378 0.0642748 0.00548158 -0.205205 0.976591
1985 19.1 0.137 0.375 0.0604067 0.0097256 -0.247376 0.966986
1986 19.1 0.113 0.372 0.0571957 0.011735 -0.287253 0.956073
1987 19.2 0.0904 0.369 0.0532624 0.0119208 -0.327991 0.943103
1988 19.2 0.0681 0.367 0.0519137 0.0111727 -0.372689 0.926435
1989 19.2 0.0448 0.367 0.053347 0.0181557 -0.420692 0.905452
1990 19.2 0.0235 0.366 0.0495234 0.0179543 -0.466679 0.882856
1991 19.2 0.0063 0.365 0.0507788 0.0235755 -0.51604 0.854733
1992 19.2 -0.00437 0.365 0.0466007 0.0269412 -0.566355 0.822402
1993 19.2 -0.0142 0.364 0.0450289 0.032897 -0.610355 0.790162
1994 19.2 -0.0255 0.362 0.0441577 0.0370654 -0.652952 0.755202
1995 19.2 -0.0373 0.357 0.0442911 0.0427585 -0.688224 0.722881
1996 19.2 -0.0514 0.353 0.0445877 0.0499562 -0.717407 0.693429
1997 19.2 -0.0703 0.349 0.0447661 0.0532985 -0.743395 0.665221
1998 19.2 -0.0949 0.345 0.0472248 0.0562841 -0.764986 0.639842
1999 19.2 -0.122 0.346 0.0379777 0.0502573 -0.780589 0.621862
2000 19.2 -0.151 0.351 0.0259818 0.0414024 -0.785191 0.617321
2001 19.1 -0.18 0.358 0.0226491 0.032613 -0.785112 0.61808
2002 19.1 -0.208 0.365 0.00713062 0.0194578 -0.781701 0.623309
2003 19.1 -0.232 0.372 -0.00519222 0.00689166 -0.776653 0.629869
2004 19.1 -0.252 0.376 -0.0215224 -0.00504983 -0.774982 0.631596
2005 19.1 -0.27 0.379 -0.0284414 -0.0116194 -0.782544 0.621836
2006 19.1 -0.286 0.381 -0.0338583 -0.0176861 -0.797443 0.602184
2007 19.1 -0.299 0.383 -0.042911 -0.0205741 -0.819396 0.571249
2008 19.1 -0.31 0.387 -0.0588204 -0.0227582 -0.845044 0.530964
2009 19.1 -0.321 0.392 0.0782732 0.0238695 0.869892 -0.486406
2010 19.1 -0.333 0.397 0.0929114 0.0301988 0.894095 -0.437092
2011 19.1 -0.345 0.399 0.106083 0.0347833 0.911386 -0.396121
2012 19.1 -0.357 0.399 0.114036 0.0315774 0.925515 -0.359751
2013 19.1 -0.367 0.396 0.120805 0.0250443 0.935473 -0.331163
2014 19.1 -0.374 0.39 0.111939 0.01574 0.944884 -0.307271
2015 19.1 -0.381 0.382 0.0892799 0.00228381 0.954424 -0.284778
2016 19.1 -0.383 0.37 0.0651387 -0.0100075 0.961352 -0.267317
2017 19.1 -0.379 0.359 0.0405235 -0.02104 0.966337 -0.253196
2018 19.1 -0.374 0.349 0.0154672 -0.0310918 0.970174 -0.239908
2019 19.1 -0.368 0.336 -0.0104156 -0.0404171 0.972959 -0.227174
2020 19.1 -0.357 0.324 -0.0335025 -0.048678 0.975411 -0.212322
2021 19.1 -0.342 0.314 -0.0517864 -0.052769 0.977467 -0.197717
2022 19.1 -0.324 0.308 -0.0680082 -0.0536956 0.979348 -0.182672
2023 19 -0.302 0.309 -0.0807646 -0.0499799 0.981684 -0.165155
2024 19 -0.275 0.318 -0.076897 -0.0437221 0.985251 -0.14648
2025 19 -0.243 0.331 -0.0641089 -0.0326612 0.989647 -0.124187
2026 19 -0.21 0.347 -0.0524706 -0.0260472 0.993142 -0.101184
2027 18.9 -0.175 0.364 -0.0322846 -0.0206516 0.995609 -0.0854103
2028 18.9 -0.139 0.378 -0.00928311 -0.0190398 0.996891 -0.0758911
2029 18.9 -0.108 0.389 0.0157098 -0.0207194 0.997488 -0.0658977
2030 18.8 -0.0789 0.396 0.0375187 -0.0230271 0.997635 -0.0527851
2031 18.8 -0.0538 0.402 0.0544225 -0.0260383 0.997466 -0.0377048
2032 18.8 -0.0334 0.407 0.0694954 -0.0273485 0.996918 -0.0240256
2033 18.8 -0.0196 0.409 0.0741042 -0.0258121 0.9969 -0.00571558
2034 18.7 -0.0105 0.407 0.078012 -0.0238329 0.996414 0.0224901
2035 18.7 -0.00695 0.403 0.0790935 -0.0243457 0.995078 0.0545171
2036 18.7 -0.00923 0.398 0.0755847 -0.0303879 0.992088 0.0955253
2037 18.6 -0.0187 0.394 0.0639817 -0.0295139 0.987899 0.138172
2038 18.6 -0.0357 0.394 0.0555908 -0.026199 0.982525 0.175695
2039 18.6 -0.0534 0.391 0.0449108 -0.0229582 0.975972 0.211979
2040 18.5 -0.0683 0.386 0.0326425 -0.0221392 0.968864 0.244434
2041 18.5 -0.0809 0.382 0.0208808 -0.0227124 0.962739 0.268667
2042 18.5 -0.0888 0.379 0.0125582 -0.0216698 0.956403 0.290975
2043 18.5 -0.0924 0.376 0.00539188 -0.0216441 0.949975 0.311529
2044 18.5 -0.0923 0.371 -0.00104042 -0.0198338 0.944175 0.328845
2045 18.5 -0.0888 0.366 -0.00759699 -0.0173369 0.939769 0.341286
2046 18.5 -0.0834 0.365 -0.0120076 -0.0167911 0.937333 0.347823
2047 18.5 -0.0808 0.364 -0.0153512 -0.0146973 0.938616 0.344307
2048 18.5 -0.0757 0.362 -0.0166948 -0.0103393 0.942535 0.333529
2049 18.5 -0.0645 0.363 -0.0186033 -0.00691483 0.947633 0.318743
2050 18.5 -0.0458 0.364 -0.0198756 -0.00335273 0.952344 0.30436
2051 18.5 -0.0186 0.369 -0.0183201 0.00057059 0.954642 0.29719
2052 18.5 0.0115 0.385 -0.00297427 0.00166421 0.954636 0.297755
2053 18.5 0.0479 0.406 0.0264707 -0.00906718 0.952656 0.302759
2054 18.5 0.0875 0.43 0.0595861 -0.0214075 0.946905 0.315217
2055 18.5 0.128 0.449 0.0974748 -0.0304786 0.935562 0.338073
2056 18.5 0.166 0.459 0.124562 -0.0420398 0.921164 0.366298
2057 18.5 0.199 0.464 0.14401 -0.0549171 0.906081 0.394034
2058 18.5 0.225 0.467 0.155603 -0.0621302 0.889037 0.426075
2059 18.5 0.247 0.469 0.16301 -0.0648177 0.869932 0.460917
2060 18.6 0.267 0.473 0.169601 -0.0655385 0.850103 0.494232
2061 18.6 0.286 0.474 0.168324 -0.0634643 0.831405 0.525742
2062 18.6 0.298 0.473 0.159579 -0.0605959 0.814317 0.554753
2063 18.6 0.298 0.467 0.145534 -0.0541641 0.798542 0.581564
2064 18.6 0.29 0.458 0.125662 -0.0482244 0.782321 0.608159
2065 18.6 0.274 0.446 0.103956 -0.0394272 0.770097 0.628164
2066 18.6 0.255 0.433 0.0818902 -0.0253756 0.764629 0.638743
2067 18.6 0.234 0.421 0.0599611 -0.0119748 0.766223 0.639659
2068 18.6 0.209 0.41 0.0435536 -0.00351615 0.774879 0.630597
2069 18.6 0.183 0.403 0.03559 0.00160155 0.788324 0.614229
2070 18.5 0.16 0.397 0.030197 0.00373327 0.804492 0.593184
2071 18.5 0.137 0.393 0.0257683 0.00616742 0.8225 0.568148
2072 18.5 0.117 0.391 0.0244481 0.00630548 0.839929 0.542108
2073 18.5 0.0969 0.389 0.0215922 0.00458383 0.853222 0.521081
2074 18.5 0.077 0.387 0.0216403 0.0025002 0.865568 0.500317
2075 18.5 0.0585 0.385 0.0219204 0.00122973 0.876004 0.481804
2076 18.4 0.0411 0.383 0.0204273 -0.00302707 0.886206 0.462831
2077 18.4 0.0261 0.382 0.0187316 -0.00659441 0.89645 0.4427
2078 18.4 0.0139 0.381 0.0193439 -0.00588501 0.904758 0.425445
2079 18.4 0.00618 0.383 0.0193132 -0.00403552 0.912139 0.409405
2080 18.4 0.00341 0.386 0.022424 -0.00356095 0.918647 0.394427
2081 18.4 0.00586 0.389 0.0255485 -0.00553977 0.922393 0.385368
2082 18.4 0.0142 0.391 0.0277649 -0.00567797 0.923666 0.382148
2083 18.4 0.0259 0.393 0.0314706 -0.00376613 0.922296 0.385182
2084 18.5 0.0397 0.396 0.0349111 -0.00107076 0.918444 0.394005
2085 18.5 0.0555 0.398 0.0383171 0.000746928 0.913371 0.405319
2086 18.5 0.0707 0.398 0.041082 0.00349876 0.907613 0.417779
2087 18.5 0.0837 0.397 0.044873 0.00800773 0.900159 0.433169
2088 18.6 0.0956 0.396 0.0459956 0.0129683 0.893474 0.446565
2089 18.6 0.108 0.396 0.0492023 0.0167272 0.887696 0.457488
2090 18.6 0.123 0.395 0.0520845 0.022339 0.880777 0.470127
2091 18.6 0.141 0.394 0.052542 0.0294139 0.872605 0.4847
2092 18.7 0.159 0.391 0.0528962 0.0329663 0.862268 0.502603
2093 18.7 0.177 0.389 0.0540127 0.0361207 0.850672 0.521665
2094 18.8 0.195 0.385 0.0548498 0.0409083 0.837195 0.542607
2095 18.8 0.211 0.38 0.0523056 0.0486328 0.821141 0.566239
2096 18.8 0.227 0.373 0.0470873 0.0556699 0.802981 0.591527
2097 18.9 0.241 0.368 0.0401325 0.0624123 0.783793 0.616574
2098 18.9 0.251 0.363 0.0342751 0.0668154 0.76389 0.640962
2099 19 0.258 0.359 0.0335952 0.0692728 0.742491 0.665417
2100 19 0.267 0.353 0.0330795 0.0732155 0.719406 0.689928
2101 19 0.277 0.35 0.032677 0.0823755 0.695421 0.713117
2102 19.1 0.288 0.349 0.0363926 0.0844928 0.675752 0.731366
2103 19.1 0.301 0.35 0.0391844 0.0815857 0.661804 0.744193
2104 19.1 0.315 0.356 0.0506989 0.0693748 0.651633 0.753652
2105 19.1 0.332 0.361 0.0630086 0.0517944 0.641715 0.762593
2106 19.1 0.354 0.367 0.0735243 0.0364174 0.629884 0.772343
2107 19.2 0.379 0.375 0.0800074 0.0207849 0.612477 0.786154
2108 19.2 0.406 0.381 0.0796924 0.0145021 0.594066 0.800328
2109 19.2 0.432 0.388 0.0808577 0.0099978 0.571975 0.816215
2110 19.2 0.454 0.392 0.0848224 0.00169886 0.549446 0.831211
2111 19.3 0.473 0.387 0.0857813 -0.0012729 0.525466 0.846478
2112 19.3 0.485 0.377 0.0767988 0.013956 0.497168 0.864136
2113 19.3 0.488 0.364 0.0657324 0.0294267 0.468604 0.880468
2114 19.3 0.483 0.353 0.0551722 0.0452378 0.439186 0.895559
2115 19.4 0.473 0.343 0.0464001 0.0605387 0.409153 0.909272
2116 19.4 0.461 0.334 0.0405381 0.0752247 0.378913 0.921479
2117 19.4 0.451 0.322 0.0356781 0.087257 0.351527 0.931419
2118 19.4 0.437 0.313 0.0289466 0.0977976 0.325051 0.940181
2119 19.4 0.42 0.306 0.0281277 0.104747 0.299884 0.94779
2120 19.5 0.402 0.301 0.0289816 0.111189 0.275086 0.954529
2121 19.5 0.383 0.296 0.0290323 0.122207 0.253006 0.959276
2122 19.5 0.365 0.291 0.0322191 0.125806 0.230101 0.964463
2123 19.5 0.345 0.285 0.0337691 0.132054 0.210585 0.968026
2124 19.6 0.323 0.28 0.0375548 0.13864 0.189848 0.97125
2125 19.6 0.302 0.278 0.0386823 0.140161 0.168552 0.97491
2126 19.6 0.281 0.275 0.0380727 0.137157 0.150628 0.978289
2127 19.7 0.262 0.271 0.0388587 0.136241 0.136501 0.980457
2128 19.7 0.247 0.267 0.0388888 0.136452 0.128809 0.981467
2129 19.8 0.233 0.267 0.0362094 0.138666 0.124652 0.981796
2130 19.8 0.222 0.263 0.0362382 0.132686 0.123398 0.982779
2131 19.8 0.213 0.261 0.0395566 0.136792 0.113602 0.983269
2132 19.8 0.207 0.258 0.0452566 0.133935 0.0985206 0.985042
2133 19.9 0.204 0.255 0.0463528 0.135548 0.0783778 0.986577
2134 19.9 0.205 0.253 0.0444898 0.129389 0.0528777 0.989183
2135 19.9 0.209 0.25 0.0433747 0.127181 0.0231726 0.99066
2136 20 0.213 0.248 0.0414162 0.129724 -0.00587721 0.990667
2137 20 0.212 0.247 0.0379828 0.133985 -0.0377562 0.989535
2138 20 0.21 0.249 0.0349312 0.135702 -0.0705408 0.987618
2139 20 0.207 0.251 0.0337993 0.129929 -0.106843 0.98517
2140 20 0.201 0.255 0.0325792 0.125747 -0.140476 0.981526
2141 20 0.195 0.26 0.0327553 0.120067 -0.165808 0.978273
2142 20 0.189 0.269 0.0325668 0.107594 -0.184982 0.976291
2143 20.1 0.188 0.283 0.0295643 0.0860988 -0.191478 0.977266
2144 20.1 0.191 0.298 0.0228313 0.0532102 -0.186751 0.980699
2145 20.1 0.197 0.313 0.0169294 0.0196957 -0.169439 0.985198
2146 20.1 0.205 0.327 0.0159348 -0.00761631 -0.142812 0.989592
2147 20.1 0.215 0.338 0.0177983 -0.0316994 -0.114438 0.992765
2148 20.1 0.23 0.344 0.0193807 -0.0442336 -0.0753196 0.995989
2149 20.2 0.249 0.345 0.0214157 -0.0497775 -0.0273558 0.998156
2150 20.2 0.274 0.343 0.0263749 -0.0494337 0.0262382 0.998084
2151 20.2 0.304 0.336 0.0276337 -0.0489749 0.0780994 0.995358
2152 20.2 0.34 0.329 0.0279136 -0.0435162 0.115836 0.991922
2153 20.2 0.38 0.323 0.0276987 -0.0443258 0.145772 0.987937
2154 20.2 0.428 0.319 0.0275403 -0.0399278 0.166684 0.984817
2155 20.2 0.486 0.316 0.0321704 -0.0391079 0.180228 0.98232
2156 20.2 0.551 0.315 0.0351175 -0.0375263 0.183439 0.981687
2157 20.2 0.617 0.313 0.0361932 -0.0339102 0.190447 0.980444
2158 20.2 0.683 0.309 0.0371184 -0.0263706 0.199353 0.978869
2159 20.2 0.747 0.302 0.0360543 -0.0205518 0.208947 0.977046
2160 20.3 0.81 0.292 0.0352166 -0.0168137 0.221754 0.974322
2161 20.3 0.87 0.277 0.0402757 -0.0112173 0.236987 0.970613
2162 20.3 0.925 0.263 0.0463879 -0.00991969 0.24352 0.968735
2163 20.4 0.98 0.249 0.0545268 -0.0112455 0.24454 0.96804
2164 20.4 1.03 0.235 0.0569931 -0.0195762 0.248113 0.966855
2165 20.4 1.09 0.218 0.0511983 -0.0247567 0.254588 0.965376
2166 20.5 1.15 0.196 0.0464995 -0.0182963 0.260677 0.964132
2167 20.5 1.2 0.172 0.0408209 -0.004576 0.263516 0.96378
2168 20.5 1.26 0.145 0.0390648 -0.000861614 0.261292 0.964469
2169 20.6 1.31 0.111 0.0344994 -8.25022e-05 0.25026 0.967564
2170 20.6 1.38 0.0726 0.0285035 0.005472 0.236254 0.971258
2171 20.6 1.43 0.0315 0.0317641 0.00854067 0.219171 0.975132
2172 20.6 1.48 -0.0136 0.0402882 0.00856288 0.203011 0.97831
2173 20.7 1.53 -0.0603 0.0413517 0.00658075 0.186956 0.981476
2174 20.7 1.56 -0.114 0.040692 0.00602763 0.175673 0.983589
2175 20.7 1.59 -0.175 0.0393542 0.00622508 0.178237 0.983181
2176 20.8 1.62 -0.239 0.0280029 0.0192355 0.191108 0.980981
2177 20.8 1.64 -0.295 0.00690481 0.034388 0.202495 0.978655
2178 20.9 1.65 -0.34 -0.00417957 0.0311568 0.203772 0.978514
2179 20.9 1.65 -0.379 -0.0115671 0.0272097 0.192339 0.980883
2180 21 1.65 -0.407 -0.00674663 0.0439524 0.172346 0.984032
2181 21 1.64 -0.425 -0.00475945 0.0581139 0.158823 0.985584
2182 21.1 1.63 -0.433 -0.00413985 0.0566231 0.134551 0.989279
2183 21.1 1.61 -0.439 -0.00530415 0.0612031 0.0994664 0.993143
2184 21.2 1.6 -0.437 0.00604871 0.0798669 0.0727954 0.994126
2185 21.2 1.59 -0.43 0.0192941 0.0852378 0.0588435 0.994434
2186 21.2 1.59 -0.421 0.0401453 0.103236 0.0459275 0.992785
2187 21.2 1.59 -0.413 0.0552115 0.106327 0.026273 0.992449
2188 21.3 1.59 -0.411 0.0673627 0.104584 0.0179832 0.992069
2189 21.3 1.6 -0.415 0.0778985 0.10465 0.00459332 0.991443
2190 21.3 1.6 -0.424 0.0734427 0.0941507 -0.0196118 0.992652
2191 21.4 1.6 -0.429 0.0733467 0.0910063 -0.0517803 0.991795
2192 21.4 1.6 -0.421 0.0599701 0.0785685 -0.0921905 0.990824
2193 21.5 1.6 -0.399 0.0345294 0.081144 -0.126453 0.988045
2194 21.5 1.58 -0.367 0.0315659 0.095996 -0.15244 0.983133
2195 21.5 1.57 -0.335 0.0285827 0.108401 -0.17457 0.978242
2196 21.5 1.56 -0.306 0.0269722 0.112826 -0.188606 0.975177
2197 21.6 1.55 -0.282 0.0176789 0.114538 -0.20059 0.972796
2198 21.6 1.53 -0.264 0.0288298 0.113522 -0.212358 0.970147
2199 21.6 1.5 -0.255 0.043185 0.122619 -0.233326 0.963669
2200 21.7 1.47 -0.251 0.062364 0.124703 -0.262514 0.954802
2201 21.7 1.45 -0.239 0.0623039 0.120134 -0.295109 0.945831
2202 21.7 1.42 -0.222 0.0537896 0.0993373 -0.329931 0.937221
2203 21.7 1.4 -0.201 0.0558068 0.101932 -0.362311 0.924785
2204 21.8 1.37 -0.179 0.0705755 0.101265 -0.395095 0.91031
2205 21.8 1.35 -0.16 0.0792538 0.0915384 -0.434047 0.892717
2206 21.8 1.34 -0.144 0.0785772 0.0896634 -0.471985 0.873508
2207 21.8 1.33 -0.129 0.0728389 0.0867482 -0.513125 0.850807
2208 21.8 1.31 -0.117 0.0710203 0.0753077 -0.552171 0.82728
2209 21.8 1.3 -0.109 0.0667031 0.0626461 -0.589586 0.802505
2210 21.9 1.28 -0.101 0.064656 0.0589156 -0.620627 0.779211
2211 21.9 1.27 -0.0938 0.06269 0.056738 -0.643377 0.760866
2212 21.8 1.25 -0.0891 0.0562622 0.0511935 -0.665957 0.742101
2213 21.8 1.23 -0.086 0.0497443 0.0448265 -0.68512 0.725346
2214 21.8 1.21 -0.0863 0.0476051 0.0394895 -0.698692 0.712744
2215 21.8 1.18 -0.0854 0.0449697 0.0336057 -0.709674 0.70229
2216 21.8 1.14 -0.0784 0.0394782 0.018654 -0.716744 0.695968
2217 21.8 1.1 -0.0674 0.0246457 0.000646948 -0.720715 0.692793
2218 21.8 1.05 -0.0586 0.0110559 -0.0161496 -0.722591 0.690999
2219 21.8 1 -0.0556 0.00856811 -0.0229495 -0.71814 0.695467
2220 21.8 0.962 -0.0535 0.00344924 -0.0246064 -0.711723 0.70202
2221 21.8 0.926 -0.0522 -0.00609763 -0.0294915 -0.700686 0.712834
2222 21.8 0.895 -0.0528 -0.00881204 -0.0304058 -0.689337 0.723749
2223 21.8 0.866 -0.058 -0.0147104 -0.033173 -0.676446 0.735598
2224 21.8 0.837 -0.0659 -0.0140154 -0.0294756 -0.661185 0.749512
2225 21.8 0.808 -0.0749 -0.0124476 -0.0246241 -0.64771 0.761387
2226 21.9 0.779 -0.0826 -0.0159688 -0.0214918 -0.633905 0.772947
2227 21.9 0.749 -0.0892 -0.0242032 -0.016187 -0.621254 0.783068
2228 21.9 0.72 -0.0958 -0.0318918 -0.00335086 -0.607014 0.794044
2229 21.9 0.696 -0.101 -0.0298063 0.010484 -0.593076 0.804527
2230 21.9 0.676 -0.106 -0.032306 0.00791108 -0.580774 0.813385
2231 21.9 0.657 -0.108 -0.0228581 0.0174197 -0.566167 0.82379
2232 21.9 0.635 -0.11 -0.0142811 0.016818 -0.550414 0.8346
2233 22 0.612 -0.112 -0.0056579 0.0138952 -0.53168 0.846812
2234 21.9 0.588 -0.11 0.00539685 0.0107106 -0.511961 0.858925
2235 21.9 0.561 -0.107 0.00880333 0.00333939 -0.499093 0.866497
2236 21.9 0.531 -0.108 0.00653954 -0.000361698 -0.494751 0.86901
2237 21.9 0.499 -0.112 0.00665885 -0.000449748 -0.495272 0.868712
2238 21.9 0.467 -0.119 0.00735148 0.002895 -0.502307 0.864653
2239 21.8 0.439 -0.124 0.00649309 0.00668723 -0.514327 0.857544
2240 21.8 0.415 -0.126 0.00517991 0.0110197 -0.529352 0.848315
2241 21.8 0.392 -0.126 0.00268442 0.0109566 -0.545942 0.837747
2242 21.8 0.369 -0.127 0.00535432 0.014555 -0.569267 0.822007
2243 21.8 0.346 -0.128 0.00735584 0.0162431 -0.593663 0.804516
2244 21.8 0.325 -0.128 0.00460014 0.0140989 -0.619809 0.784613
2245 21.8 0.304 -0.124 -0.00276174 0.0109336 -0.648823 0.760856
2246 21.8 0.283 -0.119 -0.0102309 0.00350602 -0.674329 0.738352
2247 21.8 0.267 -0.118 -0.0160272 -0.00468594 -0.697949 0.715953
2248 21.8 0.254 -0.119 -0.0209551 -0.00743191 -0.720239 0.69337
2249 21.9 0.244 -0.123 -0.028501 -0.00560388 -0.738923 0.673164
2250 21.9 0.237 -0.125 -0.0319808 -0.000970315 -0.75355 0.656612
2251 21.9 0.233 -0.128 -0.032731 0.00102968 -0.767787 0.639867
2252 21.9 0.233 -0.129 -0.0308622 0.000115332 -0.782359 0.622063
2253 21.9 0.233 -0.13 -0.032055 0.000543611 -0.796441 0.603865
2254 21.9 0.233 -0.131 -0.0334651 0.00433804 -0.809424 0.586254
2255 21.9 0.236 -0.133 -0.0357327 0.00874663 -0.822382 0.567746
2256 21.9 0.241 -0.135 -0.0388466 0.0141242 -0.833821 0.550486
2257 21.8 0.246 -0.135 -0.0410568 0.0227513 -0.844893 0.532872
2258 21.8 0.256 -0.133 -0.0449366 0.0275371 -0.853915 0.517737
2259 21.8 0.266 -0.132 -0.0499513 0.0267032 -0.861901 0.503903
2260 21.8 0.275 -0.132 0.0489071 -0.0281233 0.868845 -0.49186
2261 21.8 0.286 -0.13 0.0469577 -0.0288647 0.87126 -0.487716
2262 21.8 0.298 -0.125 0.049684 -0.0232877 0.874043 -0.48274
2263 21.8 0.311 -0.117 0.0481262 -0.0170409 0.875638 -0.480262
2264 21.7 0.325 -0.112 0.0512333 -0.00486594 0.876421 -0.478787
2265 21.7 0.34 -0.11 0.0513254 0.00431251 0.874646 -0.482019
2266 21.7 0.36 -0.112 0.0476137 0.00853881 0.873733 -0.483995
2267 21.7 0.381 -0.118 0.0449079 0.00549884 0.872989 -0.485637
2268 21.7 0.4 -0.127 0.0402287 1.48934e-05 0.874859 -0.482704
2269 21.7 0.42 -0.14 0.0262218 -0.0111157 0.87929 -0.475435
2270 21.6 0.441 -0.149 0.0106492 -0.0226006 0.883886 -0.467035
2271 21.6 0.466 -0.155 0.00669122 -0.0268837 0.887889 -0.459222
2272 21.6 0.49 -0.161 -0.00141744 -0.0300273 0.890157 -0.454661
2273 21.6 0.513 -0.163 -0.0121836 -0.0309282 0.892738 -0.449348
2274 21.6 0.533 -0.162 -0.0190503 -0.0268814 0.897606 -0.439567
2275 21.6 0.55 -0.159 -0.0253234 -0.0258849 0.90824 -0.416881
2276 21.6 0.566 -0.155 -0.0222499 -0.0189487 0.921323 -0.387699
2277 21.6 0.579 -0.154 -0.0176342 -0.0177291 0.933534 -0.357615
2278 21.6 0.589 -0.154 -0.0192787 -0.0169066 0.944875 -0.326425
2279 21.6 0.599 -0.157 -0.0212927 -0.016943 0.955087 -0.295074
2280 21.6 0.609 -0.161 -0.0265222 -0.0189291 0.963501 -0.265713
2281 21.6 0.62 -0.164 -0.029763 -0.0206062 0.971221 -0.235412
2282 21.6 0.628 -0.168 -0.0327795 -0.021268 0.977631 -0.206665
2283 21.6 0.638 -0.173 -0.0372491 -0.0239698 0.982741 -0.179607
2284 21.7 0.649 -0.179 -0.04363 -0.0268054 0.986891 -0.153051
2285 21.7 0.661 -0.185 -0.0525968 -0.027103 0.98952 -0.131716
2286 21.7 0.674 -0.19 -0.0616749 -0.0297996 0.991506 -0.110561
2287 21.7 0.687 -0.196 -0.0690606 -0.0339151 0.992823 -0.0915608
2288 21.7 0.699 -0.202 -0.0775549 -0.0364571 0.993491 -0.0750489
2289 21.7 0.708 -0.207 -0.0828669 -0.0385086 0.994013 -0.0599049
2290 21.7 0.713 -0.212 -0.0877481 -0.039212 0.99414 -0.0494804
2291 21.7 0.714 -0.215 -0.0920002 -0.0393712 0.994038 -0.0432823
2292 21.7 0.709 -0.215 -0.0925751 -0.0383544 0.994076 -0.0420887
2293 21.7 0.698 -0.214 -0.0885679 -0.0381573 0.994184 -0.0479363
2294 21.7 0.682 -0.212 -0.0838935 -0.0380796 0.99386 -0.0612688
2295 21.7 0.662 -0.208 -0.0776194 -0.0391674 0.992857 -0.081703
2296 21.7 0.643 -0.203 -0.0666382 -0.0385817 0.991692 -0.103046
2297 21.7 0.622 -0.2 -0.0561008 -0.0366485 0.990037 -0.123837
2298 21.7 0.596 -0.198 -0.052384 -0.0420016 0.986966 -0.14625
2299 21.7 0.568 -0.197 -0.041364 -0.0375705 0.984006 -0.169146
2300 21.7 0.533 -0.197 -0.0347898 -0.0364288 0.980236 -0.191311
2301 21.7 0.492 -0.195 -0.0332705 -0.0391459 0.97284 -0.225704
2302 21.7 0.444 -0.194 -0.0269416 -0.0414519 0.963951 -0.261446
2303 21.7 0.393 -0.195 -0.0259409 -0.0444558 0.951764 -0.302483
2304 21.7 0.338 -0.198 -0.0199546 -0.0427299 0.938189 -0.342896
2305 21.7 0.283 -0.202 -0.0135527 -0.038087 0.923823 -0.380679
2306 21.7 0.227 -0.207 -0.0145481 -0.0360824 0.908684 -0.415668
2307 21.7 0.172 -0.214 -0.0157123 -0.0403384 0.893373 -0.447226
2308 21.7 0.12 -0.221 -0.0306491 -0.0516671 0.874342 -0.481578
2309 21.7 0.0712 -0.228 0.0444727 0.0637966 -0.854634 0.513374
2310 21.7 0.0289 -0.233 0.0532712 0.0770859 -0.835051 0.542135
2311 21.7 -0.0152 -0.239 0.0583072 0.0873837 -0.818191 0.565269
2312 21.7 -0.0598 -0.245 0.0600832 0.0953754 -0.80446 0.583213
2313 21.7 -0.104 -0.249 0.0571529 0.0959048 -0.793489 0.598256
2314 21.8 -0.145 -0.252 0.0586927 0.0938085 -0.780657 0.615086
2315 21.8 -0.186 -0.258 0.050659 0.0943733 -0.766412 0.633356
2316 21.8 -0.224 -0.262 0.0570335 0.0937209 -0.748904 0.653533
2317 21.8 -0.259 -0.265 0.0590068 0.0913561 -0.727542 0.677388
2318 21.8 -0.293 -0.271 0.0576951 0.0905455 -0.703202 0.702836
2319 21.8 -0.329 -0.276 0.0605403 0.0939759 -0.677622 0.726864
2320 21.9 -0.367 -0.279 0.0625663 0.0927766 -0.647798 0.753549
2321 21.9 -0.403 -0.278 0.0640941 0.0956035 -0.616553 0.778854
2322 21.9 -0.437 -0.278 0.0588218 0.085114 -0.586619 0.803227
2323 21.9 -0.471 -0.276 0.0566261 0.0850542 -0.559627 0.822421
2324 21.9 -0.503 -0.271 0.0520055 0.0785594 -0.536557 0.838588
2325 21.8 -0.532 -0.266 0.0430593 0.0648533 -0.524795 0.847661
2326 21.8 -0.562 -0.263 0.036858 0.0497347 -0.522191 0.850579
2327 21.8 -0.595 -0.264 0.0377189 0.0396067 -0.527971 0.847499
2328 21.8 -0.632 -0.271 0.040542 0.0326696 -0.541276 0.839231
2329 21.8 -0.673 -0.28 0.0407626 0.0253801 -0.560493 0.826766
2330 21.8 -0.714 -0.288 0.0309991 0.0100088 -0.585851 0.809764
2331 21.8 -0.758 -0.291 0.0220097 0.0110251 -0.613203 0.789542
2332 21.8 -0.8 -0.287 0.0148117 0.0115275 -0.638359 0.76951
2333 21.8 -0.838 -0.284 0.00861621 0.00709835 -0.664435 0.747263
2334 21.8 -0.874 -0.283 0.0106945 0.00732591 -0.683679 0.729668
2335 21.8 -0.905 -0.279 0.00436707 0.00135125 -0.683115 0.730297
2336 21.8 -0.938 -0.277 -0.00553755 -0.0126862 -0.675634 0.737107
2337 21.8 -0.974 -0.278 -0.00927307 -0.0210713 -0.657126 0.753429
2338 21.8 -1.01 -0.278 -0.0138188 -0.0371936 -0.628863 0.776503
2339 21.8 -1.05 -0.279 -0.0135222 -0.0439052 -0.594166 0.803029
2340 21.8 -1.08 -0.281 -0.0135606 -0.0521764 -0.553873 0.830854
2341 21.8 -1.11 -0.281 -0.00396838 -0.0592521 -0.514639 0.855348
2342 21.8 -1.14 -0.279 0.00709851 -0.0651134 -0.479905 0.874872
2343 21.8 -1.14 -0.278 0.0156998 -0.0757475 -0.444957 0.892205
2344 21.8 -1.14 -0.278 0.0233062 -0.0852066 -0.410982 0.907354
2345 21.8 -1.13 -0.282 0.0298518 -0.0920108 -0.37751 0.920939
2346 21.8 -1.11 -0.285 0.0346097 -0.095656 -0.350378 0.931068
2347 21.8 -1.08 -0.288 0.0380236 -0.0955466 -0.329341 0.938594
2348 21.8 -1.07 -0.293 0.0331933 -0.0910631 -0.313088 0.944766
2349 21.8 -1.06 -0.296 0.0335741 -0.0767592 -0.310737 0.946796
2350 21.8 -1.06 -0.297 0.0391649 -0.0645259 -0.323019 0.943377
2351 21.8 -1.07 -0.296 0.0357927 -0.0636081 -0.347144 0.934967
2352 21.8 -1.09 -0.295 0.0308979 -0.0655126 -0.368654 0.92674
2353 21.8 -1.12 -0.294 0.0297217 -0.0657077 -0.393897 0.916321
2354 21.8 -1.15 -0.293 0.0309844 -0.0721205 -0.417986 0.905056
2355 21.8 -1.18 -0.292 0.0376214 -0.0791262 -0.440474 0.89348
2356 21.8 -1.22 -0.292 0.0401497 -0.0880777 -0.474584 0.874872
2357 21.8 -1.26 -0.294 0.0408248 -0.0854108 -0.507329 0.856537
2358 21.8 -1.29 -0.3 0.0373856 -0.0869145 -0.538232 0.837469
2359 21.8 -1.31 -0.304 0.0307258 -0.0774075 -0.571635 0.81627
2360 21.8 -1.33 -0.305 0.020018 -0.0757683 -0.606457 0.791245
2361 21.8 -1.35 -0.306 0.0108057 -0.0696374 -0.64271 0.762862
2362 21.8 -1.36 -0.307 0.00102636 -0.0621152 -0.67789 0.732534
2363 21.8 -1.38 -0.307 -0.00471521 -0.057277 -0.709596 0.702261
2364 21.8 -1.4 -0.307 -0.0174877 -0.058972 -0.738953 0.670943
2365 21.8 -1.42 -0.304 -0.0226009 -0.0672513 -0.766353 0.63849
2366 21.8 -1.44 -0.303 -0.0291607 -0.0666751 -0.791335 0.607036
2367 21.8 -1.46 -0.302 -0.0414942 -0.0493958 -0.815346 0.575368
2368 21.8 -1.47 -0.305 -0.0584183 -0.0389433 -0.834489 0.546533
2369 21.8 -1.5 -0.307 -0.0669815 -0.0229345 -0.851033 0.520318
2370 21.8 -1.52 -0.308 0.0724204 0.016443 0.865464 -0.495436
2371 21.8 -1.55 -0.307 0.0863895 0.0229628 0.880563 -0.465423
2372 21.7 -1.57 -0.305 0.112296 0.0357958 0.89424 -0.43179
2373 21.7 -1.58 -0.304 0.119772 0.045139 0.90772 -0.399576
2374 21.7 -1.6 -0.301 0.122709 0.0476523 0.923284 -0.360858
2375 21.6 -1.6 -0.297 0.13177 0.0407694 0.936176 -0.323339
2376 21.6 -1.6 -0.29 0.146298 0.0358327 0.948619 -0.27827
2377 21.6 -1.59 -0.284 0.164381 0.0310077 0.958896 -0.229208
2378 21.6 -1.59 -0.282 0.17936 0.0261376 0.967937 -0.173912
2379 21.6 -1.59 -0.281 0.191682 0.0180345 0.97476 -0.113026
2380 21.6 -1.59 -0.279 0.205761 0.0136301 0.977246 -0.0496679
2381 21.6 -1.59 -0.275 0.213903 0.0125076 0.976667 0.014545
2382 21.6 -1.59 -0.275 0.211274 0.0115839 0.974215 0.0783232
2383 21.6 -1.6 -0.279 0.200674 0.00638087 0.969541 0.140285
2384 21.7 -1.59 -0.286 0.194664 0.00398877 0.960014 0.201153
2385 21.7 -1.58 -0.293 0.19226 0.000584892 0.945085 0.264293
2386 21.7 -1.57 -0.301 0.188684 -0.00116032 0.925871 0.327352
2387 21.7 -1.54 -0.308 0.184916 -4.07389e-05 0.9057 0.381462
2388 21.7 -1.52 -0.315 0.178164 0.00153399 0.886886 0.426248
2389 21.7 -1.49 -0.319 0.162581 0.00715573 0.871411 0.462774
2390 21.7 -1.46 -0.318 0.15123 0.0183754 0.85633 0.493448
2391 21.7 -1.41 -0.316 0.13549 0.0309264 0.843774 0.518393
2392 21.7 -1.37 -0.313 0.121743 0.0410127 0.831466 0.540519
2393 21.8 -1.33 -0.313 0.111293 0.0485565 0.819064 0.560705
2394 21.8 -1.3 -0.314 0.0992395 0.0506786 0.807802 0.578825
2395 21.8 -1.26 -0.319 0.0848896 0.0512441 0.79757 0.595021
2396 21.8 -1.22 -0.325 0.066145 0.0560969 0.786759 0.611137
2397 21.8 -1.19 -0.329 0.0515574 0.0631047 0.776866 0.624371
2398 21.8 -1.16 -0.334 0.0413227 0.0621824 0.765993 0.638499
2399 21.8 -1.12 -0.338 0.0323548 0.0597 0.757113 0.649746
2400 21.8 -1.07 -0.342 0.0254664 0.0509499 0.748487 0.660698
2401 21.7 -1.02 -0.345 0.0182683 0.0471884 0.74359 0.666718
2402 21.7 -0.966 -0.345 0.00600353 0.044199 0.738113 0.673201
2403 21.7 -0.911 -0.339 -0.0182392 0.0507658 0.733596 0.677441
2404 21.7 -0.865 -0.333 -0.0242317 0.0463355 0.72631 0.685375
2405 21.7 -0.824 -0.331 -0.0247972 0.0431735 0.713931 0.698444
2406 21.7 -0.787 -0.327 -0.0346892 0.0524552 0.70482 0.706593
2407 21.7 -0.751 -0.325 -0.0345362 0.0528357 0.69401 0.717193
2408 21.7 -0.71 -0.325 -0.0334461 0.0530859 0.682199 0.72847
2409 21.8 -0.662 -0.326 -0.0241402 0.0543967 0.673049 0.7372
2410 21.8 -0.604 -0.325 -0.0171399 0.0550044 0.664704 0.744882
2411 21.8 -0.544 -0.318 -0.00342599 0.0514166 0.661316 0.748335
2412 21.8 -0.483 -0.309 0.0119882 0.0537635 0.65634 0.752451
2413 21.8 -0.425 -0.298 0.0144725 0.0591142 0.657924 0.750621
2414 21.8 -0.377 -0.289 0.0170463 0.0547257 0.663937 0.745589
2415 21.8 -0.335 -0.281 0.0183017 0.0520334 0.66707 0.74295
2416 21.8 -0.293 -0.278 0.0213527 0.0472583 0.669377 0.741111
2417 21.8 -0.245 -0.277 0.0220331 0.043845 0.669393 0.741286
2418 21.8 -0.192 -0.275 0.0248881 0.0407936 0.667682 0.742911
2419 21.8 -0.131 -0.272 0.0302059 0.0312387 0.667322 0.7435
2420 21.8 -0.0641 -0.267 0.0414552 0.0118496 0.662334 0.747967
2421 21.8 0.00329 -0.258 0.0337756 0.00796 0.659964 0.750495
2422 21.8 0.0631 -0.248 0.0300505 0.00418586 0.661473 0.749355
2423 21.8 0.113 -0.242 0.0320062 -0.00443486 0.659199 0.751274
2424 21.7 0.159 -0.241 0.0275277 -0.0025731 0.668186 0.74348
2425 21.7 0.203 -0.243 0.02421 0.00142181 0.682278 0.730691
2426 21.7 0.248 -0.245 0.0179959 0.00470988 0.697883 0.715971
2427 21.7 0.296 -0.244 0.012556 0.00612317 0.713275 0.700745
2428 21.7 0.348 -0.242 0.0154514 0.00530129 0.7278 0.685595
2429 21.7 0.402 -0.238 0.0214817 0.00225858 0.741256 0.670874
2430 21.7 0.459 -0.234 0.0236384 0.00139283 0.751928 0.658819
2431 21.7 0.514 -0.231 0.0238294 0.00166365 0.761714 0.647472
2432 21.8 0.566 -0.226 0.0174454 0.00530037 0.776574 0.629762
2433 21.8 0.607 -0.226 0.0131088 0.00500326 0.792348 0.609908
2434 21.8 0.642 -0.227 0.00783529 0.00561483 0.805858 0.59203
2435 21.7 0.676 -0.23 0.00624955 0.00929493 0.81185 0.583758
2436 21.7 0.714 -0.234 0.00426436 0.0154645 0.814644 0.57974
2437 21.7 0.758 -0.238 0.00251965 0.020295 0.808905 0.587584
2438 21.7 0.809 -0.239 0.00106471 0.0205029 0.800211 0.599368
2439 21.7 0.867 -0.237 0.00387582 0.0130484 0.787 0.616803
2440 21.7 0.925 -0.235 0.00522683 0.0057099 0.768165 0.640205
2441 21.7 0.978 -0.231 0.00116632 0.0104724 0.749965 0.661394
2442 21.7 1.03 -0.223 0.00345032 0.0155195 0.727002 0.686451
2443 21.7 1.07 -0.217 0.00719212 0.020876 0.700532 0.713279
2444 21.7 1.11 -0.212 0.0056854 0.0322639 0.674903 0.737179
2445 21.8 1.15 -0.214 0.00935655 0.0372917 0.649059 0.759766
2446 21.8 1.19 -0.219 0.0141372 0.0434796 0.626615 0.777987
2447 21.8 1.23 -0.225 0.0215268 0.0459496 0.605782 0.794011
2448 21.8 1.28 -0.231 0.0309037 0.0457683 0.587523 0.807321
2449 21.8 1.33 -0.233 0.0253021 0.0603543 0.574115 0.816155
2450 21.8 1.37 -0.227 0.0185599 0.0660869 0.571582 0.817669
2451 21.8 1.41 -0.224 0.0204847 0.0631742 0.581604 0.810756
2452 21.8 1.44 -0.223 0.0137141 0.0589978 0.591923 0.803715
2453 21.8 1.47 -0.223 0.0180686 0.06131 0.604052 0.794378
2454 21.8 1.48 -0.222 0.021624 0.0702216 0.599503 0.796993
2455 21.8 1.5 -0.221 0.0271979 0.0717332 0.588505 0.804845
2456 21.8 1.51 -0.222 0.0273339 0.0761838 0.569374 0.818084
2457 21.8 1.54 -0.223 0.0282398 0.079131 0.541527 0.836474
2458 21.8 1.56 -0.222 0.0275934 0.0785241 0.507179 0.857812
2459 21.9 1.6 -0.219 0.0282038 0.0743041 0.467806 0.880251
2460 21.9 1.63 -0.21 0.0306249 0.0760703 0.428044 0.90003
2461 21.9 1.66 -0.202 0.0381823 0.0620487 0.387953 0.918795
2462 21.9 1.69 -0.199 0.0423646 0.0595105 0.349818 0.933965
2463 21.9 1.71 -0.197 0.0448817 0.0608244 0.311603 0.947201
2464 21.9 1.72 -0.196 0.0455599 0.0651721 0.274021 0.958431
2465 21.9 1.73 -0.195 0.0420082 0.0691765 0.239334 0.967558
2466 21.9 1.74 -0.192 0.0377931 0.0729227 0.211324 0.973959
2467 21.9 1.76 -0.192 0.038255 0.0722009 0.185087 0.979319
2468 21.9 1.77 -0.194 0.0414624 0.0707899 0.161511 0.983455
2469 21.9 1.79 -0.198 0.0480801 0.0688278 0.138017 0.986865
2470 21.9 1.81 -0.202 0.0603471 0.0637353 0.112576 0.989759
2471 21.9 1.84 -0.201 0.0721035 0.0659561 0.0810947 0.991904
2472 22 1.86 -0.195 0.0804847 0.0723788 0.0502844 0.992852
2473 22 1.87 -0.187 0.0863881 0.0634019 0.0244215 0.993942
2474 22 1.89 -0.182 0.0796074 0.0605577 0.0019923 0.994983
2475 22 1.9 -0.182 0.0745102 0.0635536 -0.0273913 0.994816
2476 22 1.92 -0.188 0.0754714 0.0688647 -0.0666054 0.992535
2477 22 1.94 -0.192 0.0741501 0.0740339 -0.114105 0.987928
2478 22 1.97 -0.195 0.0699918 0.0764771 -0.164835 0.980858
2479 22 2 -0.193 0.0726995 0.0799415 -0.21352 0.970945
2480 21.9 2.02 -0.191 0.0765407 0.0734745 -0.259216 0.959974
2481 21.9 2.04 -0.189 0.0762213 0.0770258 -0.296422 0.948889
2482 21.9 2.04 -0.195 0.073669 0.0773957 -0.325751 0.939398
2483 21.9 2.03 -0.206 0.0693302 0.0772759 -0.348037 0.931715
2484 21.9 2 -0.221 0.0615315 0.0775294 -0.363467 0.926334
2485 22 1.97 -0.236 0.0496996 0.0763844 -0.373362 0.923199
2486 22 1.93 -0.251 0.0410173 0.0748351 -0.377054 0.922251
2487 22 1.88 -0.267 0.0371258 0.070028 -0.367834 0.926508
2488 22.1 1.84 -0.29 0.0318292 0.0569011 -0.354433 0.932806
2489 22.1 1.8 -0.322 0.0219432 0.0380786 -0.347999 0.936464
2490 22.1 1.76 -0.356 0.0103491 0.0306975 -0.346487 0.937495
2491 22.2 1.73 -0.393 0.0105418 0.0273748 -0.347765 0.937123
2492 22.2 1.7 -0.44 0.014841 0.0232126 -0.345664 0.937954
2493 22.3 1.67 -0.491 0.0230297 0.0323283 -0.337796 0.940382
2494 22.3 1.66 -0.541 0.0225508 0.0400796 -0.331528 0.942324
2495 22.4 1.65 -0.582 0.0239894 0.0502157 -0.314496 0.947626
2496 22.4 1.64 -0.61 0.022152 0.0652757 -0.302767 0.950569
2497 22.5 1.62 -0.621 0.0264768 0.0734672 -0.28733 0.954643
2498 22.6 1.6 -0.609 0.0322239 0.0680552 -0.278148 0.957582
2499 22.7 1.58 -0.59 0.0384536 0.051163 -0.269494 0.960873
2500 22.8 1.56 -0.565 0.0388052 0.0512663 -0.252219 0.965532
2501 22.9 1.55 -0.537 0.0313046 0.0473528 -0.232033 0.97105
2502 22.9 1.52 -0.508 0.0227336 0.0330529 -0.210713 0.976725
2503 23 1.49 -0.478 0.0163494 0.0265352 -0.194231 0.980461
2504 23.1 1.46 -0.443 0.00433383 0.0370875 -0.184525 0.982118
2505 23.1 1.42 -0.41 -0.0017155 0.036888 -0.181739 0.982653
2506 23.2 1.39 -0.371 0.0129854 0.0428504 -0.197913 0.979196
2507 23.3 1.35 -0.333 0.0244763 0.0238262 -0.221524 0.974556
2508 23.3 1.32 -0.29 0.0356117 0.0528394 -0.249295 0.966329
2509 23.4 1.3 -0.241 0.0529977 0.0678777 -0.268129 0.959526
2510 23.5 1.29 -0.197 0.050626 0.0675347 -0.284705 0.954892
2511 23.5 1.27 -0.158 0.0531277 0.0860666 -0.296511 0.949658
2512 23.6 1.27 -0.122 0.0537958 0.108061 -0.307319 0.943919
2513 23.6 1.26 -0.0866 0.0620745 0.126386 -0.32162 0.936341
2514 23.7 1.26 -0.0467 0.0595344 0.129353 -0.343072 0.928453
2515 23.7 1.26 -0.0115 0.0461933 0.114911 -0.374818 0.918789
2516 23.8 1.25 0.014 0.0374739 0.0908974 -0.405132 0.908956
2517 23.8 1.23 0.0221 0.0464934 0.0880789 -0.420528 0.901796
2518 23.9 1.2 0.0222 0.056082 0.099823 -0.423853 0.898465
2519 23.9 1.18 0.0141 0.0516008 0.0960305 -0.426694 0.897802
2520 24 1.15 0.00344 0.0528065 0.0846202 -0.431577 0.896545
2521 24 1.11 -0.00749 0.0500207 0.080239 -0.431263 0.897258
2522 24 1.08 -0.0107 0.0653753 0.0905684 -0.431732 0.895059
2523 24.1 1.06 -0.00892 0.0711684 0.0933827 -0.434914 0.892785
2524 24.1 1.04 -0.00696 0.0659282 0.0872649 -0.442635 0.890007
2525 24.2 1.02 -0.0116 0.0599003 0.0863212 -0.455346 0.884093
2526 24.2 1.02 -0.0185 0.0562908 0.0881114 -0.473126 0.874768
2527 24.2 1.02 -0.0244 0.0502435 0.0857739 -0.496626 0.862253
2528 24.3 1.02 -0.0246 0.0540295 0.0883912 -0.527266 0.843362
2529 24.3 1.02 -0.0238 0.0533305 0.085275 -0.553133 0.826999
2530 24.3 1.02 -0.0222 0.0550127 0.087997 -0.582272 0.806343
2531 24.3 1.01 -0.0208 0.0559544 0.091617 -0.607125 0.787321
2532 24.3 1 -0.0201 0.0537246 0.0967329 -0.626936 0.771173
2533 24.3 0.983 -0.0205 0.0476953 0.0971631 -0.644765 0.756679
2534 24.3 0.96 -0.0232 0.0452248 0.098176 -0.662794 0.740959
2535 24.3 0.931 -0.0253 0.0454981 0.0955264 -0.677833 0.727563
2536 24.3 0.896 -0.0257 0.0424529 0.0869474 -0.691018 0.716332
2537 24.2 0.858 -0.0238 0.0441625 0.0830259 -0.700756 0.707176
2538 24.2 0.82 -0.0212 0.0410815 0.0750251 -0.713654 0.695256
2539 24.2 0.783 -0.0185 0.0432203 0.071573 -0.725089 0.68356
2540 24.2 0.75 -0.0177 0.0445673 0.0724074 -0.73394 0.673872
2541 24.1 0.722 -0.0181 0.0455179 0.0740658 -0.742049 0.664685
2542 24.1 0.699 -0.0209 0.0452816 0.07721 -0.751628 0.653486
2543 24.1 0.675 -0.0239 0.0452865 0.0758089 -0.768177 0.634119
2544 24.1 0.646 -0.0275 0.0455895 0.0775331 -0.787272 0.610011
2545 24.1 0.614 -0.0308 0.0444966 0.0805581 -0.807103 0.583194
2546 24.1 0.581 -0.031 0.0404411 0.0792862 -0.827001 0.55511
2547 24.1 0.548 -0.0288 0.0354707 0.0737962 -0.845313 0.52796
2548 24.1 0.517 -0.0275 0.0282128 0.0688093 -0.860258 0.504405
2549 24.1 0.49 -0.0282 -0.032205 -0.0674184 0.87444 -0.479346
2550 24.1 0.472 -0.0304 -0.030919 -0.0613692 0.88925 -0.45223
2551 24.1 0.46 -0.0336 -0.0360539 -0.0632949 0.900862 -0.427951
2552 24.1 0.454 -0.0355 -0.0364193 -0.0678686 0.90973 -0.407993
2553 24.1 0.455 -0.0361 -0.0362552 -0.0680926 0.918084 -0.388806
2554 24.1 0.465 -0.035 -0.0344237 -0.0682905 0.925584 -0.370737
2555 24.1 0.48 -0.0361 -0.0312869 -0.0645212 0.932984 -0.352703
2556 24.1 0.5 -0.037 -0.0294862 -0.0605061 0.93952 -0.335815
2557 24.2 0.525 -0.0374 -0.0317239 -0.0584886 0.944891 -0.320552
2558 24.2 0.552 -0.0375 -0.030462 -0.0538737 0.949248 -0.308379
2559 24.2 0.578 -0.038 -0.0351761 -0.0538059 0.952946 -0.296246
2560 24.2 0.606 -0.0383 -0.0359436 -0.0524284 0.955556 -0.287874
2561 24.2 0.634 -0.0402 -0.0408577 -0.049658 0.959108 -0.275637
2562 24.2 0.656 -0.0409 -0.0462426 -0.0476959 0.96248 -0.263094
2563 24.3 0.67 -0.0376 -0.047675 -0.0477104 0.964037 -0.257066
2564 24.3 0.677 -0.0376 -0.0419401 -0.0476486 0.964553 -0.25614
2565 24.3 0.675 -0.0376 -0.0426776 -0.046381 0.963461 -0.260327
2566 24.3 0.666 -0.0362 -0.0395548 -0.0437053 0.961349 -0.268949
2567 24.3 0.652 -0.0345 -0.0378715 -0.0416343 0.957862 -0.281662
2568 24.3 0.636 -0.0321 -0.0345172 -0.0419793 0.954074 -0.294601
2569 24.2 0.62 -0.0311 -0.0331382 -0.0405903 0.951335 -0.30367
2570 24.2 0.607 -0.0319 -0.0334839 -0.0411151 0.951858 -0.301917
2571 24.2 0.594 -0.0329 -0.0294669 -0.0435623 0.953965 -0.29527
2572 24.2 0.585 -0.0361 -0.0265289 -0.0443727 0.958665 -0.2798
2573 24.1 0.574 -0.0389 -0.0329685 -0.0495301 0.964189 -0.258455
2574 24.1 0.566 -0.0442 -0.0448194 -0.0531249 0.969763 -0.233942
2575 24.1 0.561 -0.0497 -0.0582323 -0.0530253 0.975629 -0.204805
2576 24 0.562 -0.0527 -0.0747095 -0.0514465 0.980285 -0.175539
2577 24 0.568 -0.053 -0.0835707 -0.0456198 0.984805 -0.145234
2578 24 0.576 -0.0505 -0.0875917 -0.0428483 0.988492 -0.115649
2579 24 0.581 -0.048 -0.0845117 -0.0397897 0.991755 -0.087735
2580 24 0.583 -0.0471 -0.0821142 -0.0354989 0.993858 -0.065144
2581 24 0.581 -0.047 -0.0795425 -0.0296069 0.995303 -0.0465675
2582 23.9 0.575 -0.0471 -0.0739211 -0.0256061 0.996507 -0.0292043
2583 23.9 0.567 -0.0478 -0.0675443 -0.0212705 0.997451 -0.0087823
2584 23.9 0.559 -0.048 -0.0638472 -0.0121892 0.997793 0.0135744
2585 23.9 0.551 -0.0478 -0.0577693 -0.00246413 0.997586 0.0384524
2586 23.8 0.543 -0.0477 -0.0568904 0.00856467 0.996239 0.0647871
2587 23.8 0.536 -0.0471 -0.0587005 0.0145705 0.993968 0.0914806
2588 23.8 0.529 -0.0464 -0.0588966 0.0180339 0.99178 0.112153
2589 23.8 0.521 -0.0444 -0.0609536 0.0196054 0.989881 0.126635
2590 23.8 0.512 -0.0423 -0.0589796 0.0181989 0.987674 0.143845
2591 23.8 0.504 -0.0425 -0.0595682 0.0202404 0.984369 0.1645
2592 23.8 0.494 -0.0429 -0.0606165 0.023461 0.979943 0.18838
2593 23.8 0.477 -0.0429 -0.053228 0.0249452 0.975236 0.213213
2594 23.8 0.455 -0.0426 -0.0467717 0.0260912 0.969295 0.239998
2595 23.8 0.43 -0.0443 -0.0440176 0.0288183 0.962919 0.264612
2596 23.8 0.402 -0.0485 -0.0431488 0.030792 0.956718 0.286146
2597 23.8 0.375 -0.0535 -0.0397176 0.0342495 0.950435 0.306468
2598 23.8 0.347 -0.0592 -0.0394448 0.0382777 0.943416 0.327025
2599 23.9 0.322 -0.0662 -0.0398491 0.0379654 0.936086 0.347439
2600 23.9 0.299 -0.074 -0.0516082 0.0401422 0.929374 0.363302
2601 23.9 0.283 -0.0783 -0.0562932 0.0384566 0.922846 0.379087
2602 23.9 0.275 -0.0794 -0.0549503 0.032283 0.918655 0.389887
2603 24 0.276 -0.0816 -0.0511747 0.0276757 0.91623 0.396406
2604 24 0.283 -0.0861 -0.0532225 0.0272174 0.912292 0.405153
2605 24 0.298 -0.0858 -0.0525835 0.0307695 0.908178 0.414127
2606 24.1 0.317 -0.0824 -0.0452539 0.0326594 0.903474 0.424995
2607 24.1 0.338 -0.0774 -0.0365348 0.0334496 0.898434 0.436306
2608 24.2 0.356 -0.0739 -0.0219528 0.0304127 0.892233 0.450016
2609 24.2 0.376 -0.0721 -0.015465 0.0301597 0.885521 0.463362
2610 24.3 0.398 -0.0721 -0.00555876 0.0280635 0.87802 0.477769
2611 24.3 0.42 -0.0727 -0.00104764 0.0260322 0.868228 0.495482
2612 24.4 0.44 -0.071 3.36584e-05 0.0272834 0.856257 0.515828
2613 24.4 0.461 -0.0669 0.00699585 0.0310503 0.842735 0.537388
2614 24.4 0.482 -0.0629 0.0110253 0.0345771 0.829108 0.557909
2615 24.4 0.506 -0.0626 0.0176997 0.039411 0.814346 0.578769
2616 24.4 0.536 -0.065 0.0208187 0.0466515 0.798209 0.60021
2617 24.4 0.575 -0.0683 0.017865 0.050746 0.781986 0.62097
2618 24.5 0.62 -0.069 0.016809 0.0493294 0.764635 0.642353
2619 24.5 0.666 -0.0646 0.0127967 0.0499648 0.744255 0.665901
2620 24.5 0.712 -0.0595 0.0173735 0.0473087 0.725637 0.686229
2621 24.5 0.756 -0.0556 0.0229836 0.0466068 0.703494 0.708799
2622 24.5 0.792 -0.0528 0.0239156 0.0519354 0.682399 0.72874
2623 24.5 0.825 -0.0519 0.0265126 0.0528691 0.664363 0.745066
2624 24.6 0.859 -0.0532 0.0280042 0.0570251 0.650038 0.757242
2625 24.6 0.896 -0.0529 0.0266961 0.0611614 0.637867 0.76725
2626 24.6 0.941 -0.0513 0.0301711 0.0592857 0.630572 0.773275
2627 24.6 0.992 -0.0471 0.0348459 0.0555645 0.628416 0.775107
2628 24.6 1.04 -0.0409 0.0370995 0.0491265 0.630675 0.773602
2629 24.7 1.1 -0.0355 0.040961 0.0483868 0.634478 0.770336
2630 24.7 1.15 -0.0288 0.0348876 0.0576558 0.647163 0.759368
2631 24.7 1.19 -0.0244 0.0352374 0.0477549 0.661509 0.747585
2632 24.7 1.22 -0.0196 0.0332946 0.0457838 0.676121 0.734613
2633 24.7 1.27 -0.015 0.0363973 0.0411528 0.691004 0.72076
2634 24.6 1.31 -0.0117 0.0361344 0.0349442 0.707271 0.705154
2635 24.6 1.36 -0.00962 0.0387876 0.0258064 0.722957 0.689321
2636 24.6 1.41 -0.00466 0.0426365 0.0121179 0.741637 0.669336
2637 24.6 1.46 0.00415 0.0447601 0.00132252 0.757072 0.651795
2638 24.5 1.5 0.0157 0.0416191 0.00166557 0.777393 0.627635
2639 24.5 1.54 0.0218 0.0464898 -0.00758168 0.795034 0.604734
2640 24.5 1.57 0.0235 0.0404116 -0.00359876 0.815338 0.577561
2641 24.4 1.6 0.0233 0.0365034 0.00179734 0.839072 0.542791
2642 24.4 1.62 0.0221 0.0335361 0.00404523 0.858777 0.511234
2643 24.4 1.64 0.0218 0.0276498 0.00769929 0.877561 0.478606
2644 24.4 1.67 0.0221 0.0261474 0.00560595 0.895198 0.444866
2645 24.3 1.69 0.0244 0.0185142 0.00328304 0.91288 0.407794
2646 24.3 1.71 0.0259 0.0179838 -2.03634e-06 0.926329 0.376287
2647 24.3 1.73 0.0284 0.0187703 -0.00278212 0.938994 0.343408
2648 24.3 1.74 0.0277 0.0189372 -0.00556796 0.951001 0.308557
2649 24.3 1.75 0.0238 0.0156132 -0.00653704 0.961649 0.273761
2650 24.3 1.75 0.0179 0.00545517 -0.00514296 0.972214 0.233974
2651 24.3 1.74 0.0129 -0.00764608 -0.00833183 0.981231 0.192502
2652 24.3 1.73 0.00809 -0.0249107 -0.0108606 0.98764 0.154364
2653 24.3 1.71 0.00521 -0.0353968 -0.00943704 0.9924 0.117473
2654 24.2 1.69 0.00364 -0.0407068 -0.0140272 0.995701 0.0820144
2655 24.2 1.66 0.00491 -0.0402572 -0.0205704 0.997851 0.0474264
2656 24.2 1.63 0.00687 -0.0433722 -0.0260878 0.99859 0.0159809
2657 24.2 1.6 0.0115 -0.0401985 -0.0309491 0.998628 -0.0129379
2658 24.2 1.57 0.0213 -0.0256671 -0.0354835 0.998433 -0.0348485
2659 24.1 1.54 0.0339 0.00394257 -0.0357958 0.997896 -0.0539103
2660 24.1 1.52 0.0461 0.0353559 -0.0336757 0.996214 -0.0719234
2661 24.1 1.5 0.055 0.055379 -0.0327801 0.993756 -0.0911483
2662 24.1 1.47 0.0631 0.0768303 -0.0319636 0.990383 -0.110532
2663 24.1 1.44 0.0683 0.100721 -0.0300048 0.985842 -0.130651
2664 24.1 1.42 0.0694 0.114685 -0.0333207 0.9802 -0.157942
2665 24.1 1.39 0.0686 0.12749 -0.0361529 0.973619 -0.185755
2666 24.1 1.36 0.0664 0.131961 -0.0373037 0.96759 -0.212048
2667 24.1 1.33 0.0615 0.129859 -0.0384711 0.961509 -0.239076
2668 24.1 1.31 0.0558 0.119591 -0.0397431 0.95471 -0.269531
2669 24.1 1.28 0.0525 0.107521 -0.040845 0.946505 -0.301496
2670 24.1 1.26 0.0505 0.0982235 -0.0449524 0.93704 -0.332095
2671 24 1.24 0.05 0.0863897 -0.0465377 0.926423 -0.363471
2672 24 1.22 0.0516 0.0751887 -0.0437894 0.914633 -0.39481
2673 24 1.19 0.0566 0.0660428 -0.0402516 0.901462 -0.425892
2674 24 1.16 0.0614 0.0618057 -0.0395157 0.886806 -0.456282
2675 24 1.14 0.0632 0.0554328 -0.0421216 0.87003 -0.488059
2676 24 1.11 0.0625 -0.051639 0.0451579 -0.852147 0.518786
2677 24 1.09 0.0602 -0.0486756 0.0484948 -0.830465 0.552817
2678 24 1.06 0.0587 -0.0424628 0.0538681 -0.806318 0.587492
2679 24 1.05 0.0558 -0.0404487 0.0566028 -0.780748 0.620961
2680 24 1.03 0.0527 -0.0327199 0.055961 -0.757474 0.64964
2681 24 1.02 0.0478 -0.022959 0.054863 -0.736341 0.673992
2682 24 1.02 0.041 -0.0143082 0.0584577 -0.714288 0.697259
2683 24 1.01 0.0357 -0.00545152 0.0630304 -0.693702 0.717479
2684 24.1 1.01 0.034 0.0005933 0.0638066 -0.676489 0.733683
2685 24.1 1.02 0.0321 0.000271527 0.0642953 -0.662512 0.746287
2686 24.1 1.02 0.0299 0.00554338 0.0706806 -0.650873 0.755869
2687 24.1 1.03 0.0277 0.00453493 0.0770273 -0.636406 0.767485
2688 24.2 1.04 0.0244 0.00336912 0.0803526 -0.61909 0.781191
2689 24.2 1.04 0.0226 0.0062106 0.086195 -0.599261 0.795876
2690 24.2 1.04 0.0233 0.00461816 0.0888008 -0.570996 0.816123
2691 24.2 1.04 0.0278 0.00110625 0.0800084 -0.54128 0.837026
2692 24.2 1.03 0.0332 0.000591218 0.0637247 -0.510344 0.857606
2693 24.2 1.01 0.038 -0.00013555 0.0560708 -0.477008 0.877109
2694 24.2 0.998 0.0418 -0.0012449 0.052441 -0.441126 0.895911
2695 24.2 0.992 0.041 -0.00102955 0.0472048 -0.402886 0.914031
2696 24.1 0.995 0.0338 0.00277032 0.0527392 -0.357352 0.932475
2697 24.1 1 0.0273 0.0101033 0.0631852 -0.311938 0.947945
2698 24.1 1.02 0.0245 0.0194189 0.0693207 -0.277123 0.958134
2699 24.1 1.03 0.0268 0.0272464 0.0710227 -0.248726 0.965582
2700 24.1 1.05 0.0309 0.0308444 0.0703906 -0.223553 0.971657
2701 24.1 1.08 0.0355 0.0308358 0.0691175 -0.201633 0.976533
2702 24.1 1.1 0.036 0.0290114 0.0674795 -0.181014 0.980734
2703 24.1 1.13 0.0345 0.0280579 0.0682468 -0.15687 0.984859
2704 24 1.16 0.0342 0.0231677 0.0767726 -0.134332 0.987686
2705 24 1.18 0.0344 0.0191008 0.0729346 -0.111583 0.990891
2706 24 1.21 0.0301 0.0217272 0.0777311 -0.0885381 0.992797
2707 23.9 1.23 0.0263 0.0206244 0.0894856 -0.0663989 0.993558
2708 23.9 1.24 0.0242 0.0173717 0.0902443 -0.0414438 0.994905
2709 23.9 1.26 0.0237 0.0153315 0.101212 -0.0174751 0.994593
2710 23.9 1.27 0.023 0.0112541 0.106664 0.00805005 0.994199
2711 23.9 1.27 0.0216 0.0102038 0.11275 0.0342779 0.992979
2712 23.9 1.28 0.0219 0.00732737 0.11609 0.0638635 0.991156
2713 23.9 1.28 0.0262 0.00563608 0.115638 0.0950957 0.988713
2714 23.9 1.27 0.0301 0.00234615 0.113542 0.129431 0.985064
2715 23.8 1.26 0.0322 0.000924249 0.10876 0.166794 0.979974
2716 23.8 1.25 0.0314 -0.0037381 0.10185 0.205205 0.973398
2717 23.8 1.24 0.0301 -0.00457748 0.102133 0.238951 0.965635
2718 23.8 1.25 0.03 -0.000358824 0.100743 0.273919 0.956462
2719 23.8 1.26 0.0323 0.00517095 0.0965041 0.312551 0.944972
2720 23.8 1.27 0.0361 0.00830407 0.0916893 0.346879 0.933381
2721 23.8 1.28 0.0382 0.0141637 0.0902013 0.378601 0.921045
2722 23.7 1.29 0.0398 0.0179206 0.0887215 0.407798 0.908575
2723 23.7 1.3 0.0422 0.0202442 0.0831838 0.434819 0.896439
2724 23.7 1.31 0.0444 0.0241572 0.0757585 0.459094 0.884822
2725 23.7 1.32 0.0467 0.0276114 0.0632826 0.480674 0.874177
2726 23.7 1.34 0.0474 0.0330366 0.0511255 0.495426 0.866515
2727 23.7 1.36 0.0455 0.0408202 0.0415699 0.503375 0.862102
2728 23.8 1.39 0.0413 0.0436336 0.0350811 0.498068 0.865329
2729 23.8 1.42 0.0356 0.0496306 0.0300562 0.477707 0.876601
2730 23.9 1.45 0.0276 0.0491813 0.0266861 0.449965 0.891291
2731 23.9 1.48 0.0184 0.0439482 0.0315721 0.421043 0.905425
2732 24 1.51 0.0111 0.0418868 0.0436744 0.386799 0.920176
2733 24 1.53 0.00249 0.0446492 0.0476766 0.35023 0.934383
2734 24.1 1.55 -0.00454 0.043485 0.0628728 0.321464 0.943831
2735 24.2 1.56 -0.0146 0.0412149 0.0653732 0.296822 0.951801
2736 24.2 1.57 -0.0296 0.0392228 0.0611166 0.281004 0.956955
2737 24.3 1.58 -0.0484 0.0387489 0.054947 0.272598 0.959776
2738 24.4 1.6 -0.0704 0.0303589 0.0698509 0.267558 0.960527
2739 24.5 1.62 -0.103 0.0261047 0.0652821 0.260256 0.962976
2740 24.5 1.64 -0.144 0.0184543 0.0694597 0.247726 0.966161
2741 24.6 1.67 -0.189 0.0102842 0.0778844 0.236714 0.968398
2742 24.7 1.7 -0.238 0.0127637 0.0733661 0.230643 0.970185
2743 24.8 1.74 -0.286 0.00686295 0.0696667 0.225126 0.971812
2744 24.8 1.77 -0.333 0.0113037 0.0616412 0.220608 0.973347
2745 24.9 1.79 -0.39 0.0241207 0.0496405 0.213063 0.975478
2746 25 1.81 -0.451 0.0276998 0.0467819 0.213246 0.975485
2747 25.1 1.83 -0.514 0.0226425 0.0376978 0.217648 0.975036
2748 25.1 1.84 -0.571 0.0212067 0.0275157 0.219657 0.974958
2749 25.2 1.84 -0.621 0.0218672 0.0291437 0.222868 0.974167
2750 25.2 1.85 -0.657 0.0158606 0.055627 0.22521 0.972592
2751 25.3 1.87 -0.685 0.0158858 0.0632127 0.217429 0.973898
2752 25.4 1.88 -0.713 0.0220031 0.0702439 0.208691 0.975207
2753 25.4 1.89 -0.742 0.0211672 0.0718872 0.191289 0.978669
2754 25.5 1.9 -0.768 0.0269078 0.0721398 0.171338 0.982199
2755 25.5 1.92 -0.793 0.0264045 0.0822801 0.1481 0.98519
2756 25.5 1.93 -0.813 0.026899 0.093305 0.125106 0.98738
2757 25.6 1.94 -0.827 0.0287191 0.097398 0.104483 0.989329
2758 25.6 1.95 -0.837 0.0232588 0.0981365 0.0875198 0.991044
2759 25.7 1.97 -0.84 0.0148098 0.0976041 0.0705708 0.99261
2760 25.7 1.97 -0.836 0.011903 0.0960213 0.0526377 0.993915
2761 25.8 1.98 -0.824 0.0089103 0.0935087 0.0465182 0.994491
2762 25.8 1.98 -0.808 -0.00453405 0.0905561 0.0483301 0.994708
2763 25.8 1.99 -0.813 -0.0115446 0.0831042 0.041136 0.995625
2764 25.9 1.99 -0.831 -0.00377385 0.0925583 0.0339268 0.995122
2765 25.9 1.99 -0.848 0.00888402 0.0872099 0.0248556 0.99584
2766 25.9 1.99 -0.85 0.0112013 0.0821416 0.0161809 0.996426
2767 25.9 1.99 -0.836 0.0135992 0.0785983 0.0111817 0.996751
2768 26 1.97 -0.81 0.0202778 0.0846528 0.0021877 0.996202
2769 26 1.96 -0.777 0.0323575 0.0954148 -0.00607088 0.994893
2770 26 1.95 -0.748 0.0359302 0.0934014 -0.0147139 0.994871
2771 26.1 1.93 -0.725 0.0470739 0.0901487 -0.0164346 0.994679
2772 26.1 1.93 -0.701 0.0533226 0.0959698 -0.0164861 0.993818
2773 26.2 1.93 -0.673 0.0485828 0.102141 -0.0165725 0.993445
2774 26.2 1.93 -0.643 0.04541 0.101193 -0.0151084 0.993715
2775 26.2 1.94 -0.616 0.045124 0.0940485 -0.0180383 0.994381
2776 26.3 1.95 -0.593 0.0521655 0.0651352 -0.0306742 0.99604
2777 26.3 1.95 -0.574 0.0566655 0.0529467 -0.0414294 0.996127
2778 26.3 1.95 -0.555 0.0492004 0.0647774 -0.0430406 0.995756
2779 26.3 1.94 -0.536 0.0425964 0.0671344 -0.0432597 0.995895
2780 26.4 1.93 -0.521 0.0463527 0.0629692 -0.039826 0.996143
2781 26.4 1.92 -0.51 0.0450678 0.064452 -0.0281347 0.996506
2782 26.4 1.91 -0.502 0.0439571 0.0635593 -0.0207596 0.996793
2783 26.4 1.91 -0.497 0.0434337 0.0619584 -0.0186173 0.996959
2784 26.4 1.9 -0.499 0.0409636 0.0617602 -0.02542 0.996926
2785 26.5 1.91 -0.504 0.0413302 0.0726372 -0.0407923 0.995666
2786 26.5 1.93 -0.509 0.0378927 0.0845584 -0.0637653 0.993654
2787 26.5 1.94 -0.51 0.0334851 0.0896056 -0.0940909 0.990957
2788 26.5 1.96 -0.508 0.0310451 0.0946434 -0.131149 0.986346
2789 26.5 1.97 -0.506 0.0326104 0.0904929 -0.169186 0.980879
2790 26.5 1.99 -0.507 0.0354428 0.0906591 -0.205295 0.973847
2791 26.5 1.99 -0.506 0.0355867 0.0852754 -0.244079 0.965343
2792 26.5 2 -0.505 0.0385398 0.08179 -0.283877 0.954588
2793 26.5 1.99 -0.503 0.0398404 0.083618 -0.316959 0.943906
2794 26.5 1.97 -0.503 0.0393572 0.0793506 -0.350805 0.93225
2795 26.5 1.96 -0.505 0.0500763 0.0814771 -0.385134 0.917892
2796 26.4 1.94 -0.504 0.0575825 0.0851431 -0.417188 0.902989
2797 26.4 1.93 -0.497 0.0583546 0.0814838 -0.445621 0.889594
2798 26.4 1.92 -0.492 0.0652065 0.0745296 -0.471291 0.876401
2799 26.4 1.92 -0.489 0.0718864 0.0730974 -0.498322 0.860909
2800 26.3 1.91 -0.487 0.0802048 0.0742535 -0.519015 0.847748
2801 26.3 1.92 -0.489 0.0840268 0.084354 -0.536669 0.83535
2802 26.3 1.92 -0.493 0.0862939 0.0911972 -0.552506 0.823999
2803 26.3 1.92 -0.498 0.0915888 0.0979044 -0.566458 0.813112
2804 26.2 1.92 -0.501 0.0952227 0.10404 -0.579006 0.803032
2805 26.2 1.92 -0.503 0.0972164 0.109947 -0.589472 0.794345
2806 26.2 1.92 -0.505 0.100738 0.1124 -0.597481 0.78755
2807 26.2 1.91 -0.508 0.101382 0.11835 -0.605993 0.780056
2808 26.2 1.9 -0.514 0.101139 0.123411 -0.615924 0.771478
2809 26.2 1.89 -0.52 0.102877 0.130087 -0.62995 0.75872
2810 26.2 1.87 -0.527 0.0995967 0.131664 -0.64662 0.744734
2811 26.2 1.84 -0.532 0.0892976 0.128457 -0.665692 0.729643
2812 26.2 1.81 -0.534 0.0832756 0.127025 -0.686926 0.710678
2813 26.3 1.78 -0.532 0.076395 0.122661 -0.703252 0.6961
2814 26.3 1.76 -0.528 0.0722423 0.119982 -0.717443 0.682394
2815 26.3 1.74 -0.524 0.0641527 0.117614 -0.731364 0.668699
2816 26.3 1.72 -0.519 0.0532458 0.113542 -0.743603 0.656756
2817 26.3 1.69 -0.515 0.0477483 0.113101 -0.750184 0.649732
2818 26.3 1.67 -0.512 0.0390676 0.106056 -0.755821 0.64495
2819 26.3 1.63 -0.511 0.0322505 0.0997898 -0.756758 0.645229
2820 26.3 1.59 -0.512 0.0249623 0.089753 -0.755041 0.649026
2821 26.3 1.53 -0.514 0.0170444 0.0763936 -0.751363 0.65523
2822 26.3 1.48 -0.515 0.0150508 0.0650218 -0.744504 0.664273
2823 26.3 1.42 -0.513 0.014232 0.0546616 -0.737452 0.673033
2824 26.3 1.36 -0.51 0.0139313 0.0527819 -0.729881 0.68139
2825 26.3 1.31 -0.506 0.0164618 0.0637278 -0.715704 0.695296
2826 26.3 1.26 -0.502 0.00878351 0.0630572 -0.699048 0.712235
2827 26.3 1.22 -0.5 0.00973237 0.065041 -0.684214 0.72631
2828 26.3 1.18 -0.5 0.00678533 0.059759 -0.671819 0.73827
2829 26.3 1.14 -0.505 0.000706755 0.0550505 -0.662466 0.747066
2830 26.3 1.1 -0.513 -0.00858872 0.0548189 -0.651757 0.756395
2831 26.3 1.05 -0.52 -0.0236769 0.0521601 -0.63425 0.771003
2832 26.3 1.01 -0.521 -0.040796 0.0533039 -0.617422 0.783763
2833 26.3 0.974 -0.522 -0.0569247 0.0488773 -0.595128 0.800121
2834 26.3 0.942 -0.524 -0.0629368 0.0515761 -0.576252 0.813211
2835 26.3 0.913 -0.53 -0.0541519 0.0510873 -0.550394 0.831579
2836 26.4 0.889 -0.535 -0.0448087 0.0498447 -0.523452 0.849415
2837 26.4 0.865 -0.543 -0.0395728 0.0505367 -0.490923 0.868835
2838 26.4 0.841 -0.551 -0.0318106 0.0497844 -0.452121 0.889998
2839 26.4 0.821 -0.552 -0.0199977 0.0561962 -0.411749 0.909343
2840 26.4 0.802 -0.553 -0.0215131 0.0487188 -0.365715 0.929202
2841 26.4 0.786 -0.552 -0.0183105 0.053336 -0.320462 0.945581
2842 26.4 0.772 -0.551 -0.0135471 0.0530743 -0.278743 0.958802
2843 26.4 0.762 -0.552 -0.00643387 0.0534849 -0.242145 0.968743
2844 26.4 0.76 -0.553 -1.97028e-05 0.0554776 -0.207038 0.976759
2845 26.4 0.763 -0.554 0.00480471 0.0546818 -0.173309 0.983336
2846 26.4 0.769 -0.556 0.00890654 0.0538136 -0.141445 0.988442
2847 26.4 0.772 -0.559 0.0127542 0.0547023 -0.112033 0.992116
2848 26.4 0.774 -0.565 0.0187774 0.0578898 -0.0869132 0.994355
2849 26.4 0.775 -0.571 0.0249134 0.0660081 -0.0647671 0.995403
2850 26.4 0.775 -0.577 0.0269321 0.0730287 -0.0452925 0.995937
2851 26.5 0.772 -0.581 0.0327697 0.076374 -0.0329582 0.995995
2852 26.5 0.764 -0.582 0.0353285 0.077057 -0.0349243 0.995788
2853 26.5 0.749 -0.583 0.0347887 0.0748214 -0.0471913 0.995472
2854 26.5 0.728 -0.584 0.0328149 0.0695398 -0.0713711 0.994482
2855 26.5 0.705 -0.584 0.0284009 0.0573262 -0.107294 0.992167
2856 26.5 0.68 -0.584 0.0225777 0.0547313 -0.148225 0.98718
2857 26.6 0.656 -0.584 0.020479 0.0438508 -0.187459 0.981079
2858 26.6 0.632 -0.585 0.0198942 0.0360029 -0.236414 0.970781
2859 26.6 0.608 -0.586 0.0203225 0.0357847 -0.287503 0.956895
2860 26.6 0.585 -0.59 0.0178942 0.0374935 -0.338422 0.940077
2861 26.6 0.564 -0.597 0.0150836 0.0398528 -0.38528 0.921816
2862 26.6 0.543 -0.602 0.0119775 0.0429374 -0.439851 0.896964
2863 26.5 0.521 -0.605 0.0150237 0.0485958 -0.490486 0.869963
2864 26.5 0.502 -0.602 0.0185604 0.0521702 -0.535115 0.842962
2865 26.5 0.481 -0.598 0.0185783 0.0507154 -0.576134 0.815569
2866 26.5 0.459 -0.594 0.0196252 0.0537695 -0.609913 0.790398
2867 26.5 0.437 -0.591 0.0189646 0.0559606 -0.636731 0.768819
2868 26.4 0.417 -0.586 0.0230032 0.0590579 -0.657099 0.751135
2869 26.4 0.4 -0.584 0.0233472 0.0540298 -0.675612 0.734904
2870 26.4 0.386 -0.585 0.0319075 0.0580593 -0.692054 0.718799
2871 26.4 0.378 -0.587 0.0344136 0.0564928 -0.708843 0.702258
2872 26.4 0.378 -0.591 0.0435275 0.0622471 -0.726337 0.683129
2873 26.4 0.385 -0.593 0.0470854 0.0632626 -0.744896 0.662503
2874 26.4 0.394 -0.598 0.0468483 0.0691099 -0.761063 0.643283
2875 26.4 0.405 -0.607 0.052091 0.0781207 -0.774827 0.625161
2876 26.4 0.418 -0.615 0.0572321 0.0821968 -0.788219 0.60719
2877 26.4 0.433 -0.62 0.0611066 0.0873665 -0.801369 0.588592
2878 26.4 0.452 -0.625 0.0545063 0.0851408 -0.814039 0.571944
2879 26.4 0.474 -0.628 0.0461813 0.0828631 -0.827182 0.553868
2880 26.4 0.5 -0.627 0.0366678 0.0745676 -0.841484 0.533854
2881 26.3 0.522 -0.624 0.0305241 0.0659505 -0.857133 0.509943
2882 26.3 0.543 -0.618 -0.0276992 -0.0561194 0.872779 -0.484088
2883 26.3 0.562 -0.61 -0.021822 -0.0457555 0.887548 -0.457919
2884 26.3 0.579 -0.603 -0.0150731 -0.0385653 0.901308 -0.431195
2885 26.3 0.596 -0.595 -0.00515983 -0.0323893 0.913979 -0.404434
2886 26.3 0.611 -0.594 0.00465629 -0.0265843 0.925671 -0.377365
2887 26.3 0.625 -0.598 0.00590861 -0.0256107 0.93575 -0.351684
2888 26.3 0.638 -0.606 -0.0032553 -0.023455 0.9446 -0.327369
2889 26.2 0.648 -0.618 -0.0129738 -0.0286752 0.952101 -0.30416
2890 26.2 0.656 -0.631 -0.0325972 -0.0348011 0.958044 -0.282627
2891 26.2 0.663 -0.642 -0.0530578 -0.0394383 0.962457 -0.263259
2892 26.2 0.668 -0.651 -0.069646 -0.0405579 0.96659 -0.243327
2893 26.2 0.67 -0.656 -0.0830861 -0.0313069 0.97078 -0.222941
2894 26.2 0.665 -0.656 -0.088509 -0.0227149 0.975136 -0.201893
2895 26.2 0.657 -0.649 -0.0901411 -0.0142834 0.978835 -0.183176
2896 26.2 0.643 -0.64 -0.0760644 -0.00346721 0.984481 -0.158109
2897 26.1 0.627 -0.63 -0.0599444 0.00417948 0.989658 -0.130255
2898 26.1 0.611 -0.623 -0.048633 0.0108192 0.993228 -0.104961
2899 26.1 0.597 -0.617 -0.0354236 0.00982576 0.995906 -0.0825857
2900 26.1 0.588 -0.619 -0.0362371 0.00374438 0.997263 -0.0643315
2901 26.1 0.58 -0.626 -0.0446115 0.00364643 0.998203 -0.0398409
2902 26.1 0.57 -0.636 -0.0574308 0.00507865 0.998256 -0.0127221
2903 26.1 0.557 -0.646 -0.07035 0.00669414 0.997397 0.0143473
2904 26.1 0.536 -0.654 -0.0797596 0.00762704 0.99599 0.039793
2905 26.1 0.511 -0.659 -0.0903221 0.0119103 0.993246 0.0718554
2906 26.1 0.483 -0.662 -0.0962952 0.0191446 0.98962 0.104944
2907 26.1 0.454 -0.664 -0.0942858 0.0222999 0.985949 0.13608
2908 26.1 0.432 -0.664 -0.0862784 0.0252083 0.980878 0.172626
2909 26.2 0.425 -0.665 -0.0825774 0.0279584 0.972941 0.213975
2910 26.2 0.428 -0.663 -0.0783263 0.0275171 0.963637 0.253993
2911 26.2 0.438 -0.661 -0.0701298 0.0251266 0.953296 0.292705
2912 26.2 0.449 -0.659 -0.062174 0.0235795 0.941868 0.329337
2913 26.2 0.463 -0.653 -0.0442979 0.0236702 0.933832 0.354167
2914 26.2 0.478 -0.646 -0.0280871 0.0307711 0.922912 0.38275
2915 26.2 0.491 -0.638 0.00116358 0.0345526 0.911466 0.409919
2916 26.2 0.498 -0.627 0.0165051 0.0347796 0.89797 0.43837
2917 26.2 0.498 -0.616 0.019018 0.0374253 0.883639 0.466283
2918 26.2 0.49 -0.606 0.0337961 0.030907 0.868146 0.494191
2919 26.2 0.478 -0.599 0.0462493 0.02114 0.852335 0.520519
2920 26.2 0.463 -0.597 0.0482445 0.0174509 0.83596 0.546387
2921 26.2 0.444 -0.601 0.0454893 0.018358 0.821807 0.56765
2922 26.2 0.418 -0.609 0.0331018 0.026042 0.808463 0.587038
2923 26.2 0.389 -0.621 0.021988 0.0302 0.792727 0.608431
2924 26.2 0.36 -0.633 0.0133234 0.0353289 0.775914 0.629707
2925 26.2 0.333 -0.648 0.00528618 0.0440846 0.759376 0.649136
2926 26.3 0.305 -0.657 -0.00737074 0.0587073 0.745784 0.663555
2927 26.3 0.272 -0.662 -0.00732675 0.0621757 0.736777 0.673231
2928 26.3 0.236 -0.666 -0.00795361 0.0620561 0.730972 0.679534
2929 26.3 0.191 -0.674 -0.00826329 0.0595299 0.727 0.684002
2930 26.3 0.14 -0.686 -0.0102131 0.0661392 0.723675 0.686888
2931 26.3 0.0806 -0.694 -0.0191384 0.0757728 0.721423 0.688071
2932 26.3 0.0202 -0.696 -0.0205759 0.0762289 0.721226 0.688185
2933 26.4 -0.0353 -0.695 -0.0269349 0.081891 0.720701 0.687865
2934 26.4 -0.0874 -0.688 -0.0232041 0.0765573 0.721313 0.687973
2935 26.4 -0.137 -0.683 -0.012719 0.0721314 0.715695 0.694561
2936 26.4 -0.189 -0.681 -0.0113756 0.0749006 0.708876 0.701253
2937 26.4 -0.243 -0.681 -0.00418866 0.0650361 0.704117 0.707087
2938 26.4 -0.299 -0.685 -0.000340799 0.0588663 0.702293 0.70945
2939 26.4 -0.358 -0.692 0.000639922 0.0606612 0.701487 0.710095
2940 26.4 -0.417 -0.7 -0.00419574 0.0603178 0.700293 0.711291
2941 26.4 -0.471 -0.709 -0.0122009 0.0659867 0.700671 0.710322
2942 26.4 -0.517 -0.718 -0.0183418 0.0745618 0.699715 0.710284
2943 26.4 -0.559 -0.724 -0.0249775 0.0823506 0.699684 0.709251
2944 26.4 -0.601 -0.729 -0.0263945 0.084204 0.701488 0.707197
2945 26.4 -0.647 -0.735 -0.030061 0.0847471 0.705671 0.702811
2946 26.4 -0.698 -0.744 -0.0335789 0.0871453 0.70914 0.698855
2947 26.4 -0.749 -0.755 -0.0432359 0.0949757 0.71442 0.691892
2948 26.4 -0.798 -0.762 -0.0515464 0.103135 0.720465 0.683839
2949 26.4 -0.842 -0.763 -0.0622477 0.115441 0.719935 0.681537
2950 26.4 -0.88 -0.755 -0.0559781 0.111498 0.720327 0.682322
2951 26.4 -0.911 -0.751 -0.0500525 0.105002 0.719512 0.684669
2952 26.4 -0.939 -0.75 -0.0473037 0.10414 0.716853 0.687778
2953 26.4 -0.968 -0.75 -0.0456409 0.0982143 0.715542 0.690124
2954 26.4 -0.998 -0.753 -0.0450979 0.0938012 0.713785 0.692588
2955 26.4 -1.03 -0.756 -0.0433175 0.0947042 0.713544 0.692827
2956 26.4 -1.07 -0.758 -0.0430481 0.0966917 0.713614 0.692498
2957 26.4 -1.1 -0.76 -0.0449723 0.0912574 0.714032 0.692682
2958 26.4 -1.13 -0.764 -0.0483284 0.0940892 0.713865 0.692249
2959 26.4 -1.16 -0.768 -0.049853 0.0968659 0.714157 0.691456
2960 26.4 -1.19 -0.77 -0.0526103 0.0995274 0.712782 0.692292
2961 26.4 -1.22 -0.773 -0.0512981 0.100498 0.709183 0.695937
2962 26.4 -1.24 -0.777 -0.0553323 0.103266 0.704645 0.699821
2963 26.4 -1.25 -0.778 -0.060542 0.102426 0.702552 0.701615
2964 26.4 -1.26 -0.778 -0.0580035 0.1004 0.698761 0.705896
2965 26.4 -1.27 -0.779 -0.0542174 0.101817 0.692531 0.712106
2966 26.5 -1.28 -0.778 -0.0478772 0.10289 0.68444 0.720183
2967 26.5 -1.29 -0.774 -0.0436103 0.104878 0.675946 0.728146
2968 26.5 -1.31 -0.767 -0.0340299 0.101096 0.668725 0.735818
2969 26.5 -1.32 -0.761 -0.0268068 0.0931293 0.663544 0.741834
2970 26.6 -1.34 -0.754 -0.0124588 0.0868028 0.659564 0.746515
2971 26.6 -1.35 -0.747 0.00209625 0.0750603 0.654199 0.752586
2972 26.6 -1.36 -0.74 0.0143793 0.0643947 0.65032 0.756789
2973 26.6 -1.37 -0.732 0.021771 0.0559319 0.646928 0.760185
2974 26.6 -1.38 -0.721 0.0345152 0.0434583 0.6469 0.760553
2975 26.6 -1.37 -0.712 0.0447273 0.0302012 0.651429 0.756788
2976 26.6 -1.36 -0.707 0.0493578 0.0190206 0.660173 0.749249
2977 26.6 -1.34 -0.706 0.0534247 0.0116917 0.67142 0.739056
2978 26.6 -1.31 -0.706 0.0585003 -0.000755955 0.684402 0.726754
2979 26.5 -1.28 -0.703 0.0627493 -0.0209385 0.69957 0.711496
2980 26.5 -1.24 -0.699 0.0621355 -0.0369018 0.719445 0.69078
2981 26.5 -1.2 -0.697 0.0565997 -0.0417866 0.741044 0.667761
2982 26.4 -1.17 -0.691 0.0484969 -0.0400681 0.758677 0.648423
2983 26.4 -1.14 -0.688 0.0516105 -0.0410451 0.772235 0.631906
2984 26.4 -1.11 -0.688 0.0471692 -0.0416463 0.784652 0.616734
2985 26.3 -1.09 -0.691 0.0365451 -0.036971 0.799015 0.59906
2986 26.3 -1.06 -0.695 0.0282477 -0.0311021 0.810165 0.584694
2987 26.3 -1.03 -0.699 0.0175281 -0.0214871 0.818949 0.573197
2988 26.3 -0.986 -0.703 0.0120406 -0.013046 0.826449 0.562731
2989 26.3 -0.933 -0.706 0.00891907 -0.00320663 0.829669 0.558175
2990 26.3 -0.873 -0.703 0.00778019 0.00576119 0.828351 0.560126
2991 26.3 -0.811 -0.695 0.0158302 0.00341889 0.823753 0.566718
2992 26.4 -0.745 -0.686 0.0255232 -0.00115017 0.814865 0.579088
2993 26.4 -0.68 -0.677 0.0315843 0.00436263 0.806461 0.590427
2994 26.4 -0.622 -0.669 0.036543 0.0078725 0.801293 0.597103
2995 26.4 -0.569 -0.664 0.0385481 0.00824298 0.792442 0.608673
2996 26.4 -0.516 -0.666 0.045464 0.0092665 0.779671 0.624468
2997 26.4 -0.453 -0.674 0.0444843 0.0141323 0.762346 0.645485
2998 26.4 -0.381 -0.683 0.0385913 0.0184251 0.743736 0.667104
2999 26.4 -0.307 -0.687 0.0347799 0.0147634 0.726253 0.686389
3000 26.4 -0.232 -0.683 0.0370491 0.003988 0.708788 0.704436
3001 26.4 -0.168 -0.673 0.0317988 0.0106703 0.691754 0.721354
3002 26.4 -0.112 -0.667 0.035204 0.013411 0.66829 0.742946
3003 26.4 -0.0638 -0.659 0.0246272 0.0297502 0.653895 0.755599
3004 26.4 -0.0173 -0.655 0.024265 0.0324386 0.644884 0.763206
3005 26.4 0.0375 -0.653 0.0268469 0.0357958 0.637241 0.769364
3006 26.4 0.103 -0.653 0.032107 0.0375982 0.633158 0.772442
3007 26.4 0.176 -0.652 0.0396773 0.032661 0.629881 0.77499
3008 26.4 0.253 -0.651 0.0570255 0.0220896 0.63021 0.774012
3009 26.4 0.333 -0.644 0.0476126 0.0351016 0.629689 0.774592
3010 26.4 0.404 -0.64 0.0401805 0.044487 0.638346 0.767412
3011 26.4 0.465 -0.637 0.0339815 0.0530848 0.644962 0.761611
3012 26.4 0.524 -0.634 0.0300845 0.0540185 0.653291 0.754578
3013 26.4 0.587 -0.635 0.0250042 0.05007 0.660438 0.748792
3014 26.4 0.654 -0.635 0.0210764 0.0435909 0.665992 0.744386
3015 26.4 0.724 -0.631 0.0216658 0.0311988 0.668988 0.742302
3016 26.4 0.797 -0.624 0.028104 0.0162876 0.667878 0.743561
3017 26.3 0.868 -0.612 0.0248458 0.0215393 0.672448 0.739414
3018 26.3 0.932 -0.607 0.0329767 0.0211773 0.665027 0.74579
3019 26.3 0.994 -0.602 0.0268968 0.03217 0.658883 0.751076
3020 26.3 1.05 -0.601 0.0301314 0.0336766 0.653413 0.755652
3021 26.3 1.12 -0.606 0.0289543 0.0339518 0.642928 0.764625
3022 26.3 1.19 -0.613 0.032541 0.0344716 0.635464 0.770674
3023 26.4 1.26 -0.619 0.0360983 0.0342146 0.622247 0.78124
3024 26.4 1.33 -0.622 0.0480016 0.0288973 0.6053 0.794023
3025 26.4 1.4 -0.621 0.0482194 0.0374905 0.588985 0.805832
3026 26.5 1.46 -0.623 0.0506505 0.0395217 0.567292 0.821007
3027 26.5 1.52 -0.625 0.0431897 0.0481944 0.538863 0.839904
3028 26.5 1.58 -0.632 0.0367052 0.0519308 0.509215 0.858287
3029 26.6 1.63 -0.644 0.032781 0.0611373 0.474682 0.877419
3030 26.6 1.69 -0.657 0.0376978 0.055257 0.430175 0.900264
3031 26.6 1.75 -0.67 0.0383259 0.0471719 0.3821 0.92212
3032 26.7 1.8 -0.683 0.031247 0.066042 0.339217 0.937867
3033 26.7 1.84 -0.702 0.03373 0.0624812 0.302107 0.950626
3034 26.7 1.87 -0.722 0.0284462 0.0594985 0.277125 0.958568
3035 26.8 1.9 -0.744 0.0237552 0.0456293 0.262559 0.963544
3036 26.8 1.92 -0.776 0.0243124 0.0383488 0.250836 0.966964
3037 26.8 1.94 -0.815 0.0268096 0.0379486 0.236981 0.970403
3038 26.9 1.96 -0.858 0.0254416 0.0281032 0.224582 0.973717
3039 26.9 1.98 -0.903 0.0148019 0.0273281 0.211629 0.976856
3040 26.9 1.99 -0.942 0.0108493 0.0320181 0.19283 0.98065
3041 27 1.99 -0.973 0.00823071 0.0426862 0.170053 0.984476
3042 27.1 2 -0.995 0.00638862 0.0613212 0.146975 0.987217
3043 27.1 2.01 -1.01 0.00463692 0.0694812 0.126068 0.989575
3044 27.2 2 -1.01 -0.00673422 0.0718823 0.0983684 0.992528
3045 27.3 2 -0.989 -0.0152874 0.077322 0.067634 0.994592
3046 27.4 1.99 -0.963 -0.0163844 0.0723758 0.0366927 0.996568
3047 27.4 1.99 -0.932 -0.009212 0.0854751 0.00711963 0.996272
3048 27.5 2.01 -0.898 0.00640343 0.0945814 -0.0150992 0.995382
3049 27.6 2.02 -0.858 0.0196868 0.0964294 -0.0288403 0.994727
3050 27.6 2.04 -0.811 0.038132 0.0892123 -0.0427549 0.994364
3051 27.7 2.07 -0.762 0.052788 0.0706112 -0.0522541 0.994735
3052 27.8 2.1 -0.711 0.0507493 0.0586551 -0.0512157 0.995671
3053 27.8 2.13 -0.65 0.0370799 0.0453888 -0.0565989 0.996675
3054 27.9 2.15 -0.586 0.0303867 0.0552178 -0.0611853 0.996135
3055 27.9 2.15 -0.515 0.032634 0.0865602 -0.0539027 0.994252
3056 28 2.15 -0.445 0.0338035 0.0963211 -0.0583689 0.993062
3057 28 2.15 -0.383 0.0284058 0.108112 -0.0697806 0.99128
3058 28.1 2.13 -0.332 0.0204236 0.111804 -0.0843217 0.989936
3059 28.1 2.12 -0.294 0.0151408 0.105552 -0.105738 0.98866
3060 28.1 2.1 -0.272 0.0160719 0.0845633 -0.120842 0.988933
3061 28.2 2.08 -0.263 0.0272461 0.0760199 -0.136332 0.987366
3062 28.3 2.05 -0.26 0.0387527 0.0810889 -0.151998 0.984286
3063 28.3 2.02 -0.257 0.0518771 0.0689517 -0.15989 0.983356
3064 28.4 2 -0.253 0.0598441 0.0663237 -0.159234 0.983191
3065 28.5 1.98 -0.247 0.0588767 0.0752627 -0.157333 0.982912
3066 28.5 1.96 -0.248 0.052775 0.072591 -0.154558 0.983899
3067 28.6 1.94 -0.253 0.0482867 0.077832 -0.150784 0.984314
3068 28.7 1.93 -0.266 0.0415127 0.0789837 -0.15016 0.984627
3069 28.7 1.92 -0.281 0.032753 0.0813784 -0.156903 0.98371
3070 28.8 1.9 -0.29 0.018404 0.0734424 -0.163347 0.983659
3071 28.9 1.88 -0.285 0.0120966 0.0752791 -0.170669 0.982374
3072 29 1.85 -0.281 0.0145768 0.059697 -0.185122 0.980792
3073 29 1.83 -0.28 0.0173227 0.0592558 -0.198548 0.978145
3074 29.1 1.8 -0.285 0.0177363 0.0568945 -0.199216 0.978142
3075 29.1 1.76 -0.296 0.0183667 0.0563699 -0.201582 0.977676
3076 29.2 1.72 -0.305 0.0189486 0.0493439 -0.197998 0.978776
3077 29.3 1.68 -0.308 0.0152963 0.0333487 -0.189896 0.981118
3078 29.3 1.65 -0.311 0.0217186 0.038474 -0.179308 0.9828
3079 29.4 1.62 -0.315 0.0246499 0.0496726 -0.163042 0.98506
3080 29.4 1.59 -0.32 0.025653 0.058494 -0.144723 0.987409
3081 29.5 1.57 -0.329 0.0256313 0.0689873 -0.133109 0.988365
3082 29.6 1.55 -0.34 0.0232413 0.0733681 -0.119404 0.989858
3083 29.6 1.53 -0.353 0.0198355 0.0782057 -0.112479 0.990373
3084 29.7 1.51 -0.361 0.0110352 0.0767506 -0.103506 0.991602
3085 29.8 1.5 -0.361 0.00265476 0.07389 -0.0919686 0.993013
3086 29.8 1.48 -0.357 0.00844041 0.0715006 -0.0826248 0.993977
3087 29.9 1.46 -0.355 0.0101917 0.0621329 -0.0812728 0.994701
3088 29.9 1.44 -0.354 0.0169426 0.0625783 -0.0763775 0.994969
3089 30 1.42 -0.358 0.0218376 0.0570372 -0.0721247 0.995524
3090 30 1.4 -0.368 0.0235892 0.0567678 -0.0649532 0.995993
3091 30.1 1.37 -0.375 0.0285889 0.0559583 -0.0556359 0.996472
3092 30.2 1.34 -0.375 0.0281939 0.0470736 -0.0491411 0.997283
3093 30.2 1.3 -0.374 0.0309526 0.0362202 -0.0466803 0.997773
3094 30.3 1.27 -0.371 0.0338536 0.0432441 -0.0439912 0.997521
3095 30.3 1.24 -0.373 0.0320475 0.0381373 -0.0385272 0.998015
3096 30.4 1.23 -0.378 0.0344939 0.0455051 -0.0432612 0.997431
3097 30.4 1.22 -0.386 0.0345607 0.0433195 -0.048806 0.99727
3098 30.5 1.22 -0.395 0.0310669 0.0412 -0.0615812 0.996767
3099 30.5 1.22 -0.403 0.0269534 0.0401514 -0.0787214 0.995723
3100 30.6 1.24 -0.407 0.0190721 0.0326709 -0.0955654 0.994704
3101 30.6 1.25 -0.406 0.0158507 0.0301977 -0.112599 0.993055
3102 30.7 1.27 -0.403 0.0157791 0.0262485 -0.122271 0.992024
3103 30.7 1.28 -0.403 0.0130056 0.02062 -0.128994 0.991346
3104 30.8 1.29 -0.405 0.0200637 0.0289777 -0.123465 0.991723
3105 30.8 1.29 -0.408 0.0235883 0.0269278 -0.111666 0.993101
3106 30.9 1.3 -0.412 0.022986 0.0251967 -0.096881 0.994711
3107 30.9 1.3 -0.415 0.0248352 0.0232205 -0.0728058 0.996766
3108 31 1.29 -0.417 0.0291727 0.0164637 -0.0502629 0.998174
3109 31 1.28 -0.419 0.0349914 0.0111225 -0.0292175 0.998899
3110 31.1 1.27 -0.42 0.0359955 0.00786625 -0.00813777 0.999288
3111 31.2 1.25 -0.426 0.0361812 0.0126508 0.0149285 0.999154
3112 31.2 1.24 -0.435 0.0353655 0.0320645 0.0414604 0.997999
3113 31.3 1.24 -0.444 0.0302045 0.0396896 0.0699822 0.996301
3114 31.3 1.24 -0.452 0.0245881 0.052545 0.0937227 0.993907
3115 31.3 1.25 -0.457 0.0207188 0.0552075 0.119819 0.991043
3116 31.4 1.27 -0.461 0.0143018 0.0579384 0.147268 0.987295
3117 31.4 1.29 -0.461 0.00869946 0.0458932 0.17473 0.983508
3118 31.5 1.3 -0.458 0.000477316 0.0265173 0.199833 0.979471
3119 31.5 1.32 -0.45 0.000176655 0.020419 0.225418 0.974048
3120 31.5 1.33 -0.446 0.00201601 0.00655759 0.244998 0.969499
3121 31.6 1.34 -0.445 0.00374118 0.00458153 0.266979 0.963684
3122 31.6 1.36 -0.444 0.00883137 0.00587659 0.293122 0.956016
3123 31.6 1.38 -0.446 0.0182093 0.00183617 0.321633 0.946687
3124 31.7 1.39 -0.451 0.0260031 0.00936311 0.349499 0.936529
3125 31.7 1.41 -0.454 0.0329248 0.0108583 0.37898 0.924755
3126 31.7 1.43 -0.454 0.0418068 0.00674 0.412325 0.910052
3127 31.7 1.44 -0.451 0.0430649 0.00688587 0.448296 0.89282
3128 31.8 1.44 -0.448 0.0475602 0.00207273 0.478808 0.876628
3129 31.8 1.44 -0.446 0.0514041 -0.000337281 0.507672 0.860016
3130 31.8 1.45 -0.447 0.0531091 -0.00329011 0.532284 0.844892
3131 31.8 1.46 -0.447 0.0541012 -0.00921189 0.556371 0.82912
3132 31.8 1.46 -0.446 0.0569146 -0.0143497 0.58025 0.81232
3133 31.8 1.47 -0.442 0.0560322 -0.0143046 0.604041 0.794852
3134 31.8 1.47 -0.442 0.0565525 -0.013538 0.627203 0.776682
3135 31.8 1.48 -0.443 0.054611 -0.00917971 0.646981 0.760492
3136 31.8 1.49 -0.445 0.0510936 -0.00761854 0.664801 0.745233
3137 31.7 1.49 -0.445 0.0431454 -0.00313471 0.679914 0.732015
3138 31.7 1.5 -0.445 0.0340031 -0.000718699 0.694698 0.718497
3139 31.7 1.5 -0.443 0.0263258 -0.000600909 0.707694 0.706028
3140 31.7 1.51 -0.443 0.0249265 0.000309318 0.720259 0.693257
3141 31.6 1.51 -0.441 0.0240591 0.00071931 0.731703 0.681198
3142 31.6 1.52 -0.436 0.0301093 -0.00811199 0.741832 0.669861
3143 31.6 1.52 -0.43 0.0414673 -0.0214683 0.749155 0.660747
3144 31.5 1.52 -0.425 0.0507815 -0.0326992 0.753255 0.654949
3145 31.5 1.52 -0.421 0.059287 -0.0408015 0.755933 0.65068
3146 31.5 1.52 -0.417 0.0654226 -0.0492919 0.759637 0.645168
3147 31.5 1.52 -0.412 0.0730937 -0.0624357 0.763587 0.638509
3148 31.5 1.52 -0.407 0.0725655 -0.0761503 0.771433 0.627555
3149 31.5 1.53 -0.405 0.0724708 -0.0841696 0.78329 0.611654
3150 31.5 1.54 -0.407 0.0685218 -0.0797961 0.796182 0.595846
3151 31.4 1.56 -0.412 0.0589907 -0.0728171 0.81007 0.578796
3152 31.4 1.57 -0.416 0.0490261 -0.0666732 0.82453 0.559733
3153 31.4 1.6 -0.417 0.0404021 -0.0554586 0.838606 0.5404
3154 31.4 1.62 -0.418 0.0334263 -0.0493062 0.85177 0.520519
3155 31.4 1.64 -0.417 0.0287859 -0.0421385 0.864713 0.499666
3156 31.4 1.66 -0.42 0.0189155 -0.0340987 0.874582 0.483307
3157 31.4 1.69 -0.424 0.00518439 -0.0248433 0.88499 0.464918
3158 31.4 1.7 -0.429 -0.00449572 -0.01567 0.895062 0.445643
3159 31.4 1.71 -0.431 -0.00952931 -0.00888558 0.907127 0.420655
3160 31.4 1.71 -0.432 -0.00986169 -0.00596804 0.918556 0.395122
3161 31.4 1.71 -0.431 -0.008442 -0.00460422 0.929628 0.368375
3162 31.4 1.71 -0.427 0.00224622 -0.00928714 0.941482 0.336927
3163 31.4 1.71 -0.422 0.0168233 -0.0150391 0.951644 0.306373
3164 31.3 1.7 -0.421 0.0269729 -0.0160502 0.960336 0.277075
3165 31.3 1.7 -0.423 0.0291161 -0.0161756 0.968445 0.246993
3166 31.3 1.69 -0.426 0.0340635 -0.018998 0.9762 0.213336
3167 31.3 1.67 -0.43 0.0369967 -0.0190837 0.98237 0.182256
3168 31.3 1.64 -0.434 0.0309809 -0.0179365 0.98688 0.157434
3169 31.3 1.61 -0.434 0.0333258 -0.0169737 0.990904 0.129273
3170 31.3 1.59 -0.43 0.0366929 -0.0216306 0.993974 0.101
3171 31.3 1.57 -0.427 0.0363471 -0.0262897 0.996235 0.0741827
3172 31.3 1.55 -0.421 0.0403398 -0.0324098 0.997426 0.0496261
3173 31.3 1.53 -0.418 0.0449751 -0.0357347 0.998033 0.025093
3174 31.3 1.51 -0.418 0.0458894 -0.0328874 0.998361 0.00940258
3175 31.3 1.49 -0.416 0.0480366 -0.0339505 0.998252 -0.00578116
3176 31.3 1.47 -0.413 0.0480655 -0.039646 0.997807 -0.0223269
3177 31.3 1.44 -0.412 0.0448732 -0.0461939 0.997053 -0.0416782
3178 31.3 1.42 -0.41 0.0445408 -0.0500126 0.995832 -0.0619132
3179 31.3 1.4 -0.41 0.0423548 -0.0479298 0.994163 -0.0868794
3180 31.3 1.39 -0.409 0.0368854 -0.044329 0.991104 -0.11995
3181 31.3 1.39 -0.407 0.0407584 -0.0375702 0.986849 -0.151844
3182 31.3 1.4 -0.403 0.0427841 -0.0302693 0.981361 -0.184891
3183 31.2 1.42 -0.396 0.0441568 -0.0277854 0.97458 -0.217881
3184 31.2 1.44 -0.389 0.0459704 -0.0186501 0.968004 -0.245981
3185 31.2 1.46 -0.384 0.0489097 -0.0117782 0.96055 -0.273521
3186 31.2 1.48 -0.382 0.0501293 -0.0097712 0.951951 -0.301962
3187 31.2 1.49 -0.384 0.0466733 -0.00792045 0.941469 -0.333759
3188 31.2 1.49 -0.389 0.0416014 -0.00781372 0.928776 -0.368217
3189 31.2 1.5 -0.395 0.0349698 -0.00725945 0.914424 -0.403179
3190 31.2 1.51 -0.4 0.0215606 -0.00320848 0.902406 -0.430335
3191 31.2 1.51 -0.4 0.0178638 0.00180479 0.889998 -0.45561
3192 31.3 1.52 -0.395 0.0274716 0.000961249 0.877224 -0.479294
3193 31.3 1.54 -0.388 -0.0450409 -0.00447324 -0.86247 0.50408
3194 31.3 1.56 -0.384 -0.0610468 -0.00631046 -0.845163 0.530973
3195 31.3 1.59 -0.383 -0.0700922 -0.00906184 -0.830207 0.552957
3196 31.4 1.62 -0.384 -0.0727601 -0.0131473 -0.816077 0.573194
3197 31.4 1.65 -0.385 -0.0795944 -0.01523 -0.801795 0.592078
3198 31.4 1.68 -0.382 -0.0862509 -0.016219 -0.786768 0.610978
3199 31.4 1.71 -0.377 -0.0880037 -0.0137677 -0.769909 0.631907
3200 31.5 1.74 -0.37 -0.0920566 -0.0131939 -0.752323 0.652197
3201 31.5 1.76 -0.368 -0.0949658 -0.0131841 -0.735264 0.670965
3202 31.5 1.79 -0.37 -0.0866171 -0.00487533 -0.716328 0.692349
3203 31.5 1.82 -0.374 -0.0741213 0.00675749 -0.69637 0.713813
3204 31.4 1.86 -0.38 -0.0608228 0.0114256 -0.678021 0.732432
3205 31.4 1.89 -0.384 -0.0502367 0.0197712 -0.660817 0.748603
3206 31.4 1.93 -0.391 -0.0357569 0.0392656 -0.63963 0.766846
3207 31.4 1.97 -0.395 -0.0211941 0.0536249 -0.620084 0.782414
3208 31.4 2 -0.398 -0.00531188 0.0652032 -0.601278 0.796357
3209 31.4 2.03 -0.4 0.0113449 0.0766086 -0.58339 0.808492
3210 31.4 2.05 -0.399 0.022653 0.0819651 -0.568833 0.818045
3211 31.4 2.07 -0.397 0.0284202 0.0839446 -0.551833 0.829232
3212 31.4 2.09 -0.398 0.029943 0.07941 -0.531119 0.843036
3213 31.4 2.11 -0.403 0.0396279 0.077449 -0.509516 0.856052
3214 31.4 2.15 -0.41 0.0534986 0.0830439 -0.489175 0.866573
3215 31.4 2.19 -0.419 0.0617048 0.090835 -0.464157 0.878919
3216 31.4 2.23 -0.42 0.0700456 0.0997913 -0.438472 0.890437
3217 31.4 2.28 -0.418 0.0702114 0.10258 -0.419165 0.89936
3218 31.4 2.32 -0.412 0.065479 0.108864 -0.395111 0.909807
3219 31.4 2.37 -0.4 0.0504749 0.103987 -0.373413 0.920436
3220 31.4 2.41 -0.388 0.0325719 0.0905629 -0.350332 0.931668
3221 31.4 2.45 -0.379 0.0210889 0.0819635 -0.329727 0.940275
3222 31.4 2.48 -0.376 0.0132566 0.0822741 -0.308056 0.947711
3223 31.4 2.51 -0.376 0.0101494 0.0891084 -0.277093 0.956648
3224 31.4 2.53 -0.38 0.00729977 0.094384 -0.25379 0.962616
3225 31.4 2.55 -0.382 0.0080273 0.101372 -0.23365 0.966988
3226 31.4 2.56 -0.384 0.00829447 0.105861 -0.219768 0.969756
3227 31.3 2.57 -0.385 0.010107 0.112254 -0.211032 0.97096
3228 31.3 2.58 -0.385 0.014932 0.112817 -0.20638 0.971832
3229 31.3 2.58 -0.385 0.0204227 0.112194 -0.200998 0.972931
3230 31.2 2.6 -0.385 0.0281841 0.112911 -0.195455 0.973783
3231 31.2 2.61 -0.384 0.0314375 0.109788 -0.192678 0.974594
3232 31.1 2.62 -0.384 0.0360739 0.113471 -0.18844 0.97484
3233 31.1 2.64 -0.381 0.0414798 0.119513 -0.186353 0.974304
3234 31 2.65 -0.373 0.0465457 0.11291 -0.189004 0.974352
3235 31 2.66 -0.364 0.05102 0.104573 -0.19754 0.973365
3236 31 2.67 -0.357 0.0542922 0.0999515 -0.214334 0.970115
3237 30.9 2.68 -0.353 0.053202 0.0983918 -0.234826 0.96558
3238 30.9 2.7 -0.351 0.0475499 0.0974734 -0.254117 0.961074
3239 30.9 2.72 -0.354 0.0420994 0.0997328 -0.270956 0.956485
3240 30.8 2.74 -0.358 0.0387233 0.106889 -0.291318 0.949847
3241 30.8 2.77 -0.358 0.041164 0.115734 -0.316297 0.940674
3242 30.8 2.79 -0.358 0.0361945 0.117938 -0.337718 0.933128
3243 30.7 2.81 -0.354 0.0371067 0.129516 -0.359303 0.923445
3244 30.7 2.81 -0.342 0.0371667 0.122637 -0.38601 0.913551
3245 30.7 2.81 -0.326 0.0345939 0.108965 -0.417023 0.901677
3246 30.6 2.81 -0.312 0.0261937 0.0898238 -0.446673 0.889792
3247 30.6 2.8 -0.301 0.0192963 0.0706619 -0.477161 0.875758
3248 30.6 2.8 -0.293 0.0148976 0.0545762 -0.506353 0.860469
3249 30.5 2.79 -0.289 0.0106591 0.0464984 -0.534478 0.843835
3250 30.5 2.78 -0.289 0.0118777 0.0445241 -0.562374 0.825598
3251 30.4 2.78 -0.292 0.0194116 0.0515813 -0.586452 0.808106
3252 30.4 2.78 -0.296 0.0257588 0.0579721 -0.610539 0.789442
3253 30.3 2.78 -0.298 0.0315154 0.0641968 -0.632617 0.771156
3254 30.3 2.78 -0.299 0.0377 0.0694542 -0.652518 0.753641
3255 30.3 2.78 -0.302 0.0476906 0.0773244 -0.671631 0.735295
3256 30.2 2.78 -0.305 0.0553963 0.0867685 -0.692674 0.713867
3257 30.2 2.79 -0.307 0.0623606 0.0949363 -0.712955 0.691949
3258 30.1 2.8 -0.308 0.0635797 0.0985365 -0.731038 0.672184
3259 30.1 2.81 -0.307 0.06524 0.10114 -0.748086 0.652596
3260 30.1 2.82 -0.305 0.0694393 0.100294 -0.763035 0.634741
3261 30 2.83 -0.304 0.0722006 0.0982359 -0.776369 0.618376
3262 30 2.84 -0.301 0.0727953 0.0941163 -0.788127 0.603903
3263 30 2.85 -0.3 0.0725014 0.0896302 -0.799919 0.58893
3264 30 2.87 -0.297 0.0752372 0.0864574 -0.81229 0.571882
3265 30 2.87 -0.292 0.0737215 0.0802489 -0.82811 0.549872
3266 30 2.88 -0.288 0.072745 0.075646 -0.845916 0.522888
3267 29.9 2.88 -0.286 -0.0701642 -0.0713614 0.865442 -0.490912
3268 29.9 2.88 -0.286 -0.0646865 -0.0716657 0.883625 -0.458134
3269 29.9 2.88 -0.285 -0.0560258 -0.0735578 0.900851 -0.424168
3270 29.9 2.87 -0.285 -0.0480187 -0.0735953 0.916063 -0.391288
3271 30 2.86 -0.285 -0.0435185 -0.0655926 0.930128 -0.358701
3272 30 2.84 -0.286 -0.0412652 -0.0549676 0.94224 -0.327812
3273 30 2.83 -0.29 -0.045131 -0.0517167 0.95078 -0.302168
3274 30 2.81 -0.295 -0.0471374 -0.0475702 0.955751 -0.286454
3275 30 2.78 -0.299 -0.0446347 -0.0464272 0.958334 -0.278294
3276 30.1 2.76 -0.302 -0.0481239 -0.053929 0.956653 -0.282119
3277 30.1 2.72 -0.307 -0.0484866 -0.0615785 0.953496 -0.291038
3278 30.1 2.68 -0.315 -0.0510675 -0.0702836 0.947758 -0.30693
3279 30.1 2.64 -0.326 -0.0559831 -0.0823572 0.939721 -0.327119
3280 30.1 2.59 -0.336 -0.0613282 -0.0953754 0.930272 -0.348907
3281 30.1 2.54 -0.342 -0.0630578 -0.102746 0.917821 -0.378247
3282 30.1 2.48 -0.348 -0.0625379 -0.0993711 0.904234 -0.41058
3283 30.2 2.42 -0.352 -0.0670425 -0.0966029 0.890988 -0.438536
3284 30.2 2.37 -0.354 -0.0667802 -0.097063 0.877773 -0.464363
3285 30.2 2.32 -0.357 0.0717709 0.101214 -0.860699 0.493762
3286 30.2 2.27 -0.364 0.0736129 0.0996648 -0.840019 0.52822
3287 30.3 2.22 -0.372 0.0831636 0.109412 -0.814748 0.563293
3288 30.3 2.19 -0.379 0.0831922 0.112855 -0.789186 0.597937
3289 30.4 2.15 -0.385 0.0846999 0.117394 -0.765494 0.626948
3290 30.4 2.12 -0.387 0.0786843 0.118569 -0.748605 0.647565
3291 30.5 2.11 -0.39 0.0676981 0.114874 -0.738362 0.661092
3292 30.6 2.09 -0.394 0.0597564 0.113191 -0.731792 0.669401
3293 30.7 2.08 -0.398 0.0608995 0.115582 -0.719705 0.681877
3294 30.7 2.07 -0.405 0.0567275 0.107317 -0.706639 0.697084
3295 30.8 2.06 -0.412 0.0623312 0.114086 -0.686838 0.71509
3296 30.8 2.04 -0.417 0.0587248 0.119575 -0.661506 0.738013
3297 30.9 2.02 -0.424 0.0542174 0.124294 -0.635308 0.76026
3298 31 2 -0.434 0.0544124 0.125141 -0.605822 0.78381
3299 31.1 1.97 -0.443 0.0532993 0.123258 -0.577899 0.804984
3300 31.1 1.94 -0.448 0.0542457 0.116044 -0.551246 0.824451
3301 31.2 1.91 -0.449 0.0564163 0.112534 -0.53096 0.837995
3302 31.3 1.89 -0.448 0.0561841 0.112551 -0.504307 0.854313
3303 31.4 1.87 -0.45 0.0587534 0.116836 -0.469102 0.873407
3304 31.4 1.87 -0.45 0.0569543 0.124783 -0.433544 0.890632
3305 31.5 1.87 -0.456 0.05186 0.120428 -0.401919 0.906239
3306 31.6 1.87 -0.469 0.0507612 0.120333 -0.378767 0.916231
3307 31.7 1.88 -0.479 0.049375 0.117802 -0.362143 0.923329
3308 31.8 1.89 -0.483 0.0450892 0.107365 -0.35156 0.928895
3309 31.8 1.9 -0.483 0.0422504 0.103007 -0.340992 0.93345
3310 31.9 1.92 -0.482 0.0463232 0.107966 -0.328212 0.937269
3311 32 1.93 -0.487 0.0397248 0.100389 -0.313762 0.943344
3312 32.1 1.94 -0.49 0.036861 0.105538 -0.285792 0.951749
3313 32.1 1.94 -0.5 0.0310648 0.0960486 -0.260193 0.960265
3314 32.2 1.93 -0.518 0.0304105 0.0851716 -0.238825 0.966842
3315 32.3 1.92 -0.535 0.034478 0.0788001 -0.220985 0.971477
3316 32.4 1.91 -0.548 0.032637 0.0672688 -0.204285 0.976052
3317 32.4 1.91 -0.558 0.0341434 0.0735964 -0.189303 0.978561
3318 32.5 1.9 -0.573 0.0330731 0.0732945 -0.169127 0.982308
3319 32.6 1.91 -0.588 0.0330313 0.0851654 -0.149588 0.98452
3320 32.7 1.92 -0.604 0.0303251 0.0891479 -0.135427 0.986303
3321 32.8 1.94 -0.623 0.0274043 0.0828653 -0.126585 0.988109
3322 32.8 1.97 -0.642 0.0231437 0.0726856 -0.12668 0.989006
3323 32.9 1.99 -0.662 0.0266164 0.0630219 -0.128394 0.989361
3324 33 2 -0.688 0.0354007 0.0614163 -0.131465 0.988783
3325 33 2.01 -0.721 0.0368093 0.0577142 -0.136308 0.988299
3326 33.1 2.01 -0.762 0.0390756 0.0646166 -0.131828 0.988392
3327 33.2 2.01 -0.81 0.0341018 0.0632942 -0.126697 0.989332
3328 33.2 2 -0.861 0.0284281 0.0651576 -0.124587 0.989659
3329 33.3 1.99 -0.911 0.023413 0.0589768 -0.125008 0.990125
3330 33.4 1.97 -0.959 0.0165857 0.0526337 -0.128341 0.990193
3331 33.4 1.96 -1 0.0127009 0.0476174 -0.131115 0.990142
3332 33.5 1.95 -1.04 0.0194522 0.048404 -0.130964 0.990014
3333 33.5 1.94 -1.09 0.0176184 0.0583297 -0.13333 0.989197
3334 33.6 1.94 -1.14 0.0197027 0.0757567 -0.132805 0.988046
3335 33.6 1.94 -1.2 0.0219589 0.0904008 -0.130271 0.987104
3336 33.7 1.96 -1.25 0.0193756 0.0898527 -0.128093 0.987493
3337 33.7 1.97 -1.28 0.0160529 0.0860129 -0.115519 0.989444
3338 33.8 1.98 -1.31 0.0159258 0.0815505 -0.0990904 0.991603
3339 33.8 1.99 -1.33 0.00905391 0.0776159 -0.0916359 0.992722
3340 33.9 1.99 -1.34 0.0121738 0.0798086 -0.0997495 0.991732
3341 33.9 1.99 -1.35 0.018446 0.0993021 -0.0988679 0.989962
3342 33.9 1.99 -1.34 0.00497204 0.108018 -0.0894227 0.990107
3343 34 1.98 -1.33 -0.00029553 0.0930895 -0.0887322 0.991696
3344 34 1.97 -1.32 -0.00289189 0.0884744 -0.0809867 0.992776
3345 34 1.96 -1.33 -0.00451518 0.0976441 -0.0745128 0.992418
3346 34.1 1.95 -1.33 0.0123095 0.0979025 -0.0742514 0.992346
3347 34.1 1.93 -1.33 0.0196822 0.0831893 -0.0784533 0.993246
3348 34.1 1.92 -1.32 0.026966 0.0734472 -0.0754648 0.994074
3349 34.1 1.91 -1.3 0.0270623 0.0781763 -0.0780502 0.993511
3350 34.2 1.89 -1.27 0.027614 0.0839343 -0.0866828 0.99231
3351 34.2 1.87 -1.25 0.0324808 0.0917097 -0.089744 0.991201
3352 34.2 1.86 -1.24 0.0348955 0.0923359 -0.104573 0.989606
3353 34.3 1.86 -1.22 0.0402916 0.105352 -0.123837 0.985871
3354 34.3 1.86 -1.21 0.0542784 0.125268 -0.142274 0.980367
3355 34.3 1.88 -1.19 0.0621734 0.128116 -0.170239 0.975059
3356 34.4 1.89 -1.18 0.0684502 0.128516 -0.210164 0.966762
3357 34.4 1.91 -1.18 0.0833677 0.12448 -0.256232 0.954934
3358 34.4 1.91 -1.16 0.0918274 0.135188 -0.30303 0.938864
3359 34.4 1.91 -1.15 0.0898742 0.132396 -0.344069 0.925208
3360 34.5 1.9 -1.14 0.0902508 0.136684 -0.390504 0.905913
3361 34.5 1.89 -1.13 0.0914764 0.134526 -0.441134 0.882573
3362 34.5 1.88 -1.13 0.0860031 0.120333 -0.486461 0.861092
3363 34.5 1.88 -1.11 0.0855 0.11861 -0.527977 0.836577
3364 34.5 1.89 -1.1 0.0804517 0.112959 -0.566133 0.812565
3365 34.5 1.91 -1.1 0.0801059 0.118469 -0.597294 0.789169
3366 34.6 1.94 -1.1 0.0819903 0.122269 -0.626358 0.765509
3367 34.6 1.97 -1.1 0.0850814 0.122197 -0.655057 0.740763
3368 34.6 2.02 -1.1 0.0811134 0.123065 -0.683529 0.714887
3369 34.6 2.06 -1.1 0.0814087 0.133188 -0.702831 0.694019
3370 34.6 2.09 -1.09 0.072792 0.13961 -0.721622 0.674145
3371 34.6 2.13 -1.09 0.0766912 0.149029 -0.730515 0.662009
3372 34.5 2.16 -1.08 0.0713788 0.143589 -0.742999 0.6498
3373 34.5 2.18 -1.07 0.0719095 0.136669 -0.74853 0.644867
3374 34.5 2.21 -1.07 0.076213 0.130015 -0.75004 0.643994
3375 34.5 2.24 -1.06 0.0832622 0.125728 -0.74969 0.64438
3376 34.5 2.27 -1.06 0.0887919 0.126208 -0.742813 0.651472
3377 34.4 2.31 -1.05 0.0904356 0.127776 -0.732658 0.662349
3378 34.4 2.35 -1.05 0.0960622 0.129672 -0.71972 0.675249
3379 34.4 2.38 -1.06 0.106471 0.131874 -0.705921 0.687712
3380 34.4 2.41 -1.06 0.116922 0.131526 -0.695812 0.69633
3381 34.4 2.44 -1.06 0.126152 0.131017 -0.691797 0.698811
3382 34.4 2.47 -1.06 0.129036 0.131478 -0.687756 0.702179
3383 34.4 2.5 -1.06 0.127916 0.134883 -0.684611 0.704806
3384 34.4 2.53 -1.06 0.130438 0.141416 -0.680096 0.707429
3385 34.4 2.56 -1.07 0.133458 0.15148 -0.675128 0.709538
3386 34.4 2.6 -1.07 0.132749 0.161006 -0.669474 0.712924
3387 34.5 2.64 -1.07 0.127112 0.16995 -0.663024 0.717884
3388 34.5 2.69 -1.07 0.126686 0.17988 -0.65762 0.720507
3389 34.5 2.72 -1.06 0.119112 0.173198 -0.658944 0.722224
3390 34.5 2.75 -1.05 0.112313 0.163613 -0.666191 0.718892
3391 34.5 2.77 -1.04 0.10941 0.156553 -0.676989 0.710779
3392 34.4 2.77 -1.03 0.100691 0.144895 -0.691926 0.700075
3393 34.4 2.77 -1.02 0.0943388 0.136741 -0.708399 0.685984
3394 34.4 2.77 -1.02 0.0917011 0.130983 -0.72413 0.670872
3395 34.4 2.75 -1.02 0.0899529 0.12782 -0.737377 0.65715
3396 34.4 2.72 -1.02 0.0859216 0.121319 -0.748551 0.646197
3397 34.4 2.69 -1.01 0.0727879 0.109361 -0.759533 0.637065
3398 34.4 2.64 -1.01 0.0572299 0.0969471 -0.766877 0.631843
3399 34.4 2.6 -1.01 0.0374151 0.0817489 -0.770675 0.630855
3400 34.4 2.55 -1.01 0.0272142 0.0736146 -0.77012 0.633053
3401 34.4 2.49 -1.01 0.0287453 0.0774565 -0.758485 0.646432
3402 34.4 2.44 -1.01 0.0291597 0.0778889 -0.741873 0.665363
3403 34.4 2.39 -1.02 0.0333545 0.0815358 -0.7262 0.681816
3404 34.4 2.33 -1.03 0.0307043 0.0812087 -0.714149 0.694589
3405 34.4 2.26 -1.05 0.0300468 0.0844482 -0.703493 0.705027
3406 34.4 2.19 -1.06 0.021003 0.0847269 -0.695482 0.713222
3407 34.4 2.11 -1.07 0.00503967 0.0824997 -0.690141 0.718939
3408 34.5 2.04 -1.06 0.0116873 0.086708 -0.684783 0.723476
3409 34.5 1.98 -1.06 0.0223049 0.0874299 -0.684311 0.723587
3410 34.5 1.93 -1.06 0.0236348 0.0908111 -0.680061 0.727126
3411 34.5 1.88 -1.07 0.0194548 0.0882225 -0.668871 0.737869
3412 34.5 1.82 -1.08 0.0231511 0.0920628 -0.655933 0.748826
3413 34.5 1.76 -1.09 0.0260057 0.0842229 -0.642231 0.761426
3414 34.5 1.69 -1.1 0.0272862 0.0797766 -0.628641 0.773112
3415 34.5 1.62 -1.1 0.0194324 0.0713338 -0.611937 0.787444
3416 34.4 1.55 -1.1 0.0216066 0.0733259 -0.598875 0.797186
3417 34.4 1.5 -1.11 0.0277763 0.0801291 -0.579007 0.8109
3418 34.4 1.45 -1.11 0.0336855 0.0840357 -0.560294 0.823331
3419 34.4 1.4 -1.12 0.0392406 0.088572 -0.545791 0.832303
3420 34.5 1.35 -1.13 0.0435265 0.0909867 -0.529779 0.842117
3421 34.5 1.3 -1.15 0.0437286 0.0924938 -0.513818 0.851777
3422 34.5 1.25 -1.16 0.037582 0.095831 -0.497725 0.861205
3423 34.5 1.2 -1.17 0.0276927 0.0915289 -0.478569 0.872827
3424 34.5 1.16 -1.17 0.0330101 0.101873 -0.457494 0.882741
3425 34.6 1.12 -1.17 0.0273112 0.0966445 -0.437114 0.893782
3426 34.6 1.1 -1.17 0.0267139 0.104371 -0.417495 0.90227
3427 34.6 1.07 -1.17 0.0269261 0.100784 -0.390051 0.914865
3428 34.6 1.05 -1.18 0.0310205 0.0988903 -0.361327 0.926661
3429 34.6 1.01 -1.18 0.0371396 0.0965925 -0.331713 0.937687
3430 34.6 0.977 -1.18 0.0446194 0.0917952 -0.296984 0.949412
3431 34.6 0.936 -1.18 0.0470722 0.0931102 -0.263233 0.959074
3432 34.6 0.895 -1.18 0.0443364 0.0898888 -0.230844 0.967815
3433 34.6 0.858 -1.18 0.0440837 0.0945633 -0.199308 0.974367
3434 34.6 0.829 -1.19 0.0472559 0.107697 -0.16999 0.978403
3435 34.6 0.808 -1.2 0.0482849 0.115949 -0.138217 0.982405
3436 34.6 0.791 -1.21 0.0569401 0.129844 -0.113023 0.983425
3437 34.6 0.778 -1.22 0.0629407 0.132329 -0.0899535 0.985107
3438 34.7 0.769 -1.23 0.0609077 0.132873 -0.0684079 0.986892
3439 34.7 0.761 -1.24 0.0522264 0.134474 -0.0525819 0.988142
3440 34.7 0.752 -1.25 0.0356449 0.132276 -0.0341805 0.989982
3441 34.7 0.745 -1.25 0.0255398 0.120791 -0.0122337 0.992274
3442 34.8 0.742 -1.26 0.0243637 0.113752 0.0147046 0.993102
3443 34.8 0.739 -1.26 0.0250164 0.118378 0.0391618 0.991881
3444 34.8 0.732 -1.26 0.0282804 0.116952 0.0642454 0.990654
3445 34.8 0.724 -1.26 0.0308768 0.115243 0.0899429 0.988775
3446 34.8 0.712 -1.26 0.0301839 0.114607 0.12041 0.985624
3447 34.8 0.697 -1.26 0.0288401 0.111267 0.15616 0.981021
3448 34.8 0.679 -1.27 0.0259318 0.11087 0.201004 0.972951
3449 34.8 0.659 -1.27 0.0263649 0.111375 0.248769 0.961777
3450 34.8 0.639 -1.26 0.0267017 0.0976196 0.300559 0.948378
3451 34.7 0.624 -1.26 0.0302367 0.0955523 0.3458 0.93294
3452 34.7 0.611 -1.26 0.0376048 0.0847503 0.38029 0.920208
3453 34.7 0.605 -1.25 0.0522175 0.0725651 0.404471 0.910171
3454 34.7 0.6 -1.25 0.0633307 0.0593169 0.427304 0.899935
3455 34.7 0.591 -1.24 0.0690022 0.0480173 0.451907 0.888095
3456 34.7 0.576 -1.24 0.0686898 0.0407012 0.475432 0.876122
3457 34.7 0.555 -1.24 0.0645724 0.0333805 0.495348 0.865648
3458 34.6 0.531 -1.24 0.0669947 0.0275835 0.51472 0.854292
3459 34.6 0.509 -1.25 0.0609952 0.0252901 0.531114 0.844724
3460 34.6 0.495 -1.25 0.0537738 0.0148306 0.547579 0.834892
3461 34.6 0.485 -1.25 0.0329207 0.0228468 0.561088 0.826786
3462 34.6 0.477 -1.24 0.0158547 0.0291187 0.576232 0.816613
3463 34.6 0.469 -1.24 0.0101577 0.0309411 0.593233 0.804372
3464 34.6 0.46 -1.24 0.00892532 0.0319086 0.613008 0.789381
3465 34.6 0.45 -1.24 0.0100394 0.03513 0.633117 0.773193
3466 34.6 0.439 -1.24 0.0131349 0.0350573 0.651724 0.757531
3467 34.6 0.426 -1.24 0.00908359 0.0405331 0.670154 0.741059
3468 34.6 0.411 -1.24 0.00967078 0.0416904 0.68641 0.725954
3469 34.6 0.395 -1.25 0.0113145 0.046912 0.701769 0.710769
3470 34.6 0.381 -1.25 0.0125446 0.049591 0.714818 0.697437
3471 34.6 0.367 -1.25 0.0116417 0.0529434 0.72752 0.683942
3472 34.6 0.353 -1.26 0.00889412 0.0570362 0.740114 0.669999
3473 34.5 0.336 -1.27 0.00423495 0.0600709 0.75331 0.654902
3474 34.5 0.32 -1.28 -0.0032402 0.063612 0.766676 0.638867
3475 34.5 0.3 -1.28 -0.010931 0.0649897 0.779093 0.623434
3476 34.5 0.279 -1.29 -0.0157555 0.067876 0.786634 0.613474
3477 34.5 0.261 -1.29 -0.0136839 0.0675897 0.791699 0.607007
3478 34.5 0.24 -1.29 -0.0127223 0.0629304 0.793852 0.604713
3479 34.5 0.213 -1.29 -0.000450418 0.0543239 0.794643 0.604641
3480 34.5 0.181 -1.28 0.0124647 0.0476806 0.792678 0.607645
3481 34.5 0.146 -1.29 0.0231251 0.0414206 0.787634 0.614315
3482 34.5 0.109 -1.29 0.0308708 0.0370723 0.777514 0.627012
3483 34.5 0.0753 -1.29 0.0350429 0.0358963 0.763798 0.643503
3484 34.5 0.0433 -1.3 0.0334478 0.0395412 0.750153 0.659233
3485 34.5 0.0142 -1.3 0.030507 0.0436939 0.735602 0.675315
3486 34.5 -0.0102 -1.3 0.0291934 0.0464566 0.719319 0.692509
3487 34.5 -0.0274 -1.31 0.0245605 0.0494107 0.705008 0.707049
3488 34.6 -0.0416 -1.31 0.0242551 0.0494078 0.689399 0.722287
3489 34.6 -0.0527 -1.32 0.0232981 0.0549911 0.675825 0.734638
3490 34.6 -0.0612 -1.32 0.0225656 0.0648565 0.663242 0.745248
3491 34.6 -0.0685 -1.33 0.0197239 0.0765117 0.653213 0.75304
3492 34.6 -0.0748 -1.34 0.0113625 0.08478 0.649827 0.755254
3493 34.6 -0.082 -1.35 0.00461481 0.0965606 0.646699 0.756594
3494 34.7 -0.0901 -1.35 0.00546746 0.09881 0.64601 0.756887
3495 34.7 -0.093 -1.36 0.00094223 0.103097 0.649116 0.75367
3496 34.7 -0.0912 -1.36 -0.00107202 0.10427 0.654965 0.74843
3497 34.7 -0.078 -1.36 -0.000919711 0.0974865 0.663674 0.741642
3498 34.7 -0.0534 -1.35 -0.00373457 0.0941871 0.670204 0.736166
3499 34.6 -0.0185 -1.35 -0.00145336 0.0832295 0.676458 0.731762
3500 34.6 0.026 -1.34 0.00200993 0.0716611 0.681856 0.727965
3501 34.6 0.077 -1.33 -0.000301814 0.0575523 0.68771 0.7237
3502 34.6 0.126 -1.32 -0.00306858 0.0430233 0.697672 0.715118
3503 34.6 0.168 -1.3 0.00448949 0.0289504 0.705855 0.707751
3504 34.6 0.208 -1.29 0.012549 0.014858 0.715501 0.698341
3505 34.5 0.247 -1.28 0.0119312 0.0113543 0.732511 0.680556
3506 34.5 0.288 -1.27 0.0180773 0.00459038 0.74962 0.661606
3507 34.5 0.33 -1.26 0.0233447 0.00183557 0.769647 0.63804
3508 34.5 0.374 -1.25 0.0368591 -0.00991656 0.792001 0.609325
3509 34.5 0.421 -1.24 0.0512978 -0.0259645 0.815338 0.576124
3510 34.5 0.468 -1.23 0.05659 -0.0373984 0.838396 0.540824
3511 34.5 0.512 -1.23 0.0581953 -0.0382239 0.859133 0.506994
3512 34.5 0.549 -1.22 0.05395 -0.0292978 0.879302 0.47229
3513 34.5 0.576 -1.23 0.0477072 -0.0249096 0.895731 0.441327
3514 34.5 0.599 -1.23 0.0386378 -0.0237794 0.910631 0.410722
3515 34.5 0.619 -1.24 0.0232006 -0.0181212 0.920234 0.390261
3516 34.4 0.642 -1.24 0.00811687 -0.0161311 0.930368 0.366182
3517 34.4 0.669 -1.25 -0.00367404 -0.016869 0.938571 0.344654
3518 34.4 0.7 -1.25 -0.0155915 -0.0211859 0.945027 0.325934
3519 34.4 0.731 -1.24 -0.025832 -0.0314196 0.951029 0.306415
3520 34.3 0.756 -1.24 -0.0443778 -0.0337514 0.955829 0.288589
3521 34.3 0.774 -1.24 -0.0482611 -0.0356607 0.961034 0.26984
3522 34.3 0.787 -1.24 -0.0578275 -0.035028 0.965677 0.250792
3523 34.3 0.796 -1.24 -0.0701108 -0.0325901 0.970542 0.22819
3524 34.3 0.805 -1.24 -0.0743686 -0.0325717 0.975642 0.203793
3525 34.3 0.817 -1.24 -0.0777649 -0.0338031 0.981011 0.174435
3526 34.3 0.831 -1.25 -0.0869558 -0.0319589 0.985569 0.141669
3527 34.3 0.848 -1.25 -0.0975717 -0.0309769 0.989042 0.106376
3528 34.3 0.869 -1.25 -0.106163 -0.0306248 0.990931 0.0764621
3529 34.3 0.894 -1.25 -0.116248 -0.03169 0.991614 0.0467415
3530 34.4 0.915 -1.25 -0.123264 -0.0349755 0.991603 0.0175123
3531 34.4 0.931 -1.26 -0.132335 -0.0403858 0.990309 -0.0120422
3532 34.4 0.938 -1.27 -0.143589 -0.0407113 0.987714 -0.0463288
3533 34.4 0.935 -1.27 -0.144723 -0.0451847 0.985237 -0.0795089
3534 34.4 0.929 -1.27 -0.146176 -0.0490455 0.982068 -0.108492
3535 34.4 0.913 -1.27 -0.149478 -0.0537538 0.978306 -0.132982
3536 34.4 0.895 -1.26 -0.135155 -0.0709584 0.975659 -0.157438
3537 34.4 0.88 -1.25 -0.117101 -0.0756746 0.974371 -0.176526
3538 34.4 0.866 -1.24 -0.0965717 -0.0737332 0.975229 -0.18484
3539 34.4 0.859 -1.22 -0.0659123 -0.0699435 0.977821 -0.186091
3540 34.4 0.857 -1.21 -0.0387669 -0.0632202 0.98053 -0.18183
3541 34.4 0.859 -1.19 -0.0115693 -0.0553168 0.982732 -0.176192
3542 34.4 0.864 -1.17 0.0205964 -0.0513924 0.984304 -0.167569
3543 34.4 0.876 -1.15 0.0542623 -0.0466231 0.985314 -0.155041
3544 34.4 0.892 -1.13 0.080155 -0.0422807 0.985905 -0.140635
3545 34.4 0.911 -1.13 0.0977194 -0.0349907 0.987034 -0.122434
3546 34.4 0.93 -1.12 0.109645 -0.0273996 0.988564 -0.0998376
3547 34.4 0.951 -1.12 0.114838 -0.0193893 0.99041 -0.0743206
3548 34.4 0.971 -1.12 0.116671 -0.0103422 0.992071 -0.0455738
3549 34.4 0.988 -1.13 0.112192 -0.00743387 0.993502 -0.0176214
3550 34.4 1 -1.14 0.0996853 -0.00754598 0.994939 0.010105
3551 34.4 1.01 -1.15 0.0865424 -0.00898852 0.995537 0.0365428
3552 34.4 1.02 -1.16 0.072304 -0.0105489 0.995459 0.0610111
3553 34.4 1.03 -1.17 0.0563604 -0.0102323 0.995333 0.0776644
3554 34.4 1.03 -1.17 0.0422729 -0.0094064 0.995245 0.0872469
3555 34.4 1.02 -1.18 0.0314748 -0.0102099 0.995207 0.0920228
3556 34.4 1.01 -1.19 0.009967 -0.0106709 0.994757 0.101218
3557 34.4 1 -1.19 -0.0017473 -0.013714 0.993547 0.112575
3558 34.3 0.984 -1.19 -0.00155895 -0.0143614 0.991245 0.131242
3559 34.3 0.967 -1.2 0.00439517 -0.0116783 0.986935 0.160635
3560 34.3 0.95 -1.21 -0.00511001 0.00229048 0.979573 0.201008
3561 34.3 0.935 -1.22 -0.0105984 0.014841 0.969223 0.245507
3562 34.3 0.923 -1.23 -0.0197096 0.0249366 0.955317 0.29387
3563 34.3 0.915 -1.23 -0.0259041 0.0282832 0.945192 0.324254
3564 34.3 0.909 -1.23 -0.01643 0.0214382 0.935383 0.352602
3565 34.3 0.904 -1.24 -0.0158094 0.017811 0.923071 0.383892
3566 34.3 0.897 -1.25 -0.0188053 0.0203702 0.910342 0.412927
3567 34.3 0.884 -1.25 -0.00895628 0.0236437 0.894556 0.44624
3568 34.4 0.872 -1.25 -0.00647484 0.0271228 0.874373 0.484453
3569 34.4 0.861 -1.26 -0.00924567 0.0373722 0.854442 0.518119
3570 34.4 0.851 -1.26 -0.00609473 0.046808 0.835559 0.547369
3571 34.5 0.847 -1.26 -0.0105173 0.0556237 0.818232 0.572094
3572 34.5 0.854 -1.25 -0.0148233 0.0606588 0.797557 0.600002
3573 34.5 0.874 -1.25 -0.0192029 0.0621538 0.777466 0.625551
3574 34.5 0.903 -1.25 -0.011491 0.0550779 0.754577 0.653795
3575 34.5 0.94 -1.24 0.000197998 0.0550507 0.730408 0.680789
3576 34.5 0.977 -1.24 0.0126632 0.0564054 0.704456 0.707389
3577 34.4 1.02 -1.23 0.0181837 0.0634273 0.678743 0.731406
3578 34.4 1.06 -1.23 0.0225309 0.066858 0.649482 0.757097
3579 34.4 1.1 -1.22 0.0178954 0.0731245 0.625803 0.77634
3580 34.5 1.15 -1.22 0.0125427 0.0772952 0.610457 0.788169
3581 34.5 1.21 -1.22 0.0134518 0.0749999 0.592976 0.801607
3582 34.5 1.27 -1.23 0.0201239 0.0696032 0.583411 0.808939
3583 34.5 1.34 -1.22 0.0290672 0.0625495 0.575108 0.815165
3584 34.5 1.41 -1.21 0.0418064 0.0529055 0.568157 0.820153
3585 34.6 1.47 -1.2 0.0361821 0.0559975 0.564271 0.822893
3586 34.6 1.53 -1.19 0.0371119 0.0556937 0.557597 0.827409
3587 34.6 1.58 -1.19 0.0356396 0.0597095 0.541001 0.838142
3588 34.6 1.63 -1.2 0.037448 0.0622577 0.518933 0.851722
3589 34.6 1.69 -1.2 0.0385208 0.0638315 0.489449 0.868839
3590 34.6 1.75 -1.21 0.044403 0.0618346 0.456515 0.886453
3591 34.6 1.81 -1.21 0.0533135 0.0489889 0.415219 0.906836
3592 34.7 1.87 -1.21 0.0519005 0.0561377 0.380493 0.921618
3593 34.7 1.92 -1.21 0.0536865 0.0504173 0.33396 0.939705
3594 34.7 1.96 -1.23 0.05283 0.056352 0.296316 0.951961
3595 34.7 2 -1.25 0.047357 0.0540138 0.2721 0.959584
3596 34.8 2.03 -1.28 0.0496162 0.0480916 0.249278 0.965964
3597 34.8 2.05 -1.32 0.0492247 0.0466194 0.229964 0.970835
3598 34.9 2.07 -1.37 0.0498064 0.0466468 0.214124 0.97442
3599 34.9 2.08 -1.42 0.053567 0.0482532 0.202715 0.97658
3600 35 2.09 -1.47 0.0502689 0.0519338 0.188515 0.979407
3601 35 2.09 -1.51 0.0482169 0.0589596 0.164354 0.983457
3602 35.1 2.1 -1.54 0.0408144 0.0661925 0.13897 0.987239
3603 35.2 2.11 -1.56 0.0385184 0.0786512 0.118929 0.989033
3604 35.3 2.11 -1.56 0.0297674 0.0924616 0.109815 0.989194
3605 35.3 2.12 -1.57 0.0234161 0.100014 0.103983 0.98926
3606 35.4 2.12 -1.55 0.0231046 0.116973 0.0893876 0.988834
3607 35.5 2.13 -1.52 0.0302608 0.123453 0.0731134 0.989191
3608 35.5 2.15 -1.49 0.0393373 0.135503 0.0672176 0.987711
3609 35.6 2.17 -1.44 0.0472734 0.129175 0.0653928 0.988333
3610 35.6 2.19 -1.39 0.0613519 0.115511 0.0622558 0.989453
3611 35.7 2.2 -1.35 0.0735341 0.104831 0.0533018 0.990334
3612 35.7 2.22 -1.3 0.0837307 0.107599 0.0450889 0.989636
3613 35.8 2.24 -1.26 0.0865729 0.110201 0.0387312 0.989374
3614 35.9 2.26 -1.21 0.0750035 0.102198 0.0224435 0.991679
3615 35.9 2.27 -1.17 0.0594053 0.0788043 0.00806983 0.995086
3616 36 2.28 -1.12 0.0602692 0.0745795 -0.00626334 0.995372
3617 36 2.29 -1.06 0.0703945 0.0906457 -0.0214667 0.99316
3618 36 2.29 -1.01 0.0770422 0.12022 -0.0388115 0.988992
3619 36.1 2.28 -0.957 0.0765401 0.128111 -0.0598915 0.986986
3620 36.1 2.26 -0.92 0.0746995 0.141062 -0.0810304 0.983847
3621 36.1 2.23 -0.893 0.0681722 0.157255 -0.10924 0.979127
3622 36.1 2.21 -0.874 0.0664032 0.162943 -0.137332 0.974772
3623 36.2 2.17 -0.866 0.0679666 0.159302 -0.165534 0.970877
3624 36.2 2.14 -0.861 0.0745256 0.150525 -0.19589 0.966134
3625 36.2 2.1 -0.86 0.0785053 0.138179 -0.221892 0.962033
3626 36.3 2.06 -0.86 0.0796239 0.126503 -0.239273 0.959378
3627 36.3 2.03 -0.859 0.0794415 0.120108 -0.252527 0.956814
3628 36.4 2.01 -0.86 0.0779589 0.112491 -0.266047 0.954194
3629 36.4 1.99 -0.866 0.0783743 0.115782 -0.273552 0.951641
3630 36.4 1.96 -0.875 0.0773367 0.129973 -0.282153 0.947373
3631 36.5 1.94 -0.885 0.0741578 0.135672 -0.292996 0.943529
3632 36.5 1.92 -0.894 0.0719629 0.13679 -0.306833 0.939129
3633 36.6 1.9 -0.9 0.0679622 0.137654 -0.327473 0.932306
3634 36.6 1.87 -0.902 0.0634414 0.130674 -0.351199 0.924964
3635 36.7 1.85 -0.9 0.0623624 0.13812 -0.371713 0.915895
3636 36.7 1.83 -0.9 0.0657319 0.134394 -0.397946 0.905128
3637 36.8 1.8 -0.904 0.0667507 0.133709 -0.422888 0.893774
3638 36.8 1.77 -0.907 0.0688469 0.131771 -0.438655 0.886272
3639 36.8 1.73 -0.913 0.0690447 0.121153 -0.457699 0.878104
3640 36.8 1.68 -0.919 0.0702146 0.10696 -0.472322 0.87209
3641 36.8 1.63 -0.922 0.0654721 0.0822691 -0.485209 0.868054
3642 36.9 1.57 -0.922 0.0552378 0.0546351 -0.502222 0.861241
3643 36.9 1.51 -0.922 0.0535395 0.0377654 -0.520466 0.851365
3644 36.9 1.46 -0.925 0.0594919 0.0527484 -0.538517 0.838855
3645 36.9 1.41 -0.931 0.0541729 0.0555292 -0.552833 0.829673
3646 36.9 1.38 -0.934 0.0579676 0.0655149 -0.568379 0.818103
3647 36.9 1.34 -0.939 0.0525115 0.066057 -0.587181 0.805045
3648 36.9 1.29 -0.945 0.0523413 0.0725458 -0.60817 0.78875
3649 36.9 1.25 -0.954 0.0490988 0.0774194 -0.629683 0.771424
3650 36.9 1.2 -0.963 0.042217 0.0814859 -0.65021 0.754191
3651 36.9 1.14 -0.968 0.033692 0.0758533 -0.670889 0.736898
3652 36.9 1.09 -0.969 0.0352784 0.0768032 -0.68962 0.719223
3653 36.9 1.04 -0.969 0.0344633 0.0772894 -0.709505 0.6996
3654 36.9 1 -0.971 0.0308188 0.0765961 -0.731936 0.676353
3655 36.9 0.964 -0.974 0.0355372 0.0805051 -0.749815 0.655769
3656 36.9 0.929 -0.977 0.0369867 0.0847924 -0.764156 0.638363
3657 36.9 0.891 -0.983 0.034674 0.0840817 -0.778672 0.620805
3658 36.9 0.848 -0.988 0.0288263 0.079995 -0.788359 0.609311
3659 36.9 0.799 -0.987 0.0251339 0.0716655 -0.796409 0.59997
3660 36.9 0.749 -0.983 0.0200319 0.0555621 -0.804085 0.591573
3661 36.8 0.703 -0.983 0.0199575 0.0439371 -0.816002 0.576031
3662 36.8 0.661 -0.989 0.0210133 0.0428689 -0.825356 0.562591
3663 36.8 0.626 -0.995 0.0278126 0.0521882 -0.836104 0.545375
3664 36.8 0.599 -0.999 0.0375936 0.0629728 -0.846033 0.528062
3665 36.8 0.573 -1 0.0315223 0.0693861 -0.858512 0.507099
3666 36.8 0.545 -1.01 -0.0259913 -0.0742467 0.875154 -0.477407
3667 36.8 0.513 -1.01 -0.0281302 -0.0775055 0.892328 -0.443794
3668 36.8 0.483 -1.01 -0.0281241 -0.0774789 0.909462 -0.407534
3669 36.8 0.454 -1.01 -0.0210075 -0.0755267 0.927543 -0.365402
3670 36.8 0.428 -1.01 -0.0196603 -0.0781271 0.942157 -0.325345
3671 36.8 0.412 -1.01 -0.0227027 -0.0765687 0.955029 -0.285555
3672 36.8 0.407 -1.02 -0.0277435 -0.0800708 0.966136 -0.243723
3673 36.8 0.409 -1.02 -0.0259171 -0.0845516 0.974897 -0.204339
3674 36.8 0.414 -1.02 -0.0328204 -0.0878736 0.98027 -0.173985
3675 36.8 0.421 -1.02 -0.0332153 -0.0880578 0.984297 -0.149336
3676 36.8 0.429 -1.02 -0.0272202 -0.0845332 0.987868 -0.127398
3677 36.8 0.438 -1.02 -0.0244399 -0.0730108 0.991664 -0.103313
3678 36.8 0.451 -1.01 -0.0214691 -0.0594374 0.995096 -0.0760962
3679 36.8 0.467 -1.01 -0.0161806 -0.0487505 0.997399 -0.0505681
3680 36.8 0.481 -1.01 -0.01726 -0.0401905 0.99864 -0.028368
3681 36.8 0.495 -1.01 -0.0179015 -0.0354498 0.999201 -0.0044418
3682 36.9 0.508 -1.01 -0.0226652 -0.0323463 0.999067 0.0174888
3683 36.9 0.519 -1.01 -0.0373094 -0.0309986 0.998082 0.0384673
3684 36.9 0.525 -1.01 -0.0465052 -0.0283589 0.996945 0.0559808
3685 36.9 0.525 -1.01 -0.0535983 -0.0234284 0.995852 0.0696909
3686 36.9 0.52 -1.01 -0.055581 -0.0192695 0.994963 0.0811719
3687 37 0.51 -1 -0.0479931 -0.01437 0.994492 0.0920617
3688 37 0.498 -0.997 -0.0408219 -0.0118678 0.992966 0.110509
3689 37 0.481 -0.998 -0.0408992 -0.0103831 0.991307 0.124619
3690 37 0.46 -1 -0.0380159 -0.0111146 0.989237 0.140863
3691 37 0.432 -1.01 -0.0406197 -0.0128932 0.986528 0.157942
3692 37 0.399 -1.03 -0.0454936 -0.0127782 0.983672 0.173653
3693 37 0.362 -1.04 -0.0570272 -0.00714417 0.980815 0.186278
3694 37 0.326 -1.05 -0.0646473 0.00243645 0.978066 0.197996
3695 37.1 0.295 -1.06 -0.0685832 0.0102721 0.975549 0.208553
3696 37.1 0.268 -1.06 -0.070912 0.0130292 0.973783 0.215752
3697 37.1 0.247 -1.07 -0.0757249 0.0183003 0.972224 0.220705
3698 37.1 0.231 -1.07 -0.0775737 0.0208094 0.971018 0.225109
3699 37.1 0.221 -1.08 -0.0808461 0.0164713 0.970644 0.225925
3700 37.1 0.218 -1.08 -0.0813332 0.0127112 0.970759 0.225501
3701 37.1 0.219 -1.07 -0.0786884 0.0119325 0.970704 0.226715
3702 37.2 0.226 -1.07 -0.0796701 0.0128327 0.970011 0.229276
3703 37.2 0.237 -1.07 -0.0796372 0.0145891 0.969082 0.233077
3704 37.2 0.252 -1.07 -0.0791527 0.0175585 0.968115 0.237024
3705 37.2 0.27 -1.08 -0.0793898 0.0207004 0.967009 0.241169
3706 37.2 0.292 -1.08 -0.08501 0.0262304 0.964636 0.248119
3707 37.3 0.313 -1.08 -0.0845146 0.0305402 0.962339 0.256569
3708 37.3 0.336 -1.08 -0.0836152 0.0307692 0.95893 0.269286
3709 37.3 0.363 -1.07 -0.0716809 0.0225828 0.955867 0.284024
3710 37.4 0.395 -1.07 -0.0651559 0.0201258 0.950423 0.303391
3711 37.4 0.431 -1.06 -0.0403026 0.01405 0.945249 0.323547
3712 37.4 0.471 -1.06 -0.0287764 0.0112305 0.940135 0.339401
3713 37.3 0.517 -1.06 -0.0268894 0.00353593 0.934266 0.355545
3714 37.3 0.567 -1.05 -0.0265122 -0.0088594 0.929415 0.367977
3715 37.3 0.617 -1.04 -0.0197004 -0.0216958 0.925036 0.378748
3716 37.3 0.667 -1.03 -0.0230209 -0.0252652 0.924978 0.37848
3717 37.3 0.716 -1.03 -0.0181498 -0.0301097 0.925573 0.376932
3718 37.3 0.763 -1.02 -0.02199 -0.0231071 0.928402 0.370205
3719 37.3 0.809 -1.02 -0.0200854 -0.020484 0.934547 0.354682
3720 37.3 0.856 -1.02 -0.02235 -0.0178055 0.942502 0.332977
3721 37.3 0.903 -1.01 -0.018129 -0.0165349 0.950312 0.31033
3722 37.3 0.951 -1.01 -0.0158522 -0.0176977 0.958464 0.284221
3723 37.3 0.998 -0.995 -0.0107744 -0.0240756 0.967344 0.25209
3724 37.3 1.04 -0.982 -0.0141929 -0.0248241 0.974638 0.221952
3725 37.3 1.09 -0.969 -0.0174005 -0.0273953 0.981426 0.189074
3726 37.2 1.12 -0.959 -0.00829008 -0.0356698 0.987928 0.150521
3727 37.2 1.15 -0.952 -0.000341321 -0.0399008 0.991962 0.120078
3728 37.2 1.17 -0.949 0.0124171 -0.0438872 0.995243 0.0860853
3729 37.2 1.18 -0.947 0.0195907 -0.0492393 0.997407 0.0487013
3730 37.1 1.2 -0.945 0.0270075 -0.0569839 0.997889 0.0155443
3731 37.1 1.23 -0.939 0.0410619 -0.0666393 0.996864 -0.0116662
3732 37.1 1.26 -0.932 0.0428472 -0.0669928 0.996429 -0.028377
3733 37 1.29 -0.923 0.0433276 -0.0618408 0.996202 -0.043368
3734 37 1.32 -0.915 0.0465874 -0.0609675 0.995974 -0.0463569
3735 37 1.35 -0.908 0.0462719 -0.0570193 0.996241 -0.0459423
3736 36.9 1.38 -0.903 0.0488387 -0.0516285 0.996688 -0.0395215
3737 36.9 1.41 -0.902 0.0462966 -0.0457927 0.997469 -0.0285418
3738 36.9 1.45 -0.904 0.0415243 -0.0408289 0.998216 -0.0131915
3739 36.8 1.5 -0.902 0.0411874 -0.0391414 0.998366 0.00602649
3740 36.8 1.54 -0.897 0.0320267 -0.0385099 0.998348 0.0281581
3741 36.8 1.59 -0.891 0.0258749 -0.0346166 0.99741 0.0574953
3742 36.8 1.62 -0.888 0.0214565 -0.0351087 0.995271 0.08799
3743 36.7 1.65 -0.886 0.0163279 -0.0338621 0.992672 0.114844
3744 36.7 1.68 -0.886 0.0120548 -0.0255696 0.989129 0.144306
3745 36.7 1.71 -0.885 0.0115639 -0.0165816 0.98387 0.177737
3746 36.7 1.74 -0.886 0.00864922 -0.010678 0.976842 0.21352
3747 36.7 1.77 -0.888 0.00415138 -0.00583523 0.9675 0.252769
3748 36.7 1.8 -0.886 0.00828831 -0.00229544 0.955777 0.293966
3749 36.6 1.83 -0.882 0.0103093 0.000889506 0.942713 0.333444
3750 36.6 1.84 -0.876 0.0117788 0.00307611 0.928281 0.371679
3751 36.6 1.86 -0.87 0.0252247 0.00155703 0.913072 0.407014
3752 36.6 1.88 -0.866 0.0276685 0.00483667 0.897391 0.440341
3753 36.6 1.89 -0.865 0.0273154 0.00187367 0.880102 0.473995
3754 36.6 1.9 -0.865 0.0197386 -0.00104788 0.863568 0.503845
3755 36.6 1.91 -0.865 0.012548 -0.000296804 0.846893 0.531615
3756 36.6 1.91 -0.865 0.0148171 0.00381416 0.827812 0.560797
3757 36.6 1.91 -0.865 0.0140239 0.00761874 0.80819 0.588705
3758 36.6 1.92 -0.867 0.012584 0.00929185 0.791458 0.611023
3759 36.6 1.92 -0.87 0.013172 0.00905353 0.777155 0.629106
3760 36.6 1.91 -0.872 0.0147335 0.00745782 0.764318 0.644628
3761 36.6 1.91 -0.873 0.0197075 0.0102456 0.750999 0.65993
3762 36.6 1.9 -0.874 0.0221162 0.0163408 0.736911 0.67543
3763 36.7 1.89 -0.874 0.0233265 0.0192026 0.723986 0.689152
3764 36.7 1.87 -0.874 0.0265574 0.0220086 0.711504 0.701835
3765 36.7 1.85 -0.874 0.0305883 0.0237408 0.698829 0.71424
3766 36.7 1.84 -0.874 0.0345866 0.0274627 0.685689 0.726554
3767 36.8 1.82 -0.876 0.037298 0.0290234 0.671962 0.739076
3768 36.8 1.8 -0.878 0.0395867 0.0266391 0.659076 0.750562
3769 36.8 1.78 -0.879 0.0440862 0.0260554 0.646126 0.761511
3770 36.8 1.76 -0.882 0.0497708 0.0246752 0.633718 0.771567
3771 36.8 1.74 -0.885 0.0511162 0.0257121 0.62342 0.779791
3772 36.8 1.72 -0.888 0.0522066 0.0265875 0.611783 0.788853
3773 36.8 1.7 -0.894 0.0486731 0.0281222 0.597763 0.7997
3774 36.9 1.67 -0.902 0.0438639 0.0323349 0.583023 0.810626
3775 36.9 1.65 -0.909 0.0408446 0.0376283 0.566369 0.822279
3776 36.9 1.64 -0.915 0.0393057 0.0423172 0.549865 0.833255
3777 36.9 1.62 -0.92 0.0383612 0.0490143 0.533384 0.84358
3778 36.9 1.6 -0.923 0.0372516 0.0519023 0.515962 0.854226
3779 36.9 1.59 -0.928 0.0405892 0.0569296 0.500534 0.862889
3780 36.9 1.58 -0.932 0.0433826 0.0675761 0.480637 0.873235
3781 36.9 1.57 -0.934 0.0417839 0.0770307 0.455919 0.885697
3782 36.9 1.57 -0.933 0.0388961 0.0787133 0.432351 0.897421
3783 36.9 1.56 -0.932 0.0331897 0.0765609 0.40716 0.909537
3784 36.9 1.56 -0.933 0.0260947 0.0789432 0.384231 0.919485
3785 36.9 1.57 -0.935 0.0201311 0.0896339 0.368824 0.924948
3786 36.9 1.58 -0.937 0.0166436 0.0967303 0.359653 0.92791
3787 36.8 1.58 -0.939 0.0125865 0.105387 0.353567 0.929368
3788 36.8 1.59 -0.942 0.00805578 0.111657 0.350752 0.929753
3789 36.8 1.6 -0.945 0.00465797 0.118143 0.350912 0.928914
3790 36.8 1.6 -0.948 -0.00079423 0.12613 0.355129 0.926269
3791 36.8 1.61 -0.948 -0.00520833 0.127919 0.366672 0.9215
3792 36.7 1.6 -0.947 -0.00844683 0.127112 0.382571 0.915102
3793 36.7 1.6 -0.944 -0.0113227 0.127647 0.403012 0.906178
3794 36.7 1.59 -0.941 -0.0104019 0.119941 0.427269 0.896073
3795 36.7 1.57 -0.939 -0.00760035 0.111913 0.451956 0.88496
3796 36.7 1.55 -0.939 -0.00325464 0.106368 0.478107 0.871831
3797 36.7 1.53 -0.94 -0.00215897 0.105263 0.506867 0.85557
3798 36.7 1.5 -0.939 0.000819551 0.0959092 0.536218 0.838613
3799 36.7 1.47 -0.939 0.00457591 0.0852818 0.567505 0.818929
3800 36.7 1.44 -0.94 0.00391796 0.0810588 0.595856 0.79898
3801 36.6 1.42 -0.939 0.00351056 0.0798278 0.619926 0.780581
3802 36.6 1.4 -0.937 0.0058728 0.0777232 0.638576 0.765601
3803 36.6 1.38 -0.931 0.00899227 0.0768888 0.652974 0.753414
3804 36.6 1.37 -0.926 0.0103261 0.0723973 0.664764 0.743465
3805 36.6 1.36 -0.922 0.0113181 0.0668458 0.675692 0.73406
3806 36.5 1.35 -0.92 0.00968565 0.0639445 0.684076 0.726537
3807 36.5 1.34 -0.92 0.0084702 0.0622675 0.687457 0.723501
3808 36.4 1.32 -0.921 0.00841193 0.0603928 0.687268 0.72384
3809 36.4 1.31 -0.922 0.00700882 0.0592713 0.681925 0.728983
3810 36.4 1.29 -0.925 0.00984769 0.0636855 0.671537 0.738163
3811 36.4 1.27 -0.93 0.0109506 0.0699186 0.65485 0.752438
3812 36.3 1.24 -0.933 0.0108019 0.0773995 0.636996 0.766895
3813 36.3 1.22 -0.934 0.0120148 0.0796799 0.617862 0.782147
3814 36.3 1.19 -0.935 0.0120864 0.083331 0.599009 0.796302
3815 36.3 1.17 -0.936 0.0120783 0.0837017 0.581614 0.809057
3816 36.3 1.15 -0.937 0.0139426 0.0815579 0.563338 0.822073
3817 36.3 1.13 -0.938 0.0171198 0.0796184 0.544421 0.834849
3818 36.3 1.1 -0.941 0.0203726 0.0782688 0.524736 0.847414
3819 36.4 1.07 -0.944 0.0238387 0.0803479 0.504307 0.859448
3820 36.4 1.04 -0.945 0.0289022 0.0823962 0.481709 0.87197
3821 36.4 1.01 -0.946 0.0308416 0.0839144 0.45602 0.885468
3822 36.4 0.977 -0.95 0.0320073 0.0884142 0.4305 0.897679
3823 36.4 0.942 -0.953 0.0351309 0.0926956 0.403163 0.909743
3824 36.4 0.907 -0.958 0.0359758 0.0973506 0.374765 0.921293
3825 36.4 0.874 -0.963 0.037974 0.100905 0.346291 0.931911
3826 36.4 0.842 -0.97 0.0404901 0.107704 0.316237 0.941677
3827 36.4 0.809 -0.977 0.0421389 0.117149 0.284144 0.950664
3828 36.4 0.779 -0.982 0.044506 0.126608 0.251988 0.95838
3829 36.4 0.751 -0.985 0.0445349 0.129123 0.219468 0.966011
3830 36.4 0.726 -0.987 0.043477 0.132888 0.187748 0.972215
3831 36.4 0.707 -0.987 0.0447026 0.136965 0.151798 0.977855
3832 36.4 0.693 -0.984 0.0463649 0.13717 0.112008 0.983102
3833 36.4 0.688 -0.979 0.0457345 0.132727 0.0728345 0.987414
3834 36.4 0.695 -0.973 0.0472652 0.123014 0.0358862 0.990629
3835 36.5 0.716 -0.965 0.0499344 0.119058 0.00400581 0.991623
3836 36.5 0.746 -0.958 0.0517447 0.107574 -0.0206244 0.992635
3837 36.5 0.78 -0.95 0.0531844 0.0947645 -0.038927 0.993316
3838 36.5 0.812 -0.941 0.0530514 0.0764109 -0.0533265 0.994235
3839 36.5 0.846 -0.932 0.0489418 0.0646918 -0.0596631 0.994917
3840 36.5 0.883 -0.927 0.0440962 0.0546285 -0.0602866 0.995709
3841 36.5 0.923 -0.924 0.0360034 0.042535 -0.0572167 0.996805
3842 36.5 0.962 -0.925 0.028283 0.0391003 -0.0389252 0.998076
3843 36.6 1 -0.931 0.0234234 0.0402258 -0.021037 0.998694
3844 36.6 1.04 -0.939 0.0239463 0.0419588 -0.000763903 0.998832
3845 36.7 1.08 -0.944 0.0278699 0.0385746 0.0199608 0.998668
3846 36.7 1.12 -0.946 0.0335175 0.0355699 0.038923 0.998046
3847 36.8 1.17 -0.947 0.034801 0.0399207 0.0523884 0.997221
3848 36.8 1.21 -0.953 0.0395526 0.0346289 0.0754043 0.995766
3849 36.9 1.26 -0.962 0.0426802 0.0500892 0.100109 0.992798
3850 36.9 1.31 -0.972 0.0394766 0.0684703 0.124413 0.989078
3851 37 1.37 -0.981 0.0354168 0.0772853 0.142658 0.986114
3852 37 1.44 -0.992 0.040683 0.0765016 0.142509 0.985994
3853 37.1 1.51 -0.999 0.043671 0.0680805 0.144255 0.986229
3854 37.1 1.58 -1 0.0415339 0.0453875 0.145304 0.987472
3855 37.2 1.64 -1.01 0.0460586 0.0521676 0.146361 0.98678
3856 37.2 1.7 -1.02 0.03866 0.0585071 0.143318 0.987189
3857 37.3 1.76 -1.03 0.0266545 0.0747775 0.147849 0.985819
3858 37.3 1.82 -1.05 0.0201705 0.0776376 0.154662 0.984706
3859 37.4 1.87 -1.07 0.0175056 0.0727102 0.158264 0.98456
3860 37.5 1.91 -1.1 0.0269157 0.0657858 0.160714 0.984438
3861 37.6 1.96 -1.12 0.0309116 0.0758522 0.166132 0.982696
3862 37.6 2.01 -1.14 0.0285049 0.0717834 0.175074 0.981521
3863 37.7 2.05 -1.18 0.0275079 0.0659027 0.181504 0.980794
3864 37.8 2.1 -1.22 0.026544 0.0701303 0.187866 0.979328
3865 37.8 2.15 -1.26 0.0204603 0.0603098 0.198359 0.978058
3866 37.9 2.19 -1.29 0.0134159 0.0564242 0.204424 0.977163
3867 38 2.22 -1.33 0.0182529 0.0528029 0.205349 0.977093
3868 38 2.25 -1.37 0.0126706 0.0534623 0.208986 0.976374
3869 38.1 2.27 -1.4 0.00515076 0.0530642 0.215366 0.975077
3870 38.1 2.29 -1.44 0.00503106 0.0503159 0.22029 0.974123
3871 38.1 2.31 -1.46 0.00505378 0.0606713 0.225361 0.972371
3872 38.2 2.32 -1.48 0.011129 0.0599636 0.235633 0.969926
3873 38.2 2.33 -1.49 -0.00537235 0.0780481 0.243062 0.966851
3874 38.2 2.34 -1.49 -0.0102924 0.0742837 0.252535 0.964677
3875 38.2 2.35 -1.49 -0.000325873 0.0602158 0.252724 0.965663
3876 38.2 2.35 -1.51 0.0221955 0.052617 0.240679 0.968923
3877 38.3 2.36 -1.55 0.0434572 0.0658355 0.226342 0.970848
3878 38.3 2.36 -1.59 0.0627744 0.0612033 0.215626 0.972532
3879 38.3 2.36 -1.63 0.0692507 0.0496251 0.218976 0.972004
3880 38.4 2.36 -1.67 0.0678847 0.0321975 0.223864 0.97172
3881 38.4 2.36 -1.71 0.0642559 0.0240725 0.227107 0.97145
3882 38.4 2.35 -1.75 0.06 0.037912 0.219742 0.972973
3883 38.5 2.34 -1.77 0.051754 0.0515766 0.19791 0.977493
3884 38.5 2.33 -1.78 0.0418192 0.0593522 0.170734 0.982638
3885 38.6 2.31 -1.77 0.0283438 0.0599114 0.150901 0.986324
3886 38.6 2.3 -1.76 0.0166801 0.0640616 0.131138 0.989151
3887 38.7 2.29 -1.74 0.0142421 0.0804742 0.104111 0.991202
3888 38.7 2.29 -1.72 0.0216257 0.0851742 0.0741024 0.993371
3889 38.7 2.31 -1.7 0.0440655 0.0859527 0.0496147 0.994087
3890 38.8 2.33 -1.68 0.0570394 0.0930903 0.0339746 0.993442
3891 38.8 2.35 -1.65 0.0665802 0.0920563 0.0345064 0.992926
3892 38.8 2.38 -1.62 0.070471 0.0881091 0.0269853 0.993248
3893 38.9 2.39 -1.6 0.0688862 0.0704301 0.00508985 0.995122
3894 38.9 2.39 -1.57 0.0692099 0.0638925 -0.0175885 0.995399
3895 38.9 2.38 -1.54 0.0701906 0.0668339 -0.0478658 0.994141
3896 38.9 2.36 -1.52 0.0729383 0.0859489 -0.0726651 0.990965
3897 39 2.34 -1.51 0.076005 0.086637 -0.099984 0.988292
3898 39 2.31 -1.5 0.080246 0.0908335 -0.116191 0.985804
3899 39 2.28 -1.5 0.0820932 0.0909254 -0.13933 0.98264
3900 39.1 2.27 -1.48 0.0779772 0.0855444 -0.16889 0.978814
3901 39.1 2.25 -1.47 0.0772053 0.0762895 -0.202602 0.973228
3902 39.1 2.23 -1.46 0.0799735 0.0789447 -0.231765 0.966259
3903 39.1 2.22 -1.45 0.0779315 0.0794034 -0.259623 0.95928
3904 39.1 2.2 -1.44 0.0762148 0.0804764 -0.292119 0.949937
3905 39.2 2.18 -1.43 0.0721901 0.0719862 -0.334185 0.936977
3906 39.2 2.16 -1.43 0.0653597 0.0649609 -0.371899 0.923688
3907 39.2 2.15 -1.43 0.0637195 0.0694632 -0.409151 0.907585
3908 39.2 2.13 -1.44 0.0650008 0.0671613 -0.443927 0.891175
3909 39.2 2.11 -1.44 0.0677344 0.0725971 -0.472621 0.875655
3910 39.2 2.09 -1.45 0.0698129 0.0776839 -0.497587 0.861103
3911 39.1 2.06 -1.46 0.0735541 0.0784914 -0.515819 0.849917
3912 39.1 2.03 -1.46 0.0868393 0.0845619 -0.529265 0.839754
3913 39.1 1.98 -1.47 0.0991505 0.0906805 -0.54322 0.828769
3914 39.1 1.94 -1.48 0.107492 0.100356 -0.549558 0.822411
3915 39.1 1.9 -1.48 0.115109 0.11837 -0.548312 0.819812
3916 39.1 1.87 -1.49 0.117418 0.128768 -0.543281 0.821266
3917 39.1 1.84 -1.5 0.117968 0.137572 -0.538675 0.822792
3918 39.1 1.81 -1.5 0.119252 0.144462 -0.538204 0.821733
3919 39.1 1.77 -1.5 0.117845 0.140862 -0.54541 0.817801
3920 39.1 1.72 -1.51 0.111954 0.132071 -0.557613 0.811844
3921 39.1 1.66 -1.51 0.100793 0.124405 -0.573225 0.803603
3922 39.2 1.61 -1.5 0.082768 0.112092 -0.589876 0.795381
3923 39.2 1.55 -1.5 0.0684538 0.101299 -0.609244 0.783501
3924 39.2 1.49 -1.5 0.0634334 0.0984268 -0.626627 0.770472
3925 39.2 1.44 -1.5 0.0614167 0.0958956 -0.647802 0.753249
3926 39.2 1.4 -1.5 0.0579298 0.0933406 -0.664284 0.739363
3927 39.2 1.36 -1.5 0.0522721 0.0889002 -0.674217 0.731297
3928 39.2 1.32 -1.49 0.0446374 0.0842202 -0.682607 0.724543
3929 39.2 1.27 -1.49 0.0397127 0.0784907 -0.68482 0.723384
3930 39.2 1.22 -1.49 0.0352814 0.0675811 -0.685683 0.723897
3931 39.2 1.16 -1.49 0.0358726 0.05618 -0.682429 0.727907
3932 39.1 1.11 -1.49 0.0387981 0.0533046 -0.682268 0.728123
3933 39.1 1.06 -1.49 0.0420792 0.0523928 -0.679267 0.730808
3934 39.1 1.02 -1.5 0.0361408 0.0447414 -0.6734 0.737037
3935 39.1 0.988 -1.5 0.0427521 0.0501487 -0.674866 0.734992
3936 39.1 0.962 -1.5 0.0424711 0.0445682 -0.683298 0.727539
3937 39.1 0.941 -1.51 0.0463 0.0493371 -0.69475 0.716062
3938 39.1 0.925 -1.51 0.0491102 0.0560679 -0.712492 0.69771
3939 39.1 0.912 -1.52 0.0512017 0.0584148 -0.733073 0.6757
3940 39.1 0.902 -1.53 0.0558634 0.0672943 -0.752959 0.652229
3941 39.1 0.897 -1.54 0.0636278 0.0776339 -0.769757 0.630396
3942 39.2 0.895 -1.54 0.0658849 0.0782159 -0.785429 0.610445
3943 39.2 0.897 -1.55 0.0669949 0.0852558 -0.802074 0.5873
3944 39.2 0.905 -1.56 0.066491 0.0891442 -0.818813 0.563185
3945 39.2 0.918 -1.56 0.0664858 0.0893451 -0.834205 0.540092
3946 39.2 0.933 -1.56 0.0632219 0.0896286 -0.847594 0.519186
3947 39.2 0.954 -1.56 0.061494 0.0915164 -0.85459 0.507463
3948 39.2 0.982 -1.56 0.0445601 0.0875846 -0.860182 0.50043
3949 39.2 1.01 -1.55 -0.0306709 -0.076403 0.867989 -0.489711
3950 39.2 1.04 -1.54 -0.0201184 -0.0701704 0.875483 -0.477704
3951 39.2 1.08 -1.53 0.00135811 -0.0520945 0.881926 -0.468499
3952 39.2 1.11 -1.51 0.0231129 -0.0395732 0.888116 -0.457329
3953 39.2 1.13 -1.5 0.0437137 -0.0238066 0.894001 -0.445291
3954 39.2 1.16 -1.5 0.0598884 -0.0111865 0.90109 -0.429331
3955 39.2 1.17 -1.51 0.0719225 -0.00362052 0.908185 -0.412327
3956 39.1 1.19 -1.52 0.0748638 -0.00163966 0.916498 -0.392968
3957 39.1 1.2 -1.52 0.0714708 -0.000627187 0.925511 -0.371916
3958 39.1 1.22 -1.53 0.0594976 -0.00586049 0.934987 -0.349606
3959 39.1 1.23 -1.53 0.042071 -0.0127576 0.943521 -0.328383
3960 39.1 1.24 -1.53 0.027534 -0.0201525 0.95089 -0.307643
3961 39.1 1.26 -1.52 0.0121831 -0.0263784 0.95645 -0.290446
3962 39.1 1.26 -1.51 -0.00388301 -0.0375611 0.963048 -0.266668
3963 39.1 1.27 -1.51 -0.0229461 -0.0527324 0.96808 -0.243956
3964 39.1 1.27 -1.52 -0.0375294 -0.0562916 0.972394 -0.223324
3965 39.1 1.26 -1.52 -0.051626 -0.0575068 0.977965 -0.193936
3966 39 1.24 -1.53 -0.0589649 -0.060911 0.983734 -0.158369
3967 39 1.22 -1.54 -0.0660161 -0.0599158 0.988744 -0.120157
3968 39 1.19 -1.54 -0.0786691 -0.0554961 0.991592 -0.0864678
3969 39 1.16 -1.55 -0.0808735 -0.0507953 0.994069 -0.0520242
3970 39 1.13 -1.55 -0.0963897 -0.0436914 0.994227 -0.0176871
3971 39 1.11 -1.55 -0.0942664 -0.0304646 0.994938 0.0168398
3972 39 1.09 -1.55 -0.105108 -0.0268479 0.993146 0.0434967
3973 39 1.07 -1.56 -0.104419 -0.0220643 0.992199 0.0644233
3974 39 1.06 -1.57 -0.110081 -0.0141379 0.989956 0.0875769
3975 39 1.04 -1.58 -0.114962 -0.00199956 0.986991 0.112377
3976 38.9 1.01 -1.58 -0.111054 0.0126697 0.983574 0.141736
3977 38.9 0.99 -1.58 -0.105632 0.0280438 0.979225 0.170802
3978 38.9 0.965 -1.58 -0.098904 0.041289 0.974568 0.196801
3979 38.9 0.939 -1.58 -0.0891106 0.0500895 0.96864 0.226467
3980 38.9 0.918 -1.59 -0.0956089 0.0504609 0.960137 0.257777
3981 38.9 0.895 -1.59 -0.0939671 0.0556789 0.95165 0.28711
3982 39 0.867 -1.59 -0.0927503 0.0564287 0.941884 0.317912
3983 39 0.835 -1.59 -0.0879838 0.0582083 0.93029 0.351327
3984 39 0.797 -1.59 -0.0835759 0.0600307 0.917873 0.383302
3985 39 0.753 -1.59 -0.0738711 0.0543586 0.904411 0.416688
3986 39 0.702 -1.59 -0.0593835 0.0433425 0.892385 0.445245
3987 39 0.657 -1.58 -0.0494113 0.0445701 0.878048 0.473923
3988 39.1 0.624 -1.57 -0.0339342 0.0451657 0.857392 0.511554
3989 39.1 0.598 -1.57 -0.026657 0.0489502 0.837253 0.543968
3990 39.1 0.574 -1.56 -0.0131927 0.0459335 0.812664 0.58077
3991 39.1 0.548 -1.56 -0.00829599 0.0405621 0.792458 0.60852
3992 39.2 0.518 -1.56 -0.00957748 0.0362103 0.778482 0.626548
3993 39.2 0.481 -1.56 -0.00997678 0.0355605 0.767989 0.639397
3994 39.2 0.438 -1.56 -0.00292516 0.0330567 0.75889 0.650373
3995 39.2 0.392 -1.56 -0.00543579 0.0348309 0.751513 0.658776
3996 39.2 0.342 -1.57 -0.00153203 0.0344533 0.744485 0.666748
3997 39.2 0.296 -1.57 -0.00970317 0.0432975 0.739048 0.67219
3998 39.2 0.255 -1.57 -0.0161632 0.0462346 0.735266 0.676007
3999 39.2 0.218 -1.57 -0.0167876 0.0496218 0.731317 0.680023
4000 39.2 0.18 -1.57 -0.0136882 0.0506214 0.72457 0.687204
4001 39.2 0.141 -1.57 -0.00585021 0.0354224 0.721462 0.691522
4002 39.2 0.1 -1.57 0.00412342 0.0195149 0.722356 0.691234
4003 39.2 0.0581 -1.57 0.0168383 0.00575921 0.725333 0.688169
4004 39.2 0.0191 -1.56 0.0314072 -0.0127604 0.729447 0.683197
4005 39.2 -0.0178 -1.56 0.0420954 -0.0247788 0.731819 0.679746
4006 39.2 -0.0512 -1.57 0.0523757 -0.0307595 0.732167 0.678412
4007 39.1 -0.08 -1.57 0.0638219 -0.0362018 0.728031 0.681607
4008 39.2 -0.099 -1.57 0.0646389 -0.0397523 0.725336 0.684199
4009 39.2 -0.112 -1.57 0.0679129 -0.041987 0.721749 0.687534
4010 39.2 -0.122 -1.58 0.0662236 -0.035136 0.714736 0.695365
4011 39.2 -0.139 -1.58 0.0592673 -0.0220071 0.706197 0.705187
4012 39.2 -0.162 -1.58 0.0541823 -0.0097795 0.695796 0.716126
4013 39.2 -0.185 -1.59 0.0399807 0.00507619 0.683543 0.728797
4014 39.3 -0.21 -1.61 0.0228666 0.0250969 0.673815 0.73812
4015 39.3 -0.24 -1.62 0.0136475 0.0471818 0.664573 0.745607
4016 39.3 -0.267 -1.63 0.0104798 0.0555297 0.6544 0.754034
4017 39.3 -0.288 -1.64 0.00178224 0.0660837 0.645299 0.761064
4018 39.3 -0.298 -1.65 -0.00627279 0.077738 0.638364 0.765774
4019 39.3 -0.294 -1.65 -0.0117159 0.088415 0.634264 0.767955
4020 39.3 -0.279 -1.65 -0.0134 0.0933087 0.629669 0.771123
4021 39.3 -0.252 -1.65 -0.0127083 0.0893983 0.627562 0.773313
4022 39.3 -0.217 -1.64 -0.00732416 0.0825278 0.62822 0.773612
4023 39.3 -0.175 -1.63 -0.0021239 0.0689979 0.630324 0.773257
4024 39.3 -0.131 -1.63 0.0038452 0.0559689 0.631107 0.773665
4025 39.3 -0.0864 -1.62 -0.00203975 0.0561511 0.632773 0.772296
4026 39.3 -0.0454 -1.61 0.000831161 0.0513548 0.633947 0.771669
4027 39.3 -0.00313 -1.61 -0.00331537 0.053829 0.6404 0.766146
4028 39.3 0.0433 -1.61 -0.00876303 0.0489708 0.655792 0.753301
4029 39.2 0.1 -1.61 -0.0097364 0.0462038 0.67099 0.739961
4030 39.3 0.166 -1.61 -0.00463072 0.0470445 0.684398 0.727574
4031 39.3 0.232 -1.6 -0.00105846 0.0461648 0.698699 0.713924
4032 39.3 0.296 -1.58 0.00118325 0.0465739 0.708045 0.704629
4033 39.3 0.359 -1.56 -0.00463391 0.0524621 0.719125 0.692882
4034 39.3 0.415 -1.54 -0.00520231 0.0498604 0.729451 0.682194
4035 39.3 0.471 -1.54 -0.00229947 0.0507309 0.72983 0.68174
4036 39.3 0.531 -1.54 -0.000970195 0.0489764 0.723399 0.68869
4037 39.3 0.597 -1.54 -0.00173312 0.0479616 0.711204 0.701346
4038 39.3 0.667 -1.54 0.00264281 0.0385235 0.69336 0.719556
4039 39.2 0.737 -1.53 0.0183097 0.0205098 0.671528 0.740469
4040 39.2 0.807 -1.52 0.0101852 0.0364445 0.654007 0.755542
4041 39.2 0.871 -1.51 0.0161994 0.0270802 0.633828 0.77283
4042 39.2 0.931 -1.5 0.0143634 0.0268447 0.624454 0.780468
4043 39.2 0.993 -1.5 0.0151149 0.0232338 0.61967 0.784373
4044 39.2 1.06 -1.51 0.0129354 0.0253182 0.615923 0.787293
4045 39.2 1.14 -1.51 0.0204222 0.0241363 0.616312 0.786867
4046 39.2 1.22 -1.51 0.0342359 0.0149361 0.615391 0.787337
4047 39.2 1.29 -1.5 0.0383736 0.0256449 0.609037 0.791798
4048 39.2 1.37 -1.48 0.0403277 0.0294283 0.602922 0.796237
4049 39.2 1.43 -1.47 0.0413527 0.0332203 0.591809 0.804331
4050 39.2 1.5 -1.47 0.0437464 0.029561 0.573572 0.817452
4051 39.2 1.57 -1.47 0.0390286 0.0219535 0.554577 0.830926
4052 39.2 1.64 -1.47 0.0437337 0.0177522 0.528662 0.847519
4053 39.2 1.7 -1.46 0.0552208 0.00441177 0.495543 0.866815
4054 39.2 1.76 -1.45 0.0480827 0.00681435 0.459463 0.886868
4055 39.2 1.82 -1.44 0.0379147 -0.00120581 0.422046 0.90578
4056 39.2 1.86 -1.44 0.0314141 0.00320586 0.402702 0.914786
4057 39.2 1.91 -1.44 0.0377319 0.00927947 0.389661 0.920138
4058 39.3 1.96 -1.45 0.0438708 0.0147296 0.376797 0.925139
4059 39.3 2.01 -1.46 0.0532388 0.0181356 0.362133 0.930428
4060 39.3 2.07 -1.46 0.0595909 0.02866 0.342032 0.937359
4061 39.3 2.11 -1.45 0.0566422 0.040094 0.314522 0.94671
4062 39.3 2.16 -1.44 0.0618963 0.0388029 0.297644 0.951878
4063 39.3 2.2 -1.43 0.0502987 0.0405055 0.277203 0.958639
4064 39.4 2.24 -1.42 0.0468443 0.0405653 0.261128 0.963313
4065 39.4 2.28 -1.42 0.0409251 0.0466768 0.237057 0.96951
4066 39.4 2.33 -1.42 0.0409949 0.0501923 0.202448 0.977146
4067 39.4 2.39 -1.42 0.0440705 0.0517372 0.159148 0.984913
4068 39.4 2.44 -1.42 0.039423 0.059806 0.110063 0.99134
4069 39.4 2.48 -1.41 0.0428051 0.0628031 0.0694793 0.994684
4070 39.4 2.52 -1.4 0.0416817 0.0693432 0.0318139 0.996214
4071 39.4 2.54 -1.4 0.0360488 0.0702507 0.000140497 0.996878
4072 39.4 2.56 -1.4 0.0331307 0.0671637 -0.0264237 0.996842
4073 39.4 2.57 -1.4 0.0352649 0.0675147 -0.0535588 0.995655
4074 39.3 2.59 -1.41 0.036423 0.070687 -0.0911948 0.992653
4075 39.3 2.6 -1.41 0.0398229 0.0712907 -0.127519 0.988469
4076 39.3 2.61 -1.41 0.0456991 0.0747375 -0.162488 0.982814
4077 39.3 2.62 -1.41 0.0452577 0.0733903 -0.199592 0.976078
4078 39.3 2.63 -1.41 0.0464454 0.0797294 -0.221973 0.970677
4079 39.3 2.64 -1.4 0.0452711 0.090463 -0.25687 0.961137
4080 39.3 2.65 -1.39 0.0428268 0.0795331 -0.295357 0.951107
4081 39.3 2.67 -1.38 0.0432712 0.0685486 -0.333405 0.939292
4082 39.3 2.69 -1.38 0.0448196 0.0677262 -0.37775 0.922339
4083 39.3 2.71 -1.38 0.049139 0.0747996 -0.420004 0.903099
4084 39.3 2.73 -1.38 0.0500656 0.0778868 -0.456563 0.88486
4085 39.3 2.75 -1.37 0.050816 0.0799521 -0.487488 0.867975
4086 39.2 2.77 -1.37 0.0491883 0.0820297 -0.513091 0.852989
4087 39.2 2.78 -1.38 0.0502531 0.0875585 -0.538367 0.836641
4088 39.2 2.78 -1.39 0.0581146 0.0990571 -0.564143 0.817651
4089 39.2 2.79 -1.4 0.0672239 0.113273 -0.589882 0.796674
4090 39.2 2.8 -1.4 0.0700226 0.118322 -0.614031 0.777214
4091 39.1 2.81 -1.4 0.0677106 0.124723 -0.634102 0.760114
4092 39.1 2.81 -1.41 0.0741575 0.127135 -0.653867 0.742156
4093 39.1 2.81 -1.41 0.0847195 0.12866 -0.674923 0.721629
4094 39 2.81 -1.4 0.0921342 0.131724 -0.693579 0.702216
4095 39 2.81 -1.4 0.0963764 0.131037 -0.709609 0.685563
4096 39 2.81 -1.39 0.096488 0.126252 -0.723422 0.671872
4097 38.9 2.81 -1.37 0.0884744 0.119656 -0.730458 0.666548
4098 38.9 2.81 -1.36 0.0722795 0.10799 -0.733937 0.666671
4099 38.9 2.82 -1.34 0.0507558 0.090711 -0.734942 0.670116
4100 38.9 2.82 -1.33 0.0284984 0.0715657 -0.732943 0.675914
4101 38.9 2.82 -1.32 0.00759874 0.0544684 -0.730129 0.681093
4102 38.9 2.82 -1.32 -0.012435 0.0383756 -0.72717 0.685272
4103 38.9 2.81 -1.32 -0.0299815 0.0273122 -0.722827 0.689838
4104 38.9 2.79 -1.32 -0.041438 0.0247036 -0.716195 0.696231
4105 39 2.76 -1.33 -0.0580863 0.0229886 -0.707747 0.703699
4106 39 2.74 -1.33 -0.0633697 0.0331486 -0.693335 0.717058
4107 39 2.71 -1.34 -0.0663476 0.0452073 -0.680088 0.728722
4108 39.1 2.68 -1.34 -0.0609235 0.0584886 -0.66875 0.738675
4109 39.1 2.66 -1.34 -0.0503408 0.0710038 -0.660725 0.745565
4110 39.1 2.65 -1.35 -0.0345327 0.0864529 -0.653387 0.751279
4111 39.1 2.63 -1.35 -0.0150853 0.103922 -0.648512 0.753926
4112 39.1 2.62 -1.36 0.0133156 0.12139 -0.643958 0.755252
4113 39.1 2.61 -1.37 0.0263386 0.131051 -0.641678 0.755236
4114 39.1 2.59 -1.38 0.0452055 0.145762 -0.639692 0.753329
4115 39.1 2.58 -1.38 0.0638262 0.161236 -0.638179 0.750105
4116 39.1 2.57 -1.39 0.0768827 0.165393 -0.645628 0.741552
4117 39 2.56 -1.39 0.0907624 0.167505 -0.657646 0.728839
4118 39 2.55 -1.39 0.101803 0.171074 -0.672032 0.713262
4119 39 2.54 -1.4 0.110167 0.17159 -0.688729 0.695753
4120 39 2.54 -1.4 0.115896 0.170137 -0.707355 0.676218
4121 39 2.53 -1.4 0.117938 0.164287 -0.723975 0.659516
4122 38.9 2.53 -1.39 0.114517 0.155342 -0.737839 0.646798
4123 38.9 2.53 -1.38 0.103117 0.141927 -0.747867 0.640249
4124 38.9 2.53 -1.37 0.0858328 0.126344 -0.753499 0.63946
4125 38.9 2.54 -1.36 0.0684977 0.112832 -0.753456 0.644113
4126 38.9 2.54 -1.35 0.0513461 0.102138 -0.748044 0.653729
4127 38.9 2.54 -1.35 0.038336 0.0933005 -0.737915 0.667313
4128 39 2.54 -1.35 0.0287577 0.0929837 -0.722228 0.684773
4129 39 2.54 -1.35 0.0232006 0.0972922 -0.701235 0.70588
4130 39 2.54 -1.35 0.0233214 0.0948588 -0.678931 0.727674
4131 39.1 2.54 -1.35 0.0231318 0.0880022 -0.656393 0.748912
4132 39.1 2.53 -1.36 0.0233945 0.0852763 -0.63347 0.768698
4133 39.1 2.51 -1.37 0.023221 0.0869967 -0.610281 0.787051
4134 39.2 2.49 -1.38 0.0251486 0.0916686 -0.582655 0.807142
4135 39.2 2.47 -1.39 0.0214736 0.0914064 -0.555002 0.826533
4136 39.2 2.43 -1.41 0.022796 0.0916003 -0.530836 0.842201
4137 39.3 2.39 -1.42 0.0188968 0.0825453 -0.506597 0.858014
4138 39.3 2.35 -1.45 0.0139946 0.0756291 -0.477738 0.875129
4139 39.3 2.32 -1.47 0.00837017 0.0681506 -0.441172 0.894792
4140 39.4 2.29 -1.51 0.000822847 0.0695227 -0.410119 0.909378
4141 39.4 2.27 -1.55 0.00657339 0.0711265 -0.391905 0.917228
4142 39.5 2.25 -1.6 0.0194329 0.0725806 -0.375143 0.923917
4143 39.5 2.23 -1.65 0.0355984 0.0805155 -0.35454 0.930888
4144 39.6 2.22 -1.7 0.0459144 0.0928955 -0.331301 0.937818
4145 39.6 2.22 -1.75 0.0430627 0.0922108 -0.308486 0.945769
4146 39.7 2.23 -1.79 0.0446427 0.0884517 -0.291101 0.951548
4147 39.7 2.23 -1.83 0.0448768 0.0913796 -0.277498 0.955317
4148 39.8 2.23 -1.85 0.0514628 0.10702 -0.257558 0.958938
4149 39.9 2.22 -1.87 0.0521791 0.121047 -0.233603 0.963356
4150 39.9 2.22 -1.88 0.0507424 0.127297 -0.203964 0.96934
4151 40 2.22 -1.89 0.0549618 0.136533 -0.177968 0.972967
4152 40.1 2.23 -1.88 0.0638263 0.149516 -0.154229 0.974569
4153 40.2 2.24 -1.87 0.0688046 0.163985 -0.135617 0.974671
4154 40.2 2.24 -1.84 0.0703529 0.162087 -0.120971 0.976803
4155 40.3 2.24 -1.8 0.0715875 0.145131 -0.0993991 0.9818
4156 40.3 2.24 -1.76 0.0744862 0.143753 -0.0790212 0.983637
4157 40.4 2.23 -1.72 0.0666989 0.132368 -0.0526617 0.987551
4158 40.4 2.21 -1.68 0.0409031 0.132745 -0.00958641 0.990259
4159 40.5 2.18 -1.64 0.0170013 0.138224 0.0209441 0.990034
4160 40.6 2.14 -1.59 0.0116282 0.124789 0.0329754 0.991567
4161 40.6 2.1 -1.55 0.0262508 0.11279 0.0347533 0.992664
4162 40.7 2.07 -1.51 0.0463421 0.0744869 0.0287623 0.995729
4163 40.7 2.04 -1.47 0.0631705 0.0615089 0.0139451 0.996008
4164 40.8 2.02 -1.42 0.0662125 0.0837617 0.00611413 0.994265
4165 40.8 2 -1.37 0.0661419 0.0833284 0.000349668 0.994325
4166 40.8 1.99 -1.33 0.0655484 0.0825346 -0.0156975 0.994306
4167 40.9 1.98 -1.29 0.0666394 0.0921084 -0.033091 0.992965
4168 40.9 1.97 -1.26 0.069909 0.101187 -0.0517201 0.99106
4169 40.9 1.96 -1.23 0.0691621 0.103032 -0.0720977 0.989648
4170 41 1.96 -1.22 0.0654186 0.111907 -0.0963751 0.986868
4171 41 1.96 -1.2 0.0702024 0.104819 -0.132767 0.983086
4172 41 1.95 -1.2 0.073745 0.0994225 -0.166447 0.97825
4173 41.1 1.93 -1.19 0.0731271 0.106459 -0.203332 0.970554
4174 41.1 1.91 -1.19 0.0705987 0.10679 -0.235773 0.963339
4175 41.1 1.88 -1.19 0.0676363 0.0881908 -0.263628 0.9582
4176 41.1 1.83 -1.2 0.068587 0.0812647 -0.300331 0.947889
4177 41.1 1.77 -1.22 0.074228 0.084449 -0.333044 0.936184
4178 41.1 1.71 -1.22 0.0765656 0.0798973 -0.360207 0.926286
4179 41.2 1.65 -1.23 0.0757688 0.0768399 -0.384387 0.916843
4180 41.2 1.58 -1.23 0.0828191 0.0752644 -0.403943 0.907913
4181 41.2 1.53 -1.24 0.0822466 0.0809482 -0.417555 0.901294
4182 41.2 1.48 -1.26 0.083054 0.091759 -0.432431 0.893133
4183 41.2 1.43 -1.27 0.0852398 0.10116 -0.455142 0.880537
4184 41.2 1.38 -1.29 0.0821855 0.111769 -0.479932 0.866267
4185 41.3 1.33 -1.31 0.0788483 0.129103 -0.504852 0.849847
4186 41.3 1.29 -1.31 0.071281 0.120886 -0.531678 0.835239
4187 41.3 1.24 -1.31 0.0681383 0.113866 -0.559753 0.817966
4188 41.4 1.2 -1.31 0.0699286 0.117381 -0.585607 0.798997
4189 41.4 1.15 -1.31 0.0646003 0.113231 -0.616082 0.776819
4190 41.4 1.11 -1.31 0.0622442 0.115702 -0.63457 0.761617
4191 41.4 1.06 -1.32 0.0565892 0.111324 -0.652612 0.74733
4192 41.4 1 -1.32 0.0552373 0.107293 -0.66787 0.73443
4193 41.4 0.94 -1.32 0.0471887 0.0991532 -0.677038 0.72771
4194 41.3 0.881 -1.32 0.0396478 0.085926 -0.681951 0.72525
4195 41.3 0.824 -1.31 0.0412329 0.0759254 -0.689384 0.719225
4196 41.3 0.776 -1.31 0.033863 0.0697221 -0.68737 0.72216
4197 41.3 0.732 -1.31 0.0357888 0.0698453 -0.689266 0.720245
4198 41.3 0.694 -1.32 0.0331334 0.068051 -0.696319 0.71373
4199 41.3 0.657 -1.32 0.0293771 0.0692576 -0.704396 0.705809
4200 41.3 0.613 -1.33 0.0224962 0.0686989 -0.71479 0.695593
4201 41.3 0.565 -1.34 0.0166554 0.0688681 -0.722612 0.687613
4202 41.4 0.514 -1.35 0.0109152 0.0693058 -0.731279 0.678461
4203 41.4 0.464 -1.35 0.0092375 0.0732007 -0.735288 0.673727
4204 41.4 0.413 -1.36 0.00600412 0.0778626 -0.733303 0.675402
4205 41.4 0.37 -1.37 0.00952778 0.0789001 -0.733504 0.675023
4206 41.5 0.329 -1.38 0.0140694 0.0785109 -0.730573 0.67816
4207 41.5 0.29 -1.39 0.0172829 0.0850925 -0.722657 0.685731
4208 41.5 0.248 -1.4 0.0222133 0.0883581 -0.717495 0.690579
4209 41.5 0.203 -1.41 0.0289955 0.0900578 -0.711621 0.696164
4210 41.5 0.153 -1.42 0.0340781 0.087716 -0.709399 0.698497
4211 41.5 0.0994 -1.43 0.0335896 0.080194 -0.710671 0.698131
4212 41.5 0.0427 -1.43 0.0314513 0.0715449 -0.714026 0.695744
4213 41.5 -0.0118 -1.44 0.036123 0.0723541 -0.72301 0.686088
4214 41.5 -0.0595 -1.44 0.0397916 0.0675602 -0.737764 0.67049
4215 41.5 -0.0959 -1.44 0.0441245 0.0686761 -0.751512 0.65465
4216 41.5 -0.122 -1.44 0.0447743 0.0785577 -0.764674 0.638042
4217 41.5 -0.147 -1.45 0.0410814 0.0788546 -0.780378 0.618954
4218 41.5 -0.173 -1.45 0.043125 0.0841008 -0.797534 0.595825
4219 41.5 -0.199 -1.46 0.0437459 0.0853102 -0.81567 0.570518
4220 41.5 -0.223 -1.47 0.0427229 0.083771 -0.838092 0.537363
4221 41.5 -0.243 -1.47 0.0411337 0.0787934 -0.860601 0.501464
4222 41.6 -0.257 -1.47 -0.030222 -0.076609 0.880958 -0.465973
4223 41.6 -0.265 -1.47 -0.027662 -0.0786864 0.898911 -0.430118
4224 41.6 -0.268 -1.47 -0.0248152 -0.0814794 0.912153 -0.400902
4225 41.6 -0.266 -1.47 -0.022143 -0.0871349 0.923009 -0.374127
4226 41.6 -0.258 -1.47 -0.0198501 -0.0898219 0.93203 -0.35051
4227 41.6 -0.241 -1.47 -0.0197601 -0.08786 0.940951 -0.326344
4228 41.6 -0.219 -1.48 -0.0284581 -0.0853709 0.949402 -0.300896
4229 41.6 -0.192 -1.49 -0.0356965 -0.0834153 0.956777 -0.276307
4230 41.7 -0.164 -1.49 -0.0440331 -0.0814882 0.96339 -0.251596
4231 41.7 -0.137 -1.49 -0.0533868 -0.0793738 0.969678 -0.224885
4232 41.7 -0.109 -1.49 -0.0555612 -0.0733403 0.975723 -0.198742
4233 41.7 -0.0799 -1.5 -0.0652671 -0.0669921 0.980918 -0.170449
4234 41.7 -0.0525 -1.49 -0.0675587 -0.0580674 0.986052 -0.140588
4235 41.8 -0.0275 -1.49 -0.0707677 -0.054818 0.989647 -0.112183
4236 41.8 -0.00485 -1.49 -0.068328 -0.0481407 0.992717 -0.0867573
4237 41.8 0.0129 -1.49 -0.0648546 -0.0384601 0.995227 -0.0619452
4238 41.8 0.0252 -1.48 -0.0572444 -0.0295652 0.997138 -0.0395645
4239 41.8 0.0323 -1.47 -0.0445026 -0.025267 0.998429 -0.0228103
4240 41.8 0.0349 -1.46 -0.0273228 -0.0235199 0.999277 -0.0121122
4241 41.7 0.0306 -1.45 -0.00623567 -0.0261637 0.999637 -0.00157811
4242 41.7 0.0225 -1.44 0.00840069 -0.0286189 0.99951 0.00944384
4243 41.7 0.0102 -1.43 0.026182 -0.0308995 0.999008 0.0185068
4244 41.7 -0.00135 -1.43 0.048368 -0.0392598 0.997691 0.0270573
4245 41.7 -0.00785 -1.43 0.0539183 -0.04621 0.996719 0.0388384
4246 41.7 -0.00363 -1.43 0.0557937 -0.0407973 0.995759 0.0607134
4247 41.7 0.011 -1.43 0.0498562 -0.0351926 0.994956 0.0796153
4248 41.7 0.0351 -1.44 0.0449808 -0.0387217 0.993637 0.0957241
4249 41.7 0.0693 -1.44 0.0416907 -0.0404734 0.991641 0.115204
4250 41.7 0.11 -1.44 0.036488 -0.0409803 0.989584 0.133092
4251 41.7 0.158 -1.44 0.0206013 -0.0394872 0.988045 0.147592
4252 41.7 0.214 -1.44 0.00551485 -0.0329354 0.986346 0.161266
4253 41.7 0.268 -1.44 -0.00338789 -0.0261487 0.984969 0.170706
4254 41.7 0.32 -1.44 -0.0137853 -0.0231254 0.983739 0.177576
4255 41.7 0.368 -1.44 -0.0359347 -0.0247157 0.98219 0.182757
4256 41.7 0.41 -1.44 -0.046191 -0.0280204 0.980987 0.186403
4257 41.6 0.446 -1.44 -0.062261 -0.0242238 0.979268 0.191235
4258 41.6 0.479 -1.44 -0.069662 -0.0231193 0.97823 0.194109
4259 41.6 0.511 -1.43 -0.0716441 -0.0245281 0.978047 0.194139
4260 41.6 0.542 -1.43 -0.0712699 -0.0334519 0.977663 0.194874
4261 41.5 0.573 -1.41 -0.0576699 -0.0468582 0.978433 0.192739
4262 41.5 0.603 -1.4 -0.0542416 -0.0581537 0.978397 0.190827
4263 41.4 0.631 -1.38 -0.0472126 -0.065413 0.979045 0.186984
4264 41.4 0.657 -1.37 -0.0381683 -0.0723962 0.979068 0.186352
4265 41.4 0.68 -1.36 -0.0353225 -0.0716725 0.980468 0.179718
4266 41.4 0.7 -1.34 -0.0314528 -0.0726148 0.982986 0.165759
4267 41.4 0.718 -1.33 -0.0161195 -0.0758785 0.986182 0.146381
4268 41.4 0.739 -1.33 -0.00327986 -0.0783004 0.988949 0.125853
4269 41.4 0.765 -1.32 0.00336112 -0.0761015 0.99216 0.0990761
4270 41.4 0.796 -1.31 0.00936542 -0.0768577 0.994446 0.0712903
4271 41.4 0.837 -1.3 0.0164197 -0.0767349 0.995814 0.0468619
4272 41.4 0.882 -1.29 0.014908 -0.0766215 0.996606 0.0261454
4273 41.4 0.927 -1.29 0.0162938 -0.0753398 0.996946 0.0125669
4274 41.4 0.975 -1.28 0.0144413 -0.0727385 0.997172 0.0122048
4275 41.4 1.02 -1.28 0.0115509 -0.0690694 0.997278 0.0230861
4276 41.4 1.07 -1.29 0.00827217 -0.0632703 0.996988 0.0440891
4277 41.4 1.11 -1.29 -0.00608662 -0.0512983 0.995839 0.0750692
4278 41.4 1.15 -1.29 -0.0137838 -0.0413632 0.99332 0.106838
4279 41.4 1.19 -1.29 -0.0149108 -0.0369292 0.989277 0.140517
4280 41.4 1.22 -1.3 -0.016708 -0.0394176 0.983672 0.174805
4281 41.3 1.26 -1.3 -0.020897 -0.0377419 0.978242 0.202932
4282 41.3 1.3 -1.29 -0.0212012 -0.0385447 0.972243 0.229799
4283 41.3 1.33 -1.28 -0.0100827 -0.0455058 0.965859 0.25484
4284 41.2 1.37 -1.27 -0.0040514 -0.0436623 0.959458 0.27842
4285 41.2 1.41 -1.26 -0.00102904 -0.0382679 0.950684 0.30779
4286 41.2 1.44 -1.24 0.00933413 -0.0352135 0.941216 0.335836
4287 41.2 1.47 -1.23 0.0173292 -0.030347 0.93356 0.356714
4288 41.2 1.51 -1.22 0.039038 -0.0310053 0.925774 0.374777
4289 41.2 1.55 -1.21 0.0573494 -0.0299553 0.91632 0.395184
4290 41.2 1.61 -1.21 0.0645077 -0.0275554 0.907315 0.41456
4291 41.2 1.67 -1.21 0.0537697 -0.0207008 0.900296 0.431447
4292 41.2 1.73 -1.21 0.0494564 -0.0137942 0.893154 0.446811
4293 41.3 1.78 -1.2 0.0455985 -0.00712462 0.885955 0.461468
4294 41.3 1.82 -1.2 0.0479612 -0.0070942 0.878155 0.475914
4295 41.3 1.86 -1.19 0.0480071 -0.00604933 0.870436 0.489897
4296 41.3 1.89 -1.19 0.0517273 -0.00259893 0.860411 0.506962
4297 41.3 1.92 -1.19 0.0517539 0.00488495 0.847298 0.528568
4298 41.4 1.95 -1.19 0.0530965 0.00970764 0.831938 0.552237
4299 41.4 1.98 -1.19 0.0534989 0.011526 0.816946 0.574112
4300 41.4 2.01 -1.19 0.0501746 0.0126576 0.796582 0.602312
4301 41.4 2.04 -1.18 0.0520234 0.00834322 0.776408 0.628025
4302 41.3 2.08 -1.17 0.0543711 0.000463443 0.754893 0.65359
4303 41.3 2.12 -1.16 0.0555614 -0.00386663 0.73707 0.673518
4304 41.3 2.15 -1.15 0.0561616 -0.00579023 0.721848 0.689745
4305 41.3 2.18 -1.15 0.0506036 -0.00313817 0.709522 0.702857
4306 41.3 2.21 -1.14 0.0527565 -0.00160047 0.693592 0.718432
4307 41.3 2.24 -1.14 0.0445033 0.00750078 0.679603 0.73219
4308 41.3 2.27 -1.14 0.0389243 0.00805424 0.669999 0.741297
4309 41.3 2.3 -1.15 0.0411387 0.00908539 0.655655 0.753885
4310 41.4 2.35 -1.15 0.0411139 0.0164045 0.644142 0.763624
4311 41.4 2.39 -1.15 0.0443336 0.0200373 0.632333 0.773168
4312 41.4 2.43 -1.14 0.0511805 0.0205828 0.61933 0.78319
4313 41.5 2.46 -1.13 0.0526495 0.0280467 0.605356 0.793716
4314 41.5 2.49 -1.13 0.0555215 0.0212015 0.59233 0.8035
4315 41.5 2.51 -1.13 0.0548935 0.0225205 0.581295 0.811527
4316 41.5 2.53 -1.13 0.0541393 0.032397 0.56079 0.825551
4317 41.6 2.54 -1.13 0.0604157 0.0337504 0.536551 0.841025
4318 41.6 2.57 -1.13 0.0621498 0.0421244 0.510426 0.856638
4319 41.6 2.59 -1.13 0.0625742 0.0477727 0.479625 0.873935
4320 41.6 2.61 -1.12 0.0660238 0.0430583 0.444454 0.892327
4321 41.6 2.64 -1.12 0.0726148 0.0410924 0.402852 0.911454
4322 41.7 2.66 -1.11 0.0723712 0.0426962 0.361178 0.928703
4323 41.7 2.68 -1.11 0.0702267 0.0397123 0.322241 0.943214
4324 41.7 2.69 -1.12 0.0635705 0.0389028 0.282682 0.956314
4325 41.7 2.7 -1.12 0.0565483 0.0469624 0.241964 0.967497
4326 41.7 2.7 -1.12 0.0549422 0.0519 0.197999 0.977284
4327 41.6 2.69 -1.12 0.0482073 0.0590486 0.159706 0.984217
4328 41.6 2.68 -1.12 0.041669 0.0634739 0.124594 0.989298
4329 41.6 2.67 -1.12 0.0409958 0.0632487 0.0835146 0.993652
4330 41.6 2.66 -1.12 0.0425332 0.0689072 0.0438659 0.99575
4331 41.6 2.65 -1.12 0.0444529 0.0752727 0.00289755 0.996167
4332 41.6 2.65 -1.12 0.0461234 0.0847095 -0.0350212 0.994721
4333 41.5 2.65 -1.11 0.0485418 0.0868884 -0.0640605 0.99297
4334 41.5 2.66 -1.11 0.0526049 0.0907958 -0.0939187 0.990034
4335 41.5 2.67 -1.1 0.0555898 0.0892665 -0.120642 0.98711
4336 41.5 2.67 -1.09 0.0596534 0.0991344 -0.145109 0.982628
4337 41.4 2.68 -1.08 0.0587248 0.0975358 -0.164139 0.979845
4338 41.4 2.69 -1.07 0.0557724 0.0953217 -0.18639 0.976249
4339 41.4 2.69 -1.07 0.0549868 0.094024 -0.210987 0.971401
4340 41.4 2.71 -1.06 0.0548237 0.0952131 -0.236189 0.965476
4341 41.4 2.73 -1.06 0.0517303 0.0935448 -0.262935 0.958874
4342 41.4 2.76 -1.05 0.0503717 0.0926059 -0.287897 0.951841
4343 41.4 2.79 -1.06 0.0555895 0.0967462 -0.308827 0.944551
4344 41.4 2.83 -1.06 0.0609676 0.0990792 -0.330597 0.936575
4345 41.4 2.86 -1.06 0.0646962 0.104757 -0.350572 0.928407
4346 41.4 2.89 -1.06 0.0700004 0.11557 -0.371446 0.91857
4347 41.3 2.91 -1.06 0.0700484 0.121782 -0.388182 0.910811
4348 41.3 2.93 -1.06 0.0666148 0.129981 -0.401296 0.904229
4349 41.3 2.95 -1.06 0.0619221 0.129522 -0.413607 0.899065
4350 41.3 2.97 -1.06 0.0603308 0.129466 -0.424836 0.893931
4351 41.3 3 -1.06 0.0621667 0.126543 -0.435297 0.889179
4352 41.2 3.03 -1.06 0.0670414 0.129212 -0.448647 0.881774
4353 41.2 3.06 -1.06 0.0772975 0.138972 -0.46247 0.872258
4354 41.2 3.08 -1.05 0.0809505 0.131102 -0.482827 0.862054
4355 41.2 3.11 -1.05 0.0906594 0.133665 -0.502999 0.849062
4356 41.1 3.12 -1.04 0.0931394 0.132662 -0.527613 0.833877
4357 41.1 3.13 -1.04 0.0925459 0.130132 -0.552099 0.818345
4358 41.1 3.14 -1.04 0.0918732 0.131739 -0.577027 0.800777
4359 41.1 3.14 -1.04 0.089673 0.132741 -0.603864 0.780824
4360 41.1 3.14 -1.03 0.0830322 0.129202 -0.630616 0.760747
4361 41.1 3.15 -1.03 0.0757705 0.126123 -0.65655 0.739793
4362 41 3.15 -1.03 0.0775514 0.128947 -0.681338 0.716336
4363 41 3.15 -1.02 0.0771858 0.129162 -0.702892 0.695199
4364 41 3.16 -1.02 0.0748415 0.126846 -0.72399 0.673904
4365 41 3.16 -1.02 0.0718677 0.125182 -0.748658 0.647051
4366 41 3.17 -1.02 0.070259 0.1185 -0.771674 0.62092
4367 41 3.18 -1.02 0.0698742 0.117829 -0.793252 0.593283
4368 41 3.19 -1.02 0.0712469 0.121212 -0.813244 0.564682
4369 41 3.19 -1.02 0.0669552 0.123481 -0.83071 0.538693
4370 41 3.19 -1.02 0.0633554 0.123785 -0.844123 0.517802
4371 41 3.19 -1.02 0.0566591 0.124388 -0.855519 0.499404
4372 41 3.18 -1.01 -0.0461102 -0.114856 0.866581 -0.483446
4373 41 3.16 -1.01 -0.0354307 -0.0993432 0.874731 -0.472991
4374 40.9 3.14 -1 -0.0244856 -0.0832619 0.880569 -0.465903
4375 40.9 3.11 -0.999 -0.0193007 -0.0742262 0.883955 -0.461239
4376 40.9 3.08 -0.997 -0.0172742 -0.0656277 0.885651 -0.459365
4377 40.9 3.04 -0.995 -0.0100058 -0.0587612 0.88456 -0.462601
4378 40.9 3 -0.99 -0.0072425 -0.056162 0.876156 -0.47869
4379 40.9 2.95 -0.989 -8.6493e-05 0.0503721 -0.863351 0.502083
4380 40.9 2.91 -0.992 -0.00201975 0.0468646 -0.84807 0.527804
4381 40.9 2.87 -1 -0.00832377 0.0420847 -0.831693 0.553575
4382 40.9 2.82 -1.02 -0.00944906 0.0455227 -0.814207 0.57871
4383 40.9 2.77 -1.03 -0.0113745 0.0500077 -0.797943 0.600548
4384 40.9 2.71 -1.03 -0.0226794 0.0482637 -0.77988 0.623653
4385 41 2.66 -1.04 -0.0283214 0.0497075 -0.758733 0.648885
4386 41 2.61 -1.04 -0.029499 0.0497987 -0.738182 0.672114
4387 41 2.56 -1.05 -0.0274803 0.0449662 -0.720086 0.691881
4388 41.1 2.52 -1.05 -0.0186938 0.0472129 -0.696883 0.715385
4389 41.1 2.49 -1.06 -0.0190808 0.0497094 -0.671069 0.739481
4390 41.1 2.45 -1.08 -0.0232529 0.0527937 -0.643098 0.763608
4391 41.1 2.4 -1.09 -0.0197606 0.0576312 -0.610219 0.789886
4392 41.2 2.35 -1.1 -0.00910902 0.0614161 -0.576119 0.815005
4393 41.2 2.3 -1.12 5.97884e-05 0.0678421 -0.533055 0.843356
4394 41.2 2.26 -1.13 0.00353628 0.0724333 -0.487495 0.870109
4395 41.3 2.22 -1.15 0.0140731 0.0851028 -0.43875 0.89446
4396 41.3 2.18 -1.17 0.0257478 0.0898038 -0.391546 0.915404
4397 41.4 2.16 -1.19 0.0449714 0.104533 -0.353966 0.92831
4398 41.4 2.15 -1.21 0.0515324 0.104327 -0.314375 0.94214
4399 41.5 2.14 -1.22 0.0470237 0.104528 -0.27771 0.953803
4400 41.6 2.15 -1.24 0.0381186 0.0950998 -0.245631 0.963934
4401 41.6 2.15 -1.25 0.032422 0.0971702 -0.214504 0.971337
4402 41.7 2.15 -1.26 0.0340032 0.0942944 -0.187261 0.977182
4403 41.8 2.15 -1.27 0.0380834 0.0935462 -0.154486 0.982819
4404 41.8 2.15 -1.29 0.0443733 0.0999911 -0.120354 0.986685
4405 41.9 2.15 -1.31 0.0462987 0.106528 -0.0859518 0.989505
4406 41.9 2.15 -1.33 0.0479279 0.118199 -0.0484497 0.990649
4407 42 2.14 -1.35 0.0488192 0.117697 -0.0182558 0.991681
4408 42.1 2.14 -1.37 0.0468621 0.123474 0.011101 0.991178
4409 42.1 2.14 -1.39 0.0486363 0.121533 0.0422169 0.990496
4410 42.2 2.14 -1.41 0.0446857 0.119446 0.0736985 0.989093
4411 42.2 2.15 -1.44 0.0423966 0.124192 0.0971908 0.986576
4412 42.3 2.17 -1.47 0.0411977 0.116692 0.114621 0.985671
4413 42.4 2.19 -1.5 0.0377805 0.112475 0.127499 0.984716
4414 42.4 2.21 -1.54 0.0356007 0.105676 0.139273 0.983955
4415 42.5 2.24 -1.58 0.0371846 0.096226 0.152231 0.982946
4416 42.5 2.26 -1.62 0.0380211 0.093815 0.164086 0.981239
4417 42.5 2.27 -1.65 0.0364989 0.0925206 0.175298 0.979479
4418 42.6 2.28 -1.67 0.0359691 0.0896919 0.178567 0.979171
4419 42.6 2.29 -1.69 0.0519094 0.0972073 0.176076 0.978189
4420 42.6 2.3 -1.71 0.0544199 0.112096 0.176761 0.976334
4421 42.7 2.3 -1.73 0.0549044 0.0907356 0.186637 0.976688
4422 42.7 2.31 -1.78 0.0611129 0.0777744 0.20076 0.974634
4423 42.8 2.32 -1.83 0.0715812 0.0758365 0.218438 0.970263
4424 42.8 2.33 -1.88 0.0708339 0.0722549 0.228652 0.968235
4425 42.9 2.33 -1.93 0.0761025 0.0708396 0.232601 0.966999
4426 42.9 2.33 -1.98 0.0795628 0.0673685 0.229809 0.967636
4427 42.9 2.33 -2.03 0.0765888 0.0581586 0.229419 0.968565
4428 42.9 2.33 -2.07 0.0722522 0.0480662 0.222905 0.97097
4429 42.9 2.33 -2.09 0.0540072 0.0466843 0.218709 0.973175
4430 43 2.33 -2.11 0.0339259 0.0590924 0.204172 0.976561
4431 43 2.32 -2.11 0.0366523 0.0771303 0.189253 0.978208
4432 43.1 2.32 -2.1 0.0452942 0.0785032 0.174842 0.980416
4433 43.1 2.31 -2.08 0.063373 0.0852199 0.157488 0.981794
4434 43.2 2.3 -2.06 0.081776 0.0820511 0.146852 0.982352
4435 43.2 2.3 -2.03 0.0931125 0.0885563 0.13401 0.982613
4436 43.3 2.3 -2 0.106142 0.084458 0.11333 0.984255
4437 43.3 2.3 -1.97 0.121303 0.0846915 0.0862403 0.985229
4438 43.3 2.31 -1.94 0.124779 0.0890358 0.0700278 0.985697
4439 43.4 2.32 -1.91 0.12663 0.0986121 0.0599247 0.985215
4440 43.4 2.32 -1.87 0.120861 0.089581 0.0404119 0.987793
4441 43.4 2.33 -1.83 0.112492 0.0920175 0.0261836 0.989036
4442 43.5 2.33 -1.81 0.109476 0.0774575 0.0108462 0.990908
4443 43.5 2.32 -1.79 0.108174 0.0887566 -0.00153473 0.990161
4444 43.5 2.31 -1.79 0.111538 0.0898238 -0.0189653 0.989511
4445 43.6 2.3 -1.79 0.108849 0.0883286 -0.0298095 0.989677
4446 43.6 2.3 -1.78 0.0977335 0.0693571 -0.0356558 0.992152
4447 43.6 2.29 -1.77 0.0910323 0.0682636 -0.0454208 0.992467
4448 43.7 2.29 -1.76 0.0986446 0.071632 -0.0585666 0.990812
4449 43.7 2.29 -1.75 0.0955537 0.0754075 -0.0857779 0.988851
4450 43.7 2.29 -1.75 0.0935899 0.0761792 -0.127504 0.98447
4451 43.7 2.3 -1.75 0.091524 0.0643679 -0.176977 0.977834
4452 43.7 2.31 -1.74 0.089052 0.0665327 -0.229401 0.966963
4453 43.8 2.32 -1.74 0.0860127 0.0699881 -0.277901 0.954188
4454 43.8 2.33 -1.74 0.0860984 0.0750194 -0.326002 0.938447
4455 43.8 2.33 -1.74 0.0800475 0.0794641 -0.375584 0.919899
4456 43.7 2.34 -1.74 0.073308 0.0846958 -0.419391 0.900868
4457 43.7 2.34 -1.75 0.0657822 0.0953753 -0.448812 0.886083
4458 43.7 2.35 -1.75 0.058261 0.0977587 -0.47667 0.871685
4459 43.7 2.35 -1.74 0.0569137 0.0939481 -0.503566 0.856946
4460 43.7 2.36 -1.74 0.0602613 0.0984839 -0.531295 0.839282
4461 43.7 2.37 -1.73 0.0639791 0.102467 -0.558308 0.820792
4462 43.6 2.38 -1.72 0.0654321 0.0930514 -0.580299 0.80642
4463 43.6 2.4 -1.71 0.0639905 0.0889489 -0.599805 0.792608
4464 43.6 2.42 -1.71 0.0627535 0.0880095 -0.614627 0.781377
4465 43.6 2.44 -1.71 0.0623086 0.0839839 -0.628065 0.771103
4466 43.6 2.46 -1.7 0.0660696 0.0841397 -0.638504 0.762147
4467 43.6 2.48 -1.7 0.0681815 0.0833803 -0.64703 0.754819
4468 43.6 2.5 -1.69 0.0653399 0.0828258 -0.655421 0.74786
4469 43.6 2.52 -1.69 0.0613054 0.0836746 -0.66648 0.738271
4470 43.6 2.54 -1.68 0.0537496 0.081003 -0.680471 0.726298
4471 43.6 2.57 -1.68 0.044586 0.0827135 -0.692609 0.715167
4472 43.6 2.59 -1.68 0.0481259 0.0902222 -0.706238 0.700551
4473 43.6 2.63 -1.69 0.0541517 0.0926388 -0.721544 0.684003
4474 43.6 2.65 -1.7 0.0576827 0.100429 -0.736674 0.666256
4475 43.6 2.68 -1.7 0.0650939 0.118219 -0.752168 0.645005
4476 43.6 2.71 -1.71 0.0745652 0.132759 -0.767232 0.623033
4477 43.6 2.73 -1.71 0.081265 0.145895 -0.777364 0.606478
4478 43.6 2.75 -1.71 0.0823642 0.152997 -0.782368 0.598087
4479 43.6 2.77 -1.7 0.0789315 0.152845 -0.784197 0.59619
4480 43.6 2.79 -1.7 0.0837465 0.151462 -0.782724 0.59782
4481 43.6 2.81 -1.7 0.0901899 0.150057 -0.777706 0.603757
4482 43.6 2.83 -1.7 0.0947322 0.15393 -0.770103 0.611778
4483 43.6 2.85 -1.7 0.101025 0.161588 -0.759933 0.621438
4484 43.5 2.88 -1.7 0.106427 0.168551 -0.748547 0.632409
4485 43.5 2.9 -1.7 0.11942 0.173572 -0.733916 0.645739
4486 43.5 2.93 -1.71 0.12703 0.176552 -0.720107 0.658892
4487 43.5 2.94 -1.71 0.136943 0.172339 -0.70157 0.67775
4488 43.6 2.95 -1.7 0.142961 0.175565 -0.68571 0.691767
4489 43.6 2.96 -1.69 0.137202 0.172559 -0.669671 0.709182
4490 43.6 2.96 -1.69 0.130987 0.166066 -0.65438 0.725983
4491 43.6 2.96 -1.69 0.126974 0.166021 -0.639588 0.739758
4492 43.7 2.95 -1.69 0.119349 0.165609 -0.625034 0.753434
4493 43.7 2.95 -1.69 0.11045 0.165925 -0.611364 0.765835
4494 43.7 2.95 -1.68 0.0863349 0.153089 -0.60093 0.77974
4495 43.7 2.95 -1.67 0.0699994 0.147318 -0.594832 0.787129
4496 43.7 2.95 -1.67 0.0536837 0.141335 -0.59246 0.791286
4497 43.8 2.94 -1.67 0.0363198 0.129007 -0.593439 0.793642
4498 43.8 2.93 -1.67 0.0258744 0.119869 -0.597267 0.792612
4499 43.8 2.91 -1.67 0.0202356 0.116988 -0.603345 0.788593
4500 43.8 2.89 -1.67 0.017712 0.114749 -0.608301 0.785168
4501 43.7 2.86 -1.68 0.0147536 0.104404 -0.613583 0.782559
4502 43.7 2.82 -1.68 0.0179525 0.0956271 -0.619363 0.779053
4503 43.7 2.78 -1.67 0.0171387 0.0819064 -0.622749 0.777934
4504 43.7 2.74 -1.67 0.00533758 0.0619564 -0.627266 0.776319
4505 43.7 2.69 -1.67 0.0013295 0.0554539 -0.635853 0.769814
4506 43.7 2.66 -1.67 -0.000293981 0.0535785 -0.639911 0.766579
4507 43.6 2.63 -1.67 -0.00216545 0.0487052 -0.644056 0.763423
4508 43.6 2.59 -1.68 0.0060736 0.0521802 -0.654829 0.753949
4509 43.6 2.56 -1.69 0.0123031 0.0562159 -0.667388 0.742483
4510 43.6 2.52 -1.7 0.0226735 0.0668689 -0.679716 0.730069
4511 43.6 2.48 -1.71 0.024862 0.0745289 -0.694983 0.714721
4512 43.6 2.43 -1.72 0.0207273 0.0826111 -0.708936 0.700111
4513 43.6 2.39 -1.72 0.0163721 0.0853775 -0.723428 0.684905
4514 43.6 2.34 -1.72 0.0104285 0.0850044 -0.741671 0.665274
4515 43.6 2.3 -1.72 0.0117482 0.093345 -0.759697 0.643436
4516 43.6 2.26 -1.72 0.00644252 0.0907586 -0.77643 0.623601
4517 43.6 2.24 -1.72 -0.00280402 0.0822951 -0.793456 0.603031
4518 43.6 2.23 -1.72 -0.00704493 0.0819371 -0.805201 0.587272
4519 43.6 2.21 -1.71 -0.0223763 0.0771845 -0.809412 0.581716
4520 43.6 2.2 -1.71 -0.0366483 0.0732871 -0.809706 0.581087
4521 43.6 2.18 -1.72 -0.0378793 0.0715493 -0.80225 0.591474
4522 43.6 2.16 -1.72 -0.0371911 0.0636904 -0.789683 0.609066
4523 43.6 2.14 -1.72 -0.0392563 0.0555518 -0.772507 0.631352
4524 43.6 2.11 -1.72 -0.0360647 0.0538097 -0.753707 0.65401
4525 43.6 2.09 -1.72 -0.0320876 0.0522321 -0.735486 0.674761
4526 43.6 2.07 -1.72 -0.0293416 0.053351 -0.715914 0.695528
4527 43.6 2.05 -1.73 -0.0223991 0.0538131 -0.694933 0.716708
4528 43.6 2.03 -1.74 -0.00771769 0.0575717 -0.673044 0.737318
4529 43.6 2.02 -1.75 0.00628638 0.0647399 -0.648013 0.758847
4530 43.6 2 -1.76 0.0199078 0.0748131 -0.620809 0.78013
4531 43.6 1.99 -1.77 0.0389916 0.0862996 -0.593384 0.799329
4532 43.7 1.98 -1.78 0.0605837 0.0986508 -0.566347 0.815996
4533 43.7 1.97 -1.79 0.0770931 0.109656 -0.540323 0.830712
4534 43.7 1.96 -1.8 0.0872514 0.112854 -0.517711 0.84358
4535 43.7 1.95 -1.8 0.0996537 0.116223 -0.50305 0.850589
4536 43.7 1.93 -1.81 0.10511 0.11991 -0.499528 0.851496
4537 43.7 1.9 -1.81 0.101266 0.120866 -0.506651 0.847609
4538 43.7 1.87 -1.82 0.0898937 0.119739 -0.527218 0.836435
4539 43.7 1.83 -1.82 0.0816698 0.122825 -0.556091 0.817929
4540 43.7 1.8 -1.83 0.0717506 0.122196 -0.58612 0.797737
4541 43.7 1.77 -1.83 0.0698824 0.124414 -0.618905 0.772395
4542 43.7 1.74 -1.83 0.0675487 0.121528 -0.649154 0.747842
4543 43.7 1.72 -1.83 0.0603647 0.116649 -0.677711 0.723503
4544 43.7 1.69 -1.83 0.0607543 0.121982 -0.697537 0.703471
4545 43.7 1.66 -1.84 0.0609614 0.122001 -0.71336 0.687399
4546 43.7 1.62 -1.84 0.0625177 0.121421 -0.725854 0.674154
4547 43.7 1.58 -1.85 0.062859 0.114729 -0.735698 0.664556
4548 43.7 1.53 -1.86 0.0586268 0.101324 -0.742942 0.659039
4549 43.7 1.48 -1.87 0.0511342 0.085055 -0.750655 0.653199
4550 43.7 1.43 -1.87 0.0535596 0.0839432 -0.763697 0.63785
4551 43.6 1.38 -1.87 0.0555934 0.089946 -0.775747 0.622121
4552 43.6 1.35 -1.87 0.0485649 0.0901379 -0.787824 0.60733
4553 43.6 1.32 -1.87 0.0506559 0.0934862 -0.800796 0.589423
4554 43.6 1.3 -1.88 0.050798 0.0934982 -0.815134 0.569416
4555 43.6 1.28 -1.88 0.0476898 0.094312 -0.834493 0.540789
4556 43.6 1.26 -1.88 0.0340301 0.0882164 -0.855962 0.508319
4557 43.6 1.24 -1.87 -0.0180248 -0.082364 0.879201 -0.468932
4558 43.6 1.23 -1.87 0.00323268 -0.0727372 0.899728 -0.430336
4559 43.6 1.21 -1.87 0.0113828 -0.0636822 0.917625 -0.392148
4560 43.6 1.2 -1.88 0.0184825 -0.063062 0.933776 -0.351773
4561 43.6 1.2 -1.88 0.0186712 -0.0637058 0.946366 -0.316204
4562 43.6 1.19 -1.89 0.0160447 -0.0693711 0.957876 -0.278216
4563 43.6 1.19 -1.9 0.00763921 -0.0859987 0.966927 -0.239996
4564 43.6 1.18 -1.92 -0.0143405 -0.10402 0.972173 -0.209414
4565 43.6 1.17 -1.93 -0.0351582 -0.111798 0.976081 -0.183113
4566 43.6 1.16 -1.94 -0.0501592 -0.107521 0.97992 -0.16025
4567 43.5 1.14 -1.94 -0.0666392 -0.0918115 0.984174 -0.136127
4568 43.5 1.12 -1.94 -0.0739566 -0.0659724 0.988882 -0.110863
4569 43.5 1.1 -1.94 -0.0747542 -0.0401355 0.992533 -0.0876319
4570 43.5 1.07 -1.94 -0.0658488 -0.0299217 0.995304 -0.0643337
4571 43.5 1.05 -1.94 -0.0707315 -0.0308304 0.995339 -0.0578452
4572 43.4 1.03 -1.94 -0.0687422 -0.0379159 0.995457 -0.053874
4573 43.4 1.01 -1.94 -0.0765138 -0.0424689 0.995059 -0.0469092
4574 43.4 0.995 -1.95 -0.0716398 -0.0440941 0.995901 -0.0332506
4575 43.4 0.982 -1.95 -0.0687576 -0.0433233 0.99668 -0.00497342
4576 43.4 0.965 -1.96 -0.0766289 -0.0385446 0.995912 0.0283075
4577 43.4 0.943 -1.96 -0.0738167 -0.0359258 0.994711 0.0617364
4578 43.4 0.915 -1.97 -0.061494 -0.0296797 0.992198 0.104307
4579 43.4 0.881 -1.97 -0.0576203 -0.0202797 0.987015 0.148557
4580 43.5 0.845 -1.98 -0.0443295 -0.0193378 0.981425 0.185649
4581 43.5 0.814 -1.99 -0.0461482 -0.0115022 0.973869 0.222075
4582 43.5 0.788 -1.99 -0.0427345 -0.00568953 0.966725 0.252157
4583 43.5 0.767 -2 -0.0414047 -0.00756137 0.961947 0.269975
4584 43.5 0.749 -2 -0.0373299 -0.00820879 0.957649 0.285389
4585 43.5 0.732 -2 -0.0352296 -0.00600457 0.953177 0.300294
4586 43.5 0.714 -2 -0.0290105 -0.0037589 0.949009 0.31389
4587 43.5 0.692 -2.01 -0.0262666 0.00122103 0.944849 0.326449
4588 43.6 0.668 -2.02 -0.0219693 0.00737781 0.940259 0.339672
4589 43.6 0.645 -2.04 -0.028755 0.0164124 0.93443 0.354603
4590 43.6 0.622 -2.05 -0.0337825 0.0230078 0.928924 0.368009
4591 43.6 0.599 -2.06 -0.0337547 0.032966 0.92344 0.380832
4592 43.6 0.579 -2.06 -0.0400595 0.0461533 0.914595 0.399727
4593 43.6 0.556 -2.06 -0.0397804 0.056715 0.903414 0.423136
4594 43.7 0.528 -2.05 -0.0214626 0.0564278 0.894734 0.4425
4595 43.7 0.496 -2.03 0.000722467 0.0530672 0.88394 0.464578
4596 43.7 0.46 -2.01 0.0292685 0.0407211 0.87212 0.486716
4597 43.7 0.423 -2 0.0604732 0.0218236 0.859403 0.507242
4598 43.7 0.386 -2 0.0758714 0.0107561 0.845004 0.529241
4599 43.7 0.347 -1.99 0.085449 0.0034158 0.829545 0.551853
4600 43.7 0.304 -1.99 0.0977711 -0.00665543 0.811669 0.575838
4601 43.7 0.266 -2 0.118487 -0.025623 0.790365 0.600523
4602 43.7 0.237 -2 0.114582 -0.0291337 0.773234 0.623002
4603 43.7 0.212 -2.01 0.113095 -0.0306522 0.759155 0.640276
4604 43.7 0.188 -2.02 0.113718 -0.0309436 0.748524 0.65255
4605 43.7 0.166 -2.03 0.115674 -0.029928 0.737232 0.664991
4606 43.7 0.142 -2.04 0.111666 -0.026373 0.726022 0.678032
4607 43.8 0.116 -2.05 0.107163 -0.0242347 0.715041 0.690395
4608 43.8 0.0874 -2.07 0.0933737 -0.0110836 0.70914 0.69877
4609 43.8 0.0594 -2.09 0.0729499 0.00693092 0.709824 0.700557
4610 43.8 0.0232 -2.11 0.0552085 0.0239189 0.713178 0.698396
4611 43.8 -0.0156 -2.12 0.0382927 0.0379516 0.720874 0.690966
4612 43.8 -0.0521 -2.12 0.0307783 0.0501641 0.729589 0.681349
4613 43.8 -0.0822 -2.12 0.0297733 0.0587238 0.735266 0.674573
4614 43.8 -0.109 -2.12 0.0304811 0.0591011 0.739016 0.670398
4615 43.8 -0.132 -2.12 0.029525 0.0567106 0.743718 0.665429
4616 43.8 -0.152 -2.13 0.0191424 0.0612413 0.750189 0.658103
4617 43.7 -0.177 -2.13 0.0110489 0.0554215 0.75598 0.652151
4618 43.7 -0.205 -2.13 0.00159757 0.0535324 0.761542 0.645899
4619 43.7 -0.236 -2.14 -0.00425591 0.0531567 0.764235 0.642729
4620 43.7 -0.268 -2.14 -0.00486268 0.050315 0.764738 0.642356
4621 43.7 -0.3 -2.14 -0.000144129 0.0391995 0.763158 0.645022
4622 43.6 -0.327 -2.13 0.00658562 0.0265894 0.758063 0.651606
4623 43.6 -0.349 -2.12 0.0137515 0.0182991 0.749788 0.661282
4624 43.7 -0.368 -2.1 0.0296636 0.00692005 0.741728 0.670009
4625 43.7 -0.383 -2.09 0.0439811 -0.00473499 0.732524 0.679302
4626 43.7 -0.396 -2.08 0.0589867 -0.013964 0.724055 0.687074
4627 43.7 -0.411 -2.08 0.0705211 -0.0196845 0.715235 0.695039
4628 43.7 -0.425 -2.08 0.0810691 -0.0223522 0.705172 0.704031
4629 43.7 -0.44 -2.09 0.0914885 -0.0243022 0.695255 0.712503
4630 43.8 -0.457 -2.09 0.0969509 -0.0258574 0.685789 0.720851
4631 43.8 -0.475 -2.09 0.101831 -0.026655 0.676084 0.729267
4632 43.8 -0.495 -2.1 0.105083 -0.0241263 0.66698 0.737234
4633 43.8 -0.514 -2.11 0.107674 -0.0204753 0.657691 0.745271
4634 43.9 -0.532 -2.11 0.108858 -0.0168007 0.648134 0.753519
4635 43.9 -0.548 -2.12 0.107659 -0.0126438 0.639725 0.760922
4636 43.9 -0.563 -2.12 0.10542 -0.00834293 0.631534 0.768103
4637 43.9 -0.578 -2.13 0.10123 -0.00240676 0.621279 0.777019
4638 43.9 -0.594 -2.14 0.0984563 0.00681586 0.606579 0.788874
4639 44 -0.61 -2.14 0.0930198 0.0167683 0.591332 0.80087
4640 44 -0.625 -2.15 0.0861409 0.0219933 0.575072 0.813258
4641 44 -0.64 -2.15 0.0830701 0.0320014 0.562331 0.822106
4642 44 -0.654 -2.16 0.0810247 0.0406505 0.551732 0.82908
4643 44 -0.666 -2.16 0.0758062 0.0460657 0.54508 0.833678
4644 44 -0.682 -2.17 0.071798 0.0493553 0.539303 0.837593
4645 44 -0.698 -2.17 0.0695149 0.0589314 0.529241 0.843563
4646 44 -0.717 -2.18 0.0706879 0.0639441 0.513763 0.852621
4647 44 -0.736 -2.19 0.0695596 0.0675494 0.498675 0.861349
4648 43.9 -0.756 -2.19 0.0661093 0.0735962 0.484267 0.869309
4649 43.9 -0.776 -2.2 0.0591874 0.0822063 0.473046 0.875195
4650 43.9 -0.793 -2.21 0.0475373 0.0878726 0.467002 0.878594
4651 43.9 -0.808 -2.22 0.0354705 0.0963174 0.465245 0.879211
4652 43.9 -0.816 -2.23 0.0277884 0.105472 0.473202 0.874176
4653 43.9 -0.816 -2.23 0.0219729 0.109701 0.488711 0.865243
4654 43.8 -0.809 -2.23 0.019455 0.112057 0.510713 0.852195
4655 43.8 -0.799 -2.23 0.0152679 0.109547 0.535871 0.837024
4656 43.8 -0.786 -2.23 0.0119229 0.103715 0.563398 0.819563
4657 43.8 -0.769 -2.23 0.012505 0.0918327 0.589632 0.802337
4658 43.8 -0.744 -2.22 0.00886826 0.0901668 0.612966 0.784897
4659 43.8 -0.712 -2.22 0.00963705 0.0867281 0.634416 0.768051
4660 43.8 -0.674 -2.22 0.00997784 0.0887256 0.655109 0.750241
4661 43.8 -0.633 -2.22 0.013735 0.0901116 0.673004 0.734
4662 43.8 -0.59 -2.21 0.0129018 0.0898395 0.691278 0.716866
4663 43.8 -0.546 -2.21 0.00875743 0.0881594 0.712101 0.696464
4664 43.8 -0.508 -2.2 -0.00522469 0.0918684 0.733263 0.67369
4665 43.8 -0.479 -2.19 -0.00778745 0.0804728 0.752647 0.653442
4666 43.8 -0.452 -2.18 -0.00650137 0.0746658 0.769021 0.634814
4667 43.8 -0.424 -2.18 -0.00714047 0.071768 0.778384 0.623631
4668 43.8 -0.393 -2.17 -0.00163566 0.0665337 0.785145 0.615725
4669 43.8 -0.356 -2.17 0.00340991 0.0608156 0.785832 0.615434
4670 43.8 -0.31 -2.16 0.0106265 0.0490251 0.781843 0.621453
4671 43.8 -0.258 -2.15 0.0173874 0.0345203 0.776463 0.628976
4672 43.8 -0.206 -2.14 0.0324196 0.0147964 0.766602 0.641133
4673 43.8 -0.157 -2.13 0.0449568 0.00512236 0.758453 0.650155
4674 43.8 -0.107 -2.11 0.0581805 -0.00247045 0.749345 0.659615
4675 43.7 -0.0588 -2.11 0.0631267 -0.00748585 0.738912 0.670797
4676 43.7 -0.0118 -2.1 0.0586227 -0.00174958 0.73452 0.676047
4677 43.7 0.0368 -2.1 0.0606599 -0.00309298 0.731663 0.678956
4678 43.7 0.0936 -2.1 0.0657305 -0.00651632 0.725923 0.684597
4679 43.7 0.163 -2.1 0.0765585 -0.0114159 0.721239 0.688348
4680 43.8 0.237 -2.09 0.0806604 -0.00774852 0.717352 0.691982
4681 43.8 0.31 -2.08 0.0928512 -0.00777316 0.709554 0.698464
4682 43.8 0.38 -2.07 0.0940096 -0.00121757 0.698141 0.70976
4683 43.8 0.441 -2.05 0.092892 0.00278737 0.694306 0.713655
4684 43.8 0.496 -2.04 0.0873974 0.00932352 0.690427 0.718043
4685 43.8 0.545 -2.04 0.0851572 0.0117206 0.677405 0.73057
4686 43.8 0.591 -2.04 0.083467 0.0159165 0.655808 0.75013
4687 43.8 0.637 -2.04 0.0795585 0.0220131 0.625299 0.776007
4688 43.8 0.684 -2.03 0.0786972 0.0218067 0.589884 0.803348
4689 43.8 0.73 -2.02 0.0819746 0.0252385 0.555294 0.827219
4690 43.8 0.773 -2.01 0.0835306 0.0244404 0.526657 0.845611
4691 43.8 0.812 -2.01 0.0824123 0.0338509 0.496618 0.863385
4692 43.8 0.845 -2 0.082637 0.0340122 0.467941 0.87923
4693 43.8 0.874 -2 0.0743841 0.0423474 0.448724 0.889562
4694 43.9 0.903 -2 0.0692998 0.0452665 0.432866 0.89765
4695 43.9 0.934 -2.01 0.0629208 0.0473107 0.414592 0.906596
4696 43.9 0.968 -2.01 0.0625547 0.0552703 0.388131 0.917816
4697 43.9 1 -2.02 0.0685941 0.059879 0.36011 0.928456
4698 43.9 1.03 -2.01 0.0742878 0.0573412 0.323238 0.941653
4699 43.9 1.06 -2.01 0.0807217 0.0641791 0.287032 0.952354
4700 43.9 1.09 -2 0.0946978 0.0796918 0.248793 0.960616
4701 44 1.11 -2 0.0963964 0.0760553 0.213195 0.969263
4702 44 1.12 -1.99 0.0915461 0.0864326 0.179336 0.975698
4703 44 1.14 -1.99 0.0878741 0.0935958 0.145179 0.981041
4704 44 1.16 -1.99 0.0845838 0.097836 0.105417 0.985982
4705 44 1.2 -1.99 0.0861772 0.100292 0.070408 0.988715
4706 44 1.24 -1.98 0.0911275 0.103004 0.0355777 0.989859
4707 44 1.28 -1.98 0.096284 0.101686 -0.00413037 0.990138
4708 44 1.32 -1.97 0.0965226 0.0980453 -0.0420762 0.989596
4709 44 1.36 -1.96 0.0932287 0.0997692 -0.077321 0.987611
4710 43.9 1.38 -1.96 0.0926781 0.0938991 -0.115738 0.984479
4711 43.9 1.4 -1.96 0.0915511 0.101356 -0.149887 0.979224
4712 43.9 1.42 -1.96 0.0863998 0.113115 -0.171709 0.974811
4713 43.9 1.43 -1.97 0.0860506 0.117624 -0.196265 0.96966
4714 43.9 1.45 -1.97 0.0897838 0.126185 -0.216313 0.963963
4715 43.9 1.47 -1.98 0.0897608 0.134626 -0.231274 0.959339
4716 43.9 1.49 -1.97 0.0862051 0.135684 -0.241974 0.956874
4717 43.8 1.52 -1.97 0.0921786 0.130729 -0.256651 0.953175
4718 43.8 1.54 -1.96 0.09764 0.118956 -0.274417 0.949216
4719 43.8 1.57 -1.95 0.105255 0.110974 -0.286352 0.945838
4720 43.8 1.59 -1.93 0.10463 0.092084 -0.302544 0.942889
4721 43.8 1.61 -1.91 0.0976921 0.0710608 -0.316817 0.940762
4722 43.8 1.64 -1.89 0.0862326 0.0559195 -0.33374 0.937046
4723 43.7 1.67 -1.87 0.0758829 0.045186 -0.351317 0.932082
4724 43.7 1.71 -1.86 0.0655751 0.0395235 -0.374344 0.924124
4725 43.7 1.75 -1.86 0.0548622 0.0442201 -0.402873 0.91254
4726 43.7 1.8 -1.86 0.0462427 0.0508899 -0.433239 0.898652
4727 43.7 1.85 -1.86 0.0445023 0.0514768 -0.463151 0.883664
4728 43.7 1.89 -1.86 0.0420147 0.0548716 -0.489214 0.869421
4729 43.7 1.92 -1.86 0.0437666 0.0625257 -0.511498 0.855888
4730 43.7 1.95 -1.85 0.0432462 0.064871 -0.53164 0.843375
4731 43.7 1.98 -1.85 0.0376109 0.0636557 -0.551611 0.830818
4732 43.7 2.01 -1.85 0.0377013 0.0711199 -0.565196 0.82102
4733 43.6 2.04 -1.84 0.0375865 0.0782987 -0.578432 0.811094
4734 43.6 2.08 -1.84 0.0413913 0.0817092 -0.59088 0.801543
4735 43.6 2.12 -1.83 0.0417172 0.0889519 -0.598155 0.795335
4736 43.6 2.16 -1.83 0.043247 0.093986 -0.60072 0.792737
4737 43.6 2.2 -1.82 0.0458484 0.0927547 -0.602825 0.791136
4738 43.6 2.24 -1.81 0.0564715 0.0957312 -0.603571 0.789525
4739 43.6 2.28 -1.81 0.0631755 0.0982884 -0.605512 0.787212
4740 43.6 2.31 -1.8 0.0655329 0.0973393 -0.610416 0.783341
4741 43.6 2.34 -1.8 0.0705672 0.102049 -0.619639 0.775018
4742 43.6 2.38 -1.8 0.0752888 0.10462 -0.631584 0.764518
4743 43.6 2.43 -1.8 0.0750294 0.107228 -0.639888 0.757243
4744 43.6 2.48 -1.8 0.0768123 0.112035 -0.646758 0.750501
4745 43.6 2.53 -1.81 0.0842479 0.114063 -0.653561 0.743471
4746 43.6 2.58 -1.81 0.0875526 0.124066 -0.659723 0.736008
4747 43.6 2.63 -1.81 0.0923213 0.135031 -0.664193 0.729446
4748 43.6 2.67 -1.8 0.0975569 0.142801 -0.668519 0.723307
4749 43.6 2.7 -1.8 0.097133 0.152015 -0.672527 0.71775
4750 43.6 2.73 -1.79 0.0935652 0.154529 -0.673157 0.717095
4751 43.6 2.77 -1.78 0.0844326 0.153896 -0.674797 0.716824
4752 43.6 2.8 -1.78 0.0894223 0.157789 -0.673471 0.716619
4753 43.6 2.83 -1.78 0.0938934 0.160524 -0.671897 0.716917
4754 43.6 2.87 -1.77 0.0948345 0.163183 -0.668927 0.718968
4755 43.6 2.91 -1.77 0.0963494 0.160989 -0.664969 0.722922
4756 43.6 2.96 -1.76 0.0953604 0.152279 -0.66409 0.725743
4757 43.6 2.99 -1.75 0.102771 0.156309 -0.663816 0.724123
4758 43.6 3.03 -1.75 0.105132 0.152264 -0.666281 0.72238
4759 43.6 3.05 -1.75 0.11145 0.153104 -0.66848 0.719217
4760 43.6 3.08 -1.74 0.116273 0.156429 -0.67227 0.714187
4761 43.6 3.11 -1.74 0.116663 0.152626 -0.674992 0.712377
4762 43.6 3.14 -1.74 0.119954 0.155869 -0.679748 0.706582
4763 43.6 3.17 -1.74 0.119817 0.159461 -0.684713 0.700988
4764 43.6 3.2 -1.74 0.117699 0.162593 -0.689059 0.696353
4765 43.6 3.24 -1.74 0.123836 0.17502 -0.693803 0.68751
4766 43.6 3.27 -1.74 0.1199 0.179378 -0.695692 0.685172
4767 43.6 3.3 -1.75 0.12253 0.185613 -0.699599 0.67904
4768 43.6 3.32 -1.75 0.128943 0.191288 -0.702617 0.673136
4769 43.6 3.34 -1.74 0.126654 0.193013 -0.708027 0.667384
4770 43.5 3.36 -1.73 0.117122 0.190111 -0.717808 0.659463
4771 43.5 3.37 -1.72 0.109241 0.18641 -0.727926 0.650724
4772 43.5 3.38 -1.72 0.102137 0.178301 -0.741568 0.638634
4773 43.5 3.38 -1.71 0.0959722 0.167986 -0.75607 0.625242
4774 43.5 3.38 -1.71 0.090641 0.158882 -0.769242 0.612216
4775 43.5 3.38 -1.71 0.0846755 0.148996 -0.782822 0.598181
4776 43.5 3.37 -1.71 0.0835049 0.137129 -0.795771 0.583928
4777 43.4 3.36 -1.7 0.0797391 0.124584 -0.807487 0.571039
4778 43.4 3.34 -1.7 0.074341 0.110385 -0.817979 0.559642
4779 43.4 3.32 -1.7 0.0636236 0.0930049 -0.830318 0.545778
4780 43.4 3.29 -1.69 0.0464038 0.071971 -0.840053 0.535703
4781 43.4 3.26 -1.69 0.0325734 0.0579821 -0.845914 0.529157
4782 43.4 3.22 -1.69 0.0273764 0.0495485 -0.847534 0.527714
4783 43.4 3.18 -1.7 0.0290109 0.0500929 -0.84284 0.535042
4784 43.4 3.14 -1.7 0.0284333 0.0525219 -0.833577 0.549165
4785 43.4 3.1 -1.7 0.0215189 0.0538798 -0.81865 0.571355
4786 43.4 3.06 -1.7 0.0160759 0.0580509 -0.798047 0.599577
4787 43.4 3.02 -1.71 0.0193953 0.0605132 -0.775614 0.628001
4788 43.4 2.98 -1.72 0.0148668 0.0626045 -0.756622 0.650678
4789 43.4 2.93 -1.73 0.0111841 0.0675424 -0.740229 0.66886
4790 43.4 2.88 -1.74 0.00196227 0.0680261 -0.724918 0.685465
4791 43.5 2.82 -1.75 -0.0165146 0.0620399 -0.706308 0.704987
4792 43.5 2.76 -1.75 -0.0130558 0.0691623 -0.686193 0.724006
4793 43.5 2.71 -1.76 -0.0210588 0.0694779 -0.663967 0.74423
4794 43.6 2.67 -1.77 -0.0274205 0.0709674 -0.640748 0.763972
4795 43.6 2.64 -1.78 -0.0182374 0.0817883 -0.609241 0.788545
4796 43.6 2.6 -1.79 -0.0159085 0.0847764 -0.577217 0.812022
4797 43.7 2.57 -1.8 -0.0171394 0.0839246 -0.541892 0.836072
4798 43.7 2.52 -1.81 -0.0155405 0.0815144 -0.501215 0.861335
4799 43.7 2.47 -1.82 -0.0153482 0.0738629 -0.46024 0.884583
4800 43.7 2.42 -1.83 -0.0219989 0.0595908 -0.416957 0.906704
4801 43.7 2.37 -1.84 -0.0258544 0.0522967 -0.368149 0.927935
4802 43.8 2.33 -1.86 -0.0197406 0.0545185 -0.325498 0.943763
4803 43.8 2.3 -1.88 -0.0180765 0.0509921 -0.281307 0.958092
4804 43.8 2.28 -1.92 -0.0126284 0.0545981 -0.244583 0.968008
4805 43.9 2.26 -1.96 -0.00115263 0.0581199 -0.221358 0.973459
4806 43.9 2.25 -2 0.0169292 0.0719419 -0.211126 0.974661
4807 43.9 2.24 -2.04 0.0297308 0.0876872 -0.199298 0.975555
4808 44 2.23 -2.08 0.0302021 0.0907362 -0.184363 0.978195
4809 44 2.24 -2.12 0.0214802 0.0796228 -0.171986 0.981641
4810 44 2.24 -2.17 0.0291622 0.0693785 -0.162146 0.983893
4811 44.1 2.25 -2.21 0.0378587 0.0761166 -0.162873 0.982978
4812 44.1 2.25 -2.25 0.056674 0.085821 -0.163091 0.981236
4813 44.2 2.25 -2.27 0.0666208 0.0916468 -0.157619 0.980978
4814 44.3 2.25 -2.29 0.056063 0.094243 -0.151999 0.982279
4815 44.3 2.25 -2.3 0.0460398 0.0925009 -0.141113 0.984587
4816 44.4 2.26 -2.3 0.0495819 0.108633 -0.12827 0.984524
4817 44.5 2.28 -2.3 0.0576825 0.117859 -0.113055 0.984886
4818 44.6 2.29 -2.3 0.0560035 0.121303 -0.0906795 0.986877
4819 44.6 2.31 -2.28 0.0490115 0.14198 -0.0672878 0.986363
4820 44.7 2.32 -2.24 0.0428535 0.153839 -0.0458907 0.986099
4821 44.8 2.32 -2.2 0.0340112 0.147288 -0.0225545 0.988251
4822 44.8 2.31 -2.16 0.0214866 0.136262 0.00356487 0.990433
4823 44.8 2.3 -2.11 0.00924766 0.11549 0.0189479 0.993085
4824 44.9 2.27 -2.05 -0.00313464 0.0968055 0.0191862 0.995113
4825 44.9 2.24 -2 -0.00603926 0.104692 0.0135835 0.994394
4826 45 2.21 -1.94 0.00621543 0.102464 0.0134795 0.994626
4827 45 2.18 -1.89 0.0250725 0.0958374 0.00439939 0.995071
4828 45.1 2.14 -1.84 0.044232 0.085215 -0.00328267 0.995375
4829 45.2 2.11 -1.78 0.0515414 0.0980704 -0.007001 0.993819
4830 45.2 2.09 -1.73 0.0545853 0.102039 -0.00515775 0.993268
4831 45.3 2.08 -1.68 0.0532562 0.0896724 0.00238808 0.994544
4832 45.3 2.08 -1.64 0.0538971 0.0824565 0.00717278 0.99511
4833 45.3 2.09 -1.62 0.0560824 0.0824048 0.0227093 0.994761
4834 45.4 2.1 -1.61 0.0546432 0.0815138 0.0517669 0.993826
4835 45.4 2.12 -1.61 0.0505315 0.0736442 0.0826837 0.992566
4836 45.5 2.14 -1.6 0.0548305 0.0639391 0.110773 0.99027
4837 45.5 2.16 -1.6 0.0569094 0.0488302 0.135235 0.987972
4838 45.6 2.18 -1.59 0.0559068 0.0455036 0.155492 0.985204
4839 45.6 2.19 -1.58 0.0498859 0.0387122 0.163057 0.984594
4840 45.7 2.19 -1.59 0.0545447 0.0301705 0.168955 0.983651
4841 45.7 2.19 -1.59 0.0669725 0.021949 0.176561 0.981763
4842 45.8 2.19 -1.6 0.0755263 0.0202918 0.177102 0.98108
4843 45.9 2.2 -1.62 0.0746442 0.0250703 0.175193 0.98138
4844 46 2.19 -1.63 0.0724699 0.0260878 0.177365 0.981127
4845 46.1 2.19 -1.63 0.0690294 0.0253521 0.178952 0.981106
4846 46.1 2.19 -1.63 0.0664008 0.0254713 0.187144 0.979755
4847 46.2 2.2 -1.63 0.0615425 0.0230978 0.208385 0.975835
4848 46.3 2.22 -1.64 0.0608142 0.0296575 0.212399 0.974838
4849 46.4 2.24 -1.66 0.0636466 0.0288994 0.206771 0.975889
4850 46.4 2.27 -1.67 0.0597296 0.0281288 0.191641 0.979242
4851 46.5 2.3 -1.68 0.0494168 0.0206956 0.169389 0.984092
4852 46.6 2.33 -1.67 0.0385447 0.0390201 0.150553 0.987079
4853 46.7 2.35 -1.66 0.0369575 0.0312597 0.123945 0.991108
4854 46.7 2.36 -1.66 0.038283 0.0428322 0.102567 0.993066
4855 46.8 2.37 -1.67 0.0455293 0.0470371 0.0868282 0.99407
4856 46.9 2.37 -1.68 0.0511666 0.0410791 0.0717848 0.995259
4857 46.9 2.37 -1.7 0.0619517 0.0298144 0.0601664 0.995818
4858 47 2.36 -1.71 0.0673306 0.0295185 0.0464931 0.99621
4859 47.1 2.35 -1.71 0.0713964 0.0604812 0.0296517 0.995171
4860 47.2 2.34 -1.71 0.0698761 0.0445157 0.016627 0.996423
4861 47.2 2.33 -1.71 0.0714454 0.0536963 0.000904328 0.995998
4862 47.3 2.33 -1.72 0.0713983 0.0444292 -0.0181904 0.996292
4863 47.3 2.33 -1.72 0.0668524 0.0417375 -0.0411712 0.996039
4864 47.4 2.33 -1.74 0.0661916 0.0338759 -0.0741353 0.994472
4865 47.5 2.34 -1.75 0.0599495 0.0297776 -0.112268 0.991421
4866 47.5 2.35 -1.75 0.0603339 0.0406272 -0.157736 0.984799
4867 47.6 2.35 -1.75 0.0625425 0.0523278 -0.201896 0.976006
4868 47.6 2.35 -1.76 0.0573279 0.05944 -0.246818 0.965537
4869 47.6 2.35 -1.76 0.0531728 0.0757963 -0.283518 0.954487
4870 47.6 2.35 -1.76 0.0455922 0.0782363 -0.315962 0.944441
4871 47.7 2.35 -1.77 0.0405857 0.0757728 -0.349236 0.933084
4872 47.7 2.35 -1.77 0.0389805 0.0857854 -0.380935 0.919788
4873 47.7 2.36 -1.78 0.0346111 0.0927243 -0.414816 0.904507
4874 47.7 2.38 -1.78 0.0343572 0.0914914 -0.447849 0.888752
4875 47.7 2.4 -1.78 0.0354297 0.0929743 -0.478163 0.872617
4876 47.7 2.42 -1.78 0.0387075 0.101047 -0.502459 0.857803
4877 47.7 2.44 -1.78 0.0493125 0.0989067 -0.522679 0.845336
4878 47.7 2.45 -1.77 0.0502796 0.101434 -0.5464 0.829837
4879 47.7 2.46 -1.76 0.0427974 0.095956 -0.56538 0.818111
4880 47.7 2.46 -1.76 0.0302497 0.0865862 -0.588568 0.803228
4881 47.7 2.47 -1.75 0.0178467 0.0725304 -0.61422 0.785592
4882 47.8 2.48 -1.75 0.0182699 0.0709783 -0.64027 0.764646
4883 47.8 2.49 -1.75 0.0119755 0.0553406 -0.663691 0.745861
4884 47.8 2.51 -1.74 0.000457905 0.0476385 -0.684361 0.727586
4885 47.8 2.53 -1.74 -0.0058229 0.0475468 -0.701189 0.711365
4886 47.9 2.54 -1.75 -0.00125039 0.0481102 -0.709031 0.703533
4887 47.9 2.56 -1.75 -0.00364096 0.0459899 -0.707844 0.704861
4888 47.9 2.58 -1.74 -0.0135165 0.0394304 -0.705924 0.70706
4889 47.9 2.59 -1.74 -0.0163298 0.036047 -0.707474 0.705631
4890 47.9 2.61 -1.74 -0.0192479 0.0287257 -0.713161 0.700147
4891 47.9 2.63 -1.73 -0.0262088 0.0206579 -0.721362 0.691754
4892 47.9 2.65 -1.73 -0.0276766 0.0114413 -0.724635 0.688482
4893 47.9 2.67 -1.72 -0.0298706 0.00782345 -0.731418 0.68123
4894 47.9 2.69 -1.72 -0.0308411 0.0097404 -0.74195 0.669675
4895 47.9 2.7 -1.72 -0.0291488 0.0146546 -0.755195 0.654688
4896 47.9 2.72 -1.72 -0.0195994 0.0198081 -0.769808 0.637667
4897 47.9 2.73 -1.72 -0.00646797 0.025517 -0.786857 0.616574
4898 47.9 2.75 -1.72 -0.00286496 0.0262621 -0.806036 0.591277
4899 47.9 2.75 -1.72 -0.00755668 0.0334808 -0.826018 0.562597
4900 47.9 2.75 -1.71 -0.0171071 0.044381 -0.841553 0.538076
4901 47.9 2.74 -1.71 -0.0226006 0.0537253 -0.856244 0.513272
4902 47.9 2.73 -1.72 0.0308275 -0.0581775 0.869446 -0.489621
4903 47.9 2.72 -1.72 0.0334148 -0.0620533 0.881067 -0.467712
4904 48 2.7 -1.73 0.0260474 -0.0671271 0.891838 -0.446588
4905 48 2.68 -1.75 0.0102593 -0.0806869 0.901611 -0.424832
4906 48 2.67 -1.76 -0.00029072 -0.0907872 0.909771 -0.405061
4907 48 2.66 -1.77 -0.00442726 -0.0949939 0.917744 -0.385619
4908 48 2.66 -1.77 -0.0112013 -0.101 0.926889 -0.361318
4909 48 2.66 -1.78 -0.0107949 -0.104162 0.935798 -0.336624
4910 48 2.66 -1.77 -0.00899697 -0.109409 0.94263 -0.315272
4911 48.1 2.67 -1.76 0.00161304 -0.111697 0.948511 -0.296392
4912 48.1 2.67 -1.75 0.0161142 -0.105718 0.954889 -0.27704
4913 48.1 2.68 -1.75 0.0271157 -0.0952351 0.960945 -0.258418
4914 48.1 2.7 -1.74 0.0424548 -0.0830986 0.965763 -0.242061
4915 48.1 2.71 -1.74 0.056912 -0.0735395 0.969085 -0.228534
4916 48.2 2.72 -1.74 0.0720738 -0.0608053 0.970465 -0.222051
4917 48.2 2.71 -1.74 0.0872755 -0.0500503 0.969977 -0.22141
4918 48.2 2.7 -1.73 0.111257 -0.0398169 0.966228 -0.228997
4919 48.3 2.69 -1.72 0.125003 -0.0293157 0.960871 -0.245442
4920 48.3 2.67 -1.72 0.132674 -0.0195265 0.954335 -0.266948
4921 48.3 2.64 -1.72 0.14069 -0.0123555 0.94685 -0.289013
4922 48.4 2.62 -1.72 0.150491 -0.00729908 0.937585 -0.313423
4923 48.4 2.59 -1.72 0.152855 -0.00529045 0.928585 -0.338138
4924 48.4 2.57 -1.73 0.14829 -0.00461485 0.919633 -0.363681
4925 48.4 2.54 -1.73 0.144444 -0.0032215 0.911147 -0.385923
4926 48.5 2.52 -1.74 0.141501 -0.00527948 0.903295 -0.40498
4927 48.5 2.49 -1.75 0.134802 -0.00883043 0.896511 -0.421922
4928 48.6 2.46 -1.77 0.123399 -0.0122222 0.892221 -0.43424
4929 48.6 2.43 -1.78 0.122397 -0.0110456 0.888699 -0.441713
4930 48.7 2.4 -1.8 0.122736 -0.0137715 0.884875 -0.449157
4931 48.7 2.37 -1.82 0.0938322 -0.0227902 0.882178 -0.460909
4932 48.7 2.34 -1.83 0.078383 -0.0254354 0.877828 -0.471833
4933 48.8 2.3 -1.83 0.0642294 -0.0384453 0.870912 -0.485705
4934 48.8 2.26 -1.84 -0.0574136 0.0503841 -0.861865 0.501352
4935 48.8 2.21 -1.86 -0.0466548 0.0539426 -0.854537 0.514471
4936 48.8 2.16 -1.87 -0.0342433 0.053566 -0.848439 0.525461
4937 48.8 2.11 -1.89 -0.0237769 0.0517947 -0.842703 0.535353
4938 48.8 2.06 -1.89 -0.00231654 0.0535961 -0.836968 0.544616
4939 48.8 2.01 -1.89 -0.0041922 0.0482893 -0.830554 0.554825
4940 48.9 1.96 -1.9 -0.00120402 0.0526546 -0.820354 0.569425
4941 48.9 1.92 -1.9 -0.00901905 0.0518281 -0.813602 0.579037
4942 48.9 1.87 -1.91 -0.0279645 0.0477139 -0.813349 0.579141
4943 49 1.82 -1.92 -0.0452156 0.042127 -0.820204 0.568724
4944 49 1.76 -1.93 -0.054085 0.0377804 -0.83725 0.542826
4945 49 1.72 -1.93 -0.0576449 0.026809 -0.854976 0.514757
4946 49 1.68 -1.93 0.0497491 -0.0255108 0.872957 -0.484582
4947 49 1.64 -1.93 0.052066 -0.027659 0.888716 -0.454651
4948 49 1.61 -1.93 0.0619794 -0.0306897 0.899619 -0.431164
4949 49 1.57 -1.94 0.0618286 -0.0332011 0.909995 -0.408636
4950 49 1.53 -1.94 0.0656659 -0.0283382 0.919823 -0.38576
4951 48.9 1.49 -1.94 0.0725376 -0.019686 0.928021 -0.364867
4952 48.9 1.45 -1.93 0.0788705 -0.0114115 0.934946 -0.345724
4953 48.9 1.42 -1.93 0.0799597 -0.0116465 0.94164 -0.326781
4954 48.9 1.39 -1.93 0.0816979 -0.0115473 0.946649 -0.311526
4955 48.9 1.35 -1.93 0.0814074 -0.0176169 0.952117 -0.294171
4956 48.8 1.32 -1.94 0.0883449 -0.0256428 0.957407 -0.273697
4957 48.8 1.28 -1.94 0.0841539 -0.0348562 0.964453 -0.248061
4958 48.8 1.24 -1.95 0.0849568 -0.0367027 0.97088 -0.220968
4959 48.8 1.2 -1.96 0.0855457 -0.038333 0.977133 -0.190852
4960 48.8 1.17 -1.96 0.0944136 -0.0362141 0.981529 -0.162405
4961 48.8 1.13 -1.96 0.0955268 -0.0324834 0.986259 -0.130817
4962 48.8 1.11 -1.96 0.092188 -0.0297912 0.990334 -0.0992624
4963 48.7 1.09 -1.96 0.0847617 -0.0330528 0.993185 -0.0728492
4964 48.7 1.07 -1.97 0.0750571 -0.0418849 0.994655 -0.0572214
4965 48.7 1.06 -1.97 0.0642424 -0.0465058 0.995956 -0.0422038
4966 48.6 1.05 -1.97 0.0557154 -0.046952 0.996848 -0.0314015
4967 48.6 1.05 -1.97 0.0488259 -0.0437187 0.997573 -0.0235141
4968 48.5 1.04 -1.97 0.0454975 -0.0353851 0.998202 -0.0164241
4969 48.5 1.04 -1.97 0.0268348 -0.0331238 0.999053 -0.00875775
4970 48.4 1.03 -1.97 0.00914752 -0.0363145 0.99924 -0.0108259
4971 48.4 1.03 -1.97 -0.00487956 -0.0382552 0.998994 -0.0228922
4972 48.4 1.02 -1.96 -0.0198053 -0.0445414 0.998356 -0.0301516
4973 48.3 1.02 -1.96 -0.0281176 -0.0480425 0.997791 -0.0362687
4974 48.3 1.02 -1.96 -0.025912 -0.0479948 0.997877 -0.035584
4975 48.3 1.02 -1.95 -0.030753 -0.0487835 0.997913 -0.0290585
4976 48.2 1.02 -1.95 -0.0330837 -0.0510576 0.998002 -0.0170503
4977 48.2 1.02 -1.95 -0.033012 -0.0538172 0.998005 -0.000331854
4978 48.1 1.02 -1.94 -0.0249692 -0.0588482 0.997799 0.0176231
4979 48.1 1.02 -1.93 -0.0202296 -0.0609583 0.997437 0.0315287
4980 48 1.02 -1.92 -0.0175936 -0.0578104 0.996878 0.0508155
4981 48 1.04 -1.92 0.0037407 -0.0488358 0.996055 0.0739976
4982 48 1.05 -1.9 0.0113531 -0.0427518 0.994568 0.0942239
4983 47.9 1.08 -1.89 0.0367964 -0.0411535 0.992555 0.10857
4984 47.9 1.11 -1.89 0.067386 -0.0396375 0.988692 0.127971
4985 47.9 1.15 -1.89 0.0819849 -0.0361672 0.984637 0.149868
4986 47.8 1.2 -1.88 0.0792993 -0.0337563 0.981812 0.169166
4987 47.8 1.25 -1.87 0.0771502 -0.0270929 0.978676 0.188433
4988 47.8 1.29 -1.86 0.0719286 -0.0227201 0.974695 0.210426
4989 47.7 1.32 -1.85 0.0796287 -0.02821 0.969674 0.229337
4990 47.7 1.34 -1.84 0.070134 -0.0250693 0.964636 0.252845
4991 47.7 1.36 -1.83 0.0712475 -0.0221245 0.956739 0.281222
4992 47.7 1.37 -1.83 0.0688065 -0.0246483 0.948457 0.308362
4993 47.6 1.39 -1.83 0.0702795 -0.028252 0.93777 0.338895
4994 47.6 1.41 -1.82 0.0651781 -0.0308474 0.927549 0.366677
4995 47.5 1.42 -1.81 0.0676498 -0.031438 0.914438 0.397792
4996 47.5 1.44 -1.8 0.0830033 -0.031513 0.899966 0.426824
4997 47.5 1.46 -1.79 0.0837787 -0.0224259 0.886866 0.453814
4998 47.4 1.48 -1.79 0.0889892 -0.0199476 0.871874 0.481163
4999 47.4 1.5 -1.79 0.0818687 -0.0162926 0.858635 0.505745
5000 47.4 1.52 -1.79 0.0750035 -0.0169014 0.850167 0.520869
5001 47.4 1.56 -1.78 0.0673206 -0.0177874 0.841238 0.536162
5002 47.4 1.59 -1.78 0.0687421 -0.0178747 0.833952 0.547246
5003 47.3 1.63 -1.77 0.0729193 -0.0191273 0.826725 0.557533
5004 47.3 1.67 -1.76 0.0909153 -0.0245118 0.819948 0.564641
5005 47.3 1.71 -1.75 0.104363 -0.0190082 0.811171 0.575107
5006 47.3 1.75 -1.74 0.114114 -0.0135481 0.806658 0.579739
5007 47.3 1.78 -1.73 0.126389 -0.0193777 0.804844 0.579548
5008 47.2 1.8 -1.72 0.12655 -0.0215576 0.803174 0.581749
5009 47.2 1.83 -1.72 0.131125 -0.0253494 0.798026 0.587638
5010 47.2 1.86 -1.71 0.131325 -0.0247937 0.790849 0.597241
5011 47.1 1.88 -1.71 0.134662 -0.0269297 0.779065 0.611718
5012 47.1 1.9 -1.7 0.142075 -0.0263296 0.765034 0.62757
5013 47 1.92 -1.68 0.151351 -0.0294473 0.750835 0.64224
5014 47 1.94 -1.68 0.152031 -0.0300819 0.740447 0.654003
5015 47 1.95 -1.67 0.156767 -0.0281757 0.725524 0.669511
5016 47 1.97 -1.68 0.152317 -0.0232839 0.710994 0.686108
5017 47 2.01 -1.68 0.131195 -0.0151448 0.705466 0.69633
5018 47 2.04 -1.69 0.109138 -0.00830846 0.701647 0.704067
5019 47 2.08 -1.69 0.0936003 0.00632109 0.699922 0.708031
5020 47 2.12 -1.69 0.0770793 0.0293255 0.70091 0.708466
5021 47 2.16 -1.69 0.0716363 0.0367505 0.697608 0.711941
5022 47 2.18 -1.68 0.0661262 0.0434175 0.69842 0.711303
5023 47 2.2 -1.68 0.072499 0.0286181 0.699333 0.710534
5024 46.9 2.22 -1.67 0.081972 0.0155781 0.701081 0.708183
5025 46.9 2.25 -1.66 0.0818627 0.0162961 0.699334 0.709905
5026 46.9 2.27 -1.66 0.0850625 0.00793082 0.697111 0.711855
5027 46.9 2.31 -1.65 0.0874161 -0.00170464 0.696711 0.712003
5028 46.9 2.34 -1.64 0.0933995 -0.0105012 0.691654 0.716087
5029 46.8 2.38 -1.63 0.0992143 -0.0124491 0.683452 0.723115
5030 46.8 2.41 -1.62 0.106543 -0.0182526 0.674604 0.730223
5031 46.8 2.44 -1.61 0.112021 -0.0230575 0.663186 0.739665
5032 46.8 2.46 -1.6 0.116488 -0.0194534 0.646771 0.753485
5033 46.8 2.49 -1.6 0.1218 -0.0202641 0.623895 0.771693
5034 46.8 2.52 -1.6 0.113946 -0.0169256 0.607104 0.786228
5035 46.8 2.56 -1.6 0.109117 -0.011882 0.587651 0.801635
5036 46.9 2.6 -1.61 0.105372 -0.00353619 0.568548 0.815866
5037 46.9 2.64 -1.61 0.108272 0.00400678 0.551973 0.826793
5038 46.9 2.67 -1.61 0.109243 0.0132035 0.53466 0.837872
5039 46.9 2.7 -1.6 0.115205 0.0239282 0.515354 0.848861
5040 46.9 2.71 -1.6 0.115296 0.0223459 0.499287 0.858441
5041 47 2.73 -1.6 0.11071 0.0221893 0.480416 0.869742
5042 47 2.74 -1.6 0.110153 0.027049 0.456705 0.882358
5043 47 2.76 -1.61 0.108481 0.0346841 0.429323 0.895941
5044 47 2.78 -1.61 0.101402 0.0427824 0.39822 0.910664
5045 47 2.81 -1.61 0.0962812 0.0460505 0.365955 0.924493
5046 47 2.85 -1.6 0.0931874 0.0353331 0.328943 0.939076
5047 47 2.89 -1.59 0.0931512 0.0353403 0.28817 0.952382
5048 47 2.92 -1.58 0.0899894 0.0293713 0.249735 0.963676
5049 47 2.95 -1.58 0.0830242 0.0325035 0.213115 0.97295
5050 47 2.96 -1.58 0.0790398 0.0396618 0.177767 0.980091
5051 47 2.97 -1.58 0.067844 0.0460072 0.146474 0.985812
5052 47 2.96 -1.58 0.0558155 0.0467013 0.114725 0.990728
5053 46.9 2.96 -1.58 0.0518192 0.046762 0.0862902 0.993822
5054 46.9 2.96 -1.58 0.0480558 0.0451237 0.0582146 0.996125
5055 46.9 2.95 -1.57 0.0518483 0.0439203 0.0296884 0.997247
5056 46.9 2.95 -1.58 0.0552501 0.0499445 0.00549458 0.997207
5057 46.8 2.95 -1.59 0.0545122 0.0675401 -0.00966941 0.996179
5058 46.8 2.96 -1.6 0.05387 0.0884769 -0.0204016 0.994411
5059 46.7 2.98 -1.6 0.0615689 0.0988388 -0.0266605 0.992839
5060 46.7 2.99 -1.59 0.0698152 0.109991 -0.0307774 0.991
5061 46.6 3.01 -1.58 0.0714104 0.109085 -0.034832 0.990852
5062 46.6 3.03 -1.56 0.0748541 0.10573 -0.0434078 0.990623
5063 46.6 3.05 -1.55 0.0769383 0.103393 -0.0572974 0.990004
5064 46.5 3.08 -1.54 0.0750323 0.100208 -0.0737234 0.98939
5065 46.5 3.1 -1.54 0.0770598 0.107792 -0.0991369 0.986212
5066 46.4 3.14 -1.54 0.0814849 0.104445 -0.128048 0.982881
5067 46.4 3.17 -1.53 0.0785446 0.0954436 -0.161538 0.979095
5068 46.4 3.21 -1.52 0.0737585 0.0928513 -0.198868 0.972826
5069 46.3 3.23 -1.52 0.0738984 0.110004 -0.231571 0.963749
5070 46.3 3.26 -1.5 0.068013 0.102166 -0.254628 0.959219
5071 46.2 3.29 -1.49 0.0602029 0.0879071 -0.276109 0.955203
5072 46.2 3.32 -1.49 0.0584993 0.0871516 -0.291286 0.95086
5073 46.2 3.36 -1.48 0.0611442 0.0900168 -0.303594 0.946567
5074 46.1 3.4 -1.48 0.064084 0.0982608 -0.315241 0.941733
5075 46.1 3.44 -1.46 0.0592139 0.0994405 -0.328607 0.937349
5076 46 3.49 -1.45 0.0558507 0.103585 -0.34588 0.93087
5077 46 3.53 -1.43 0.0578508 0.111399 -0.362088 0.923654
5078 45.9 3.58 -1.41 0.0561688 0.111282 -0.379156 0.916898
5079 45.9 3.63 -1.4 0.0516271 0.10543 -0.396574 0.910466
5080 45.9 3.69 -1.39 0.0465908 0.103194 -0.417054 0.901801
5081 45.9 3.75 -1.39 0.0371101 0.100813 -0.437662 0.892699
5082 45.9 3.81 -1.38 0.0258674 0.093548 -0.449848 0.887816
5083 45.8 3.87 -1.37 0.0297551 0.0977921 -0.469139 0.877188
5084 45.8 3.92 -1.37 0.0425462 0.111869 -0.48579 0.865843
5085 45.8 3.97 -1.36 0.0423375 0.108005 -0.500054 0.858189
5086 45.8 4.01 -1.35 0.0408205 0.104281 -0.512616 0.851284
5087 45.7 4.04 -1.34 0.0430848 0.103786 -0.523038 0.844869
5088 45.7 4.08 -1.34 0.0443773 0.100901 -0.535636 0.837224
5089 45.6 4.11 -1.34 0.0479115 0.0993474 -0.546841 0.829939
5090 45.6 4.15 -1.33 0.0502073 0.0973376 -0.557291 0.823062
5091 45.5 4.19 -1.34 0.0644303 0.110039 -0.559949 0.818656
5092 45.5 4.23 -1.33 0.0756014 0.113572 -0.564108 0.814351
5093 45.4 4.26 -1.32 0.0828254 0.112968 -0.571398 0.80863
5094 45.4 4.29 -1.31 0.0841282 0.108866 -0.582296 0.801251
5095 45.4 4.32 -1.3 0.0803203 0.100788 -0.596451 0.792236
5096 45.3 4.36 -1.29 0.0797097 0.100355 -0.609059 0.782702
5097 45.3 4.4 -1.28 0.0754267 0.101434 -0.618884 0.775245
5098 45.3 4.44 -1.28 0.0673625 0.105557 -0.625527 0.770088
5099 45.3 4.48 -1.27 0.0564448 0.107477 -0.63108 0.76616
5100 45.2 4.53 -1.26 0.0451238 0.104121 -0.636573 0.762822
5101 45.2 4.58 -1.25 0.0356115 0.0996593 -0.640739 0.76043
5102 45.2 4.62 -1.22 0.0160189 0.0908944 -0.643325 0.760009
5103 45.2 4.65 -1.2 0.00127584 0.0726636 -0.641233 0.763897
5104 45.2 4.67 -1.18 -0.00776013 0.0571522 -0.638205 0.767703
5105 45.1 4.68 -1.17 -0.0182382 0.0419419 -0.634057 0.771933
5106 45.1 4.69 -1.16 -0.0289601 0.024786 -0.629556 0.776019
5107 45.1 4.69 -1.15 -0.0361282 0.0118878 -0.627601 0.777606
5108 45.1 4.67 -1.16 -0.0401214 0.00781838 -0.635932 0.770662
5109 45.1 4.65 -1.16 -0.0344636 0.0133819 -0.650855 0.758301
5110 45 4.63 -1.16 -0.0254139 0.0203972 -0.666227 0.745037
5111 45 4.6 -1.16 -0.0202234 0.0245625 -0.685066 0.727786
5112 44.9 4.57 -1.17 -0.0127901 0.0382169 -0.702682 0.710362
5113 44.9 4.54 -1.18 -0.00267245 0.0529571 -0.716606 0.695459
5114 44.8 4.51 -1.19 0.0146471 0.0734385 -0.727962 0.681516
5115 44.8 4.48 -1.2 0.0305222 0.0929377 -0.73461 0.6714
5116 44.8 4.45 -1.21 0.0434717 0.107329 -0.741242 0.661174
5117 44.8 4.41 -1.23 0.0626706 0.122519 -0.745254 0.652425
5118 44.8 4.36 -1.25 0.0738927 0.14042 -0.749297 0.642943
5119 44.8 4.3 -1.26 0.0714982 0.1523 -0.752929 0.636231
5120 44.9 4.24 -1.27 0.0667309 0.152401 -0.761096 0.62694
5121 44.9 4.18 -1.27 0.0712762 0.159679 -0.764852 0.620019
5122 44.9 4.12 -1.26 0.0624521 0.148604 -0.772367 0.614382
5123 44.9 4.07 -1.27 0.0591064 0.140805 -0.774309 0.614106
5124 45 4.01 -1.28 0.060656 0.139211 -0.767248 0.623114
5125 45 3.94 -1.29 0.0576229 0.134548 -0.762097 0.630702
5126 45 3.87 -1.31 0.0578402 0.117053 -0.758294 0.638704
5127 45 3.79 -1.32 0.0572356 0.102261 -0.756959 0.642868
5128 45 3.7 -1.33 0.0558868 0.086701 -0.754499 0.648144
5129 45 3.62 -1.33 0.0588529 0.0820984 -0.753191 0.65
5130 45.1 3.55 -1.33 0.067493 0.0772307 -0.744203 0.660032
5131 45.1 3.48 -1.34 0.0713671 0.0863219 -0.736636 0.66695
5132 45.1 3.41 -1.36 0.0645947 0.0900776 -0.731892 0.672345
5133 45.1 3.34 -1.39 0.0639844 0.0970133 -0.731798 0.67154
5134 45.2 3.26 -1.41 0.0519223 0.0966043 -0.736276 0.667735
5135 45.2 3.18 -1.42 0.0324042 0.0916977 -0.740579 0.664894
5136 45.2 3.1 -1.42 0.0386996 0.0958127 -0.753004 0.649852
5137 45.3 3.02 -1.43 0.0328212 0.089967 -0.770525 0.630175
5138 45.3 2.95 -1.43 0.0378909 0.0920436 -0.7742 0.625065
5139 45.3 2.87 -1.45 0.0353118 0.0861076 -0.778704 0.62045
5140 45.3 2.79 -1.47 0.0337089 0.0795212 -0.777267 0.623215
5141 45.3 2.7 -1.49 0.0180693 0.0610067 -0.774306 0.629604
5142 45.4 2.61 -1.5 0.0224814 0.0525343 -0.772839 0.632024
5143 45.4 2.52 -1.51 0.0431839 0.0553542 -0.767219 0.637531
5144 45.4 2.45 -1.51 0.0496329 0.064075 -0.760263 0.64454
5145 45.5 2.38 -1.52 0.042218 0.0705762 -0.755955 0.649438
5146 45.5 2.31 -1.54 0.0357117 0.0742005 -0.759635 0.645115
5147 45.5 2.25 -1.56 0.0254502 0.0736386 -0.770764 0.632339
5148 45.5 2.18 -1.56 0.0117321 0.0742545 -0.783307 0.617073
5149 45.6 2.11 -1.56 0.00300988 0.0776692 -0.796396 0.59976
5150 45.6 2.05 -1.56 -0.00429843 0.0653219 -0.810331 0.582305
5151 45.6 1.99 -1.57 -0.00124084 0.0676785 -0.827278 0.557701
5152 45.6 1.94 -1.57 0.00446899 0.0629603 -0.836421 0.544441
5153 45.6 1.88 -1.58 -0.00233865 0.0532326 -0.844894 0.532273
5154 45.6 1.82 -1.6 -0.0136104 0.038024 -0.851754 0.522383
5155 45.6 1.76 -1.6 -0.0252858 0.0173456 -0.861239 0.507273
5156 45.6 1.7 -1.61 0.0389773 0.0097927 0.870403 -0.490697
5157 45.6 1.64 -1.62 0.0181125 0.00598536 0.884447 -0.466251
5158 45.6 1.58 -1.62 0.0158763 0.0032581 0.894182 -0.447409
5159 45.6 1.54 -1.63 0.00455222 -0.0158179 0.904932 -0.425238
5160 45.6 1.5 -1.64 0.00383709 -0.0281236 0.918584 -0.394205
5161 45.6 1.46 -1.66 -0.00204867 -0.0401422 0.934321 -0.354158
5162 45.6 1.42 -1.67 -0.00695766 -0.0476209 0.950777 -0.306117
5163 45.7 1.39 -1.69 -0.0111036 -0.0530606 0.967046 -0.248765
5164 45.7 1.35 -1.71 -0.0277965 -0.0635702 0.978924 -0.19208
5165 45.7 1.32 -1.72 -0.0372817 -0.0665566 0.986864 -0.142407
5166 45.8 1.3 -1.74 -0.0480929 -0.0634378 0.991045 -0.107207
5167 45.8 1.28 -1.75 -0.0635895 -0.0661179 0.991877 -0.0881188
5168 45.9 1.26 -1.77 -0.0670398 -0.0651699 0.99276 -0.075408
5169 45.9 1.24 -1.79 -0.0814001 -0.0613361 0.992342 -0.0697798
5170 46 1.22 -1.81 -0.08594 -0.0604327 0.992143 -0.0679258
5171 46 1.21 -1.82 -0.0967479 -0.060923 0.99111 -0.0680445
5172 46.1 1.19 -1.82 -0.108782 -0.0584054 0.98998 -0.0685231
5173 46.1 1.18 -1.83 -0.119139 -0.0537417 0.989076 -0.0681715
5174 46.2 1.16 -1.83 -0.115135 -0.0499611 0.989944 -0.0652596
5175 46.2 1.14 -1.84 -0.114989 -0.0483864 0.990369 -0.0600449
5176 46.3 1.12 -1.85 -0.105964 -0.0511751 0.991752 -0.0508103
5177 46.3 1.09 -1.84 -0.0894817 -0.0553732 0.993578 -0.0415763
5178 46.4 1.06 -1.84 -0.0673351 -0.0572115 0.995388 -0.0373512
5179 46.4 1.04 -1.83 -0.0357473 -0.057936 0.997219 -0.0303372
5180 46.5 1.02 -1.82 -0.00432075 -0.0581092 0.998056 -0.0221237
5181 46.5 1.01 -1.82 0.0145696 -0.0568935 0.998157 -0.015259
5182 46.6 0.997 -1.81 0.0375936 -0.0601711 0.997366 -0.0150467
5183 46.6 0.987 -1.8 0.0604824 -0.0652933 0.995812 -0.0209145
5184 46.6 0.979 -1.79 0.0854139 -0.068114 0.993601 -0.028681
5185 46.7 0.974 -1.79 0.105546 -0.0657877 0.991505 -0.038079
5186 46.7 0.969 -1.78 0.112472 -0.0607909 0.990493 -0.0507744
5187 46.7 0.962 -1.78 0.129978 -0.0548445 0.987505 -0.0702256
5188 46.8 0.955 -1.77 0.140652 -0.0531571 0.984749 -0.087531
5189 46.8 0.945 -1.77 0.145934 -0.0512576 0.982458 -0.104172
5190 46.8 0.931 -1.77 0.155853 -0.0512211 0.979508 -0.116833
5191 46.8 0.909 -1.77 0.161831 -0.0566272 0.976996 -0.12682
5192 46.9 0.878 -1.77 0.160956 -0.0611906 0.975632 -0.135981
5193 46.9 0.837 -1.79 0.155524 -0.063972 0.975311 -0.143136
5194 46.9 0.787 -1.8 0.151345 -0.0653355 0.97516 -0.147948
5195 46.9 0.736 -1.82 0.13563 -0.0653308 0.977462 -0.148001
5196 47 0.686 -1.84 0.125174 -0.0653492 0.978338 -0.151379
5197 47 0.641 -1.85 0.121885 -0.0663001 0.978485 -0.152696
5198 47 0.605 -1.86 0.101237 -0.0678054 0.979719 -0.159073
5199 47 0.578 -1.87 0.0901488 -0.0713187 0.979255 -0.166874
5200 47.1 0.558 -1.89 0.0723028 -0.077124 0.978828 -0.175274
5201 47.1 0.543 -1.9 0.0526929 -0.0849007 0.976871 -0.189047
5202 47.1 0.533 -1.92 0.023985 -0.0930639 0.975303 -0.198865
5203 47.2 0.526 -1.94 -0.00366421 -0.0945778 0.974127 -0.205229
5204 47.2 0.525 -1.96 -0.0318493 -0.094986 0.972442 -0.210524
5205 47.2 0.523 -1.98 -0.0627732 -0.0949506 0.970737 -0.211456
5206 47.3 0.521 -2 -0.0811731 -0.0874974 0.970097 -0.211346
5207 47.3 0.519 -2.02 -0.100617 -0.0836962 0.969019 -0.209458
5208 47.4 0.519 -2.03 -0.117464 -0.0775539 0.969402 -0.201117
5209 47.4 0.518 -2.03 -0.128945 -0.0676533 0.971715 -0.185921
5210 47.4 0.515 -2.03 -0.125041 -0.0604185 0.976063 -0.167381
5211 47.5 0.51 -2.04 -0.118932 -0.0565019 0.980948 -0.142842
5212 47.5 0.506 -2.05 -0.112911 -0.0496452 0.985973 -0.112446
5213 47.5 0.506 -2.05 -0.104008 -0.0424996 0.990479 -0.0795515
5214 47.6 0.512 -2.06 -0.0964125 -0.0366057 0.993724 -0.0433376
5215 47.6 0.526 -2.07 -0.0975763 -0.0285234 0.994817 -0.0021919
5216 47.7 0.545 -2.06 -0.0872844 -0.0264751 0.995142 0.0370652
5217 47.7 0.567 -2.06 -0.0852895 -0.0217121 0.993728 0.0689908
5218 47.7 0.588 -2.06 -0.0806908 -0.012998 0.991674 0.0995089
5219 47.8 0.608 -2.06 -0.0718011 -0.00258794 0.98948 0.125566
5220 47.8 0.632 -2.06 -0.0654956 0.00572169 0.986673 0.148843
5221 47.8 0.66 -2.05 -0.0552298 0.0129664 0.984336 0.166928
5222 47.9 0.692 -2.05 -0.048897 0.0175057 0.981807 0.182641
5223 47.9 0.729 -2.05 -0.0484722 0.0208494 0.97884 0.197706
5224 47.9 0.768 -2.06 -0.048769 0.0243948 0.976094 0.210395
5225 48 0.805 -2.06 -0.0466998 0.0258275 0.974298 0.218851
5226 48 0.842 -2.06 -0.0418562 0.0226176 0.972637 0.227405
5227 48 0.88 -2.06 -0.0431343 0.0153609 0.970835 0.235337
5228 48 0.918 -2.06 -0.0454733 0.0136861 0.969881 0.238904
5229 48 0.954 -2.06 -0.0458583 0.0144898 0.968614 0.243875
5230 48 0.992 -2.06 -0.0346284 0.015912 0.967001 0.251907
5231 48 1.03 -2.05 -0.0281635 0.0129087 0.965537 0.258416
5232 48 1.08 -2.04 -0.0185916 -0.00308786 0.963653 0.266491
5233 47.9 1.12 -2.03 0.00149337 -0.0218615 0.96252 0.270325
5234 47.9 1.17 -2.01 0.0126658 -0.0302578 0.961962 0.271209
5235 47.9 1.21 -1.99 0.0254517 -0.0365664 0.961559 0.270962
5236 47.9 1.24 -1.98 0.0299804 -0.0423726 0.962711 0.265507
5237 47.8 1.28 -1.97 0.0287803 -0.0400902 0.966208 0.252994
5238 47.8 1.31 -1.96 0.0357752 -0.0438577 0.970558 0.234125
5239 47.8 1.36 -1.95 0.0462839 -0.0497168 0.974787 0.212549
5240 47.8 1.42 -1.94 0.0490195 -0.0547992 0.978505 0.192673
5241 47.8 1.47 -1.93 0.05425 -0.0626232 0.982502 0.166808
5242 47.7 1.53 -1.91 0.0585178 -0.0709025 0.986118 0.138272
5243 47.7 1.58 -1.9 0.0533533 -0.0770217 0.988775 0.11638
5244 47.7 1.62 -1.89 0.0659168 -0.0881313 0.99015 0.0865446
5245 47.7 1.65 -1.88 0.0695257 -0.0854566 0.991348 0.0713623
5246 47.7 1.67 -1.86 0.0839859 -0.0768919 0.991542 0.0622744
5247 47.6 1.69 -1.85 0.0991215 -0.0704923 0.991138 0.0533908
5248 47.6 1.7 -1.84 0.115643 -0.0728277 0.989452 0.0480392
5249 47.6 1.71 -1.83 0.138 -0.0815501 0.986134 0.0429547
5250 47.5 1.71 -1.83 0.155088 -0.0936032 0.982579 0.041528
5251 47.5 1.71 -1.82 0.158154 -0.100561 0.981604 0.0364369
5252 47.4 1.71 -1.81 0.161951 -0.106184 0.980313 0.0385226
5253 47.4 1.71 -1.8 0.162867 -0.107001 0.980358 0.0304004
5254 47.4 1.7 -1.8 0.159114 -0.103982 0.9817 0.0115979
5255 47.3 1.69 -1.8 0.164126 -0.102907 0.981021 -0.00845424
5256 47.3 1.67 -1.8 0.154702 -0.0992747 0.982357 -0.034439
5257 47.3 1.66 -1.81 0.141965 -0.0925737 0.983795 -0.0585104
5258 47.2 1.64 -1.81 0.137431 -0.0826798 0.984218 -0.0747746
5259 47.2 1.63 -1.81 0.135946 -0.0787123 0.983504 -0.0896769
5260 47.1 1.61 -1.81 0.13359 -0.0763208 0.982719 -0.102914
5261 47.1 1.59 -1.82 0.125537 -0.0754864 0.983193 -0.108971
5262 47 1.57 -1.83 0.116842 -0.0732294 0.984121 -0.111761
5263 47 1.53 -1.84 0.107243 -0.0769022 0.984302 -0.117191
5264 46.9 1.5 -1.85 0.0913025 -0.0729811 0.985848 -0.12017
5265 46.9 1.45 -1.87 0.0768015 -0.0670743 0.9883 -0.113426
5266 46.8 1.41 -1.89 0.0745489 -0.0663305 0.989483 -0.104715
5267 46.8 1.38 -1.9 0.0985647 -0.0628436 0.989075 -0.0898078
5268 46.8 1.35 -1.92 0.0904168 -0.0539654 0.992422 -0.0633361
5269 46.7 1.31 -1.95 0.0773323 -0.0545483 0.994955 -0.0332861
5270 46.6 1.28 -1.97 0.0676845 -0.0604113 0.995701 -0.0186564
5271 46.6 1.25 -2 0.0663567 -0.0705077 0.995117 -0.0191511
5272 46.5 1.22 -2.02 0.0564608 -0.0647132 0.995875 -0.0292908
5273 46.5 1.19 -2.05 0.0451368 -0.0495468 0.996979 -0.0392628
5274 46.4 1.17 -2.09 0.050665 -0.0434872 0.996974 -0.0398167
5275 46.4 1.15 -2.13 0.0438764 -0.0568422 0.996716 -0.0374183
5276 46.3 1.13 -2.18 0.031648 -0.0707102 0.996493 -0.0316204
5277 46.3 1.12 -2.24 0.0385926 -0.072607 0.99633 -0.0237928
5278 46.3 1.11 -2.31 0.047703 -0.0719213 0.995862 -0.0284718
5279 46.2 1.1 -2.39 0.0447099 -0.0693532 0.99597 -0.0351286
5280 46.2 1.11 -2.47 0.0374537 -0.0564555 0.996873 -0.0406691
5281 46.1 1.11 -2.54 0.0272976 -0.0503246 0.997717 -0.0358255
5282 46.1 1.12 -2.6 0.0371424 -0.0488298 0.997759 -0.0267115
5283 46.1 1.12 -2.65 0.0356372 -0.0541113 0.997693 -0.0202686
5284 46.1 1.13 -2.69 0.0464728 -0.059398 0.996931 -0.0209787
5285 46.1 1.14 -2.73 0.0469478 -0.0671275 0.996463 -0.0187531
5286 46.1 1.15 -2.76 0.0278349 -0.0667494 0.99721 -0.0184899
5287 46.1 1.15 -2.78 0.019571 -0.069302 0.997317 -0.0131563
5288 46.1 1.15 -2.79 0.0174813 -0.0744359 0.996967 -0.014481
5289 46.1 1.15 -2.8 0.0120974 -0.0767694 0.996778 -0.0198289
5290 46.1 1.15 -2.81 0.0113477 -0.0776787 0.996768 -0.0170442
5291 46.1 1.15 -2.82 0.0033156 -0.0760298 0.996966 -0.0163521
5292 46 1.15 -2.82 0.00385099 -0.0771625 0.996844 -0.0182508
5293 46 1.16 -2.82 0.00524613 -0.0778047 0.996788 -0.0182219
5294 46 1.16 -2.82 0.00390264 -0.0700746 0.997331 -0.020139
5295 46 1.16 -2.82 0.000790922 -0.0651868 0.997654 -0.0208845
5296 46 1.16 -2.82 0.002311 -0.0661053 0.997564 -0.022167
5297 46 1.16 -2.82 0.00584477 -0.064801 0.99762 -0.0228335
5298 46 1.16 -2.82 0.0113003 -0.065946 0.997515 -0.0220771
5299 46 1.16 -2.82 0.013949 -0.0660349 0.997469 -0.0223554
5300 46 1.16 -2.82 0.0193349 -0.066193 0.997351 -0.0231372
5301 46.1 1.16 -2.82 0.02825 -0.0658205 0.997154 -0.0235461
5302 46.1 1.16 -2.82 0.0394251 -0.0653875 0.996791 -0.0240507
5303 46.1 1.16 -2.82 0.0467844 -0.0654054 0.996463 -0.0243854
5304 46.1 1.16 -2.82 0.045365 -0.0648741 0.996564 -0.0243719
5305 46.1 1.15 -2.82 0.046497 -0.0652323 0.996492 -0.0242238
5306 46.1 1.15 -2.82 0.0491902 -0.0649779 0.996384 -0.024025
5307 46.1 1.15 -2.82 0.0526002 -0.0654532 0.996174 -0.0242319
5308 46.1 1.15 -2.82 0.0516849 -0.0649143 0.996256 -0.0242624
5309 46.1 1.15 -2.82 0.0526711 -0.065127 0.996189 -0.0243431
5310 46.1 1.15 -2.82 0.0527819 -0.0653986 0.996173 -0.0240254
5311 46.1 1.15 -2.82 0.0540231 -0.0649772 0.996128 -0.0242717
5312 46.1 1.15 -2.82 0.0540122 -0.065405 0.996104 -0.0241318
5313 46.1 1.15 -2.82 0.0538146 -0.064785 0.996154 -0.0241566
5314 46.1 1.15 -2.82 0.0540668 -0.0650676 0.996122 -0.02417
5315 46.1 1.15 -2.82 0.0540198 -0.0652002 0.996115 -0.0241948
5316 46.1 1.15 -2.82 0.053991 -0.0649915 0.996129 -0.0242617
5317 46.1 1.15 -2.82 0.0539352 -0.0654357 0.996107 -0.0240659
5318 46.1 1.15 -2.82 0.054147 -0.065163 0.996106 -0.0243917
5319 46.1 1.15 -2.82 0.054227 -0.0654096 0.99609 -0.0242004
5320 46.1 1.14 -2.82 0.0540872 -0.0647422 0.996147 -0.0239428
5321 46.1 1.14 -2.82 0.0541791 -0.0650043 0.99612 -0.0241477
5322 46.1 1.14 -2.82 0.0541478 -0.0651831 0.996109 -0.024223
5323 46.1 1.14 -2.82 0.0540903 -0.0652094 0.99611 -0.0242379
5324 46.1 1.14 -2.82 0.0540997 -0.0652116 0.99611 -0.0241882
5325 46.1 1.14 -2.82 0.0540898 -0.0650116 0.996122 -0.024259
5326 46.1 1.14 -2.82 0.0540114 -0.0651477 0.996119 -0.0242012
5327 46.1 1.14 -2.82 0.0539303 -0.0648704 0.996138 -0.0243409
5328 46.1 1.14 -2.82 0.0540928 -0.0650778 0.996116 -0.0243407
5329 46.1 1.14 -2.82 0.0539257 -0.0649336 0.996133 -0.0244003
5330 46.1 1.14 -2.82 0.0540219 -0.0647456 0.996134 -0.0246406
5331 46.1 1.14 -2.82 0.0540488 -0.0652838 0.996107 -0.024224
5332 46.1 1.14 -2.82 0.0541298 -0.0651459 0.99611 -0.0242881
5333 46.1 1.14 -2.82 0.0542441 -0.0655681 0.99608 -0.0241454
5334 46.1 1.14 -2.82 0.0540759 -0.0650025 0.996125 -0.0242114
5335 46.1 1.14 -2.82 0.0541094 -0.0648949 0.996126 -0.024352
5336 46.1 1.14 -2.82 0.0540539 -0.0653623 0.9961 -0.0242942
5337 46.1 1.14 -2.82 0.0541461 -0.0650747 0.996112 -0.0243684
5338 46.1 1.14 -2.82 0.0540546 -0.0649497 0.996127 -0.0243193
5339 46.1 1.14 -2.81 0.0538873 -0.064956 0.996141 -0.0240826
5340 46.1 1.14 -2.81 0.0537728 -0.065113 0.996134 -0.024197
5341 46.1 1.13 -2.81 0.0538541 -0.064895 0.996145 -0.024141
5342 46.1 1.13 -2.81 0.053739 -0.0648465 0.996152 -0.0242618
5343 46.1 1.13 -2.81 0.0539423 -0.0652591 0.996116 -0.0241937
5344 46.1 1.13 -2.81 0.0539677 -0.0648745 0.996136 -0.024308
5345 46.1 1.14 -2.81 0.0541763 -0.0650535 0.996114 -0.0242672
5346 46.1 1.14 -2.82 0.0542424 -0.0652971 0.996099 -0.0240872
5347 46.1 1.14 -2.82 0.0541411 -0.0653728 0.996095 -0.0242932
5348 46.1 1.14 -2.82 0.0540031 -0.0650865 0.996121 -0.0243084
5349 46.1 1.14 -2.82 0.0541325 -0.0651084 0.996111 -0.0243556
5350 46.1 1.14 -2.81 0.053998 -0.065033 0.996123 -0.0243522
5351 46.1 1.14 -2.81 0.0540822 -0.0650747 0.996117 -0.0243342
5352 46.1 1.14 -2.81 0.053997 -0.0650243 0.996127 -0.0242442
5353 46.1 1.13 -2.81 0.0539365 -0.065079 0.996131 -0.0240728
5354 46.1 1.13 -2.81 0.0540113 -0.0646241 0.996146 -0.0244922
5355 46.1 1.13 -2.81 0.0540608 -0.0650838 0.996122 -0.0241165
5356 46.1 1.13 -2.81 0.0539849 -0.065395 0.996106 -0.0241204
5357 46.1 1.13 -2.81 0.0541288 -0.065298 0.996104 -0.0241381
5358 46.1 1.13 -2.81 0.0540528 -0.0651783 0.996116 -0.0241609
5359 46.1 1.13 -2.81 0.054159 -0.0653523 0.996099 -0.0241219
5360 46.1 1.13 -2.81 0.0539585 -0.0650569 0.996134 -0.0239309
5361 46.1 1.13 -2.81 0.0541784 -0.065271 0.996113 -0.0237454
5362 46.1 1.13 -2.81 0.0540213 -0.064876 0.996138 -0.0241357
5363 46.1 1.13 -2.81 0.0540458 -0.0650248 0.996126 -0.024145
5364 46.1 1.13 -2.81 0.0541085 -0.0650519 0.996123 -0.0240672
5365 46.1 1.13 -2.81 0.0540171 -0.0648354 0.99614 -0.0241407
5366 46.1 1.13 -2.81 0.0539812 -0.0649971 0.996129 -0.0242498
5367 46.1 1.13 -2.81 0.0542228 -0.065188 0.996107 -0.024092
5368 46 1.13 -2.81 0.0540028 -0.0650769 0.996122 -0.0242959
5369 46 1.13 -2.81 0.0539814 -0.0646673 0.996151 -0.0242331
5370 46 1.13 -2.81 0.0540281 -0.0655065 0.996092 -0.0243056
5371 46 1.13 -2.81 0.0542132 -0.0652765 0.996103 -0.0240404
5372 46 1.13 -2.81 0.0539664 -0.0649405 0.996136 -0.0241557
5373 46 1.13 -2.81 0.0542082 -0.0655795 0.996081 -0.0241346
5374 46.1 1.13 -2.81 0.0540613 -0.0650813 0.996126 -0.0239925
5375 46.1 1.13 -2.81 0.0540916 -0.0648054 0.996142 -0.0240088
5376 46.1 1.12 -2.81 0.0540638 -0.0649571 0.996128 -0.0242183
5377 46 1.12 -2.81 0.0540673 -0.0650015 0.996125 -0.02421
5378 46 1.12 -2.81 0.0541066 -0.065086 0.996116 -0.024278
5379 46 1.12 -2.81 0.0539754 -0.0649596 0.996139 -0.0239526
5380 46 1.12 -2.81 0.0539365 -0.0653241 0.996113 -0.0241536
5381 46 1.12 -2.81 0.0540396 -0.0651533 0.996117 -0.0241918
5382 46 1.12 -2.81 0.0539477 -0.0649103 0.996137 -0.0242175
5383 46 1.12 -2.81 0.0540128 -0.0649729 0.996132 -0.0241319
5384 46 1.12 -2.81 0.053925 -0.0650781 0.996126 -0.0242809
5385 46 1.12 -2.81 0.054116 -0.0648527 0.996129 -0.0243338
5386 46 1.12 -2.81 0.0539039 -0.0652 0.996122 -0.0241534
5387 46 1.12 -2.81 0.0542097 -0.0652958 0.996101 -0.0241014
5388 46 1.12 -2.81 0.0542392 -0.0651778 0.996107 -0.0241169
5389 46 1.12 -2.81 0.0541564 -0.0648873 0.996131 -0.0240988
5390 46 1.12 -2.81 0.0542052 -0.0648686 0.996127 -0.0241873
5391 46 1.12 -2.81 0.0542188 -0.0649634 0.996116 -0.0243443
5392 46 1.12 -2.81 0.0541291 -0.0654349 0.996093 -0.0242149
