0 0 0 0 0 0 0 1
1 -0.00114 -0.00064 0.00038 0 -0 0 1
2 -0.00779 -0.00607 0.00211 -0.00111 0.00042 -0.000151 0.999999
3 -0.00919 -0.0086 0.00421 -0.001048 0.000253 2.7e-05 0.999999
4 -0.00749 -0.0091 0.00644 -0.00115 0.000376 0.000361 0.999999
5 -0.00541 -0.00977 0.00798 -0.000937 0.00053 0.00055 0.999999
6 -0.00282 -0.00923 0.00672 -0.001518 0.000166 0.000287 0.999999
7 -0.00161 -0.00925 0.00543 -0.001611 0.000369 0.000416 0.999999
8 -0.00137 -0.00796 0.00316 -0.001004 0.000138 4.7e-05 0.999999
9 -0.00076 -0.00719 0.00277 -0.000613 0.000322 0.000343 1
10 0.00026 -0.0043 0.00279 -0.000489 0.000229 -9.2e-05 1
11 -6e-05 -0.00257 0.00237 -0.001655 0.000187 0.000102 0.999999
12 -0.0006 -0.00125 0.00094 -0.000582 0.00017 -0.000228 1
13 -0.00124 -0.0002 -0.00145 -0.000183 -0.000176 -0.00012 1
14 -0.00181 0.00056 -0.00185 -0.000661 0.000196 -0.000151 1
15 -0.00106 0.00058 -0.00059 -0.000357 0.000248 -0.000105 1
16 -0.00048 -0.00025 0.00107 -0.000934 0.000303 -9.7e-05 1
17 -0.00013 -0.00104 0.00198 -0.000598 0.000265 4.2e-05 1
18 -0.00033 -0.00177 0.00275 -0.000928 0.000337 0.000145 1
19 -0.00081 -0.00262 0.00283 -0.001066 0.000322 0.000208 0.999999
20 -0.0006 -0.00263 0.00266 -0.000765 0.000312 -3.3e-05 1
21 -0.00072 -0.00281 0.00274 -0.000922 0.000406 0.000269 0.999999
22 -0.00042 -0.00199 0.00231 -0.000761 0.00027 -6.7e-05 1
23 0.00025 -0.00096 0.00188 -0.000815 0.000319 0.000146 1
24 0.00142 -0.00036 0.00161 -0.000713 0.000272 -0.000104 1
25 0.00116 -0.00015 0.00095 -0.001091 0.000228 5.2e-05 0.999999
26 0.00071 0.00083 0.00037 -0.000468 0.000281 -0.00024 1
27 0.00092 0.00114 -0.00021 -0.000492 0.000169 -0.000216 1
28 0.00104 0.00171 -0.00026 -0.0006 0.000298 -0.000192 1
29 0.00166 0.00123 -0.00022 -0.000613 0.000226 -9e-06 1
30 0.0017 0.00095 0 -0.001012 0.000302 -6.4e-05 0.999999
31 0.00105 0.00074 0.00018 -0.001103 0.000305 -0.000116 0.999999
32 0.00053 0.00067 6e-05 -0.000661 0.000267 -5.2e-05 1
33 0.00058 0.00069 0.00025 -0.001292 0.000368 2e-06 0.999999
34 0.00045 0.00081 0.00059 -0.000811 0.000331 -9.8e-05 1
35 0.00096 0.00043 0.00052 -0.001127 0.000241 0.000174 0.999999
36 0.00145 0.00029 -6e-05 -0.000498 0.000265 -5.7e-05 1
37 0.0023 0.00026 -0.0008 -0.000706 0.000147 7.7e-05 1
38 0.00286 0.00067 -0.00092 -0.000814 0.000252 -8.8e-05 1
39 0.00226 0.00117 -0.00147 -0.000945 9.6e-05 -0.000117 1
40 0.00166 0.00202 -0.00147 -0.00064 0.000197 -0.000195 1
41 0.00121 0.00266 -0.00149 -0.000459 0.000202 -0.000183 1
42 0.00106 0.003 -0.00138 -0.000288 0.000151 -4.4e-05 1
43 0.00077 0.00354 -0.00124 -0.00095 0.000256 -0.000183 0.999999
44 0.00118 0.00373 -0.00085 -0.000775 0.000222 -2.4e-05 1
45 0.00181 0.0035 -9e-05 -0.00095 0.000315 -7e-05 0.999999
46 0.00227 0.00279 0.0004 -0.000559 0.000266 -1.2e-05 1
47 0.00211 0.002 0.00034 -0.000927 0.000284 0.000136 1
48 0.00183 0.00101 -4e-05 -0.001174 0.000263 -0.000106 0.999999
49 0.00101 0.00028 -0.00034 -0.000672 0.000283 0.000107 1
50 0.00055 -0.00015 -0.00056 -0.000611 0.000245 9e-06 1
51 0.00037 0.00048 -0.00097 -0.000578 0.000202 0.000224 1
52 0.00086 0.00122 -0.00115 -0.000928 0.000251 -6.4e-05 1
53 0.00175 0.00214 -0.00141 -0.000483 0.000185 -8.1e-05 1
54 0.00199 0.0021 -0.00155 -0.000579 0.000251 3.5e-05 1
55 0.00187 0.00281 -0.00143 -0.000713 0.000248 -0.000214 1
56 0.00181 0.00335 -0.00143 -0.000684 0.000183 -0.000171 1
57 0.00204 0.00353 -0.00171 -0.000735 0.000242 -0.000136 1
58 0.00239 0.003 -0.0018 -0.000745 0.000195 -4.5e-05 1
59 0.0022 0.00216 -0.00141 -0.001001 0.000242 1.7e-05 0.999999
60 0.00201 0.001 -0.00113 -0.000547 0.000299 0.000107 1
61 0.00184 0.00056 -0.00098 -0.000771 0.00024 0.000183 1
62 0.00211 5e-05 -0.00107 -0.000792 0.000271 6.4e-05 1
63 0.00198 0.00018 -0.00153 -0.00071 0.00025 4.6e-05 1
64 0.00189 0.00054 -0.00211 -0.00067 0.000224 5.1e-05 1
65 0.00235 0.0013 -0.0019 -0.000887 0.000244 5e-06 1
66 0.00199 0.00205 -0.00213 -0.000815 0.000205 9.3e-05 1
67 0.00213 0.00287 -0.0023 -0.000695 0.000205 -0.00017 1
68 0.00204 0.00315 -0.00251 -0.000605 0.000201 -3.7e-05 1
69 0.00205 0.00341 -0.00233 -0.000805 0.00026 -0.00016 1
70 0.00243 0.00369 -0.00224 -0.000574 0.000204 -9.5e-05 1
71 0.00251 0.00334 -0.00228 -0.001069 0.00023 -0.000126 0.999999
72 0.00266 0.00323 -0.00249 -0.000798 0.000233 -4.2e-05 1
73 0.00231 0.0029 -0.00232 -0.001095 0.00029 6e-05 0.999999
74 0.00262 0.00269 -0.00196 -0.000866 0.000267 3e-06 1
75 0.0031 0.00272 -0.00152 -0.000848 0.000266 2.5e-05 1
76 0.00281 0.00195 -0.00164 -0.000822 0.000333 5.9e-05 1
77 0.0027 0.00216 -0.00146 -0.000735 0.000277 -2.7e-05 1
78 0.00204 0.00168 -0.00234 -0.000704 0.000205 0.000171 1
79 0.00254 0.00174 -0.00267 -0.000675 0.000266 -4.6e-05 1
80 0.0025 0.00164 -0.00319 -0.00106 0.000139 3e-05 0.999999
81 0.00297 0.00231 -0.00319 -0.000495 0.000255 -0.000263 1
82 0.00333 0.0032 -0.00311 -0.000571 0.000206 -0.000134 1
83 0.00384 0.00391 -0.00256 -0.000673 0.000323 -3.7e-05 1
84 0.00347 0.00424 -0.00238 -0.000656 0.000204 -0.000108 1
85 0.00327 0.00413 -0.0025 -0.00088 0.000209 -8.8e-05 1
86 0.00241 0.00381 -0.00247 -0.000772 0.000294 -1.8e-05 1
87 0.0024 0.00322 -0.00213 -0.00103 0.00029 0.000123 0.999999
88 0.00255 0.00211 -0.00211 -0.001055 0.000299 8.5e-05 0.999999
89 0.00307 0.00143 -0.00227 -0.000661 0.000221 9.9e-05 1
90 0.00311 0.00092 -0.0024 -0.00103 0.000285 0.000116 0.999999
91 0.00346 0.00105 -0.00195 -0.000537 0.0003 6.1e-05 1
92 0.00342 0.00122 -0.00222 -0.000938 0.000181 0.000212 1
93 0.00376 0.00169 -0.00226 -0.000741 0.000253 4e-06 1
94 0.0031 0.00282 -0.0025 -0.000854 0.000202 -5.5e-05 1
95 0.00283 0.00417 -0.00259 -0.000692 0.000276 -0.000179 1
96 0.00331 0.00496 -0.00295 -0.000448 0.00015 -7.2e-05 1
97 0.00372 0.00516 -0.00306 -0.00069 0.00019 -0.000133 1
98 0.00378 0.00549 -0.00332 -0.000798 0.000174 -0.000147 1
99 0.00394 0.00586 -0.00328 -0.001008 0.000199 -6.8e-05 0.999999
100 0.00346 0.00617 -0.00307 -0.000789 0.000245 -8.8e-05 1
101 0.00352 0.00509 -0.00247 -0.000977 0.000231 0.000138 0.999999
102 0.00333 0.0035 -0.0021 -0.00103 0.000332 0.000106 0.999999
103 0.00341 0.00275 -0.0021 -0.000706 0.000304 -5.9e-05 1
104 0.00401 0.0026 -0.00221 -0.001022 0.000251 9.7e-05 0.999999
105 0.00457 0.00244 -0.00211 -0.000622 0.000314 -1.2e-05 1
106 0.00406 0.00274 -0.00209 -0.000717 0.000256 0.000202 1
107 0.004 0.00305 -0.00206 -0.000718 0.000281 -5.7e-05 1
108 0.00405 0.00359 -0.0023 -0.000518 0.000219 -2.7e-05 1
109 0.00414 0.0045 -0.0025 -0.000753 0.000244 -0.000194 1
110 0.00413 0.00514 -0.00277 -0.000473 0.000221 -0.000171 1
111 0.0039 0.00531 -0.00314 -0.000557 0.000177 -0.000165 1
112 0.00384 0.005 -0.00315 -0.000666 0.000279 -0.00012 1
113 0.00407 0.00438 -0.00287 -0.000983 0.000256 -5.2e-05 0.999999
114 0.00406 0.00454 -0.00282 -0.000872 0.00026 -4.2e-05 1
115 0.00411 0.00388 -0.0025 -0.000742 0.000252 -1.6e-05 1
116 0.00411 0.00295 -0.00252 -0.001059 0.000261 8.3e-05 0.999999
117 0.0042 0.0018 -0.00252 -0.000829 0.000242 -6.2e-05 1
118 0.00378 0.00133 -0.00293 -0.000752 0.000243 8.9e-05 1
119 0.00381 0.00135 -0.00313 -0.000644 0.000191 5.5e-05 1
120 0.00402 0.00195 -0.00309 -0.000589 0.000209 0.00019 1
121 0.00407 0.00269 -0.00304 -0.000907 0.000252 -0.000124 1
122 0.00415 0.004 -0.00319 -0.000541 0.000224 -0.000215 1
123 0.00448 0.00516 -0.00333 -0.000522 0.000252 -0.000186 1
124 0.0046 0.00546 -0.00338 -0.000577 0.000203 -0.000145 1
125 0.00488 0.00542 -0.00346 -0.000672 0.00022 -0.000118 1
126 0.0049 0.00534 -0.00374 -0.000835 0.000244 -0.000165 1
127 0.00485 0.00443 -0.00381 -0.000598 0.000222 -3.5e-05 1
128 0.0047 0.00357 -0.0034 -0.000925 0.000343 0.000112 1
129 0.00483 0.00306 -0.00306 -0.000687 0.000248 -2e-06 1
130 0.00506 0.00265 -0.00279 -0.001002 0.000236 6.4e-05 0.999999
131 0.00523 0.00239 -0.00279 -0.000944 0.000262 -2e-05 1
132 0.0051 0.00246 -0.00341 -0.00054 0.000264 8e-06 1
133 0.00406 0.00187 -0.00387 -0.000828 0.000198 0.000103 1
134 0.00417 0.00205 -0.00374 -0.000812 0.000427 -5e-05 1
135 0.00377 0.00296 -0.00376 -0.000527 7e-06 -2.1e-05 1
136 0.00361 0.00368 -0.0037 -0.000562 0.000388 -0.000208 1
137 0.00378 0.00423 -0.00391 -0.000707 0.00017 -0.000158 1
138 0.00369 0.00481 -0.00361 -0.000708 0.000767 -0.000211 0.999999
139 0.00433 0.00485 -0.00332 -0.000719 -8.9e-05 -9.4e-05 1
140 0.00488 0.00468 -0.00301 -0.001067 0.00093 -0.000163 0.999999
141 0.00514 0.00361 -0.00244 -0.000748 0.00078 -5e-06 0.999999
142 0.00602 0.00254 -0.00218 -0.000799 0.003229 0.000428 0.999994
143 0.00449 0.00188 -0.00172 -0.000728 0.000937 0.000224 0.999999
144 0.00356 0.00136 -0.00211 -0.000684 -0.001122 0.000439 0.999999
145 0.00292 0.00281 -0.00336 -0.000763 0.00563 0.002935 0.99998
146 -0.00185 0.00368 0.00611 0.002219 0.011297 0.00405 0.999926
147 -0.00385 0.00296 0.0311 0.009536 -0.002106 0.002356 0.99995
148 -0.00369 0.00202 0.0702 0.009358 -0.005532 0.005238 0.999927
149 -0.0055 -0.00202 0.12 0.002238 -0.002601 0.007021 0.999969
150 -0.00802 -0.00591 0.179 0.004714 -0.003105 0.007581 0.999955
151 -0.0113 -0.00889 0.243 0.008303 -0.002791 0.007333 0.999935
152 -0.0151 -0.0114 0.311 0.006103 -0.001996 0.008866 0.99994
153 -0.0193 -0.0136 0.385 0.00356 0.004423 0.008681 0.999946
154 -0.0257 -0.0126 0.464 0.004106 0.016923 0.009443 0.999804
155 -0.0348 -0.00834 0.547 0.003733 0.030567 0.012101 0.999452
156 -0.0425 -0.00166 0.634 0.000545 0.04375 0.012451 0.998965
157 -0.0477 0.00603 0.719 -0.004494 0.052018 0.014021 0.998538
158 -0.0508 0.0155 0.793 -0.00548 0.040342 0.019896 0.998973
159 -0.0529 0.025 0.854 -0.001212 0.027034 0.024133 0.999342
160 -0.0534 0.0345 0.899 0.003404 0.030376 0.026436 0.999183
161 -0.0505 0.0429 0.934 0.007322 0.03793 0.023927 0.998967
162 -0.0384 0.0517 0.961 0.014851 0.041051 0.025473 0.998722
163 -0.0123 0.0614 0.98 0.022392 0.039692 0.034863 0.998352
164 0.0287 0.0685 0.995 0.017328 0.039728 0.046955 0.997956
165 0.0815 0.0686 1.01 0.014534 0.029182 0.062039 0.997541
166 0.145 0.0715 1.02 0.020849 0.011441 0.075226 0.996883
167 0.211 0.0752 1.04 0.024515 0.009957 0.088331 0.99574
168 0.272 0.0813 1.05 0.022277 0.022937 0.098322 0.994641
169 0.328 0.0994 1.06 0.014321 0.012824 0.113168 0.99339
170 0.379 0.122 1.07 0.005475 0.010992 0.129842 0.991459
171 0.428 0.15 1.07 -0.002076 0.009961 0.144918 0.989391
172 0.482 0.189 1.08 -0.005992 0.004967 0.158486 0.987331
173 0.54 0.236 1.08 7.4e-05 -0.000775 0.170122 0.985423
174 0.595 0.288 1.08 0.012483 -0.004989 0.177131 0.984095
175 0.648 0.334 1.09 0.01724 -0.00225 0.179548 0.983596
176 0.695 0.372 1.1 0.018409 -0.010911 0.175005 0.984335
177 0.74 0.403 1.11 0.019656 -0.016833 0.17602 0.984046
178 0.788 0.425 1.12 0.024592 -0.025637 0.1719 0.984474
179 0.839 0.44 1.13 0.029035 -0.034015 0.155147 0.986879
180 0.895 0.452 1.13 0.030409 -0.037042 0.141472 0.988782
181 0.955 0.463 1.14 0.031788 -0.042462 0.129794 0.990121
182 1.01 0.472 1.15 0.033762 -0.048066 0.117921 0.991284
183 1.07 0.48 1.16 0.035342 -0.049877 0.103872 0.99271
184 1.12 0.487 1.16 0.030492 -0.049641 0.090596 0.994182
185 1.16 0.49 1.16 0.025721 -0.042305 0.075039 0.995951
186 1.21 0.491 1.16 0.02262 -0.045457 0.055838 0.997148
187 1.25 0.496 1.16 0.017819 -0.048676 0.031409 0.998162
188 1.3 0.506 1.16 0.01495 -0.049615 0.004222 0.998648
189 1.34 0.52 1.16 0.015927 -0.052222 -0.021421 0.998279
190 1.38 0.532 1.16 0.022118 -0.052422 -0.054488 0.996892
191 1.42 0.539 1.16 0.024774 -0.053335 -0.085986 0.994559
192 1.45 0.539 1.16 0.028737 -0.057824 -0.123513 0.99024
193 1.48 0.531 1.17 0.027159 -0.055798 -0.147447 0.987121
194 1.51 0.516 1.17 0.026617 -0.05847 -0.176437 0.982213
195 1.54 0.493 1.16 0.023028 -0.063394 -0.206225 0.976177
196 1.57 0.468 1.16 0.0208 -0.065073 -0.23106 0.970538
197 1.61 0.442 1.15 0.020661 -0.070264 -0.253919 0.964449
198 1.64 0.416 1.15 0.022857 -0.068674 -0.274404 0.958887
199 1.66 0.392 1.15 0.028467 -0.061351 -0.290007 0.954632
200 1.69 0.37 1.14 0.030768 -0.045373 -0.29808 0.952965
201 1.71 0.356 1.13 0.034731 -0.023205 -0.306004 0.951114
202 1.73 0.349 1.12 0.039836 0.002123 -0.311452 0.949424
203 1.75 0.35 1.11 0.04056 0.020829 -0.317264 0.94724
204 1.77 0.353 1.1 0.042397 0.037932 -0.321433 0.945222
205 1.79 0.36 1.1 0.044543 0.052251 -0.323823 0.943623
206 1.81 0.371 1.09 0.047802 0.06272 -0.321015 0.943785
207 1.82 0.385 1.08 0.04641 0.072417 -0.308899 0.947198
208 1.84 0.4 1.08 0.043565 0.08212 -0.289921 0.952525
209 1.86 0.416 1.07 0.045367 0.091178 -0.267981 0.958026
210 1.87 0.435 1.07 0.04569 0.099986 -0.244795 0.963323
211 1.88 0.455 1.06 0.041203 0.108416 -0.223886 0.96769
212 1.89 0.473 1.06 0.038896 0.113361 -0.20192 0.972042
213 1.9 0.49 1.06 0.037064 0.116711 -0.181335 0.975768
214 1.91 0.505 1.06 0.033905 0.117397 -0.162486 0.979115
215 1.91 0.518 1.06 0.03187 0.118327 -0.143885 0.981978
216 1.92 0.533 1.06 0.030226 0.120076 -0.125285 0.984364
217 1.92 0.547 1.06 0.028619 0.120406 -0.106446 0.986586
218 1.93 0.56 1.06 0.027365 0.120405 -0.088505 0.988393
219 1.94 0.572 1.06 0.025589 0.119659 -0.071524 0.989905
220 1.94 0.582 1.07 0.025481 0.117234 -0.053922 0.991312
221 1.95 0.593 1.07 0.026503 0.113691 -0.037405 0.992458
222 1.95 0.601 1.07 0.023751 0.110544 -0.021968 0.993345
223 1.95 0.612 1.08 0.021342 0.105818 -0.006664 0.994134
224 1.96 0.625 1.08 0.020004 0.100845 0.009545 0.994655
225 1.96 0.639 1.09 0.016419 0.094235 0.024566 0.995111
226 1.97 0.652 1.09 0.013242 0.083156 0.038347 0.99571
227 1.97 0.659 1.1 0.012211 0.070173 0.047077 0.996349
228 1.97 0.66 1.11 0.013482 0.054581 0.048342 0.997247
229 1.97 0.653 1.12 0.018032 0.037556 0.038753 0.99838
230 1.98 0.641 1.12 0.022939 0.023535 0.019237 0.999275
231 1.97 0.624 1.13 0.026716 0.010737 -0.009505 0.99954
232 1.98 0.605 1.13 0.027534 0.000863 -0.044462 0.998631
233 1.98 0.584 1.13 0.025273 -0.004477 -0.080597 0.996416
234 1.97 0.563 1.13 0.02651 -0.008417 -0.118681 0.992543
235 1.97 0.542 1.13 0.030258 -0.016004 -0.157626 0.986905
236 1.96 0.521 1.14 0.033913 -0.022826 -0.196972 0.979556
237 1.94 0.503 1.14 0.0333 -0.027805 -0.235028 0.97102
238 1.93 0.492 1.14 0.030799 -0.030851 -0.270569 0.961713
239 1.92 0.483 1.14 0.029131 -0.035576 -0.30052 0.952666
240 1.92 0.478 1.14 0.026423 -0.039787 -0.328463 0.943309
241 1.91 0.473 1.14 0.026229 -0.037416 -0.352791 0.934586
242 1.9 0.468 1.14 0.025187 -0.033233 -0.3759 0.925722
243 1.89 0.464 1.14 0.024014 -0.026511 -0.398604 0.916425
244 1.88 0.461 1.13 0.025231 -0.01869 -0.419776 0.907084
245 1.86 0.459 1.13 0.027288 -0.014003 -0.437996 0.898454
246 1.84 0.458 1.13 0.026163 -0.011524 -0.454111 0.890486
247 1.82 0.459 1.14 0.024608 -0.012165 -0.469429 0.882544
248 1.8 0.46 1.14 0.020877 -0.015867 -0.483303 0.87506
249 1.78 0.462 1.14 0.018249 -0.017082 -0.497749 0.866961
250 1.76 0.462 1.14 0.018454 -0.014334 -0.510883 0.859333
251 1.74 0.465 1.13 0.021648 -0.006035 -0.522535 0.852322
252 1.72 0.47 1.13 0.030019 0.007984 -0.534961 0.844306
253 1.7 0.474 1.12 0.034228 0.020193 -0.548721 0.835061
254 1.68 0.48 1.11 0.040062 0.030038 -0.562777 0.825091
255 1.66 0.487 1.11 0.045986 0.038502 -0.577922 0.813885
256 1.64 0.494 1.11 0.050138 0.043642 -0.591757 0.803371
257 1.62 0.499 1.11 0.049848 0.043848 -0.603459 0.794626
258 1.61 0.503 1.11 0.04991 0.04357 -0.613515 0.786899
259 1.59 0.507 1.11 0.047715 0.041454 -0.623134 0.779557
260 1.59 0.509 1.11 0.045246 0.036858 -0.633634 0.771429
261 1.58 0.511 1.12 0.037273 0.027341 -0.641902 0.765392
262 1.59 0.51 1.13 0.027639 0.017245 -0.650042 0.7592
263 1.59 0.509 1.14 0.017299 0.002069 -0.655687 0.754832
264 1.61 0.506 1.14 0.00607 -0.012425 -0.657466 0.753357
265 1.63 0.498 1.14 -0.007228 -0.023315 -0.657722 0.752865
266 1.65 0.49 1.15 -0.014483 -0.031732 -0.658072 0.752146
267 1.67 0.48 1.15 -0.020691 -0.040499 -0.662712 0.747492
268 1.69 0.472 1.15 -0.022698 -0.051325 -0.672278 0.738168
269 1.71 0.464 1.15 -0.025273 -0.060854 -0.683869 0.726623
270 1.72 0.46 1.15 -0.027257 -0.069725 -0.697779 0.71239
271 1.73 0.459 1.14 -0.029064 -0.072055 -0.713943 0.69588
272 1.74 0.457 1.14 -0.032917 -0.070809 -0.731058 0.677832
273 1.74 0.455 1.14 -0.032742 -0.066027 -0.747835 0.659781
274 1.74 0.456 1.13 -0.031159 -0.054715 -0.763432 0.642812
275 1.74 0.461 1.13 -0.035024 -0.044693 -0.77744 0.626389
276 1.73 0.468 1.12 -0.032783 -0.03445 -0.790786 0.610242
277 1.72 0.479 1.12 -0.023489 -0.022819 -0.802922 0.595183
278 1.71 0.494 1.11 -0.012488 -0.012353 -0.814388 0.580054
279 1.7 0.514 1.11 -0.006385 -0.007285 -0.82426 0.566129
280 1.7 0.535 1.1 -0.003025 -0.006568 -0.83098 0.556256
281 1.69 0.556 1.1 -0.001971 -0.005651 -0.838634 0.544662
282 1.69 0.579 1.1 -0.00248 -0.004528 -0.845617 0.533765
283 1.7 0.604 1.11 -0.004169 -0.005228 -0.852562 0.522583
284 1.7 0.629 1.11 -0.01086 -0.007721 -0.859265 0.511358
285 1.71 0.653 1.12 -0.019271 -0.009384 -0.865767 0.499989
286 1.71 0.677 1.12 0.028834 0.01391 0.872281 -0.487956
287 1.72 0.698 1.13 0.037828 0.019375 0.877904 -0.476946
288 1.73 0.717 1.14 0.046292 0.025064 0.881775 -0.468724
289 1.73 0.734 1.15 0.053008 0.028031 0.884962 -0.461786
290 1.73 0.749 1.15 0.061928 0.030739 0.888519 -0.453601
291 1.74 0.762 1.16 0.069027 0.03547 0.89435 -0.440585
292 1.74 0.771 1.17 0.075923 0.0388 0.901766 -0.423731
293 1.75 0.777 1.17 0.082502 0.038929 0.910151 -0.404107
294 1.75 0.778 1.17 0.083381 0.036715 0.918398 -0.385026
295 1.77 0.774 1.16 0.080961 0.038523 0.926931 -0.364362
296 1.78 0.767 1.15 0.068147 0.038952 0.935248 -0.345181
297 1.79 0.76 1.14 0.052491 0.034213 0.942989 -0.326874
298 1.81 0.755 1.14 0.039173 0.024754 0.949294 -0.310955
299 1.83 0.746 1.13 0.025325 0.016208 0.952811 -0.302073
300 1.85 0.735 1.11 0.009925 0.006139 0.955122 -0.295983
301 1.86 0.724 1.1 -0.009057 -0.003847 0.955925 -0.293447
302 1.88 0.715 1.09 -0.030894 -0.009918 0.955576 -0.292954
303 1.88 0.711 1.08 -0.047109 -0.014497 0.956478 -0.287611
304 1.88 0.711 1.07 -0.060467 -0.016116 0.958335 -0.278706
305 1.88 0.715 1.06 -0.073743 -0.015022 0.961089 -0.265789
306 1.87 0.722 1.06 -0.085809 -0.013702 0.963912 -0.25164
307 1.86 0.733 1.06 -0.088361 -0.01176 0.968573 -0.232206
308 1.85 0.745 1.06 -0.090063 -0.008202 0.973229 -0.211296
309 1.83 0.757 1.06 -0.090906 -0.002943 0.978412 -0.185575
310 1.81 0.769 1.06 -0.089341 0.00284 0.982859 -0.161242
311 1.78 0.778 1.06 -0.087392 0.007791 0.986299 -0.139701
312 1.76 0.787 1.06 -0.086838 0.011907 0.989195 -0.117516
313 1.73 0.797 1.06 -0.08068 0.016465 0.991763 -0.098112
314 1.71 0.804 1.07 -0.070091 0.018674 0.994082 -0.080869
315 1.69 0.808 1.07 -0.054101 0.015564 0.995894 -0.0709
316 1.67 0.811 1.08 -0.035831 0.009885 0.99741 -0.061569
317 1.66 0.815 1.09 -0.020847 0.006325 0.998279 -0.054443
318 1.65 0.82 1.09 -0.006946 0.005665 0.998645 -0.051253
319 1.64 0.827 1.1 0.006779 0.003264 0.998837 -0.047625
320 1.64 0.837 1.1 0.015859 0.003131 0.999016 -0.041295
321 1.63 0.846 1.11 0.025521 0.006108 0.999152 -0.03173
322 1.62 0.855 1.11 0.03514 0.007085 0.99917 -0.019339
323 1.6 0.863 1.11 0.04065 0.007065 0.999138 -0.004504
324 1.59 0.868 1.12 0.043653 0.002819 0.998939 0.014411
325 1.58 0.873 1.12 0.047602 -0.001214 0.998188 0.036786
326 1.56 0.877 1.12 0.047052 0.00019 0.997143 0.059088
327 1.54 0.876 1.11 0.039217 0.002737 0.995952 0.080833
328 1.52 0.874 1.11 0.03246 0.003307 0.994692 0.097582
329 1.5 0.87 1.11 0.029336 0.004634 0.992709 0.116818
330 1.48 0.867 1.1 0.022348 0.004452 0.990479 0.135765
331 1.46 0.863 1.1 0.010911 0.002476 0.987792 0.155376
332 1.44 0.863 1.09 -0.002528 0.003496 0.984593 0.17481
333 1.43 0.859 1.09 -0.013254 0.0059 0.980694 0.195008
334 1.42 0.857 1.09 -0.018269 0.003959 0.976625 0.214136
335 1.42 0.857 1.09 -0.018631 0.002767 0.972119 0.233732
336 1.41 0.859 1.09 -0.015618 0.003961 0.966783 0.25509
337 1.41 0.862 1.09 -0.016231 0.004857 0.960871 0.276478
338 1.41 0.868 1.09 -0.014649 0.004722 0.954526 0.297729
339 1.41 0.876 1.09 -0.011514 0.004316 0.948927 0.315257
340 1.41 0.885 1.1 -0.004345 0.000569 0.943573 0.331136
341 1.4 0.895 1.1 0.006935 -0.002861 0.93841 0.345443
342 1.4 0.906 1.11 0.01696 -0.006999 0.933267 0.358715
343 1.4 0.919 1.11 0.02654 -0.010303 0.928261 0.370839
344 1.4 0.934 1.12 0.035362 -0.008828 0.923441 0.382005
345 1.4 0.953 1.12 0.04693 -0.007857 0.91648 0.397242
346 1.39 0.971 1.13 0.056995 -0.008722 0.910351 0.409801
347 1.39 0.99 1.13 0.061156 -0.011709 0.904859 0.421134
348 1.4 1.01 1.14 0.069473 -0.017855 0.899087 0.431854
349 1.41 1.04 1.14 0.079694 -0.022147 0.892419 0.443562
350 1.43 1.07 1.15 0.088677 -0.024578 0.884652 0.45708
351 1.44 1.09 1.15 0.091008 -0.022808 0.876884 0.471458
352 1.45 1.12 1.15 0.087553 -0.018168 0.869955 0.484957
353 1.47 1.15 1.14 0.081598 -0.009908 0.863603 0.497427
354 1.48 1.17 1.14 0.073502 0.000532 0.858699 0.507181
355 1.49 1.19 1.13 0.063916 0.010441 0.854436 0.515504
356 1.49 1.2 1.13 0.054438 0.019866 0.849069 0.525094
357 1.49 1.21 1.12 0.042777 0.026273 0.843149 0.535332
358 1.49 1.22 1.12 0.024741 0.031098 0.836379 0.54671
359 1.49 1.24 1.11 0.007057 0.033698 0.829495 0.557452
360 1.48 1.25 1.1 -0.004662 0.036452 0.821286 0.569332
361 1.48 1.26 1.1 -0.01432 0.037422 0.812118 0.582116
362 1.47 1.28 1.1 -0.024814 0.037659 0.801835 0.595841
363 1.45 1.3 1.1 -0.032543 0.042093 0.79027 0.610445
364 1.44 1.31 1.1 -0.036826 0.048801 0.776925 0.626618
365 1.42 1.33 1.11 -0.032711 0.047016 0.765115 0.641341
366 1.41 1.34 1.11 -0.025109 0.044026 0.751712 0.657541
367 1.39 1.35 1.12 -0.012086 0.035428 0.740579 0.670926
368 1.38 1.36 1.13 -8.7e-05 0.027084 0.732124 0.680633
369 1.37 1.37 1.14 0.014481 0.019663 0.727159 0.686034
370 1.36 1.38 1.14 0.031169 0.009937 0.723385 0.689669
371 1.35 1.38 1.15 0.04859 -0.006033 0.720726 0.691489
372 1.35 1.38 1.16 0.067456 -0.021452 0.719717 0.690649
373 1.34 1.38 1.16 0.083266 -0.036276 0.720792 0.687176
374 1.34 1.39 1.16 0.091525 -0.044493 0.719058 0.687458
375 1.34 1.39 1.16 0.092989 -0.042733 0.715726 0.690842
376 1.35 1.4 1.16 0.095229 -0.043669 0.715153 0.691072
377 1.35 1.41 1.16 0.095367 -0.048778 0.717939 0.687815
378 1.36 1.43 1.16 0.092365 -0.054808 0.722834 0.682624
379 1.37 1.45 1.16 0.0863039 -0.054031 0.728517 0.677419
380 1.38 1.46 1.16 0.083741 -0.05206 0.729086 0.677282
381 1.4 1.48 1.16 0.075114 -0.048498 0.72804 0.679679
382 1.42 1.5 1.15 0.061699 -0.040278 0.724003 0.685851
383 1.45 1.52 1.15 0.050235 -0.027957 0.714056 0.697724
384 1.47 1.53 1.15 0.042129 -0.018981 0.70159 0.711082
385 1.48 1.53 1.15 0.036327 -0.013488 0.688937 0.723784
386 1.5 1.54 1.15 0.030454 -0.006947 0.675656 0.736555
387 1.52 1.55 1.15 0.027143 0.001796 0.661199 0.749717
388 1.54 1.55 1.15 0.02412 0.008699 0.646359 0.762603
389 1.55 1.55 1.15 0.021762 0.012353 0.630168 0.776055
390 1.55 1.55 1.15 0.022098 0.020323 0.611691 0.790527
391 1.56 1.56 1.15 0.020558 0.023796 0.594622 0.80339
392 1.58 1.57 1.15 0.016593 0.024031 0.575499 0.817281
393 1.6 1.59 1.15 0.015047 0.02491 0.5541 0.831941
394 1.61 1.61 1.15 0.01631 0.022194 0.531864 0.846382
395 1.62 1.64 1.15 0.018092 0.020038 0.506607 0.861754
396 1.63 1.67 1.15 0.022708 0.018003 0.47814 0.877805
397 1.64 1.69 1.16 0.027202 0.015271 0.448789 0.893093
398 1.63 1.72 1.16 0.029713 0.01467 0.419748 0.907035
399 1.63 1.74 1.16 0.03372 0.01834 0.388313 0.920728
400 1.63 1.75 1.16 0.038267 0.01882 0.354301 0.934159
401 1.63 1.76 1.16 0.038713 0.01974 0.319575 0.946564
402 1.63 1.75 1.15 0.040635 0.018501 0.280705 0.958755
403 1.63 1.74 1.15 0.040178 0.014444 0.247107 0.968047
404 1.63 1.73 1.14 0.033502 0.009723 0.218236 0.975272
405 1.63 1.71 1.13 0.030298 0.008634 0.188358 0.981595
406 1.62 1.69 1.13 0.03288 0.004412 0.164734 0.98578
407 1.6 1.68 1.13 0.032239 -0.001845 0.142458 0.989274
408 1.57 1.66 1.13 0.034593 -0.010111 0.120067 0.992111
409 1.54 1.64 1.13 0.036968 -0.016438 0.098621 0.994302
410 1.5 1.62 1.14 0.037106 -0.021544 0.077138 0.996097
411 1.47 1.61 1.14 0.038266 -0.026458 0.054232 0.997444
412 1.44 1.6 1.15 0.037434 -0.03116 0.028015 0.99842
413 1.41 1.59 1.15 0.040942 -0.035267 0.005759 0.998522
414 1.39 1.58 1.15 0.042377 -0.040197 -0.0159 0.998166
415 1.36 1.58 1.16 0.040831 -0.038453 -0.03538 0.997799
416 1.34 1.58 1.17 0.044967 -0.039827 -0.052739 0.9968
417 1.32 1.59 1.17 0.04561 -0.045734 -0.072881 0.995247
418 1.3 1.6 1.17 0.044994 -0.046581 -0.094725 0.993395
419 1.28 1.62 1.17 0.045671 -0.042974 -0.118101 0.991019
420 1.25 1.64 1.16 0.045584 -0.040089 -0.142294 0.987961
421 1.23 1.67 1.16 0.044808 -0.037517 -0.164324 0.984674
422 1.2 1.7 1.15 0.049182 -0.033831 -0.184166 0.981081
423 1.16 1.73 1.15 0.054228 -0.030348 -0.203457 0.97711
424 1.13 1.75 1.14 0.054787 -0.023735 -0.223336 0.972911
425 1.09 1.78 1.14 0.056577 -0.01357 -0.234742 0.970315
426 1.06 1.79 1.14 0.0566 -0.007146 -0.251331 0.966218
427 1.04 1.81 1.14 0.051235 -0.002875 -0.258114 0.964751
428 1.02 1.83 1.14 0.045227 0.00108 -0.260859 0.964316
429 0.992 1.85 1.13 0.043962 0.006599 -0.262037 0.964033
430 0.96 1.87 1.12 0.043533 0.011513 -0.261911 0.964041
431 0.919 1.89 1.12 0.041683 0.008943 -0.262659 0.963946
432 0.873 1.9 1.12 0.039044 0.007476 -0.266652 0.962973
433 0.824 1.93 1.11 0.04102 0.017607 -0.269448 0.96198
434 0.775 1.94 1.11 0.046739 0.022792 -0.273421 0.960488
435 0.732 1.96 1.11 0.054872 0.027392 -0.282049 0.957438
436 0.695 1.98 1.11 0.065027 0.032097 -0.291791 0.953729
437 0.661 1.99 1.12 0.068784 0.026475 -0.304381 0.949695
438 0.632 2.01 1.13 0.068828 0.019799 -0.31483 0.946442
439 0.608 2.03 1.13 0.067427 0.016663 -0.323764 0.943585
440 0.586 2.06 1.13 0.068516 0.016034 -0.332844 0.940353
441 0.562 2.09 1.12 0.068588 0.016659 -0.338921 0.938164
442 0.54 2.14 1.12 0.063604 0.018591 -0.341631 0.937495
443 0.515 2.18 1.12 0.061421 0.024283 -0.34028 0.938002
444 0.49 2.23 1.12 0.060451 0.026323 -0.335757 0.939638
445 0.464 2.28 1.12 0.059357 0.029788 -0.32946 0.941831
446 0.439 2.32 1.11 0.05812 0.034857 -0.323663 0.943742
447 0.414 2.35 1.11 0.062222 0.044595 -0.316604 0.945464
448 0.393 2.39 1.12 0.062477 0.050928 -0.303381 0.949454
449 0.37 2.42 1.13 0.055408 0.045036 -0.291626 0.953864
450 0.348 2.44 1.13 0.047684 0.036236 -0.277155 0.958957
451 0.327 2.46 1.13 0.04098 0.030556 -0.261136 0.963948
452 0.304 2.48 1.14 0.037678 0.028295 -0.247795 0.967666
453 0.279 2.49 1.14 0.038457 0.023111 -0.233351 0.971357
454 0.248 2.51 1.14 0.038928 0.021865 -0.217622 0.975011
455 0.214 2.54 1.14 0.040243 0.023025 -0.198635 0.978976
456 0.178 2.56 1.14 0.041002 0.023175 -0.180724 0.982406
457 0.141 2.58 1.14 0.041153 0.019722 -0.165121 0.985217
458 0.105 2.6 1.14 0.043203 0.023307 -0.154548 0.986765
459 0.0743 2.63 1.14 0.046077 0.029731 -0.144064 0.988048
460 0.0495 2.65 1.14 0.043312 0.027999 -0.13413 0.989621
461 0.0298 2.67 1.15 0.037272 0.022486 -0.124492 0.991265
462 0.013 2.69 1.16 0.032463 0.012439 -0.113078 0.992978
463 0.00014 2.71 1.17 0.030156 0.002771 -0.099207 0.994606
464 -0.0108 2.74 1.18 0.028459 -0.006938 -0.083373 0.996088
465 -0.0232 2.78 1.18 0.026399 -0.013386 -0.063794 0.997524
466 -0.0388 2.82 1.18 0.027168 -0.015136 -0.042018 0.998633
467 -0.057 2.85 1.18 0.027061 -0.017501 -0.023294 0.999209
468 -0.08 2.88 1.19 0.027471 -0.012593 -0.009333 0.9995
469 -0.107 2.9 1.19 0.026094 -0.0057 0.002981 0.999639
470 -0.134 2.92 1.18 0.024519 -0.003599 0.00987 0.999644
471 -0.159 2.93 1.17 0.027319 0.008446 0.004606 0.99958
472 -0.183 2.93 1.16 0.033766 0.021704 -0.009043 0.999153
473 -0.206 2.92 1.15 0.038778 0.03234 -0.029705 0.998283
474 -0.227 2.9 1.14 0.044914 0.042998 -0.053081 0.996653
475 -0.251 2.89 1.14 0.048992 0.051803 -0.074153 0.994695
476 -0.278 2.86 1.13 0.047842 0.055455 -0.094665 0.992811
477 -0.309 2.83 1.12 0.04726 0.066517 -0.111934 0.99036
478 -0.344 2.8 1.11 0.045399 0.075767 -0.131797 0.987334
479 -0.383 2.77 1.1 0.043308 0.082687 -0.150822 0.984144
480 -0.421 2.73 1.1 0.042237 0.095645 -0.171269 0.979661
481 -0.456 2.7 1.1 0.041723 0.0955519 -0.198725 0.974493
482 -0.488 2.67 1.1 0.043485 0.097644 -0.227013 0.968008
483 -0.519 2.64 1.1 0.044558 0.099133 -0.259927 0.959492
484 -0.548 2.61 1.1 0.047037 0.096075 -0.290247 0.950954
485 -0.571 2.58 1.09 0.049738 0.095223 -0.318951 0.941663
486 -0.592 2.55 1.09 0.053123 0.096099 -0.3465 0.931601
487 -0.607 2.53 1.09 0.054797 0.092937 -0.371581 0.92211
488 -0.615 2.5 1.1 0.05352 0.088069 -0.392652 0.913895
489 -0.612 2.48 1.1 0.051722 0.082038 -0.413006 0.90555
490 -0.6 2.44 1.09 0.053161 0.077465 -0.429348 0.898239
491 -0.581 2.41 1.09 0.053504 0.075477 -0.441623 0.892418
492 -0.556 2.37 1.09 0.045995 0.069684 -0.450863 0.888679
493 -0.526 2.33 1.1 0.037882 0.057836 -0.456921 0.886816
494 -0.489 2.29 1.1 0.033158 0.049562 -0.461065 0.88536
495 -0.45 2.24 1.11 0.030063 0.047284 -0.461208 0.885521
496 -0.413 2.2 1.11 0.025304 0.042373 -0.463448 0.884749
497 -0.376 2.16 1.11 0.025622 0.036493 -0.463787 0.884824
498 -0.339 2.11 1.1 0.029436 0.034903 -0.461745 0.885837
499 -0.304 2.06 1.1 0.031288 0.030002 -0.459338 0.887203
500 -0.267 2.01 1.09 0.031724 0.024198 -0.452593 0.890824
501 -0.229 1.94 1.09 0.026935 0.01537 -0.444261 0.895361
502 -0.189 1.87 1.09 0.024803 0.010084 -0.433607 0.900704
503 -0.149 1.8 1.09 0.025546 0.008636 -0.422968 0.905743
504 -0.11 1.73 1.1 0.018886 -0.001866 -0.411523 0.911202
505 -0.0709 1.68 1.1 0.021042 0.00059 -0.394718 0.918561
506 -0.0294 1.63 1.1 0.024552 -0.001041 -0.386189 0.922092
507 0.015 1.58 1.09 0.026166 -0.003145 -0.378532 0.925213
508 0.0646 1.53 1.09 0.022057 -0.00825 -0.372449 0.927754
509 0.117 1.48 1.08 0.013376 -0.015884 -0.363437 0.931387
510 0.168 1.43 1.09 0.008332 -0.021192 -0.361698 0.932017
511 0.213 1.38 1.09 0.007656 -0.018579 -0.35149 0.935976
512 0.252 1.33 1.09 0.011239 -0.030247 -0.349446 0.936401
513 0.289 1.29 1.09 0.017952 -0.029301 -0.340355 0.939669
514 0.325 1.25 1.09 0.020849 -0.032672 -0.329417 0.943389
515 0.36 1.2 1.09 0.018274 -0.038545 -0.316108 0.947764
516 0.396 1.15 1.08 0.014103 -0.047822 -0.300594 0.952448
517 0.43 1.09 1.08 0.012523 -0.053054 -0.286533 0.956518
518 0.462 1.03 1.08 0.0097 -0.062465 -0.274179 0.959599
519 0.493 0.978 1.08 0.012692 -0.057967 -0.262473 0.963113
520 0.518 0.93 1.08 0.01404 -0.053871 -0.243337 0.968343
521 0.544 0.887 1.08 0.017639 -0.054336 -0.230059 0.971499
522 0.574 0.848 1.08 0.024001 -0.053021 -0.225005 0.972618
523 0.608 0.811 1.07 0.029661 -0.052104 -0.223478 0.972863
524 0.645 0.777 1.06 0.030177 -0.053005 -0.222567 0.973008
525 0.687 0.743 1.06 0.020404 -0.056718 -0.216468 0.974427
526 0.731 0.708 1.06 0.00712 -0.066869 -0.217017 0.973849
527 0.776 0.673 1.06 0.003116 -0.060811 -0.215989 0.974495
528 0.818 0.641 1.06 -0.00189 -0.069802 -0.211029 0.974982
529 0.855 0.612 1.06 -0.003757 -0.06398 -0.205923 0.976467
530 0.889 0.586 1.07 0.002971 -0.056821 -0.191751 0.979793
531 0.921 0.56 1.06 0.010633 -0.059554 -0.175083 0.982693
532 0.956 0.53 1.06 0.017568 -0.062169 -0.152899 0.986128
533 0.99 0.496 1.06 0.021913 -0.066018 -0.125578 0.989642
534 1.02 0.459 1.06 0.018923 -0.070094 -0.095376 0.99279
535 1.05 0.42 1.06 0.013602 -0.077195 -0.069941 0.994467
536 1.07 0.383 1.06 0.009895 -0.070373 -0.049369 0.996249
537 1.09 0.35 1.05 0.005348 -0.064097 -0.026403 0.99758
538 1.12 0.322 1.04 0.003625 -0.059054 -0.004701 0.998237
539 1.15 0.299 1.04 0.010473 -0.047966 0.008378 0.998759
540 1.18 0.28 1.03 0.018859 -0.044908 0.019626 0.99862
541 1.22 0.267 1.03 0.021145 -0.040275 0.030784 0.99849
542 1.26 0.256 1.02 0.014682 -0.039987 0.042748 0.998177
543 1.31 0.246 1.01 0.006162 -0.054247 0.052491 0.997128
544 1.36 0.235 1.01 0.004858 -0.066182 0.054977 0.99628
545 1.41 0.219 1.02 0.012254 -0.06739 0.055967 0.99608
546 1.45 0.197 1.02 0.017976 -0.079954 0.044167 0.995657
547 1.5 0.17 1.02 0.025187 -0.073846 0.033078 0.996403
548 1.54 0.137 1.02 0.02944 -0.066374 0.024819 0.997052
549 1.58 0.0975 1.01 0.033966 -0.062733 0.015525 0.997331
550 1.63 0.0536 1.01 0.036572 -0.062507 0.004516 0.997364
551 1.67 0.00705 1 0.034225 -0.061826 -0.002609 0.997497
552 1.71 -0.0393 0.997 0.027246 -0.055216 -0.000913 0.998102
553 1.75 -0.0848 0.996 0.023746 -0.044553 -0.002174 0.998722
554 1.78 -0.122 0.994 0.02112 -0.03447 0.003282 0.999177
555 1.81 -0.149 0.987 0.022705 -0.02899 0.004615 0.999311
556 1.84 -0.169 0.976 0.0265 -0.015007 -0.003475 0.99953
557 1.88 -0.183 0.962 0.028968 0.005651 -0.011099 0.999503
558 1.92 -0.192 0.949 0.030425 0.031098 -0.018072 0.99889
559 1.96 -0.197 0.937 0.02754 0.04819 -0.024796 0.998151
560 2.01 -0.201 0.93 0.023704 0.055097 -0.028803 0.997784
561 2.06 -0.201 0.927 0.023829 0.056204 -0.036674 0.997461
562 2.11 -0.198 0.926 0.028704 0.057809 -0.046762 0.996819
563 2.16 -0.197 0.928 0.029772 0.058178 -0.06015 0.996048
564 2.2 -0.199 0.926 0.027749 0.047095 -0.072176 0.995893
565 2.25 -0.206 0.923 0.030904 0.050049 -0.073883 0.995531
566 2.3 -0.215 0.919 0.033085 0.046833 -0.071502 0.995791
567 2.35 -0.229 0.911 0.034823 0.037589 -0.070033 0.996228
568 2.4 -0.244 0.902 0.034434 0.027311 -0.060169 0.99722
569 2.46 -0.257 0.894 0.029244 0.014673 -0.042439 0.998563
570 2.52 -0.266 0.887 0.022791 0.020243 -0.020275 0.99933
571 2.57 -0.273 0.877 0.018786 0.013747 0.00473 0.999718
572 2.62 -0.27 0.86 0.009238 0.003611 0.026494 0.9996
573 2.68 -0.261 0.838 0.005828 0.011106 0.042863 0.999002
574 2.75 -0.247 0.808 0.008609 0.01376 0.059432 0.9981
575 2.82 -0.228 0.777 0.009638 0.011523 0.070947 0.997367
576 2.88 -0.207 0.749 0.013787 0.005486 0.077987 0.996844
577 2.95 -0.189 0.721 0.020157 -0.001974 0.080283 0.996566
578 3.01 -0.175 0.69 0.027645 -0.001951 0.081785 0.996265
579 3.08 -0.166 0.65 0.033843 -0.011658 0.081731 0.996011
580 3.15 -0.156 0.609 0.033178 -0.007844 0.083561 0.995919
581 3.22 -0.147 0.57 0.026567 -0.000189 0.088052 0.995762
582 3.29 -0.138 0.537 0.022598 0.002867 0.101559 0.994569
583 3.35 -0.123 0.503 0.015644 -0.001452 0.11845 0.992836
584 3.41 -0.101 0.467 0.010567 0.003135 0.140818 0.989974
585 3.46 -0.0764 0.427 0.007488 0.01132 0.162505 0.986614
586 3.5 -0.0527 0.388 0.00459 0.018561 0.180003 0.98348
587 3.54 -0.0324 0.354 0.007764 0.011696 0.193391 0.981021
588 3.57 -0.015 0.326 0.014689 0.011118 0.206822 0.978205
589 3.61 -0.00071 0.299 0.015316 0.013603 0.218118 0.975707
590 3.66 0.0109 0.272 0.012621 0.011033 0.229784 0.973097
591 3.7 0.0163 0.24 0.018623 0.012024 0.230574 0.972802
592 3.74 0.0193 0.207 0.028804 0.006682 0.227354 0.973363
593 3.78 0.0202 0.178 0.03545 0.006215 0.228845 0.972797
594 3.81 0.0205 0.154 0.040571 0.01049 0.225759 0.973282
595 3.83 0.0223 0.134 0.038882 0.021406 0.215415 0.975513
596 3.86 0.024 0.121 0.027004 0.026308 0.209616 0.977057
597 3.89 0.0211 0.113 0.023409 0.026641 0.210514 0.976947
598 3.92 0.0119 0.113 0.035995 0.026926 0.205278 0.977671
599 3.95 -0.00051 0.126 0.048699 0.027716 0.193061 0.979585
600 3.99 -0.0116 0.148 0.05905 0.030196 0.178213 0.981754
601 4.02 -0.0118 0.175 0.069938 0.02768 0.16073 0.984128
602 4.05 -0.00191 0.2 0.076528 0.020614 0.149712 0.985548
603 4.08 0.017 0.203 0.068841 -0.00202 0.145829 0.98691
604 4.12 0.0344 0.183 0.067755 0.014578 0.135884 0.988298
605 4.15 0.0524 0.163 0.073095 0.002565 0.139552 0.98751
606 4.19 0.0719 0.157 0.067353 0.004103 0.137686 0.988175
607 4.23 0.0892 0.159 0.070343 0.006538 0.144123 0.987035
608 4.25 0.105 0.172 0.056894 0.011659 0.152943 0.986527
609 4.28 0.119 0.183 0.044634 0.000877 0.169933 0.984444
610 4.29 0.132 0.189 0.04888 -0.010548 0.179848 0.982423
611 4.31 0.143 0.188 0.057686 -0.008288 0.192744 0.979517
612 4.32 0.152 0.193 0.060255 -0.004887 0.216552 0.974398
613 4.34 0.158 0.206 0.051482 -0.016185 0.253793 0.965752
614 4.35 0.16 0.23 0.042628 -0.024 0.295591 0.954061
615 4.37 0.164 0.265 0.047409 -0.022228 0.336011 0.940401
616 4.38 0.174 0.306 0.059882 -0.021443 0.375429 0.924666
617 4.38 0.186 0.352 0.064912 -0.02479 0.411665 0.908682
618 4.38 0.202 0.397 0.061197 -0.034892 0.445185 0.892663
619 4.37 0.218 0.437 0.054203 -0.041978 0.484296 0.872214
620 4.37 0.234 0.473 0.047894 -0.051933 0.524221 0.848647
621 4.37 0.253 0.497 0.045561 -0.054739 0.560147 0.825326
622 4.37 0.273 0.509 0.040818 -0.045346 0.588288 0.806347
623 4.37 0.289 0.512 0.034333 -0.031498 0.613626 0.788221
624 4.37 0.303 0.509 0.0205 -0.026778 0.636095 0.770873
625 4.38 0.303 0.505 0.01003 -0.013446 0.656882 0.753807
626 4.38 0.29 0.502 0.008514 -0.005891 0.675779 0.737032
627 4.39 0.27 0.499 0.003929 0.001154 0.693217 0.720718
628 4.4 0.239 0.496 -0.001363 0.003361 0.71195 0.702221
629 4.42 0.204 0.492 -0.006938 0.006934 0.730863 0.682453
630 4.44 0.169 0.483 -0.015323 0.017727 0.746805 0.664631
631 4.46 0.136 0.476 -0.025558 0.026532 0.757488 0.651808
632 4.46 0.105 0.469 -0.029735 0.035964 0.76428 0.643194
633 4.47 0.0724 0.465 -0.036496 0.049252 0.766313 0.639537
634 4.47 0.0377 0.463 -0.034597 0.054696 0.762773 0.643419
635 4.47 0.00145 0.46 -0.033809 0.063147 0.754397 0.652499
636 4.46 -0.0384 0.455 -0.037711 0.067292 0.745429 0.662106
637 4.45 -0.0828 0.447 -0.044669 0.073231 0.73489 0.67274
638 4.43 -0.13 0.44 -0.041782 0.074282 0.724617 0.683862
639 4.43 -0.175 0.433 -0.042945 0.076353 0.715119 0.693492
640 4.42 -0.216 0.426 -0.055115 0.081597 0.707685 0.699633
641 4.42 -0.254 0.424 -0.064981 0.088516 0.706804 0.698835
642 4.42 -0.29 0.424 -0.063782 0.084254 0.708108 0.698152
643 4.42 -0.326 0.424 -0.065502 0.082727 0.710926 0.695306
644 4.43 -0.371 0.424 -0.0618 0.0795 0.716002 0.690798
645 4.44 -0.421 0.424 -0.050406 0.072773 0.719022 0.689326
646 4.45 -0.475 0.42 -0.043287 0.072659 0.724622 0.683937
647 4.46 -0.529 0.417 -0.040681 0.070262 0.727899 0.680861
648 4.47 -0.582 0.418 -0.04127 0.075743 0.729171 0.678873
649 4.48 -0.625 0.422 -0.037512 0.077388 0.730169 0.677833
650 4.49 -0.662 0.43 -0.035008 0.07168 0.730399 0.678346
651 4.49 -0.693 0.432 -0.024526 0.067833 0.725965 0.683939
652 4.48 -0.721 0.429 -0.023291 0.072084 0.719025 0.690843
653 4.47 -0.753 0.423 -0.025704 0.073757 0.713167 0.696629
654 4.46 -0.788 0.411 -0.032521 0.082413 0.707516 0.701121
655 4.45 -0.823 0.397 -0.040074 0.089717 0.702736 0.704633
656 4.43 -0.856 0.385 -0.04901 0.099505 0.700838 0.704644
657 4.42 -0.884 0.377 -0.052 0.106023 0.702951 0.701367
658 4.4 -0.904 0.375 -0.060437 0.109773 0.703964 0.699093
659 4.39 -0.912 0.378 -0.059675 0.103727 0.708122 0.695876
660 4.38 -0.908 0.387 -0.060829 0.093322 0.711996 0.693291
661 4.37 -0.891 0.396 -0.054573 0.080312 0.719166 0.68802
662 4.37 -0.861 0.405 -0.045528 0.070536 0.723902 0.684775
663 4.38 -0.82 0.416 -0.031729 0.061749 0.727355 0.68274
664 4.39 -0.768 0.428 -0.017203 0.052425 0.726075 0.685399
665 4.41 -0.708 0.444 -0.006573 0.044125 0.72408 0.688271
666 4.42 -0.644 0.457 -0.00124 0.037675 0.725355 0.687342
667 4.43 -0.584 0.472 0.001925 0.034076 0.728268 0.684442
668 4.44 -0.53 0.486 0.010067 0.026464 0.734442 0.678081
669 4.44 -0.475 0.494 0.016162 0.015818 0.735112 0.677569
670 4.44 -0.418 0.497 0.022216 0.01142 0.730678 0.682265
671 4.43 -0.356 0.495 0.027228 0.00724 0.72676 0.686314
672 4.42 -0.29 0.493 0.029348 0.000972 0.720337 0.693002
673 4.4 -0.22 0.494 0.031012 -0.010123 0.714411 0.698965
674 4.39 -0.152 0.501 0.023488 -0.001581 0.71087 0.702929
675 4.38 -0.0913 0.507 0.030056 -0.004109 0.701381 0.712141
676 4.37 -0.0357 0.511 0.030335 -0.001383 0.684824 0.728076
677 4.36 0.0164 0.519 0.030135 -0.001363 0.678855 0.733653
678 4.36 0.0674 0.522 0.037074 -0.012132 0.67191 0.739605
679 4.36 0.124 0.524 0.045747 -0.021672 0.667926 0.742504
680 4.37 0.189 0.527 0.05824 -0.030489 0.663236 0.745518
681 4.39 0.255 0.534 0.070758 -0.039344 0.660872 0.746119
682 4.4 0.318 0.545 0.076832 -0.038727 0.653962 0.751619
683 4.41 0.374 0.55 0.085751 -0.042455 0.649911 0.753963
684 4.42 0.428 0.548 0.082488 -0.038249 0.641254 0.761923
685 4.43 0.481 0.546 0.080385 -0.036049 0.628559 0.772756
686 4.44 0.536 0.543 0.079056 -0.035677 0.610188 0.787495
687 4.44 0.591 0.543 0.082407 -0.040712 0.583861 0.806634
688 4.44 0.647 0.543 0.089715 -0.051987 0.551989 0.827379
689 4.44 0.705 0.544 0.09459 -0.063369 0.519727 0.846712
690 4.43 0.756 0.548 0.091932 -0.068652 0.495132 0.861208
691 4.42 0.799 0.549 0.091348 -0.071564 0.465869 0.877212
692 4.41 0.844 0.55 0.083546 -0.069094 0.441897 0.89049
693 4.41 0.887 0.55 0.071274 -0.065681 0.425113 0.899936
694 4.42 0.928 0.548 0.065629 -0.064902 0.406285 0.909073
695 4.43 0.969 0.547 0.070471 -0.068611 0.384944 0.917684
696 4.44 1.01 0.545 0.083273 -0.074852 0.358179 0.926915
697 4.45 1.05 0.547 0.096646 -0.077164 0.328552 0.936354
698 4.46 1.08 0.552 0.101367 -0.077972 0.297891 0.945995
699 4.47 1.11 0.559 0.107068 -0.075488 0.26765 0.954569
700 4.48 1.12 0.566 0.101115 -0.072845 0.235442 0.963865
701 4.49 1.13 0.57 0.092368 -0.081505 0.204062 0.971177
702 4.5 1.15 0.57 0.084915 -0.085052 0.164577 0.979015
703 4.5 1.16 0.567 0.07545 -0.085943 0.116316 0.986606
704 4.49 1.18 0.566 0.067792 -0.088327 0.06113 0.9919
705 4.48 1.19 0.567 0.063552 -0.084307 -0.000564 0.994411
706 4.47 1.2 0.57 0.060873 -0.08563 -0.059379 0.992691
707 4.46 1.21 0.571 0.052952 -0.082432 -0.117713 0.988203
708 4.45 1.2 0.573 0.045772 -0.083699 -0.170239 0.980774
709 4.44 1.19 0.573 0.040261 -0.085809 -0.224579 0.969835
710 4.44 1.17 0.573 0.03545 -0.087428 -0.272514 0.957515
711 4.44 1.14 0.572 0.035247 -0.094656 -0.315057 0.943683
712 4.44 1.12 0.569 0.034037 -0.091189 -0.352215 0.930844
713 4.44 1.1 0.562 0.035144 -0.09409 -0.384951 0.917456
714 4.44 1.07 0.558 0.039058 -0.082911 -0.41682 0.904357
715 4.43 1.06 0.555 0.038682 -0.0764 -0.440452 0.893683
716 4.43 1.04 0.55 0.035988 -0.060497 -0.469432 0.880158
717 4.43 1.04 0.543 0.037527 -0.049183 -0.494557 0.866941
718 4.43 1.04 0.538 0.040826 -0.036365 -0.518377 0.853403
719 4.44 1.05 0.539 0.045443 -0.019916 -0.542588 0.838532
720 4.44 1.05 0.54 0.053039 -0.01022 -0.56661 0.822214
721 4.44 1.06 0.54 0.057396 -0.005269 -0.590469 0.804999
722 4.44 1.07 0.536 0.059673 0.00434 -0.611868 0.788694
723 4.44 1.07 0.529 0.063068 0.018392 -0.630741 0.773207
724 4.43 1.08 0.52 0.066046 0.034323 -0.646998 0.75885
725 4.43 1.08 0.513 0.068143 0.048387 -0.661142 0.745591
726 4.42 1.09 0.507 0.06919 0.061561 -0.674139 0.732775
727 4.42 1.09 0.502 0.073135 0.072446 -0.684973 0.721259
728 4.41 1.1 0.495 0.080867 0.083016 -0.693663 0.710915
729 4.41 1.1 0.487 0.088059 0.094922 -0.701027 0.701282
730 4.4 1.1 0.478 0.097635 0.107338 -0.707358 0.691802
731 4.39 1.09 0.47 0.105334 0.113258 -0.712316 0.684605
732 4.38 1.08 0.464 0.113794 0.122345 -0.714996 0.678869
733 4.37 1.06 0.458 0.118556 0.123563 -0.71456 0.678292
734 4.36 1.03 0.454 0.121817 0.122362 -0.71356 0.678985
735 4.34 0.998 0.454 0.128085 0.119925 -0.710691 0.681271
736 4.32 0.965 0.458 0.124429 0.109789 -0.711286 0.683034
737 4.3 0.932 0.467 0.113166 0.097349 -0.709374 0.688843
738 4.28 0.903 0.477 0.100938 0.089358 -0.706209 0.695051
739 4.26 0.878 0.486 0.087074 0.077465 -0.704439 0.70013
740 4.25 0.857 0.495 0.073451 0.064683 -0.702264 0.705156
741 4.25 0.834 0.503 0.052643 0.053203 -0.698136 0.712042
742 4.25 0.815 0.512 0.035235 0.039197 -0.695135 0.716945
743 4.25 0.796 0.52 0.01767 0.018514 -0.694308 0.719222
744 4.25 0.778 0.526 0.002449 0.002974 -0.694505 0.719477
745 4.26 0.756 0.528 -0.011468 -0.006902 -0.69606 0.717859
746 4.26 0.731 0.53 -0.021613 -0.01422 -0.696071 0.717507
747 4.27 0.703 0.533 -0.029874 -0.021452 -0.697537 0.715604
748 4.29 0.672 0.537 -0.036321 -0.022269 -0.695761 0.717009
749 4.31 0.642 0.539 -0.040842 -0.027432 -0.694126 0.71817
750 4.33 0.615 0.544 -0.042361 -0.032178 -0.694588 0.717439
751 4.34 0.592 0.548 -0.051074 -0.037633 -0.691045 0.720023
752 4.36 0.573 0.547 -0.055412 -0.039094 -0.685583 0.724829
753 4.37 0.554 0.541 -0.052826 -0.030389 -0.676527 0.733892
754 4.38 0.534 0.533 -0.045557 -0.020552 -0.666853 0.743512
755 4.38 0.512 0.524 -0.032865 -0.005297 -0.659164 0.751262
756 4.39 0.489 0.515 -0.018628 0.005634 -0.650548 0.759216
757 4.38 0.464 0.506 -0.006573 0.017231 -0.645487 0.763549
758 4.38 0.439 0.499 0.005684 0.02683 -0.642572 0.765735
759 4.36 0.414 0.495 0.018216 0.029701 -0.649602 0.759476
760 4.35 0.394 0.489 0.027339 0.034315 -0.662743 0.74756
761 4.32 0.378 0.481 0.032397 0.04009 -0.680793 0.73066
762 4.3 0.368 0.474 0.04053 0.045075 -0.705105 0.706507
763 4.27 0.361 0.47 0.045909 0.045552 -0.7306 0.679736
764 4.25 0.36 0.468 0.047858 0.043379 -0.756024 0.651349
765 4.23 0.364 0.465 0.047677 0.037971 -0.779095 0.623935
766 4.22 0.373 0.461 0.047796 0.039227 -0.794756 0.603771
767 4.22 0.385 0.459 0.049563 0.039302 -0.803682 0.591688
768 4.22 0.398 0.459 0.048663 0.037616 -0.805138 0.58989
769 4.23 0.408 0.459 0.046702 0.037773 -0.799691 0.597399
770 4.24 0.418 0.457 0.051402 0.043448 -0.788281 0.611623
771 4.25 0.427 0.456 0.053675 0.049439 -0.774454 0.628408
772 4.25 0.438 0.458 0.051566 0.054223 -0.761049 0.644364
773 4.26 0.446 0.462 0.049108 0.056029 -0.747644 0.659907
774 4.26 0.451 0.467 0.047224 0.056652 -0.728351 0.681223
775 4.26 0.456 0.474 0.045372 0.055072 -0.707934 0.702664
776 4.26 0.463 0.479 0.040909 0.048045 -0.686518 0.72437
777 4.26 0.471 0.482 0.039171 0.046475 -0.663552 0.745657
778 4.25 0.481 0.483 0.034792 0.048192 -0.642971 0.76358
779 4.25 0.491 0.482 0.03824 0.047618 -0.619841 0.782348
780 4.25 0.503 0.48 0.037942 0.043801 -0.595594 0.801193
781 4.25 0.514 0.476 0.041307 0.0469 -0.568394 0.82038
782 4.25 0.528 0.473 0.045813 0.049928 -0.541583 0.837912
783 4.26 0.542 0.469 0.048148 0.044818 -0.516119 0.853987
784 4.26 0.556 0.464 0.055003 0.04783 -0.495265 0.865679
785 4.27 0.57 0.462 0.056235 0.054934 -0.479254 0.874149
786 4.27 0.586 0.464 0.053389 0.051148 -0.47196 0.878514
787 4.27 0.603 0.472 0.047647 0.038328 -0.470513 0.880272
788 4.27 0.626 0.491 0.033313 0.015297 -0.471429 0.881142
789 4.27 0.654 0.515 0.012792 -0.0218 -0.472722 0.880849
790 4.27 0.684 0.537 -0.00087 -0.055261 -0.470389 0.880727
791 4.28 0.715 0.55 -0.007277 -0.074573 -0.460465 0.88451
792 4.29 0.748 0.56 -0.013973 -0.091307 -0.450198 0.888138
793 4.3 0.78 0.565 -0.015974 -0.103536 -0.43581 0.893921
794 4.31 0.812 0.567 -0.016573 -0.115087 -0.415417 0.902169
795 4.32 0.842 0.567 -0.016065 -0.121582 -0.393595 0.911067
796 4.34 0.867 0.566 -0.013422 -0.122982 -0.370233 0.920664
797 4.35 0.894 0.564 -0.009286 -0.12183 -0.34489 0.930657
798 4.36 0.919 0.562 -0.009695 -0.121825 -0.319378 0.939714
799 4.37 0.942 0.56 -0.009237 -0.121428 -0.291118 0.948905
800 4.38 0.963 0.559 -0.012764 -0.115674 -0.26554 0.95705
801 4.38 0.984 0.559 -0.017233 -0.109744 -0.243185 0.963598
802 4.39 1 0.558 -0.01946 -0.10678 -0.222986 0.96876
803 4.39 1.02 0.554 -0.022031 -0.10278 -0.20318 0.973483
804 4.4 1.04 0.547 -0.02168 -0.095355 -0.183725 0.978101
805 4.41 1.06 0.541 -0.015945 -0.082149 -0.163312 0.983019
806 4.41 1.08 0.533 -0.011466 -0.072 -0.142139 0.987158
807 4.42 1.09 0.525 -0.007202 -0.060019 -0.119238 0.991024
808 4.44 1.1 0.513 -0.003765 -0.047299 -0.094673 0.994377
809 4.46 1.1 0.497 0.000698 -0.028369 -0.071735 0.99702
810 4.48 1.1 0.479 0.007719 -0.005917 -0.049474 0.998728
811 4.51 1.1 0.46 0.010783 0.00936 -0.030416 0.999435
812 4.54 1.09 0.444 0.013624 0.021038 -0.0119 0.999615
813 4.57 1.07 0.427 0.01692 0.034508 0.005045 0.999248
814 4.6 1.06 0.408 0.015246 0.044193 0.019332 0.99872
815 4.63 1.05 0.388 0.015145 0.046955 0.035751 0.998142
816 4.67 1.05 0.363 0.015072 0.047661 0.0455 0.997713
817 4.7 1.06 0.335 0.013301 0.053674 0.049598 0.997237
818 4.74 1.07 0.301 0.018574 0.051202 0.043985 0.997546
819 4.78 1.08 0.262 0.023799 0.04406 0.038275 0.998012
820 4.82 1.1 0.225 0.022107 0.038685 0.042093 0.99812
821 4.87 1.12 0.194 0.019377 0.042132 0.049398 0.997702
822 4.92 1.13 0.176 0.020778 0.043923 0.059152 0.997066
823 4.96 1.14 0.168 0.023196 0.027724 0.062702 0.997377
824 5 1.14 0.157 0.022845 0.009194 0.064303 0.997627
825 5.05 1.15 0.142 0.018852 0.026343 0.072499 0.996842
826 5.09 1.15 0.126 0.007275 0.061615 0.07446 0.995292
827 5.13 1.16 0.107 0.006515 0.066108 0.071487 0.995227
828 5.17 1.16 0.0855 0.015462 0.056861 0.065885 0.996086
829 5.22 1.17 0.0703 0.020214 0.063793 0.051082 0.99645
830 5.27 1.16 0.067 0.028844 0.06268 0.035291 0.996992
831 5.33 1.15 0.0722 0.036668 0.061724 0.014655 0.997312
832 5.39 1.14 0.0841 0.045254 0.063068 -0.003679 0.996976
833 5.45 1.12 0.103 0.055524 0.060453 -0.020069 0.996423
834 5.51 1.11 0.128 0.064215 0.062457 -0.031434 0.995484
835 5.57 1.1 0.159 0.069135 0.065313 -0.040464 0.994644
836 5.63 1.09 0.194 0.078944 0.064032 -0.047934 0.993665
837 5.68 1.09 0.239 0.09631 0.052271 -0.058391 0.992261
838 5.73 1.08 0.287 0.111766 0.037921 -0.077177 0.990007
839 5.79 1.07 0.337 0.128817 0.042736 -0.089709 0.986677
840 5.85 1.06 0.381 0.125654 0.03778 -0.106478 0.98562
841 5.91 1.05 0.426 0.118499 0.033659 -0.120116 0.985087
842 5.97 1.03 0.468 0.102467 0.014108 -0.144626 0.984065
843 6.03 1.01 0.517 0.094319 0.026485 -0.164618 0.98148
844 6.07 0.99 0.568 0.092363 0.052629 -0.174707 0.978865
845 6.1 0.964 0.621 0.085036 0.059892 -0.195343 0.975204
846 6.13 0.935 0.668 0.075833 0.059053 -0.220916 0.970545
847 6.15 0.907 0.704 0.072613 0.063283 -0.242218 0.965429
848 6.18 0.879 0.727 0.071446 0.071216 -0.254462 0.961807
849 6.2 0.855 0.742 0.068712 0.075143 -0.259719 0.960301
850 6.23 0.831 0.749 0.066093 0.079092 -0.258375 0.96053
851 6.26 0.808 0.753 0.064145 0.088075 -0.247971 0.962621
852 6.29 0.789 0.757 0.062646 0.101506 -0.237621 0.964006
853 6.32 0.775 0.765 0.064576 0.103087 -0.223307 0.967128
854 6.35 0.765 0.771 0.064831 0.101332 -0.204142 0.971522
855 6.38 0.758 0.776 0.062297 0.102208 -0.186567 0.975123
856 6.41 0.754 0.777 0.058636 0.096582 -0.168585 0.97919
857 6.46 0.749 0.778 0.053835 0.09028 -0.154865 0.982328
858 6.51 0.741 0.779 0.046664 0.079198 -0.146943 0.984864
859 6.56 0.731 0.781 0.042567 0.06493 -0.141228 0.986928
860 6.61 0.716 0.787 0.042992 0.053134 -0.144066 0.987205
861 6.65 0.698 0.795 0.042955 0.051684 -0.14463 0.987201
862 6.69 0.673 0.801 0.045879 0.033405 -0.146443 0.98759
863 6.72 0.642 0.806 0.048244 0.031495 -0.147674 0.987357
864 6.76 0.602 0.809 0.047337 0.027566 -0.145176 0.987888
865 6.79 0.555 0.808 0.045971 0.017416 -0.140923 0.988799
866 6.81 0.504 0.809 0.045785 0.006681 -0.131046 0.990296
867 6.84 0.452 0.812 0.043298 -0.001326 -0.114329 0.992498
868 6.87 0.405 0.816 0.048652 0.004163 -0.102318 0.993553
869 6.89 0.364 0.819 0.048571 0.008226 -0.082458 0.995376
870 6.92 0.332 0.82 0.047509 0.004005 -0.060855 0.997007
871 6.94 0.309 0.82 0.047855 0.000142 -0.044582 0.997859
872 6.98 0.289 0.817 0.046979 -0.008176 -0.021003 0.998642
873 7.01 0.269 0.811 0.046409 -0.011105 -0.003072 0.998856
874 7.05 0.247 0.806 0.043159 -0.018714 0.009483 0.998848
875 7.09 0.222 0.804 0.041516 -0.027115 0.01114 0.998708
876 7.13 0.192 0.804 0.042107 -0.017195 0.005329 0.998951
877 7.16 0.16 0.807 0.046741 -0.016292 -0.010229 0.998722
878 7.18 0.125 0.812 0.05224 -0.017473 -0.028573 0.998073
879 7.19 0.0904 0.817 0.055395 -0.023354 -0.047642 0.997054
880 7.2 0.0546 0.819 0.058682 -0.02857 -0.065522 0.995714
881 7.21 0.0181 0.82 0.059207 -0.027496 -0.08177 0.994511
882 7.21 -0.0196 0.819 0.059697 -0.028481 -0.094255 0.993348
883 7.21 -0.0594 0.815 0.057498 -0.026917 -0.105048 0.992439
884 7.21 -0.101 0.807 0.059884 -0.021984 -0.117287 0.991047
885 7.2 -0.142 0.796 0.060525 -0.00786 -0.122057 0.990645
886 7.2 -0.178 0.783 0.060602 0.010419 -0.116281 0.991311
887 7.19 -0.211 0.77 0.057854 0.029593 -0.103899 0.992463
888 7.17 -0.239 0.761 0.056657 0.046114 -0.083777 0.993803
889 7.16 -0.262 0.754 0.055564 0.052536 -0.059009 0.995324
890 7.14 -0.274 0.75 0.058344 0.060668 -0.03681 0.995771
891 7.12 -0.282 0.748 0.058609 0.062083 -0.016763 0.996208
892 7.11 -0.283 0.745 0.055564 0.061006 0.005252 0.996576
893 7.09 -0.28 0.745 0.048604 0.063424 0.032958 0.996257
894 7.06 -0.274 0.746 0.039177 0.070716 0.06338 0.99471
895 7.04 -0.267 0.751 0.027039 0.063476 0.099065 0.992686
896 7.01 -0.259 0.755 0.017529 0.06143 0.136904 0.988522
897 7 -0.251 0.759 0.018539 0.061015 0.179346 0.981717
898 6.99 -0.246 0.765 0.019488 0.056963 0.217465 0.97421
899 6.98 -0.245 0.767 0.021211 0.05516 0.253931 0.965415
900 6.98 -0.25 0.769 0.024372 0.053283 0.288744 0.955612
901 6.99 -0.257 0.768 0.027739 0.052845 0.319924 0.945562
902 7 -0.267 0.767 0.027964 0.048857 0.352246 0.934213
903 7.01 -0.279 0.766 0.02423 0.050675 0.385178 0.921131
904 7.02 -0.29 0.766 0.016932 0.052725 0.415398 0.907953
905 7.03 -0.297 0.768 0.013929 0.052888 0.448374 0.892171
906 7.02 -0.297 0.769 0.012522 0.050348 0.477523 0.877086
907 7.02 -0.297 0.768 0.009317 0.052433 0.502189 0.863117
908 7.01 -0.297 0.768 0.007458 0.054243 0.523331 0.850369
909 6.99 -0.296 0.767 0.005634 0.056925 0.545237 0.836328
910 6.97 -0.292 0.766 0.004294 0.059341 0.565751 0.822427
911 6.95 -0.282 0.765 0.001994 0.062355 0.586227 0.807741
912 6.93 -0.272 0.765 -0.001674 0.062263 0.605399 0.793481
913 6.9 -0.26 0.767 -0.005757 0.057512 0.624393 0.778969
914 6.88 -0.244 0.77 -0.007613 0.048377 0.642416 0.76479
915 6.85 -0.226 0.773 -0.011469 0.040679 0.657739 0.752059
916 6.83 -0.206 0.777 -0.011881 0.033599 0.677236 0.734902
917 6.79 -0.185 0.78 -0.015571 0.02971 0.696673 0.716604
918 6.77 -0.165 0.782 -0.019228 0.024285 0.715519 0.697906
919 6.75 -0.15 0.782 -0.020681 0.021728 0.734119 0.678358
920 6.73 -0.133 0.781 -0.026629 0.024215 0.751314 0.658963
921 6.72 -0.117 0.781 -0.026973 0.02677 0.767691 0.639692
922 6.71 -0.0954 0.782 -0.027817 0.030155 0.783056 0.620596
923 6.7 -0.0733 0.781 -0.028243 0.029964 0.798674 0.600354
924 6.69 -0.0488 0.778 -0.028893 0.029148 0.815492 0.577312
925 6.69 -0.0236 0.775 -0.031737 0.02809 0.832311 0.552686
926 6.69 0.00161 0.776 -0.035477 0.026536 0.850285 0.524455
927 6.69 0.0242 0.778 -0.034108 0.022224 0.867387 0.495967
928 6.69 0.0401 0.777 -0.034893 0.017136 0.883221 0.467343
929 6.69 0.0512 0.777 -0.035674 0.014998 0.898709 0.436835
930 6.69 0.0589 0.775 -0.041271 0.013567 0.914371 0.402541
931 6.69 0.0617 0.773 -0.051983 0.013258 0.927751 0.369324
932 6.68 0.0597 0.772 -0.057018 0.011591 0.940584 0.334539
933 6.68 0.0525 0.772 -0.056214 0.007443 0.950844 0.304435
934 6.69 0.0423 0.772 -0.053399 0.006349 0.958416 0.280261
935 6.69 0.029 0.769 -0.053841 0.000925 0.964921 0.256957
936 6.7 0.0131 0.762 -0.059365 -0.003246 0.970232 0.234767
937 6.71 -0.00399 0.751 -0.071579 -0.005638 0.973748 0.216007
938 6.73 -0.0218 0.741 -0.084382 -0.008822 0.975846 0.201314
939 6.76 -0.0407 0.736 -0.094877 -0.011526 0.977943 0.185723
940 6.78 -0.0602 0.734 -0.095867 -0.014513 0.981318 0.166173
941 6.8 -0.0821 0.735 -0.095581 -0.017636 0.985068 0.142107
942 6.82 -0.104 0.738 -0.094052 -0.022588 0.98846 0.116577
943 6.83 -0.123 0.743 -0.088957 -0.025241 0.991859 0.087554
944 6.84 -0.14 0.75 -0.078343 -0.029535 0.994864 0.056881
945 6.86 -0.149 0.758 -0.068453 -0.035805 0.996732 0.023594
946 6.87 -0.151 0.765 -0.061002 -0.039144 0.99729 -0.012616
947 6.88 -0.143 0.773 -0.050167 -0.037245 0.997062 -0.044322
948 6.89 -0.124 0.779 -0.040673 -0.036413 0.99568 -0.075114
949 6.91 -0.0967 0.783 -0.026629 -0.035134 0.993181 -0.107925
950 6.92 -0.067 0.782 -0.0188 -0.035422 0.989154 -0.141301
951 6.94 -0.0413 0.779 -0.016271 -0.03988 0.983522 -0.175582
952 6.95 -0.0199 0.777 -0.01788 -0.041095 0.976762 -0.209589
953 6.97 -0.00601 0.773 -0.026243 -0.044083 0.969334 -0.240333
954 6.99 0.00655 0.769 -0.036358 -0.049316 0.962027 -0.26599
955 7 0.0171 0.766 -0.036628 -0.049208 0.95722 -0.282785
956 7.02 0.0224 0.761 -0.037889 -0.04836 0.952502 -0.298271
957 7.03 0.0239 0.754 -0.048735 -0.050125 0.946144 -0.316107
958 7.05 0.0279 0.746 -0.058747 -0.053834 0.939487 -0.333188
959 7.06 0.0331 0.74 -0.066479 -0.057195 0.933676 -0.347216
960 7.08 0.0428 0.737 -0.074197 -0.059289 0.927808 -0.360765
961 7.11 0.0561 0.735 -0.075934 -0.060438 0.920922 -0.377471
962 7.13 0.0715 0.732 -0.076355 -0.063057 0.914645 -0.391942
963 7.16 0.0883 0.726 -0.086034 -0.06584 0.903846 -0.413914
964 7.19 0.103 0.723 -0.094701 -0.071812 0.890607 -0.438969
965 7.22 0.112 0.725 -0.091829 -0.076246 0.87721 -0.465034
966 7.25 0.124 0.731 -0.082529 -0.076746 0.862281 -0.493731
967 7.27 0.136 0.738 0.080079 0.078431 -0.847544 0.518754
968 7.29 0.144 0.747 0.076635 0.076935 -0.830412 0.546464
969 7.29 0.152 0.756 0.065716 0.074004 -0.810738 0.576982
970 7.3 0.158 0.76 0.057326 0.072396 -0.78799 0.608723
971 7.3 0.166 0.763 0.050587 0.071649 -0.76126 0.642488
972 7.3 0.178 0.764 0.051414 0.078933 -0.733317 0.673329
973 7.3 0.196 0.765 0.051196 0.082378 -0.706834 0.700698
974 7.29 0.215 0.764 0.053583 0.082198 -0.682359 0.724402
975 7.29 0.234 0.76 0.057417 0.085427 -0.660754 0.743512
976 7.29 0.253 0.758 0.063543 0.092263 -0.636341 0.76323
977 7.3 0.271 0.759 0.067882 0.094853 -0.614164 0.780511
978 7.31 0.286 0.762 0.068005 0.091041 -0.597853 0.79351
979 7.32 0.3 0.767 0.066252 0.084164 -0.582389 0.805822
980 7.34 0.314 0.772 0.061005 0.08032 -0.567994 0.816829
981 7.35 0.328 0.779 0.056779 0.074411 -0.557017 0.82521
982 7.36 0.346 0.789 0.050918 0.065134 -0.548643 0.831959
983 7.38 0.368 0.8 0.04255 0.05309 -0.542135 0.837533
984 7.39 0.392 0.813 0.037211 0.043571 -0.538175 0.840883
985 7.4 0.417 0.826 0.026563 0.028736 -0.536317 0.843109
986 7.41 0.441 0.838 0.016435 0.014821 -0.536902 0.843355
987 7.4 0.462 0.846 0.009353 0.003473 -0.543169 0.839564
988 7.4 0.48 0.853 0.006225 -0.004622 -0.554663 0.832039
989 7.38 0.495 0.859 0.00254 -0.012306 -0.569051 0.822206
990 7.36 0.507 0.861 -0.001952 -0.015762 -0.585725 0.810354
991 7.34 0.515 0.861 -0.004424 -0.015286 -0.603496 0.797207
992 7.31 0.525 0.86 -0.005906 -0.018687 -0.621579 0.783106
993 7.29 0.535 0.861 -0.004395 -0.019455 -0.641691 0.766704
994 7.26 0.546 0.865 -0.003853 -0.024252 -0.659473 0.751327
995 7.23 0.558 0.868 -0.005874 -0.029045 -0.675002 0.73722
996 7.2 0.569 0.871 -0.005617 -0.030228 -0.690008 0.723149
997 7.16 0.582 0.875 -0.004386 -0.02906 -0.703476 0.710111
998 7.12 0.598 0.878 -0.005908 -0.028511 -0.716115 0.697374
999 7.08 0.614 0.88 -0.005113 -0.025569 -0.728795 0.684235
1000 7.04 0.629 0.88 -0.00199 -0.022293 -0.741957 0.670074
1001 7 0.647 0.88 0.000563 -0.01811 -0.755239 0.655199
1002 6.96 0.666 0.88 0.001445 -0.012835 -0.769351 0.638695
1003 6.93 0.685 0.877 0.000312 -0.00613 -0.782958 0.622044
1004 6.9 0.707 0.872 0.002141 0.002767 -0.796586 0.604515
1005 6.87 0.732 0.866 0.009185 0.013564 -0.809308 0.587156
1006 6.84 0.759 0.862 0.020463 0.02052 -0.821053 0.570116
1007 6.82 0.786 0.861 0.02676 0.023473 -0.831265 0.554735
1008 6.81 0.812 0.86 0.031358 0.029167 -0.840346 0.540356
1009 6.8 0.838 0.859 0.033344 0.031557 -0.851084 0.523018
1010 6.8 0.864 0.858 0.036982 0.029442 -0.860777 0.506782
1011 6.8 0.894 0.858 -0.036205 -0.025636 0.870113 -0.490851
1012 6.81 0.923 0.858 -0.031627 -0.020614 0.87532 -0.482068
1013 6.83 0.949 0.861 -0.0314 -0.020325 0.873098 -0.486109
1014 6.85 0.971 0.867 0.024409 0.027168 -0.865921 0.498846
1015 6.88 0.986 0.873 0.013571 0.028458 -0.854347 0.518745
1016 6.91 0.992 0.878 0.010847 0.026338 -0.839575 0.542496
1017 6.93 0.989 0.882 0.007305 0.023347 -0.823279 0.567109
1018 6.96 0.98 0.886 0.004781 0.022456 -0.803902 0.594318
1019 6.98 0.965 0.888 0.000204 0.02065 -0.780719 0.624541
1020 7 0.945 0.889 -0.004532 0.018167 -0.755706 0.654644
1021 7.02 0.921 0.887 -0.002535 0.01609 -0.729467 0.683822
1022 7.03 0.897 0.886 0.003478 0.013009 -0.704113 0.709961
1023 7.04 0.872 0.883 0.003276 0.005533 -0.679163 0.733959
1024 7.04 0.843 0.878 0.003686 0.003071 -0.65263 0.757661
1025 7.04 0.811 0.872 0.006198 0.005768 -0.623107 0.782091
1026 7.04 0.782 0.867 0.009841 0.007069 -0.592046 0.805813
1027 7.03 0.754 0.864 0.01098 0.007468 -0.562129 0.826943
1028 7.02 0.729 0.862 0.015182 0.012467 -0.534084 0.845203
1029 7.01 0.707 0.857 0.019288 0.020147 -0.507461 0.861223
1030 7.01 0.685 0.849 0.021867 0.031743 -0.483848 0.874303
1031 7 0.662 0.84 0.027087 0.040584 -0.461754 0.885665
1032 7 0.635 0.832 0.039769 0.052445 -0.447896 0.89166
1033 7.01 0.605 0.822 0.046544 0.057508 -0.436072 0.896865
1034 7.01 0.572 0.808 0.050337 0.06801 -0.424553 0.901441
1035 7.02 0.536 0.793 0.049874 0.079894 -0.412481 0.906084
1036 7.02 0.5 0.781 0.044706 0.082826 -0.400635 0.91139
1037 7.03 0.461 0.773 0.038084 0.086555 -0.387967 0.916809
1038 7.04 0.424 0.768 0.044066 0.096741 -0.372044 0.922108
1039 7.04 0.393 0.766 0.043312 0.10129 -0.356467 0.927791
1040 7.04 0.367 0.765 0.044347 0.104827 -0.338196 0.934167
1041 7.04 0.343 0.767 0.04605 0.104791 -0.318119 0.941116
1042 7.03 0.319 0.767 0.045361 0.103836 -0.294432 0.948931
1043 7.02 0.292 0.77 0.044417 0.099097 -0.268994 0.957
1044 7 0.266 0.774 0.039079 0.088312 -0.239729 0.966025
1045 6.97 0.243 0.779 0.033246 0.081033 -0.203179 0.975216
1046 6.94 0.226 0.784 0.028853 0.07145 -0.163932 0.983458
1047 6.91 0.214 0.788 0.030054 0.067646 -0.123247 0.989612
1048 6.88 0.208 0.795 0.032498 0.058369 -0.081878 0.994401
1049 6.85 0.206 0.8 0.03373 0.04717 -0.048554 0.997136
1050 6.83 0.207 0.803 0.039545 0.038045 -0.022173 0.998247
1051 6.81 0.213 0.802 0.044264 0.035035 -0.000478 0.998405
1052 6.79 0.221 0.801 0.043596 0.032896 0.018624 0.998334
1053 6.77 0.231 0.798 0.037574 0.03559 0.035274 0.998037
1054 6.75 0.238 0.792 0.035108 0.041584 0.045775 0.997468
1055 6.72 0.241 0.784 0.036337 0.052323 0.051101 0.99666
1056 6.69 0.242 0.775 0.034487 0.066083 0.052537 0.995833
1057 6.66 0.241 0.765 0.029125 0.087898 0.050846 0.994405
1058 6.63 0.235 0.756 0.024643 0.106316 0.049238 0.992807
1059 6.6 0.226 0.748 0.021876 0.120247 0.044734 0.991494
1060 6.58 0.215 0.74 0.022177 0.133669 0.036931 0.990089
1061 6.55 0.2 0.731 0.021322 0.147198 0.029708 0.988431
1062 6.53 0.181 0.725 0.025409 0.158926 0.01788 0.986801
1063 6.52 0.159 0.722 0.027335 0.160223 0.005311 0.986688
1064 6.51 0.131 0.72 0.028699 0.167044 -0.010049 0.98548
1065 6.51 0.0977 0.717 0.029661 0.171042 -0.025278 0.984493
1066 6.51 0.0611 0.713 0.035484 0.172369 -0.040473 0.983561
1067 6.52 0.019 0.708 0.04097 0.173895 -0.053102 0.982478
1068 6.53 -0.0274 0.705 0.039691 0.175199 -0.059615 0.981925
1069 6.54 -0.0775 0.704 0.035879 0.175715 -0.06334 0.981746
1070 6.55 -0.129 0.706 0.033819 0.160747 -0.064633 0.984296
1071 6.56 -0.174 0.71 0.031815 0.140446 -0.062161 0.987623
1072 6.57 -0.21 0.718 0.029678 0.125432 -0.060818 0.989791
1073 6.58 -0.238 0.729 0.027383 0.101831 -0.060577 0.992578
1074 6.6 -0.258 0.737 0.029596 0.080383 -0.061764 0.994408
1075 6.62 -0.271 0.742 0.034341 0.058091 -0.060786 0.995867
1076 6.64 -0.278 0.741 0.039899 0.038376 -0.057396 0.996815
1077 6.68 -0.28 0.735 0.039947 0.026405 -0.054768 0.99735
1078 6.72 -0.278 0.727 0.034882 0.019017 -0.053842 0.997759
1079 6.77 -0.271 0.719 0.026053 0.010056 -0.047078 0.998501
1080 6.83 -0.26 0.712 0.015955 0.001931 -0.034324 0.999282
1081 6.89 -0.248 0.707 0.004049 -0.009667 -0.022249 0.999698
1082 6.95 -0.236 0.7 -0.005193 -0.00877 -0.010194 0.999896
1083 7.01 -0.226 0.69 -0.00574 -0.008081 -0.00153 0.99995
1084 7.08 -0.22 0.677 -0.002928 -0.006749 0.008532 0.999937
1085 7.15 -0.214 0.663 0.000532 0.001457 0.02112 0.999776
1086 7.22 -0.208 0.644 0.003597 0.011423 0.033936 0.999352
1087 7.3 -0.202 0.619 0.005032 0.019194 0.04383 0.998842
1088 7.39 -0.193 0.59 0.00691 0.022209 0.053568 0.998293
1089 7.47 -0.182 0.559 0.010313 0.030972 0.06706 0.997215
1090 7.54 -0.169 0.522 0.007112 0.018725 0.078601 0.996705
1091 7.61 -0.156 0.479 0.012123 0.012978 0.083673 0.996335
1092 7.68 -0.137 0.43 0.021868 0.015573 0.085956 0.995937
1093 7.74 -0.111 0.378 0.023695 0.007806 0.091596 0.995484
1094 7.81 -0.0843 0.324 0.023074 0.006179 0.102573 0.994439
1095 7.87 -0.0599 0.272 0.028259 0.015848 0.115204 0.992813
1096 7.93 -0.0381 0.221 0.029467 0.01782 0.127581 0.99123
1097 7.99 -0.0194 0.167 0.026903 0.013338 0.141721 0.989451
1098 8.04 -0.00632 0.109 0.023008 0.021999 0.158438 0.986856
1099 8.1 0.0013 0.0526 0.018599 0.038989 0.171498 0.984237
1100 8.15 0.00441 0.00358 0.009663 0.052797 0.17527 0.983056
1101 8.2 0.00308 -0.0362 0.008401 0.054857 0.171879 0.983554
1102 8.25 -0.00108 -0.065 0.014271 0.052333 0.163101 0.985117
1103 8.29 -0.00423 -0.0859 0.026327 0.048766 0.14369 0.98807
1104 8.32 -0.00811 -0.0984 0.02328 0.049822 0.127406 0.990325
1105 8.36 -0.0168 -0.099 0.028006 0.062235 0.121975 0.990184
1106 8.39 -0.0269 -0.089 0.039904 0.068776 0.114241 0.990266
1107 8.43 -0.0343 -0.0726 0.05014 0.065931 0.102438 0.991285
1108 8.46 -0.034 -0.0626 0.057999 0.070538 0.093934 0.991381
1109 8.49 -0.0262 -0.0563 0.063312 0.068266 0.087001 0.991848
1110 8.54 -0.0136 -0.0502 0.060634 0.052081 0.087128 0.992985
1111 8.58 0.00112 -0.0408 0.04776 0.042402 0.085966 0.994249
1112 8.63 0.0165 -0.0333 0.038384 0.019881 0.092047 0.994816
1113 8.67 0.0395 -0.0344 0.042054 -0.009888 0.092436 0.994781
1114 8.71 0.0562 -0.0527 0.044257 -0.000152 0.082855 0.995578
1115 8.74 0.07 -0.0734 0.044642 0.009334 0.069267 0.996555
1116 8.75 0.0908 -0.0869 0.028636 0.016631 0.064972 0.997337
1117 8.77 0.111 -0.0904 0.008286 0.033407 0.068795 0.997037
1118 8.79 0.127 -0.0855 -0.010645 0.05052 0.074367 0.995894
1119 8.8 0.143 -0.0665 -0.035939 0.059426 0.098091 0.992751
1120 8.82 0.162 -0.051 -0.036582 0.038749 0.124283 0.990815
1121 8.83 0.186 -0.0447 -0.039489 0.033809 0.144156 0.988189
1122 8.84 0.21 -0.0445 -0.039531 0.022791 0.173586 0.983761
1123 8.86 0.232 -0.0503 -0.033678 0.01754 0.204249 0.978182
1124 8.87 0.247 -0.0571 -0.025047 0.021498 0.227798 0.973149
1125 8.88 0.253 -0.0603 -0.009851 0.030624 0.249153 0.96793
1126 8.89 0.256 -0.0534 0.014269 0.024344 0.267603 0.963116
1127 8.9 0.256 -0.0347 0.029205 0.008481 0.294095 0.955292
1128 8.92 0.252 -0.0105 0.029075 -0.003701 0.319063 0.94728
1129 8.95 0.245 0.0161 0.028196 -0.014025 0.347464 0.937164
1130 8.98 0.239 0.0446 0.028779 -0.022935 0.37095 0.927923
1131 9 0.239 0.0741 0.035701 -0.033664 0.391443 0.918893
1132 9.02 0.252 0.106 0.041884 -0.040446 0.416491 0.907273
1133 9.03 0.273 0.134 0.033086 -0.042777 0.442932 0.894923
1134 9.02 0.296 0.162 0.026082 -0.034664 0.474974 0.87893
1135 9.02 0.32 0.195 0.022692 -0.03997 0.503093 0.863009
1136 9 0.34 0.225 0.023168 -0.040058 0.528617 0.847598
1137 8.99 0.357 0.249 0.026393 -0.038002 0.550611 0.833479
1138 8.98 0.368 0.27 0.030825 -0.033659 0.572735 0.818469
1139 8.98 0.37 0.286 0.033307 -0.036755 0.591935 0.804458
1140 8.98 0.367 0.297 0.034841 -0.038803 0.610931 0.789964
1141 8.98 0.36 0.299 0.036785 -0.036732 0.632927 0.772464
1142 8.99 0.344 0.297 0.032925 -0.028406 0.652847 0.75624
1143 9 0.319 0.296 0.032536 -0.028956 0.677194 0.734514
1144 9.01 0.29 0.294 0.030742 -0.024471 0.69975 0.713306
1145 9.03 0.26 0.291 0.025355 -0.016958 0.717791 0.69559
1146 9.03 0.234 0.284 0.013109 -0.003926 0.734905 0.678032
1147 9.04 0.215 0.274 -0.003314 0.011482 0.747799 0.663818
1148 9.05 0.197 0.263 -0.019448 0.0298 0.751865 0.658356
1149 9.05 0.182 0.251 -0.030129 0.043846 0.751541 0.657538
1150 9.05 0.165 0.238 -0.045466 0.058501 0.749307 0.658065
1151 9.05 0.143 0.224 -0.062264 0.072173 0.743757 0.661619
1152 9.05 0.117 0.211 -0.071624 0.085893 0.738238 0.665204
1153 9.04 0.0866 0.201 -0.081506 0.097412 0.731269 0.670159
1154 9.04 0.0526 0.193 -0.0865 0.106786 0.722539 0.677533
1155 9.04 0.0162 0.19 -0.083163 0.112353 0.716799 0.683125
1156 9.03 -0.0206 0.191 -0.077803 0.110573 0.716215 0.684658
1157 9.02 -0.0548 0.196 -0.071121 0.102089 0.723927 0.678564
1158 9 -0.0866 0.202 -0.064553 0.08869 0.737161 0.666754
1159 8.98 -0.116 0.212 -0.061723 0.075021 0.751057 0.653051
1160 8.96 -0.141 0.225 -0.055828 0.056704 0.767665 0.635892
1161 8.94 -0.162 0.24 -0.044151 0.03422 0.784772 0.617262
1162 8.93 -0.179 0.253 -0.032929 0.011138 0.801258 0.597308
1163 8.92 -0.192 0.266 -0.021648 -0.006968 0.814938 0.579101
1164 8.91 -0.207 0.278 -0.009015 -0.022386 0.82449 0.565361
1165 8.92 -0.222 0.288 0.010356 -0.037936 0.829554 0.557041
1166 8.93 -0.233 0.295 0.026705 -0.047021 0.82838 0.55755
1167 8.94 -0.24 0.3 0.039289 -0.051445 0.819173 0.569882
1168 8.96 -0.247 0.302 0.050154 -0.048677 0.805763 0.5881
1169 8.98 -0.255 0.301 0.054375 -0.039105 0.787873 0.612185
1170 9.01 -0.268 0.298 0.056844 -0.033436 0.767425 0.637738
1171 9.03 -0.286 0.292 0.048809 -0.019327 0.746921 0.662837
1172 9.05 -0.307 0.287 0.052216 -0.0112 0.723758 0.687984
1173 9.07 -0.326 0.281 0.047698 -0.001729 0.70306 0.709527
1174 9.09 -0.342 0.274 0.038014 0.005333 0.680334 0.731896
1175 9.12 -0.355 0.267 0.027656 0.016833 0.657435 0.752815
1176 9.14 -0.364 0.259 0.017575 0.031117 0.6368 0.7702
1177 9.16 -0.37 0.251 0.006099 0.045339 0.619802 0.783423
1178 9.18 -0.375 0.241 -0.005718 0.057715 0.607735 0.792019
1179 9.19 -0.381 0.232 -0.013899 0.067309 0.599899 0.797118
1180 9.19 -0.385 0.22 -0.024103 0.077486 0.594814 0.799757
1181 9.2 -0.387 0.209 -0.03231 0.090035 0.592147 0.800132
1182 9.21 -0.382 0.199 -0.039782 0.102509 0.588451 0.801021
1183 9.21 -0.372 0.191 -0.046996 0.11323 0.585926 0.801037
1184 9.2 -0.354 0.188 -0.053407 0.118713 0.588486 0.797959
1185 9.19 -0.327 0.185 -0.059837 0.119601 0.596837 0.791139
1186 9.17 -0.291 0.184 -0.067461 0.118434 0.608554 0.781719
1187 9.16 -0.249 0.185 -0.075606 0.115269 0.622074 0.770727
1188 9.14 -0.203 0.192 -0.076687 0.106841 0.636356 0.760102
1189 9.12 -0.153 0.204 -0.080231 0.100917 0.644949 0.753272
1190 9.1 -0.107 0.218 -0.070839 0.08774 0.657637 0.744847
1191 9.08 -0.0625 0.232 -0.061532 0.07519 0.662327 0.742888
1192 9.06 -0.027 0.242 -0.046852 0.060826 0.65978 0.747527
1193 9.06 0.00698 0.25 -0.034724 0.052241 0.651029 0.756456
1194 9.07 0.0383 0.257 -0.021545 0.041018 0.643852 0.763746
1195 9.08 0.0672 0.26 -0.004996 0.027277 0.629725 0.776323
1196 9.09 0.0948 0.261 0.013919 0.018792 0.613398 0.789428
1197 9.1 0.127 0.262 0.030374 0.013819 0.600415 0.798992
1198 9.11 0.166 0.263 0.045553 0.006106 0.590068 0.806044
1199 9.11 0.207 0.268 0.052715 0.002074 0.580945 0.812231
1200 9.11 0.248 0.275 0.063468 -0.004145 0.577928 0.813605
1201 9.12 0.291 0.282 0.07171 -0.012159 0.573743 0.8158
1202 9.12 0.326 0.289 0.072976 -0.013996 0.572527 0.816512
1203 9.12 0.353 0.297 0.072017 -0.018874 0.56652 0.820678
1204 9.12 0.373 0.305 0.078123 -0.033901 0.552819 0.828939
1205 9.13 0.398 0.311 0.081862 -0.052437 0.53221 0.841012
1206 9.14 0.429 0.313 0.084405 -0.061659 0.503247 0.857797
1207 9.14 0.462 0.313 0.084897 -0.069742 0.464267 0.878854
1208 9.15 0.496 0.312 0.081629 -0.068025 0.418563 0.90195
1209 9.15 0.526 0.315 0.082189 -0.075986 0.375603 0.919996
1210 9.16 0.554 0.317 0.077248 -0.084556 0.335197 0.935161
1211 9.16 0.575 0.321 0.068893 -0.089644 0.298869 0.947573
1212 9.16 0.592 0.32 0.066555 -0.092962 0.266936 0.956908
1213 9.16 0.609 0.319 0.062913 -0.09225 0.24529 0.962998
1214 9.17 0.631 0.32 0.060553 -0.093383 0.239814 0.964418
1215 9.18 0.661 0.321 0.060547 -0.097599 0.234193 0.965382
1216 9.19 0.698 0.32 0.065231 -0.101342 0.236047 0.964239
1217 9.2 0.741 0.32 0.071448 -0.110379 0.231933 0.963804
1218 9.21 0.79 0.324 0.075855 -0.105629 0.227568 0.96504
1219 9.22 0.836 0.333 0.074853 -0.110981 0.216137 0.967143
1220 9.23 0.876 0.343 0.073483 -0.104169 0.206238 0.970162
1221 9.24 0.911 0.35 0.068181 -0.107583 0.190302 0.973428
1222 9.25 0.94 0.353 0.057425 -0.097291 0.171674 0.978655
1223 9.25 0.97 0.355 0.051868 -0.091619 0.148723 0.983258
1224 9.25 1 0.356 0.043219 -0.085644 0.118825 0.98827
1225 9.25 1.04 0.353 0.043764 -0.083713 0.085118 0.991883
1226 9.25 1.09 0.353 0.048502 -0.080475 0.040734 0.994742
1227 9.23 1.12 0.354 0.047838 -0.077537 -0.009509 0.995796
1228 9.22 1.15 0.355 0.044583 -0.068665 -0.055877 0.995075
1229 9.21 1.18 0.357 0.043274 -0.058921 -0.103348 0.991955
1230 9.2 1.19 0.357 0.040883 -0.059911 -0.142483 0.987136
1231 9.18 1.2 0.355 0.03678 -0.061473 -0.182874 0.980523
1232 9.16 1.21 0.349 0.034483 -0.061343 -0.220422 0.972863
1233 9.14 1.23 0.343 0.029969 -0.058639 -0.256008 0.964429
1234 9.12 1.25 0.337 0.03203 -0.056511 -0.29407 0.953574
1235 9.09 1.26 0.33 0.04192 -0.052198 -0.329766 0.941686
1236 9.07 1.28 0.324 0.049918 -0.048372 -0.364283 0.928691
1237 9.06 1.29 0.32 0.051477 -0.027978 -0.39781 0.915595
1238 9.04 1.29 0.322 0.05403 -0.019425 -0.423641 0.904009
1239 9.04 1.3 0.327 0.051715 -0.017373 -0.454449 0.889101
1240 9.04 1.3 0.332 0.050687 -0.013154 -0.480587 0.875382
1241 9.04 1.3 0.336 0.050848 -0.011717 -0.506546 0.860633
1242 9.04 1.31 0.337 0.053591 -0.004855 -0.528993 0.846919
1243 9.04 1.32 0.336 0.060987 0.0088 -0.549558 0.83318
1244 9.04 1.33 0.333 0.063879 0.021258 -0.567515 0.820606
1245 9.05 1.33 0.327 0.067423 0.039007 -0.582604 0.809015
1246 9.05 1.34 0.322 0.070846 0.054485 -0.598228 0.796326
1247 9.05 1.34 0.316 0.076396 0.06775 -0.613586 0.782998
1248 9.05 1.35 0.313 0.08182 0.075337 -0.630177 0.768445
1249 9.05 1.36 0.31 0.0843 0.080747 -0.648859 0.751901
1250 9.04 1.36 0.307 0.087349 0.082269 -0.668954 0.733555
1251 9.03 1.36 0.306 0.091513 0.084274 -0.687346 0.715597
1252 9.02 1.36 0.305 0.089508 0.083308 -0.705431 0.698152
1253 9 1.36 0.305 0.089255 0.079367 -0.719906 0.683717
1254 8.99 1.35 0.303 0.087835 0.072599 -0.732672 0.670974
1255 8.97 1.34 0.303 0.086045 0.065254 -0.744066 0.65932
1256 8.96 1.32 0.306 0.076107 0.058059 -0.75279 0.651263
1257 8.95 1.3 0.311 0.067703 0.054329 -0.758261 0.646146
1258 8.94 1.27 0.317 0.057517 0.041567 -0.766216 0.638652
1259 8.93 1.25 0.326 0.047658 0.031411 -0.770068 0.635403
1260 8.92 1.22 0.335 0.034096 0.025208 -0.771054 0.635356
1261 8.91 1.2 0.343 0.0206 0.016045 -0.770961 0.636346
1262 8.9 1.18 0.35 0.008559 0.000829 -0.769172 0.638984
1263 8.9 1.16 0.355 -0.006111 -0.010348 -0.767196 0.6413
1264 8.9 1.13 0.358 -0.016717 -0.014699 -0.764082 0.644735
1265 8.91 1.11 0.359 -0.022275 -0.018655 -0.761356 0.647683
1266 8.92 1.07 0.357 -0.028834 -0.026835 -0.756116 0.653251
1267 8.94 1.04 0.357 -0.037707 -0.027992 -0.751973 0.657519
1268 8.96 1.01 0.358 -0.040202 -0.026868 -0.748425 0.661454
1269 8.98 0.979 0.358 -0.047329 -0.025818 -0.742542 0.667627
1270 9 0.949 0.359 -0.042321 -0.011189 -0.734283 0.677431
1271 9.02 0.922 0.357 -0.040806 -0.013225 -0.726386 0.685947
1272 9.03 0.899 0.355 -0.033484 -0.003276 -0.715999 0.69729
1273 9.04 0.878 0.352 -0.03574 -0.000391 -0.701788 0.711488
1274 9.04 0.852 0.346 -0.030278 0.002696 -0.689606 0.723547
1275 9.04 0.825 0.339 -0.024628 0.004163 -0.672918 0.739295
1276 9.04 0.798 0.334 -0.020587 0.006979 -0.651642 0.758215
1277 9.03 0.769 0.333 -0.016842 0.011148 -0.626671 0.779022
1278 9.02 0.739 0.332 -0.010395 0.011371 -0.603288 0.797375
1279 9.01 0.711 0.33 -0.004949 0.012236 -0.579318 0.814995
1280 9.01 0.686 0.326 0.000639 0.019067 -0.551726 0.833807
1281 9.01 0.668 0.323 0.005585 0.026424 -0.521584 0.852772
1282 9.01 0.651 0.318 0.00948999 0.030842 -0.491587 0.870231
1283 9.02 0.636 0.313 0.013749 0.035047 -0.461601 0.886289
1284 9.02 0.624 0.309 0.021084 0.038436 -0.433365 0.900152
1285 9.03 0.615 0.304 0.029124 0.039715 -0.406912 0.912139
1286 9.03 0.605 0.299 0.038828 0.03726 -0.393278 0.917843
1287 9.04 0.588 0.295 0.048004 0.036332 -0.391679 0.91813
1288 9.05 0.565 0.292 0.053609 0.034967 -0.400806 0.913924
1289 9.06 0.537 0.288 0.053379 0.028711 -0.422526 0.904322
1290 9.07 0.508 0.286 0.053862 0.023881 -0.451824 0.890159
1291 9.08 0.479 0.284 0.058147 0.019549 -0.485346 0.872168
1292 9.09 0.451 0.282 0.058602 0.012675 -0.519225 0.852532
1293 9.09 0.423 0.28 0.05762 0.021111 -0.558179 0.827448
1294 9.09 0.401 0.279 0.052409 0.0268 -0.596153 0.80071
1295 9.08 0.384 0.278 0.051815 0.027629 -0.626261 0.777399
1296 9.07 0.373 0.275 0.050833 0.02666 -0.649588 0.758116
1297 9.06 0.362 0.272 0.054597 0.032004 -0.670868 0.738871
1298 9.04 0.35 0.271 0.056643 0.036214 -0.685397 0.72506
1299 9.03 0.337 0.27 0.057416 0.03964 -0.697572 0.713109
1300 9.02 0.318 0.269 0.058995 0.040017 -0.708098 0.702507
1301 8.99 0.294 0.267 0.061514 0.035938 -0.717923 0.692467
1302 8.97 0.27 0.262 0.071077 0.037631 -0.729945 0.678758
1303 8.95 0.249 0.255 0.076578 0.036697 -0.74385 0.66293
1304 8.93 0.23 0.247 0.083228 0.044211 -0.755612 0.648204
1305 8.91 0.216 0.242 0.091203 0.053565 -0.768792 0.630692
1306 8.89 0.207 0.239 0.089395 0.05187 -0.78106 0.615844
1307 8.88 0.199 0.237 0.093767 0.051724 -0.794101 0.598277
1308 8.87 0.191 0.238 0.093118 0.052136 -0.80803 0.579395
1309 8.87 0.183 0.24 0.088635 0.051038 -0.819777 0.563475
1310 8.87 0.17 0.244 0.079874 0.045444 -0.830643 0.549169
1311 8.88 0.154 0.25 0.075872 0.042924 -0.838726 0.53753
1312 8.9 0.136 0.259 0.060098 0.034912 -0.842473 0.534237
1313 8.92 0.113 0.267 0.045146 0.02357 -0.842842 0.535746
1314 8.94 0.0878 0.274 0.030289 0.012297 -0.840491 0.540839
1315 8.96 0.0629 0.278 0.017423 0.004868 -0.836012 0.548413
1316 8.99 0.04 0.28 0.006621 -0.000893 -0.830134 0.557523
1317 9.01 0.019 0.282 1.8e-05 -0.006472 -0.821966 0.569499
1318 9.03 -0.0002 0.284 -0.004653 -0.009698 -0.811304 0.584525
1319 9.05 -0.0182 0.284 -0.006083 -0.012772 -0.799142 0.600976
1320 9.06 -0.0389 0.284 -0.007689 -0.010922 -0.780743 0.62471
1321 9.07 -0.0604 0.282 -0.013365 -0.008902 -0.756524 0.653769
1322 9.07 -0.0824 0.276 -0.012967 -0.004824 -0.730257 0.683033
1323 9.06 -0.103 0.269 -0.007778 -0.004429 -0.703094 0.711041
1324 9.05 -0.124 0.265 0.00109 0.002078 -0.671737 0.740786
1325 9.05 -0.14 0.261 0.006852 0.003056 -0.636893 0.770915
1326 9.04 -0.15 0.259 0.011693 0.004229 -0.598351 0.801138
1327 9.04 -0.153 0.258 0.018593 -0.000303 -0.558437 0.829339
1328 9.05 -0.149 0.259 0.021254 -0.0096 -0.520066 0.853808
1329 9.06 -0.142 0.259 0.025095 -0.020834 -0.481487 0.875846
1330 9.07 -0.129 0.258 0.029448 -0.027359 -0.44442 0.894916
1331 9.08 -0.111 0.254 0.031614 -0.027289 -0.409204 0.911487
1332 9.09 -0.09 0.248 0.034829 -0.018469 -0.373156 0.926931
1333 9.11 -0.0665 0.239 0.036565 -0.005988 -0.338782 0.940135
1334 9.11 -0.0395 0.231 0.035703 0.004896 -0.306049 0.951333
1335 9.12 -0.0126 0.224 0.036248 0.012529 -0.275373 0.960572
1336 9.12 0.0138 0.223 0.035412 0.026346 -0.245124 0.968486
1337 9.12 0.0415 0.225 0.029731 0.036648 -0.218398 0.974718
1338 9.12 0.0702 0.225 0.024538 0.042898 -0.192401 0.980071
1339 9.13 0.0948 0.223 0.021549 0.045939 -0.165781 0.984856
1340 9.13 0.117 0.219 0.019738 0.053401 -0.144655 0.987843
1341 9.13 0.137 0.213 0.015616 0.060572 -0.128241 0.989768
1342 9.13 0.159 0.208 0.012841 0.065647 -0.112456 0.991403
1343 9.14 0.18 0.202 0.008332 0.066045 -0.091731 0.993556
1344 9.15 0.203 0.196 0.00659 0.069338 -0.064467 0.995486
1345 9.16 0.228 0.193 0.007338 0.07486 -0.032219 0.996646
1346 9.18 0.257 0.196 0.006022 0.070177 0.006352 0.997496
1347 9.19 0.285 0.202 0.011839 0.057773 0.050314 0.996991
1348 9.2 0.31 0.212 0.016017 0.046204 0.097611 0.994023
1349 9.21 0.329 0.22 0.022446 0.030494 0.140394 0.989371
1350 9.21 0.342 0.23 0.030668 0.018956 0.173926 0.984099
1351 9.21 0.347 0.239 0.034349 0.002907 0.19996 0.979197
1352 9.2 0.349 0.252 0.037041 -0.014889 0.218885 0.974934
1353 9.2 0.348 0.266 0.040223 -0.041428 0.232327 0.970922
1354 9.19 0.349 0.279 0.046195 -0.06614 0.245028 0.966154
1355 9.19 0.355 0.289 0.049913 -0.085053 0.264016 0.959463
1356 9.18 0.366 0.296 0.052085 -0.099376 0.289767 0.950498
1357 9.17 0.383 0.302 0.055594 -0.114561 0.317355 0.939719
1358 9.16 0.407 0.307 0.057695 -0.124423 0.341687 0.929753
1359 9.16 0.436 0.31 0.060477 -0.129485 0.362665 0.920896
1360 9.15 0.47 0.307 0.059043 -0.134129 0.379552 0.91349
1361 9.15 0.508 0.301 0.051257 -0.133141 0.389709 0.90982
1362 9.15 0.552 0.294 0.042203 -0.124568 0.394446 0.909458
1363 9.15 0.599 0.287 0.035163 -0.10877 0.395496 0.911326
1364 9.15 0.648 0.28 0.028621 -0.095137 0.395809 0.912943
1365 9.16 0.695 0.271 0.025763 -0.078539 0.389696 0.917227
1366 9.17 0.737 0.263 0.023189 -0.054387 0.383782 0.921529
1367 9.19 0.775 0.251 0.023299 -0.036041 0.374498 0.926234
1368 9.21 0.812 0.239 0.021538 -0.016226 0.366639 0.929972
1369 9.23 0.851 0.223 0.024996 -0.002447 0.358656 0.933132
1370 9.27 0.894 0.206 0.027 0.014949 0.348161 0.936927
1371 9.3 0.938 0.187 0.027436 0.031323 0.332685 0.942118
1372 9.33 0.978 0.175 0.02082 0.045969 0.313013 0.948407
1373 9.36 1.02 0.164 0.024198 0.038148 0.297268 0.953725
1374 9.39 1.06 0.15 0.022512 0.03968 0.279382 0.959096
1375 9.42 1.1 0.137 0.02403 0.038751 0.256552 0.965454
1376 9.45 1.14 0.123 0.014888 0.035838 0.231126 0.97215
1377 9.49 1.17 0.105 0.01304 0.029124 0.215198 0.976049
1378 9.53 1.2 0.0812 0.004543 0.013097 0.201918 0.979304
1379 9.57 1.22 0.0517 0.000869 0.010446 0.194399 0.980867
1380 9.61 1.24 0.0176 -0.002311 0.014427 0.185939 0.982453
1381 9.65 1.26 -0.0213 -0.003794 0.019966 0.173877 0.984558
1382 9.7 1.27 -0.0603 -0.001717 0.036731 0.163843 0.985801
1383 9.74 1.28 -0.0898 -0.010426 0.054656 0.152274 0.986771
1384 9.81 1.28 -0.107 -0.021212 0.062807 0.140433 0.987868
1385 9.88 1.27 -0.118 -0.024963 0.06523 0.124932 0.989704
1386 9.96 1.27 -0.124 -0.018922 0.071177 0.100535 0.992204
1387 10 1.27 -0.124 -0.012108 0.069323 0.073828 0.994785
1388 10.1 1.26 -0.115 -0.019235 0.067513 0.045757 0.996483
1389 10.2 1.25 -0.0902 -0.01912 0.07364 0.024662 0.996797
1390 10.3 1.24 -0.0562 -0.013005 0.074761 0.000965 0.997116
1391 10.3 1.24 -0.0198 -0.002332 0.074446 -0.018266 0.997055
1392 10.4 1.25 0.0214 0.010003 0.082416 -0.041467 0.995685
1393 10.4 1.25 0.068 0.034152 0.081274 -0.072504 0.993464
1394 10.5 1.27 0.121 0.065849 0.08214 -0.102295 0.989168
1395 10.6 1.29 0.181 0.078631 0.080403 -0.126792 0.985534
1396 10.6 1.3 0.247 0.070506 0.065235 -0.147346 0.98441
1397 10.7 1.31 0.313 0.072346 0.06686 -0.160632 0.982086
1398 10.7 1.31 0.381 0.068935 0.077716 -0.168122 0.980277
1399 10.8 1.3 0.449 0.067403 0.069893 -0.172003 0.980299
1400 10.8 1.28 0.511 0.056087 0.070379 -0.178321 0.979848
1401 10.9 1.25 0.565 0.052315 0.073914 -0.190492 0.977503
1402 10.9 1.22 0.607 0.053212 0.07297 -0.206801 0.974206
1403 10.9 1.18 0.639 0.053408 0.054641 -0.225438 0.971257
1404 11 1.15 0.66 0.049932 0.039128 -0.241594 0.968302
1405 11 1.11 0.673 0.044569 0.029147 -0.252334 0.966174
1406 11.1 1.07 0.682 0.050853 0.028636 -0.262535 0.963156
1407 11.1 1.04 0.691 0.052956 0.026188 -0.27257 0.960321
1408 11.1 1.01 0.697 0.0494 0.010638 -0.283265 0.95771
1409 11.2 0.975 0.699 0.043468 0.00095 -0.300107 0.952914
1410 11.2 0.943 0.698 0.037987 0.005527 -0.3198 0.946707
1411 11.2 0.913 0.695 0.032761 0.003931 -0.344133 0.938341
1412 11.3 0.883 0.695 0.023631 0.001967 -0.369114 0.929082
1413 11.3 0.85 0.699 0.01595 -0.005657 -0.394268 0.91884
1414 11.4 0.819 0.704 0.017826 0.001203 -0.41872 0.90794
1415 11.4 0.788 0.707 0.015917 -0.00343 -0.441089 0.897316
1416 11.4 0.755 0.704 0.017615 -0.005356 -0.468752 0.883138
1417 11.4 0.722 0.702 0.023758 0.001165 -0.493152 0.869618
1418 11.4 0.687 0.703 0.0249 0.00235 -0.517547 0.855289
1419 11.4 0.646 0.702 0.022651 -0.002289 -0.540694 0.840911
1420 11.4 0.593 0.7 0.021371 -0.005786 -0.557622 0.8298
1421 11.4 0.534 0.699 0.017989 -0.008612 -0.572882 0.819395
1422 11.4 0.472 0.698 0.017064 -0.002678 -0.589725 0.80742
1423 11.4 0.416 0.699 0.02326 0.003104 -0.608096 0.793516
1424 11.4 0.366 0.699 0.021355 0.001508 -0.626107 0.779443
1425 11.4 0.319 0.698 0.022746 0.002715 -0.638183 0.769544
1426 11.4 0.279 0.695 0.022533 0.008928 -0.650933 0.758748
1427 11.4 0.241 0.692 0.018211 0.007191 -0.668042 0.743866
1428 11.4 0.202 0.689 0.013886 0.002289 -0.688756 0.724857
1429 11.4 0.163 0.689 0.012146 -0.001495 -0.712025 0.702048
1430 11.4 0.126 0.691 0.011909 -0.007429 -0.737764 0.674912
1431 11.4 0.0939 0.693 0.00963401 -0.011948 -0.761718 0.647726
1432 11.4 0.0665 0.694 0.011079 -0.005412 -0.785163 0.619166
1433 11.4 0.049 0.694 0.012639 -0.002862 -0.810662 0.58537
1434 11.4 0.0387 0.69 0.015512 -0.000733 -0.833486 0.552323
1435 11.4 0.0311 0.685 0.01573 0.009638 -0.852828 0.521866
1436 11.4 0.026 0.681 -0.016702 -0.016913 0.869129 -0.494013
1437 11.3 0.0217 0.678 -0.018869 -0.012514 0.882916 -0.468985
1438 11.3 0.0172 0.678 -0.015319 -0.007401 0.894403 -0.446939
1439 11.3 0.0141 0.682 -0.017712 0.000197 0.905472 -0.424036
1440 11.2 0.00884 0.683 -0.008662 0.022178 0.916925 -0.398349
1441 11.2 0.00367 0.685 -0.001291 0.026958 0.924843 -0.37939
1442 11.2 0.00087 0.686 0.011664 0.029548 0.929369 -0.367783
1443 11.2 -0.00402 0.683 0.016263 0.032228 0.933128 -0.357727
1444 11.2 -0.00765 0.681 0.012064 0.030419 0.940138 -0.339219
1445 11.2 -0.0127 0.679 0.008623 0.030124 0.946829 -0.320207
1446 11.2 -0.0189 0.679 0.011753 0.032058 0.954658 -0.295739
1447 11.2 -0.0273 0.679 0.023333 0.030638 0.964183 -0.262426
1448 11.2 -0.0405 0.678 0.038471 0.02819 0.97487 -0.217608
1449 11.2 -0.0543 0.674 0.041339 0.028073 0.984339 -0.169058
1450 11.2 -0.0683 0.667 0.033485 0.023757 0.991588 -0.122747
1451 11.2 -0.0758 0.66 0.016393 0.014597 0.996845 -0.076272
1452 11.2 -0.0744 0.656 -0.000114 0.005226 0.999302 -0.037002
1453 11.2 -0.0678 0.652 -0.013309 -0.002408 0.999897 -0.004888
1454 11.2 -0.0588 0.645 -0.032952 -0.008191 0.999143 0.023684
1455 11.2 -0.0482 0.639 -0.050344 -0.013118 0.997384 0.050186
1456 11.3 -0.0359 0.633 -0.066504 -0.016649 0.995186 0.070028
1457 11.3 -0.0222 0.628 -0.08107 -0.017745 0.992361 0.091286
1458 11.3 -0.00761 0.623 -0.096678 -0.012006 0.988672 0.114176
1459 11.3 0.00684 0.619 -0.105747 -0.007692 0.984648 0.13866
1460 11.3 0.0204 0.617 -0.112111 -0.005873 0.980285 0.162598
1461 11.4 0.0355 0.617 -0.109537 -0.001872 0.976433 0.185947
1462 11.4 0.0502 0.622 -0.104187 0.006433 0.971931 0.210841
1463 11.4 0.0672 0.631 -0.08826 0.009952 0.967199 0.237985
1464 11.4 0.0834 0.642 -0.068346 0.012121 0.962966 0.260536
1465 11.4 0.0957 0.655 -0.045151 0.011538 0.958453 0.281418
1466 11.5 0.102 0.669 -0.018809 0.007922 0.953098 0.301972
1467 11.5 0.104 0.682 0.004761 0.003951 0.947984 0.318258
1468 11.5 0.108 0.695 0.023516 0.00051 0.943232 0.3313
1469 11.5 0.117 0.706 0.04506 -0.003231 0.937805 0.344212
1470 11.5 0.131 0.716 0.062057 -0.000994 0.930217 0.361724
1471 11.6 0.147 0.721 0.071459 0.005125 0.919795 0.385805
1472 11.6 0.164 0.724 0.07679 0.007095 0.909048 0.409492
1473 11.6 0.185 0.725 0.078855 0.002254 0.896648 0.435659
1474 11.6 0.208 0.726 0.078381 -0.005446 0.881731 0.465163
1475 11.6 0.232 0.722 0.072984 -0.010007 0.867035 0.492771
1476 11.6 0.251 0.716 0.06938 -0.010421 0.851621 0.519442
1477 11.5 0.267 0.713 0.062754 -0.010767 0.836959 0.543549
1478 11.5 0.279 0.713 0.05889 -0.013437 0.823695 0.563807
1479 11.5 0.289 0.713 0.053645 -0.010644 0.813006 0.579681
1480 11.5 0.296 0.715 0.046318 -0.010089 0.802978 0.594121
1481 11.5 0.301 0.714 0.037567 -0.009299 0.79348 0.607365
1482 11.5 0.309 0.711 0.025609 -0.004611 0.785602 0.618185
1483 11.5 0.32 0.707 0.013137 0.001699 0.777117 0.629216
1484 11.4 0.331 0.702 0.002594 0.009524 0.768041 0.640325
1485 11.4 0.341 0.698 -0.009364 0.019916 0.759818 0.649763
1486 11.4 0.35 0.694 -0.017072 0.026017 0.750148 0.660538
1487 11.4 0.361 0.687 -0.029197 0.032873 0.740725 0.670368
1488 11.4 0.374 0.677 -0.045145 0.04366 0.733606 0.676667
1489 11.4 0.391 0.667 -0.054967 0.052891 0.723899 0.685675
1490 11.5 0.412 0.661 -0.058218 0.06265 0.714474 0.694415
1491 11.5 0.436 0.658 -0.055584 0.069761 0.703312 0.705263
1492 11.5 0.464 0.658 -0.046353 0.070739 0.690304 0.71856
1493 11.5 0.495 0.661 -0.039906 0.073776 0.678456 0.729837
1494 11.5 0.525 0.667 -0.030635 0.076549 0.663961 0.743207
1495 11.5 0.554 0.676 -0.017172 0.079274 0.650228 0.755397
1496 11.5 0.581 0.685 -0.003409 0.071549 0.639312 0.765604
1497 11.6 0.601 0.694 0.008975 0.059043 0.626385 0.777223
1498 11.6 0.614 0.7 0.018797 0.044129 0.614739 0.787271
1499 11.6 0.623 0.707 0.023175 0.03353 0.604901 0.795257
1500 11.6 0.633 0.715 0.028802 0.018473 0.590373 0.806405
1501 11.6 0.644 0.723 0.037013 0.000785 0.573271 0.818529
1502 11.6 0.655 0.729 0.045306 -0.015791 0.553633 0.831378
1503 11.6 0.665 0.735 0.05345 -0.030081 0.529652 0.845995
1504 11.6 0.675 0.739 0.062524 -0.041659 0.501654 0.8618
1505 11.6 0.687 0.74 0.063207 -0.04558 0.473636 0.877266
1506 11.6 0.694 0.738 0.061471 -0.048181 0.451687 0.888751
1507 11.6 0.694 0.732 0.058673 -0.04855 0.428827 0.900171
1508 11.6 0.689 0.723 0.053713 -0.044204 0.405739 0.911338
1509 11.6 0.681 0.716 0.048802 -0.031763 0.381386 0.92258
1510 11.6 0.668 0.712 0.045761 -0.026279 0.354754 0.933469
1511 11.6 0.651 0.711 0.042618 -0.026852 0.32571 0.944127
1512 11.6 0.636 0.706 0.038483 -0.022756 0.295016 0.954446
1513 11.5 0.622 0.702 0.031603 -0.0158 0.262958 0.96416
1514 11.5 0.608 0.698 0.026764 -0.015542 0.23567 0.97134
1515 11.5 0.596 0.697 0.025531 -0.009511 0.217918 0.975587
1516 11.5 0.584 0.699 0.02205 -0.005487 0.20001 0.97953
1517 11.5 0.57 0.701 0.024157 -0.007505 0.185331 0.982351
1518 11.5 0.556 0.705 0.030691 -0.010268 0.171317 0.984684
1519 11.5 0.54 0.705 0.034238 -0.008248 0.160453 0.986415
1520 11.5 0.52 0.704 0.037544 -0.00513 0.151771 0.987689
1521 11.5 0.499 0.705 0.038631 -0.001116 0.14274 0.989005
1522 11.5 0.476 0.705 0.037104 0.002084 0.131759 0.990585
1523 11.5 0.452 0.702 0.037967 0.005561 0.120879 0.991925
1524 11.5 0.427 0.697 0.036745 0.013748 0.111 0.993046
1525 11.5 0.401 0.69 0.034097 0.023244 0.099819 0.99415
1526 11.5 0.377 0.681 0.030531 0.043608 0.087284 0.99476
1527 11.5 0.353 0.674 0.025865 0.058981 0.074556 0.995135
1528 11.5 0.328 0.671 0.026933 0.063556 0.06178 0.9957
1529 11.5 0.304 0.668 0.025964 0.070824 0.049643 0.995914
1530 11.5 0.279 0.662 0.026783 0.079937 0.036301 0.995779
1531 11.5 0.254 0.657 0.032192 0.089307 0.02226 0.995235
1532 11.5 0.229 0.652 0.035464 0.094661 0.006964 0.994853
1533 11.4 0.206 0.645 0.039051 0.102092 -0.00948 0.993963
1534 11.4 0.187 0.638 0.045713 0.113041 -0.025323 0.992215
1535 11.4 0.169 0.635 0.051059 0.118709 -0.043043 0.990681
1536 11.4 0.15 0.635 0.058998 0.1202 -0.063351 0.988968
1537 11.4 0.133 0.638 0.064878 0.11859 -0.085547 0.987122
1538 11.4 0.115 0.643 0.074876 0.113322 -0.1071 0.984927
1539 11.4 0.0994 0.648 0.081113 0.106535 -0.127872 0.98271
1540 11.4 0.0851 0.654 0.084013 0.095742 -0.145119 0.981181
1541 11.4 0.0743 0.66 0.085651 0.081821 -0.158352 0.980252
1542 11.4 0.0695 0.666 0.085434 0.065464 -0.167604 0.979961
1543 11.4 0.0693 0.672 0.08263 0.047617 -0.173053 0.980284
1544 11.4 0.0713 0.68 0.079605 0.03393 -0.177401 0.980327
1545 11.4 0.0754 0.688 0.074956 0.017403 -0.180047 0.980644
1546 11.4 0.0812 0.696 0.070256 -0.004501 -0.181984 0.980778
1547 11.4 0.0905 0.702 0.064887 -0.025938 -0.182636 0.980694
1548 11.4 0.101 0.705 0.055692 -0.043541 -0.181726 0.980805
1549 11.4 0.111 0.705 0.046537 -0.055587 -0.18014 0.980966
1550 11.4 0.123 0.705 0.036967 -0.06199 -0.174184 0.982064
1551 11.4 0.137 0.704 0.025549 -0.067643 -0.163479 0.983893
1552 11.5 0.151 0.704 0.015304 -0.071286 -0.150941 0.98585
1553 11.5 0.17 0.702 0.004046 -0.071395 -0.134934 0.988271
1554 11.5 0.189 0.7 -0.005812 -0.069628 -0.115622 0.990833
1555 11.6 0.208 0.695 -0.011044 -0.065143 -0.097737 0.993017
1556 11.6 0.226 0.693 -0.014131 -0.054403 -0.081528 0.995085
1557 11.6 0.24 0.693 -0.016798 -0.046028 -0.065411 0.996655
1558 11.7 0.253 0.69 -0.017357 -0.040172 -0.054 0.997582
1559 11.7 0.263 0.683 -0.014873 -0.031069 -0.043151 0.998475
1560 11.7 0.266 0.672 -0.014315 -0.009926 -0.034065 0.999268
1561 11.8 0.265 0.659 -0.014056 0.011574 -0.024932 0.999523
1562 11.8 0.258 0.645 -0.012504 0.026787 -0.019644 0.99937
1563 11.8 0.245 0.629 -0.015146 0.038297 -0.012186 0.999077
1564 11.9 0.225 0.614 -0.017738 0.04929 0.00205 0.998625
1565 11.9 0.2 0.598 -0.019592 0.055775 0.015473 0.998131
1566 12 0.179 0.581 -0.016664 0.071125 0.023745 0.997045
1567 12 0.163 0.561 -0.015969 0.077659 0.034305 0.996262
1568 12.1 0.155 0.535 -0.013652 0.075892 0.039264 0.996249
1569 12.2 0.155 0.504 -0.009835 0.078218 0.041141 0.996038
1570 12.2 0.162 0.466 -0.008588 0.070702 0.045211 0.996435
1571 12.3 0.17 0.423 -0.002614 0.052754 0.052306 0.997233
1572 12.4 0.179 0.377 0.001817 0.035308 0.057593 0.997714
1573 12.4 0.183 0.326 0.007506 0.019109 0.063787 0.997752
1574 12.5 0.182 0.267 0.015919 0.009789 0.070498 0.997337
1575 12.6 0.184 0.206 0.020406 0.011485 0.076396 0.996803
1576 12.6 0.184 0.139 0.014402 0.014146 0.082815 0.99636
1577 12.7 0.179 0.0724 0.011918 0.02004 0.08893 0.995765
1578 12.8 0.17 0.0134 0.012193 0.022049 0.097455 0.994921
1579 12.8 0.166 -0.0324 0.01202 0.022681 0.097118 0.994942
1580 12.9 0.16 -0.0642 0.014973 0.025793 0.086721 0.995786
1581 12.9 0.149 -0.0798 0.030359 0.035701 0.076186 0.995992
1582 13 0.144 -0.0787 0.044117 0.037639 0.055569 0.996769
1583 13 0.144 -0.0756 0.064903 0.04802 0.032353 0.99621
1584 13 0.143 -0.0781 0.085735 0.059963 0.018646 0.994337
1585 13.1 0.143 -0.0881 0.093068 0.055732 0.004107 0.99409
1586 13.1 0.14 -0.103 0.092056 0.042693 -0.0145 0.994732
1587 13.2 0.139 -0.123 0.086024 0.033111 -0.037865 0.995022
1588 13.2 0.137 -0.141 0.079025 0.034962 -0.054182 0.994785
1589 13.3 0.136 -0.15 0.063919 0.037375 -0.065129 0.995126
1590 13.3 0.138 -0.154 0.050564 0.042239 -0.07656 0.994886
1591 13.3 0.141 -0.151 0.040609 0.042564 -0.093221 0.993906
1592 13.4 0.142 -0.149 0.029083 0.040769 -0.09888 0.993838
1593 13.4 0.144 -0.145 0.021793 0.051769 -0.0994241 0.993459
1594 13.5 0.152 -0.14 0.006848 0.050762 -0.09487 0.994171
1595 13.5 0.17 -0.131 0.000383 0.047596 -0.085502 0.9952
1596 13.5 0.196 -0.12 0.002639 0.046253 -0.080001 0.995718
1597 13.6 0.222 -0.107 0.006602 0.05047 -0.071657 0.99613
1598 13.6 0.245 -0.0845 -0.010047 0.057956 -0.054589 0.996775
1599 13.6 0.26 -0.0591 -0.021763 0.046413 -0.036019 0.998035
1600 13.6 0.271 -0.0373 -0.021661 0.037199 -0.03239 0.998548
1601 13.6 0.281 -0.0231 -0.00064 0.031057 -0.020782 0.999301
1602 13.6 0.285 -0.021 0.0268 0.032037 -0.006405 0.999107
1603 13.7 0.287 -0.023 0.036143 0.041004 0.004746 0.998494
1604 13.7 0.28 -0.021 0.024131 0.043098 0.021063 0.998557
1605 13.7 0.263 -0.0102 0.010868 0.046619 0.043321 0.997914
1606 13.7 0.235 0.00932 0.015148 0.049652 0.060743 0.996803
1607 13.7 0.205 0.0403 0.02869 0.055632 0.072541 0.995399
1608 13.7 0.173 0.0802 0.039782 0.048661 0.079082 0.994885
1609 13.7 0.147 0.113 0.01832 0.029388 0.072892 0.996738
1610 13.8 0.127 0.135 0.002864 0.016406 0.07842 0.996781
1611 13.8 0.116 0.154 0.008128 0.004088 0.087536 0.99612
1612 13.8 0.12 0.174 0.011355 0.00286 0.094729 0.995434
1613 13.9 0.133 0.19 0.009262 -0.000372 0.118583 0.992901
1614 13.9 0.147 0.196 0.0132 -0.012044 0.148641 0.98873
1615 13.9 0.158 0.201 0.017719 -0.010991 0.179242 0.983584
1616 13.9 0.163 0.21 0.015324 -0.013706 0.214513 0.976505
1617 14 0.163 0.218 0.01229 -0.010741 0.243832 0.96968
1618 14 0.155 0.228 0.017748 -0.009762 0.275102 0.961202
1619 14 0.141 0.233 0.022615 -0.018625 0.311735 0.949717
1620 14 0.121 0.231 0.026218 -0.021448 0.351123 0.935716
1621 14 0.0934 0.228 0.028435 -0.01589 0.391308 0.919683
1622 14 0.06 0.223 0.025035 -0.015293 0.424658 0.904878
1623 14 0.0298 0.217 0.026057 -0.017406 0.458947 0.887911
1624 14 0.00763 0.216 0.027509 -0.016419 0.48889 0.871757
1625 14 -0.00729 0.224 0.030831 -0.01363 0.518973 0.854126
1626 13.9 -0.017 0.238 0.037534 -0.016544 0.541056 0.839986
1627 13.9 -0.0257 0.253 0.042899 -0.023177 0.565191 0.823518
1628 13.9 -0.0335 0.261 0.047206 -0.023075 0.590068 0.805642
1629 13.9 -0.0446 0.265 0.049027 -0.018725 0.609991 0.790669
1630 13.8 -0.0573 0.264 0.048905 -0.018954 0.629704 0.775062
1631 13.8 -0.0724 0.261 0.044104 -0.018023 0.650389 0.758106
1632 13.8 -0.0901 0.254 0.040495 -0.02009 0.669416 0.741512
1633 13.8 -0.109 0.243 0.038855 -0.017839 0.6871 0.725304
1634 13.8 -0.128 0.231 0.031076 -0.010681 0.703241 0.710192
1635 13.8 -0.147 0.219 0.020798 0.002364 0.718001 0.695727
1636 13.8 -0.17 0.212 0.012268 0.01252 0.728942 0.684351
1637 13.8 -0.188 0.205 0.002154 0.018104 0.736103 0.676624
1638 13.8 -0.199 0.2 -0.007585 0.030073 0.742849 0.66874
1639 13.7 -0.205 0.196 -0.01669 0.039768 0.746899 0.663538
1640 13.7 -0.209 0.193 -0.026021 0.044373 0.754193 0.654635
1641 13.7 -0.211 0.192 -0.033885 0.046295 0.763224 0.643581
1642 13.7 -0.209 0.192 -0.036792 0.046251 0.772542 0.632207
1643 13.7 -0.204 0.191 -0.039351 0.042911 0.781501 0.621181
1644 13.7 -0.191 0.189 -0.0399 0.040764 0.790629 0.609632
1645 13.7 -0.174 0.188 -0.038483 0.037651 0.798866 0.599094
1646 13.7 -0.152 0.192 -0.033398 0.033312 0.805093 0.59127
1647 13.7 -0.124 0.198 -0.025282 0.025017 0.80913 0.586553
1648 13.7 -0.0895 0.207 -0.01061 0.011152 0.809516 0.586897
1649 13.7 -0.052 0.215 0.00297 0.00252 0.805955 0.591964
1650 13.7 -0.0197 0.224 0.010488 -0.003077 0.800871 0.598737
1651 13.7 0.00787 0.232 0.010721 -0.004258 0.794128 0.607642
1652 13.7 0.0333 0.237 0.01694 -0.004598 0.786472 0.617377
1653 13.7 0.0569 0.241 0.019462 -0.000185 0.77489 0.631796
1654 13.7 0.0829 0.243 0.020444 0.001866 0.758796 0.651004
1655 13.7 0.113 0.245 0.023168 0.000536 0.741589 0.670455
1656 13.7 0.145 0.248 0.026694 -0.007131 0.72123 0.692144
1657 13.7 0.184 0.254 0.024733 -0.008168 0.701409 0.712283
1658 13.7 0.224 0.257 0.026968 -0.017647 0.68771 0.72527
1659 13.7 0.257 0.258 0.02099 -0.017162 0.674382 0.737885
1660 13.7 0.283 0.258 0.017408 -0.012734 0.665846 0.745777
1661 13.7 0.308 0.256 0.015082 -0.008472 0.66063 0.750513
1662 13.7 0.339 0.252 0.01078 -0.001197 0.661022 0.750288
1663 13.7 0.379 0.249 0.004146 0.010445 0.663733 0.747885
1664 13.7 0.424 0.249 0.002266 0.016543 0.670964 0.741302
1665 13.7 0.471 0.252 0.006541 0.018495 0.681035 0.731988
1666 13.7 0.515 0.258 0.009163 0.020813 0.69173 0.721798
1667 13.8 0.559 0.262 0.011183 0.027817 0.703789 0.709776
1668 13.8 0.593 0.265 0.010771 0.03051 0.715156 0.698215
1669 13.8 0.627 0.267 0.012114 0.029703 0.722663 0.690456
1670 13.8 0.663 0.27 0.016205 0.02895 0.721477 0.691644
1671 13.8 0.704 0.273 0.018833 0.019833 0.716933 0.696605
1672 13.8 0.75 0.275 0.024566 0.004252 0.705641 0.708131
1673 13.8 0.804 0.276 0.032987 -0.012105 0.689287 0.723636
1674 13.8 0.863 0.279 0.038426 -0.023396 0.670635 0.740422
1675 13.7 0.919 0.284 0.037537 -0.026873 0.653779 0.755276
1676 13.7 0.966 0.294 0.034803 -0.02278 0.632187 0.773699
1677 13.7 1.01 0.299 0.035359 -0.028697 0.611963 0.789574
1678 13.7 1.05 0.303 0.021637 -0.025609 0.603328 0.796788
1679 13.7 1.08 0.302 0.019601 -0.024259 0.591925 0.80539
1680 13.7 1.12 0.298 0.023839 -0.017285 0.579006 0.814791
1681 13.8 1.16 0.29 0.031089 -0.00536 0.56234 0.826304
1682 13.8 1.2 0.281 0.040105 0.004099 0.541564 0.839692
1683 13.8 1.24 0.278 0.035051 0.027982 0.51699 0.854816
1684 13.8 1.27 0.279 0.039198 0.035437 0.488717 0.870841
1685 13.8 1.29 0.279 0.042607 0.037475 0.462063 0.88503
1686 13.9 1.3 0.279 0.044913 0.043564 0.433544 0.898958
1687 13.9 1.32 0.275 0.045207 0.04702 0.405377 0.91182
1688 13.9 1.33 0.268 0.040647 0.046105 0.371856 0.926253
1689 13.9 1.35 0.264 0.036946 0.041631 0.331889 0.941675
1690 13.9 1.37 0.262 0.036229 0.036434 0.285738 0.956929
1691 13.9 1.4 0.261 0.042204 0.034848 0.235845 0.970248
1692 13.9 1.43 0.266 0.043804 0.041489 0.188371 0.980243
1693 13.9 1.46 0.269 0.050323 0.043091 0.147761 0.986802
1694 13.9 1.48 0.271 0.056267 0.048547 0.107715 0.9914
1695 13.9 1.49 0.272 0.056212 0.051784 0.065055 0.99495
1696 13.9 1.49 0.274 0.053976 0.059335 0.027966 0.996385
1697 13.9 1.49 0.273 0.053484 0.058525 0.000868 0.996852
1698 13.8 1.48 0.272 0.054265 0.054833 -0.020749 0.996804
1699 13.8 1.47 0.271 0.05363 0.05514 -0.039837 0.996241
1700 13.8 1.46 0.271 0.054876 0.053296 -0.05682 0.995449
1701 13.8 1.45 0.27 0.051514 0.055281 -0.086807 0.993355
1702 13.8 1.44 0.272 0.050906 0.05568 -0.120739 0.989813
1703 13.8 1.44 0.274 0.050059 0.046056 -0.160796 0.984641
1704 13.8 1.44 0.275 0.052383 0.046174 -0.20167 0.976961
1705 13.8 1.43 0.275 0.05847 0.045516 -0.237303 0.968606
1706 13.8 1.43 0.273 0.05952 0.041713 -0.275672 0.9585
1707 13.8 1.43 0.271 0.06268 0.043429 -0.312522 0.946845
1708 13.8 1.42 0.27 0.064924 0.043369 -0.353111 0.932318
1709 13.8 1.42 0.269 0.064484 0.044307 -0.394919 0.915378
1710 13.8 1.42 0.269 0.063146 0.046026 -0.432927 0.898036
1711 13.8 1.42 0.267 0.05983 0.046696 -0.468171 0.880373
1712 13.7 1.43 0.27 0.056671 0.04859 -0.499594 0.863037
1713 13.7 1.43 0.272 0.055983 0.047961 -0.529113 0.845343
1714 13.7 1.42 0.275 0.055443 0.049449 -0.554756 0.82869
1715 13.7 1.41 0.276 0.056287 0.052413 -0.57924 0.811521
1716 13.7 1.4 0.272 0.057535 0.057673 -0.601053 0.795047
1717 13.7 1.37 0.268 0.062093 0.066189 -0.615995 0.782505
1718 13.7 1.34 0.262 0.065666 0.073978 -0.627266 0.772498
1719 13.7 1.31 0.257 0.074885 0.083243 -0.634555 0.764724
1720 13.7 1.27 0.251 0.080055 0.086086 -0.642125 0.757533
1721 13.7 1.23 0.245 0.083258 0.090103 -0.643825 0.755274
1722 13.7 1.19 0.241 0.08803 0.101867 -0.641125 0.755534
1723 13.7 1.15 0.243 0.085849 0.11505 -0.633885 0.759989
1724 13.7 1.11 0.241 0.082102 0.117209 -0.624738 0.767609
1725 13.7 1.08 0.238 0.083907 0.121504 -0.615793 0.773948
1726 13.7 1.04 0.234 0.080647 0.119438 -0.608735 0.780175
1727 13.7 1 0.229 0.078609 0.119041 -0.60338 0.784591
1728 13.7 0.96 0.226 0.067935 0.112769 -0.602297 0.787341
1729 13.7 0.913 0.227 0.059626 0.106692 -0.605831 0.786149
1730 13.7 0.865 0.233 0.055808 0.102453 -0.608783 0.784711
1731 13.8 0.822 0.238 0.04868 0.088989 -0.616948 0.78044
1732 13.8 0.787 0.245 0.040197 0.075984 -0.627459 0.77389
1733 13.8 0.756 0.253 0.038244 0.0686 -0.637881 0.76612
1734 13.8 0.729 0.262 0.028492 0.054939 -0.646512 0.76039
1735 13.8 0.705 0.267 0.019033 0.038326 -0.655756 0.753759
1736 13.8 0.679 0.268 0.012301 0.024995 -0.661295 0.749608
1737 13.8 0.651 0.267 0.007626 0.015229 -0.666253 0.745531
1738 13.8 0.619 0.265 0.003007 0.003214 -0.671505 0.740987
1739 13.8 0.581 0.262 -0.001168 -0.013448 -0.673273 0.739271
1740 13.8 0.538 0.26 -0.000662 -0.023583 -0.677225 0.735398
1741 13.8 0.495 0.258 0.000506 -0.026644 -0.684868 0.72818
1742 13.7 0.456 0.255 -0.004324 -0.030578 -0.692363 0.720889
1743 13.7 0.422 0.253 -0.005638 -0.0312 -0.698003 0.715393
1744 13.7 0.396 0.252 -0.002854 -0.034127 -0.700279 0.713047
1745 13.7 0.377 0.25 2e-05 -0.032689 -0.706829 0.706629
1746 13.7 0.36 0.247 0.003019 -0.030925 -0.718197 0.695145
1747 13.7 0.34 0.241 0.011073 -0.024859 -0.730886 0.681957
1748 13.7 0.32 0.234 0.019828 -0.014735 -0.744987 0.666621
1749 13.7 0.299 0.231 0.02251 -0.004806 -0.761781 0.647426
1750 13.7 0.276 0.231 0.021676 0.001863 -0.778672 0.627054
1751 13.7 0.25 0.231 0.019515 0.009711 -0.790458 0.612129
1752 13.7 0.224 0.228 0.015504 0.018746 -0.800671 0.59861
1753 13.7 0.2 0.22 0.024572 0.028966 -0.811027 0.583774
1754 13.7 0.177 0.212 0.033314 0.042727 -0.816589 0.574671
1755 13.7 0.154 0.204 0.04214 0.057389 -0.818296 0.57037
1756 13.7 0.134 0.196 0.055632 0.066818 -0.817674 0.569077
1757 13.7 0.117 0.191 0.059271 0.07289 -0.814259 0.572849
1758 13.7 0.0955 0.187 0.063128 0.079032 -0.804984 0.584611
1759 13.7 0.0735 0.182 0.066393 0.081329 -0.788423 0.606108
1760 13.7 0.0524 0.178 0.066551 0.079843 -0.768392 0.631482
1761 13.7 0.0352 0.179 0.070268 0.082855 -0.743713 0.659612
1762 13.7 0.0188 0.182 0.068401 0.083404 -0.716634 0.689058
1763 13.7 0.00242 0.186 0.069801 0.087726 -0.693007 0.712161
1764 13.7 -0.00901 0.189 0.066092 0.08547 -0.669541 0.734875
1765 13.7 -0.0158 0.189 0.066242 0.0822 -0.646842 0.755282
1766 13.7 -0.0166 0.185 0.06915 0.079904 -0.623123 0.774952
1767 13.7 -0.0106 0.175 0.075284 0.080075 -0.599109 0.793088
1768 13.7 -0.00039 0.163 0.088046 0.083078 -0.577891 0.807086
1769 13.7 0.0156 0.154 0.10133 0.085332 -0.555881 0.820638
1770 13.7 0.0352 0.15 0.105206 0.084487 -0.540036 0.830756
1771 13.7 0.0606 0.153 0.108578 0.089094 -0.536661 0.832026
1772 13.7 0.088 0.164 0.098792 0.079116 -0.543306 0.829939
1773 13.8 0.119 0.175 0.08477 0.063806 -0.555807 0.824513
1774 13.8 0.157 0.181 0.076842 0.059392 -0.569694 0.816098
1775 13.8 0.201 0.184 0.068534 0.050865 -0.585798 0.805951
1776 13.8 0.244 0.184 0.056009 0.058111 -0.603976 0.792906
1777 13.8 0.284 0.185 0.050439 0.072832 -0.620384 0.779279
1778 13.8 0.319 0.191 0.04803 0.075416 -0.629007 0.772241
1779 13.8 0.347 0.198 0.039157 0.073996 -0.630841 0.771382
1780 13.8 0.374 0.201 0.033417 0.07545 -0.625982 0.77546
1781 13.8 0.408 0.204 0.033603 0.075722 -0.616181 0.783235
1782 13.8 0.45 0.206 0.033407 0.067522 -0.603805 0.793564
1783 13.8 0.499 0.204 0.034495 0.061194 -0.589637 0.804608
1784 13.8 0.55 0.201 0.037615 0.063248 -0.576423 0.813831
1785 13.8 0.6 0.2 0.044655 0.059186 -0.5649 0.821821
1786 13.8 0.643 0.2 0.058776 0.065758 -0.560891 0.823178
1787 13.8 0.68 0.208 0.059846 0.067024 -0.566702 0.819009
1788 13.8 0.709 0.216 0.054001 0.060831 -0.576768 0.812848
1789 13.8 0.734 0.221 0.054209 0.065389 -0.600245 0.795294
1790 13.7 0.763 0.224 0.053833 0.064889 -0.629733 0.772222
1791 13.7 0.798 0.226 0.054236 0.061744 -0.658253 0.748298
1792 13.7 0.839 0.228 0.055767 0.06334 -0.685327 0.723329
1793 13.7 0.882 0.229 0.058182 0.061023 -0.709846 0.699292
1794 13.7 0.924 0.228 0.060671 0.059063 -0.733704 0.674172
1795 13.7 0.963 0.227 0.061926 0.054705 -0.753804 0.651884
1796 13.7 0.994 0.226 0.069135 0.054562 -0.771886 0.629632
1797 13.7 1.02 0.226 0.073452 0.057748 -0.784894 0.612545
1798 13.7 1.04 0.224 0.070475 0.063265 -0.792858 0.602002
1799 13.7 1.06 0.219 0.074161 0.070059 -0.796109 0.596491
1800 13.6 1.08 0.214 0.077841 0.075369 -0.795477 0.596219
1801 13.6 1.1 0.207 0.086636 0.083688 -0.789233 0.602164
1802 13.6 1.12 0.202 0.096062 0.086878 -0.778687 0.613898
1803 13.6 1.14 0.198 0.10818 0.092538 -0.761802 0.631974
1804 13.6 1.17 0.195 0.111893 0.100861 -0.740068 0.655444
1805 13.5 1.19 0.189 0.115659 0.111298 -0.714532 0.680941
1806 13.5 1.21 0.182 0.123531 0.127607 -0.691798 0.699908
1807 13.5 1.23 0.181 0.124658 0.137276 -0.669814 0.719002
1808 13.6 1.25 0.178 0.124179 0.143807 -0.650994 0.734919
1809 13.6 1.27 0.174 0.125907 0.151333 -0.631331 0.750111
1810 13.6 1.3 0.169 0.123945 0.160072 -0.610059 0.766057
1811 13.6 1.33 0.161 0.122654 0.165188 -0.589899 0.780825
1812 13.6 1.36 0.152 0.123798 0.172409 -0.570035 0.793731
1813 13.6 1.4 0.145 0.124744 0.179504 -0.546824 0.808208
1814 13.6 1.45 0.141 0.124009 0.192173 -0.517498 0.824553
1815 13.6 1.49 0.141 0.118698 0.193692 -0.485979 0.843931
1816 13.6 1.52 0.141 0.117284 0.196019 -0.455263 0.860556
1817 13.6 1.55 0.143 0.112663 0.192167 -0.42124 0.879168
1818 13.7 1.57 0.144 0.105446 0.186615 -0.38754 0.896587
1819 13.7 1.57 0.14 0.097399 0.180019 -0.357411 0.911243
1820 13.7 1.57 0.135 0.095376 0.177606 -0.331729 0.921583
1821 13.8 1.56 0.127 0.090834 0.169603 -0.307753 0.931811
1822 13.8 1.53 0.122 0.090889 0.164887 -0.286608 0.939365
1823 13.8 1.5 0.119 0.091366 0.156129 -0.2714 0.945314
1824 13.9 1.47 0.121 0.089744 0.149147 -0.257042 0.950595
1825 13.9 1.44 0.126 0.077149 0.137734 -0.245535 0.956447
1826 14 1.42 0.13 0.068143 0.12676 -0.231005 0.96225
1827 14 1.4 0.133 0.062647 0.117218 -0.217064 0.967067
1828 14 1.39 0.139 0.059375 0.10669 -0.211428 0.969737
1829 14.1 1.38 0.145 0.055987 0.096972 -0.210043 0.971259
1830 14.1 1.37 0.146 0.042419 0.084106 -0.216664 0.971691
1831 14.1 1.36 0.134 0.037245 0.076651 -0.226241 0.970336
1832 14.1 1.36 0.111 0.042395 0.070915 -0.232245 0.969142
1833 14.2 1.36 0.0854 0.054056 0.057153 -0.230822 0.969811
1834 14.2 1.36 0.0635 0.055647 0.057614 -0.228849 0.970161
1835 14.2 1.37 0.0473 0.058301 0.042004 -0.227466 0.971131
1836 14.3 1.37 0.0223 0.055978 0.030955 -0.222349 0.972866
1837 14.3 1.38 -0.0127 0.054957 0.034414 -0.214366 0.974599
1838 14.3 1.39 -0.0477 0.055614 0.027594 -0.212554 0.975175
1839 14.4 1.39 -0.0834 0.058387 0.01259 -0.216709 0.974407
1840 14.4 1.39 -0.119 0.061127 0.019669 -0.218044 0.973824
1841 14.5 1.39 -0.15 0.060853 0.032116 -0.216702 0.97381
1842 14.5 1.39 -0.175 0.060051 0.046554 -0.212373 0.97423
1843 14.6 1.4 -0.192 0.060894 0.059704 -0.204794 0.975083
1844 14.6 1.4 -0.198 0.062299 0.071229 -0.195359 0.976156
1845 14.7 1.41 -0.197 0.060546 0.073295 -0.18436 0.97825
1846 14.7 1.42 -0.189 0.05838 0.076263 -0.168984 0.980928
1847 14.8 1.43 -0.176 0.053281 0.081369 -0.152641 0.983484
1848 14.8 1.43 -0.154 0.048977 0.082606 -0.140761 0.985375
1849 14.9 1.43 -0.124 0.043079 0.085613 -0.135746 0.986097
1850 14.9 1.41 -0.0898 0.041693 0.091043 -0.128237 0.986675
1851 14.9 1.39 -0.0542 0.03892 0.084697 -0.126471 0.987581
1852 15 1.36 -0.0143 0.026325 0.088248 -0.127471 0.987558
1853 15 1.33 0.0315 0.017154 0.083369 -0.127604 0.988166
1854 15.1 1.3 0.0743 0.016778 0.079748 -0.124189 0.988906
1855 15.1 1.27 0.11 0.023402 0.083975 -0.127115 0.98805
1856 15.2 1.23 0.143 0.037391 0.076811 -0.13781 0.986768
1857 15.2 1.18 0.181 0.061705 0.065591 -0.157797 0.983357
1858 15.3 1.14 0.222 0.079216 0.037789 -0.187394 0.978356
1859 15.3 1.1 0.267 0.089224 0.038683 -0.223793 0.969773
1860 15.3 1.06 0.314 0.091021 0.05081 -0.251696 0.962176
1861 15.4 1.03 0.36 0.079001 0.05114 -0.27025 0.95818
1862 15.4 1 0.403 0.071744 0.049289 -0.288462 0.953527
1863 15.4 0.978 0.439 0.068534 0.04838 -0.306857 0.948051
1864 15.5 0.962 0.463 0.062048 0.054353 -0.32627 0.941671
1865 15.5 0.947 0.482 0.06001 0.072297 -0.346768 0.933233
1866 15.5 0.931 0.496 0.060879 0.078984 -0.378972 0.920019
1867 15.6 0.915 0.504 0.065972 0.085765 -0.414084 0.903785
1868 15.6 0.9 0.511 0.064659 0.087129 -0.449891 0.886468
1869 15.6 0.88 0.514 0.062419 0.083483 -0.476279 0.873094
1870 15.7 0.856 0.511 0.072194 0.094362 -0.487152 0.865198
1871 15.7 0.822 0.506 0.083271 0.098532 -0.493333 0.860221
1872 15.7 0.782 0.501 0.083612 0.087726 -0.496525 0.859521
1873 15.8 0.731 0.499 0.081822 0.074938 -0.493177 0.862824
1874 15.8 0.675 0.501 0.078834 0.063376 -0.490106 0.865774
1875 15.8 0.622 0.509 0.079948 0.059578 -0.484966 0.868831
1876 15.9 0.575 0.512 0.075024 0.054559 -0.470689 0.877409
1877 15.9 0.537 0.513 0.076191 0.058077 -0.460102 0.882682
1878 15.9 0.503 0.507 0.068678 0.051701 -0.445322 0.891234
1879 16 0.472 0.501 0.0634 0.050995 -0.429608 0.899343
1880 16 0.442 0.495 0.052174 0.046624 -0.418603 0.90547
1881 16.1 0.41 0.493 0.042697 0.041416 -0.40541 0.912198
1882 16.1 0.382 0.496 0.046516 0.051106 -0.389308 0.918512
1883 16.2 0.36 0.497 0.044223 0.036323 -0.369277 0.927556
1884 16.2 0.341 0.498 0.046997 0.037749 -0.348522 0.93536
1885 16.2 0.325 0.499 0.049072 0.034119 -0.32024 0.945449
1886 16.3 0.307 0.497 0.051151 0.030007 -0.291628 0.954692
1887 16.3 0.288 0.495 0.055022 0.025854 -0.258553 0.964082
1888 16.3 0.268 0.496 0.057888 0.025092 -0.227235 0.971794
1889 16.4 0.249 0.494 0.055387 0.019997 -0.195118 0.97901
1890 16.4 0.229 0.491 0.051885 0.025619 -0.160999 0.985257
1891 16.4 0.215 0.489 0.050106 0.032035 -0.130466 0.989668
1892 16.4 0.209 0.486 0.049184 0.035283 -0.102562 0.992883
1893 16.5 0.209 0.482 0.050581 0.039926 -0.077471 0.99491
1894 16.5 0.217 0.478 0.050382 0.043851 -0.052332 0.996394
1895 16.5 0.233 0.476 0.049617 0.049258 -0.031439 0.997057
1896 16.5 0.255 0.475 0.045715 0.051534 -0.012714 0.997543
1897 16.5 0.282 0.474 0.042946 0.051881 0.001662 0.997728
1898 16.5 0.315 0.475 0.042568 0.053056 0.01324 0.997596
1899 16.6 0.35 0.477 0.04043 0.050828 0.024189 0.997596
1900 16.6 0.388 0.478 0.041927 0.04515 0.035746 0.99746
1901 16.6 0.425 0.48 0.04253 0.04713 0.043878 0.997018
1902 16.6 0.459 0.478 0.04137 0.049393 0.055582 0.996373
1903 16.6 0.49 0.477 0.042241 0.054377 0.068352 0.995282
1904 16.7 0.518 0.476 0.043415 0.055891 0.08128 0.994175
1905 16.7 0.543 0.475 0.043403 0.060446 0.093594 0.992826
1906 16.7 0.562 0.474 0.04078 0.061243 0.108614 0.991357
1907 16.7 0.576 0.474 0.04332 0.064767 0.12325 0.989312
1908 16.8 0.587 0.475 0.04795 0.063424 0.13538 0.987598
1909 16.8 0.596 0.478 0.054882 0.053717 0.145293 0.986404
1910 16.9 0.602 0.484 0.060713 0.044066 0.151194 0.985653
1911 16.9 0.604 0.492 0.066155 0.035717 0.145427 0.986508
1912 16.9 0.6 0.493 0.072797 0.019713 0.134076 0.988097
1913 17 0.595 0.491 0.077569 0.019395 0.120492 0.989489
1914 17 0.589 0.487 0.075987 0.017287 0.106083 0.991299
1915 17 0.583 0.483 0.07461 0.023378 0.087674 0.993076
1916 17.1 0.579 0.48 0.074869 0.025121 0.061723 0.994964
1917 17.1 0.573 0.477 0.070737 0.02303 0.027819 0.996841
1918 17.1 0.568 0.474 0.065518 0.023443 -0.010772 0.997518
1919 17.1 0.569 0.472 0.058504 0.026628 -0.049712 0.996693
1920 17.1 0.574 0.472 0.057742 0.022983 -0.092108 0.993808
1921 17.2 0.583 0.475 0.060969 0.024755 -0.13935 0.988054
1922 17.2 0.589 0.477 0.059328 0.020236 -0.183674 0.980987
1923 17.2 0.595 0.478 0.062767 0.020228 -0.225046 0.972114
1924 17.2 0.604 0.478 0.061267 0.022011 -0.262892 0.962626
1925 17.2 0.613 0.478 0.058985 0.025127 -0.290911 0.954599
1926 17.2 0.622 0.476 0.058492 0.030243 -0.310448 0.948307
1927 17.2 0.63 0.475 0.065051 0.033458 -0.32653 0.942352
1928 17.2 0.631 0.474 0.067384 0.031582 -0.343515 0.936194
1929 17.2 0.626 0.472 0.066812 0.032231 -0.352533 0.932855
1930 17.3 0.615 0.468 0.064464 0.033894 -0.361757 0.929423
1931 17.3 0.601 0.465 0.06515 0.036583 -0.369151 0.926361
1932 17.3 0.585 0.46 0.065602 0.031014 -0.37544 0.924002
1933 17.3 0.566 0.456 0.066026 0.026876 -0.380338 0.922096
1934 17.4 0.545 0.456 0.07249 0.02276 -0.3848 0.919868
1935 17.4 0.523 0.455 0.072561 0.020145 -0.393143 0.916388
1936 17.4 0.501 0.453 0.069755 0.021503 -0.398397 0.914304
1937 17.4 0.479 0.45 0.064749 0.018876 -0.402758 0.912818
1938 17.4 0.459 0.447 0.06369 0.015672 -0.407981 0.910631
1939 17.5 0.441 0.444 0.065752 0.019778 -0.411102 0.909
1940 17.5 0.428 0.44 0.067108 0.025016 -0.415273 0.906873
1941 17.5 0.419 0.441 0.067709 0.029895 -0.421552 0.903779
1942 17.5 0.412 0.44 0.067739 0.032605 -0.429848 0.899766
1943 17.5 0.408 0.44 0.064609 0.031309 -0.44089 0.894685
1944 17.5 0.406 0.44 0.066338 0.039078 -0.454848 0.887235
1945 17.6 0.407 0.442 0.061692 0.034314 -0.467592 0.881121
1946 17.6 0.407 0.444 0.06106 0.034267 -0.477754 0.875699
1947 17.6 0.409 0.447 0.055903 0.031012 -0.484105 0.872672
1948 17.6 0.414 0.448 0.051724 0.028592 -0.485135 0.87244
1949 17.7 0.419 0.449 0.049774 0.028734 -0.481074 0.874794
1950 17.7 0.428 0.45 0.04717 0.02737 -0.472041 0.879888
1951 17.7 0.438 0.448 0.043429 0.027655 -0.456125 0.888425
1952 17.8 0.447 0.443 0.044227 0.028815 -0.435334 0.89872
1953 17.8 0.452 0.437 0.047829 0.030081 -0.411036 0.909866
1954 17.9 0.453 0.432 0.050768 0.036587 -0.379363 0.923129
1955 17.9 0.449 0.427 0.046068 0.043612 -0.347481 0.935539
1956 17.9 0.441 0.422 0.047313 0.04737 -0.314988 0.946731
1957 18 0.427 0.419 0.053197 0.04087 -0.285327 0.95608
1958 18 0.408 0.421 0.056051 0.033671 -0.257756 0.963995
1959 18.1 0.387 0.426 0.054913 0.019996 -0.229444 0.971566
1960 18.1 0.366 0.428 0.056212 0.009844 -0.20524 0.977046
1961 18.2 0.349 0.429 0.058502 0.016096 -0.178389 0.982087
1962 18.2 0.34 0.427 0.058225 0.014351 -0.150158 0.986842
1963 18.3 0.338 0.424 0.055402 0.020315 -0.12298 0.990653
1964 18.3 0.344 0.421 0.05473 0.023343 -0.101694 0.993035
1965 18.3 0.355 0.414 0.051722 0.025189 -0.080749 0.995073
1966 18.4 0.366 0.409 0.047436 0.02437 -0.065251 0.996443
1967 18.4 0.382 0.407 0.041181 0.020267 -0.052501 0.997566
1968 18.5 0.4 0.411 0.036345 0.006226 -0.041447 0.99846
1969 18.6 0.419 0.418 0.038463 0.006618 -0.02416 0.998946
1970 18.6 0.438 0.423 0.043618 0.000118 -0.01066 0.998991
1971 18.7 0.452 0.425 0.044984 0.000984 0.009885 0.998938
1972 18.7 0.462 0.424 0.048913 0.00389 0.034453 0.998201
1973 18.7 0.465 0.419 0.053444 0.008243 0.050086 0.99728
1974 18.8 0.46 0.412 0.056883 0.013047 0.063871 0.99625
1975 18.8 0.448 0.406 0.061734 0.014915 0.073047 0.995304
1976 18.9 0.428 0.403 0.064917 0.015973 0.073645 0.995041
1977 18.9 0.396 0.407 0.070427 0.005923 0.063737 0.995461
1978 19 0.359 0.407 0.075515 0.001908 0.039328 0.996367
1979 19 0.32 0.402 0.076875 0.00227 0.00211 0.997036
1980 19 0.283 0.394 0.074775 0.004115 -0.034286 0.996602
1981 19.1 0.249 0.389 0.073678 0.003304 -0.073489 0.994565
1982 19.1 0.219 0.387 0.072018 0.004343 -0.116687 0.990545
1983 19.1 0.192 0.383 0.069128 0.003689 -0.161529 0.984437
1984 19.1 0.164 0.378 0.064275 0.005482 -0.205206 0.976591
1985 19.1 0.137 0.375 0.060407 0.009726 -0.247377 0.966986
1986 19.1 0.113 0.372 0.057196 0.011735 -0.287254 0.956073
1987 19.2 0.0904 0.369 0.053262 0.011921 -0.327992 0.943102
1988 19.2 0.068 0.367 0.051914 0.011173 -0.372691 0.926435
1989 19.2 0.0448 0.367 0.053347 0.018156 -0.420693 0.905451
1990 19.2 0.0235 0.366 0.049523 0.017954 -0.466681 0.882856
1991 19.2 0.00629 0.365 0.050779 0.023576 -0.516041 0.854732
1992 19.2 -0.00438 0.365 0.046601 0.026941 -0.566356 0.822401
1993 19.2 -0.0142 0.364 0.045029 0.032897 -0.610356 0.790162
1994 19.2 -0.0255 0.362 0.044158 0.037065 -0.652953 0.755201
1995 19.2 -0.0373 0.358 0.044291 0.042759 -0.688225 0.72288
1996 19.2 -0.0514 0.353 0.044588 0.049956 -0.717407 0.693428
1997 19.2 -0.0703 0.349 0.044766 0.053298 -0.743396 0.66522
1998 19.2 -0.0949 0.345 0.047225 0.056284 -0.764987 0.639841
1999 19.2 -0.122 0.346 0.037978 0.050257 -0.78059 0.621861
2000 19.2 -0.151 0.351 0.025982 0.041402 -0.785192 0.61732
2001 19.1 -0.18 0.358 0.022649 0.032613 -0.785113 0.618079
2002 19.1 -0.208 0.365 0.007131 0.019458 -0.781702 0.623308
2003 19.1 -0.232 0.372 -0.005192 0.006892 -0.776654 0.629868
2004 19.1 -0.252 0.376 -0.021522 -0.00505 -0.774983 0.631595
2005 19.1 -0.27 0.379 -0.028442 -0.011619 -0.782545 0.621835
2006 19.1 -0.285 0.381 -0.033858 -0.017686 -0.797444 0.602183
2007 19.1 -0.299 0.384 -0.042911 -0.020574 -0.819397 0.571248
2008 19.1 -0.31 0.387 -0.058821 -0.022758 -0.845045 0.530963
2009 19.1 -0.321 0.392 0.078273 0.023869 0.869893 -0.486405
2010 19.1 -0.333 0.397 0.092912 0.030199 0.894095 -0.437091
2011 19.1 -0.345 0.399 0.106083 0.034783 0.911386 -0.39612
2012 19.1 -0.357 0.399 0.114036 0.031577 0.925515 -0.35975
2013 19.1 -0.367 0.396 0.120805 0.025044 0.935474 -0.331162
2014 19.1 -0.374 0.39 0.111939 0.01574 0.944885 -0.30727
2015 19.1 -0.381 0.382 0.08928 0.002284 0.954424 -0.284777
2016 19.1 -0.383 0.37 0.065139 -0.010008 0.961353 -0.267316
2017 19.1 -0.379 0.359 0.040524 -0.02104 0.966337 -0.253194
2018 19.1 -0.374 0.349 0.015467 -0.031092 0.970175 -0.239907
2019 19.1 -0.368 0.336 -0.010415 -0.040417 0.97296 -0.227173
2020 19.1 -0.357 0.324 -0.033502 -0.048678 0.975412 -0.212321
2021 19.1 -0.342 0.314 -0.051786 -0.052769 0.977467 -0.197716
2022 19.1 -0.324 0.308 -0.068008 -0.053696 0.979348 -0.182671
2023 19 -0.302 0.309 -0.080765 -0.04998 0.981684 -0.165153
2024 19 -0.275 0.318 -0.076897 -0.043722 0.985251 -0.146478
2025 19 -0.243 0.331 -0.064109 -0.032661 0.989647 -0.124186
2026 19 -0.21 0.347 -0.05247 -0.026047 0.993142 -0.101183
2027 18.9 -0.175 0.364 -0.032285 -0.020652 0.995609 -0.085409
2028 18.9 -0.139 0.378 -0.009283 -0.01904 0.996891 -0.07589
2029 18.9 -0.108 0.389 0.01571 -0.020719 0.997488 -0.065897
2030 18.8 -0.0789 0.397 0.037519 -0.023027 0.997635 -0.052784
2031 18.8 -0.0538 0.403 0.054423 -0.026038 0.997466 -0.037704
2032 18.8 -0.0334 0.407 0.069496 -0.027349 0.996918 -0.024024
2033 18.8 -0.0196 0.409 0.074104 -0.025812 0.9969 -0.005714
2034 18.7 -0.0105 0.408 0.078012 -0.023833 0.996414 0.022491
2035 18.7 -0.00698 0.403 0.079094 -0.024346 0.995077 0.054518
2036 18.7 -0.00926 0.398 0.075585 -0.030388 0.992088 0.095527
2037 18.6 -0.0188 0.394 0.063982 -0.029514 0.987898 0.138173
2038 18.6 -0.0357 0.394 0.055591 -0.026199 0.982524 0.175696
2039 18.6 -0.0534 0.391 0.044911 -0.022958 0.975972 0.21198
2040 18.5 -0.0683 0.386 0.032643 -0.022139 0.968863 0.244435
2041 18.5 -0.0809 0.382 0.020881 -0.022712 0.962739 0.268668
2042 18.5 -0.0889 0.379 0.012558 -0.02167 0.956402 0.290976
2043 18.5 -0.0925 0.376 0.005392 -0.021644 0.949974 0.31153
2044 18.5 -0.0924 0.371 -0.00104 -0.019834 0.944175 0.328846
2045 18.5 -0.0889 0.366 -0.007597 -0.017337 0.939768 0.341287
2046 18.5 -0.0834 0.365 -0.012007 -0.016791 0.937333 0.347824
2047 18.5 -0.0808 0.364 -0.015351 -0.014697 0.938616 0.344309
2048 18.5 -0.0757 0.363 -0.016695 -0.010339 0.942535 0.33353
2049 18.5 -0.0645 0.363 -0.018603 -0.006915 0.947633 0.318745
2050 18.5 -0.0458 0.364 -0.019876 -0.003353 0.952344 0.304361
2051 18.5 -0.0186 0.37 -0.01832 0.000571 0.954642 0.297191
2052 18.5 0.0115 0.385 -0.002974 0.001664 0.954636 0.297756
2053 18.5 0.0479 0.406 0.026471 -0.009067 0.952656 0.302761
2054 18.5 0.0875 0.43 0.059586 -0.021407 0.946905 0.315219
2055 18.5 0.128 0.449 0.097475 -0.030479 0.935562 0.338074
2056 18.5 0.166 0.459 0.124562 -0.04204 0.921163 0.366299
2057 18.5 0.199 0.464 0.14401 -0.054917 0.90608 0.394035
2058 18.5 0.225 0.467 0.155603 -0.06213 0.889037 0.426076
2059 18.5 0.247 0.469 0.16301 -0.064818 0.869932 0.460918
2060 18.6 0.267 0.473 0.169601 -0.065539 0.850102 0.494233
2061 18.6 0.286 0.474 0.168324 -0.063464 0.831404 0.525743
2062 18.6 0.298 0.473 0.159579 -0.060596 0.814316 0.554754
2063 18.6 0.298 0.467 0.145534 -0.054164 0.798541 0.581565
2064 18.6 0.29 0.458 0.125662 -0.048224 0.78232 0.60816
2065 18.6 0.274 0.446 0.103956 -0.039427 0.770096 0.628165
2066 18.6 0.255 0.433 0.08189 -0.025376 0.764628 0.638744
2067 18.6 0.234 0.421 0.059961 -0.011975 0.766222 0.63966
2068 18.6 0.209 0.41 0.043554 -0.003516 0.774878 0.630598
2069 18.6 0.183 0.403 0.03559 0.001602 0.788323 0.61423
2070 18.5 0.16 0.397 0.030197 0.003733 0.804491 0.593184
2071 18.5 0.137 0.393 0.025768 0.006167 0.822499 0.568149
2072 18.5 0.117 0.391 0.024448 0.006306 0.839929 0.542109
2073 18.5 0.0969 0.389 0.021592 0.004584 0.853221 0.521082
2074 18.5 0.077 0.387 0.02164 0.0025 0.865568 0.500318
2075 18.5 0.0585 0.386 0.021921 0.00123 0.876003 0.481805
2076 18.4 0.0411 0.383 0.020427 -0.003027 0.886206 0.462832
2077 18.4 0.0261 0.382 0.018732 -0.006594 0.896449 0.442701
2078 18.4 0.0139 0.381 0.019344 -0.005885 0.904758 0.425446
2079 18.4 0.00617 0.383 0.019313 -0.004035 0.912139 0.409406
2080 18.4 0.00339 0.386 0.022424 -0.003561 0.918646 0.394429
2081 18.4 0.00585 0.389 0.025549 -0.00554 0.922392 0.385369
2082 18.4 0.0142 0.391 0.027765 -0.005678 0.923666 0.38215
2083 18.4 0.0259 0.393 0.031471 -0.003766 0.922296 0.385183
2084 18.5 0.0397 0.396 0.034911 -0.001071 0.918444 0.394007
2085 18.5 0.0555 0.398 0.038317 0.000747 0.913371 0.40532
2086 18.5 0.0707 0.398 0.041082 0.003499 0.907612 0.41778
2087 18.5 0.0837 0.397 0.044873 0.008008 0.900159 0.43317
2088 18.6 0.0956 0.396 0.045996 0.012968 0.893473 0.446566
2089 18.6 0.108 0.396 0.049202 0.016727 0.887695 0.457489
2090 18.6 0.123 0.395 0.052085 0.022339 0.880776 0.470129
2091 18.6 0.141 0.394 0.052542 0.029414 0.872605 0.484701
2092 18.7 0.159 0.392 0.052896 0.032966 0.862267 0.502604
2093 18.7 0.177 0.389 0.054013 0.036121 0.850672 0.521666
2094 18.8 0.195 0.385 0.05485 0.040908 0.837194 0.542608
2095 18.8 0.211 0.38 0.052306 0.048633 0.82114 0.56624
2096 18.8 0.227 0.373 0.047087 0.05567 0.802981 0.591528
2097 18.9 0.241 0.368 0.040133 0.062412 0.783792 0.616575
2098 18.9 0.251 0.363 0.034275 0.066816 0.763889 0.640963
2099 19 0.258 0.359 0.033595 0.069273 0.74249 0.665418
2100 19 0.267 0.353 0.03308 0.073216 0.719405 0.689929
2101 19 0.277 0.35 0.032677 0.082376 0.69542 0.713118
2102 19.1 0.288 0.349 0.036393 0.084493 0.675751 0.731367
2103 19.1 0.301 0.35 0.039185 0.081586 0.661803 0.744194
2104 19.1 0.315 0.356 0.050699 0.069375 0.651632 0.753653
2105 19.1 0.332 0.361 0.063009 0.051794 0.641715 0.762594
2106 19.1 0.354 0.367 0.073524 0.036417 0.629883 0.772344
2107 19.2 0.379 0.375 0.080007 0.020785 0.612476 0.786155
2108 19.2 0.406 0.381 0.079693 0.014502 0.594065 0.800329
2109 19.2 0.432 0.389 0.080858 0.009998 0.571974 0.816216
2110 19.2 0.454 0.392 0.084822 0.001699 0.549445 0.831212
2111 19.3 0.473 0.387 0.085781 -0.001273 0.525465 0.846479
2112 19.3 0.485 0.377 0.076799 0.013956 0.497167 0.864137
2113 19.3 0.488 0.364 0.065732 0.029427 0.468603 0.880469
2114 19.3 0.483 0.353 0.055172 0.045238 0.439185 0.895559
2115 19.4 0.473 0.344 0.0464 0.060539 0.409152 0.909273
2116 19.4 0.461 0.334 0.040538 0.075225 0.378912 0.921479
2117 19.4 0.451 0.322 0.035678 0.087257 0.351526 0.93142
2118 19.4 0.437 0.313 0.028947 0.097798 0.32505 0.940181
2119 19.4 0.42 0.307 0.028128 0.104747 0.299882 0.947791
2120 19.5 0.402 0.301 0.028982 0.111189 0.275085 0.954529
2121 19.5 0.383 0.296 0.029032 0.122207 0.253005 0.959276
2122 19.5 0.365 0.291 0.032219 0.125806 0.2301 0.964463
2123 19.5 0.345 0.285 0.033769 0.132054 0.210584 0.968027
2124 19.6 0.323 0.28 0.037555 0.13864 0.189847 0.97125
2125 19.6 0.302 0.278 0.038682 0.140161 0.168551 0.97491
2126 19.6 0.28 0.275 0.038073 0.137158 0.150627 0.978289
2127 19.7 0.262 0.271 0.038859 0.136241 0.1365 0.980457
2128 19.7 0.247 0.267 0.038889 0.136452 0.128808 0.981467
2129 19.8 0.233 0.267 0.03621 0.138666 0.124651 0.981796
2130 19.8 0.222 0.264 0.036238 0.132686 0.123397 0.982779
2131 19.8 0.213 0.261 0.039557 0.136792 0.113601 0.983269
2132 19.8 0.207 0.258 0.045257 0.133935 0.098519 0.985042
2133 19.9 0.204 0.255 0.046353 0.135548 0.078377 0.986578
2134 19.9 0.205 0.253 0.04449 0.129389 0.052877 0.989183
2135 19.9 0.209 0.25 0.043375 0.127182 0.023171 0.99066
2136 20 0.213 0.249 0.041416 0.129724 -0.005878 0.990667
2137 20 0.212 0.247 0.037983 0.133985 -0.037757 0.989535
2138 20 0.21 0.249 0.034931 0.135702 -0.070542 0.987618
2139 20 0.207 0.251 0.033799 0.129929 -0.106844 0.98517
2140 20 0.201 0.255 0.032579 0.125747 -0.140477 0.981526
2141 20 0.195 0.26 0.032755 0.120067 -0.165809 0.978273
2142 20 0.189 0.27 0.032567 0.107594 -0.184983 0.976291
2143 20.1 0.188 0.283 0.029564 0.086099 -0.19148 0.977266
2144 20.1 0.191 0.298 0.022831 0.05321 -0.186752 0.980699
2145 20.1 0.197 0.313 0.016929 0.019696 -0.16944 0.985198
2146 20.1 0.205 0.327 0.015935 -0.007616 -0.142813 0.989592
2147 20.1 0.215 0.338 0.017798 -0.031699 -0.114439 0.992765
2148 20.1 0.23 0.344 0.019381 -0.044233 -0.075321 0.995989
2149 20.2 0.249 0.345 0.021416 -0.049777 -0.027357 0.998156
2150 20.2 0.274 0.343 0.026375 -0.049434 0.026237 0.998084
2151 20.2 0.304 0.336 0.027634 -0.048975 0.078098 0.995358
2152 20.2 0.34 0.329 0.027913 -0.043516 0.115834 0.991922
2153 20.2 0.38 0.323 0.027699 -0.044326 0.145771 0.987937
2154 20.2 0.428 0.319 0.02754 -0.039928 0.166683 0.984817
2155 20.2 0.486 0.316 0.03217 -0.039108 0.180227 0.982321
2156 20.2 0.551 0.315 0.035117 -0.037526 0.183438 0.981687
2157 20.2 0.617 0.313 0.036193 -0.03391 0.190445 0.980444
2158 20.2 0.683 0.309 0.037118 -0.02637 0.199352 0.97887
2159 20.2 0.747 0.302 0.036054 -0.020552 0.208946 0.977046
2160 20.3 0.81 0.292 0.035217 -0.016814 0.221752 0.974322
2161 20.3 0.87 0.277 0.040276 -0.011217 0.236986 0.970613
2162 20.3 0.925 0.263 0.046388 -0.00992 0.243519 0.968735
2163 20.4 0.98 0.249 0.054527 -0.011245 0.244539 0.96804
2164 20.4 1.03 0.236 0.056993 -0.019576 0.248112 0.966855
2165 20.4 1.09 0.218 0.051198 -0.024757 0.254587 0.965376
2166 20.5 1.15 0.196 0.046499 -0.018296 0.260675 0.964133
2167 20.5 1.2 0.173 0.040821 -0.004576 0.263515 0.96378
2168 20.5 1.26 0.145 0.039065 -0.000862 0.261291 0.964469
2169 20.6 1.31 0.111 0.034499 -8.2e-05 0.250258 0.967564
2170 20.6 1.38 0.0727 0.028503 0.005472 0.236253 0.971258
2171 20.6 1.43 0.0316 0.031764 0.008541 0.219169 0.975132
2172 20.6 1.48 -0.0135 0.040288 0.008563 0.20301 0.97831
2173 20.7 1.53 -0.0602 0.041352 0.006581 0.186954 0.981476
2174 20.7 1.56 -0.114 0.040692 0.006028 0.175672 0.983589
2175 20.7 1.59 -0.175 0.039354 0.006225 0.178235 0.983181
2176 20.8 1.62 -0.238 0.028003 0.019236 0.191107 0.980981
2177 20.8 1.64 -0.295 0.006905 0.034388 0.202494 0.978655
2178 20.9 1.65 -0.34 -0.00418 0.031157 0.20377 0.978514
2179 20.9 1.65 -0.379 -0.011567 0.02721 0.192338 0.980883
2180 21 1.65 -0.407 -0.006747 0.043953 0.172345 0.984032
2181 21 1.64 -0.425 -0.004759 0.058114 0.158821 0.985584
2182 21.1 1.63 -0.433 -0.00414 0.056623 0.134549 0.989279
2183 21.1 1.61 -0.439 -0.005304 0.061203 0.099465 0.993143
2184 21.2 1.6 -0.436 0.006049 0.079867 0.072794 0.994126
2185 21.2 1.59 -0.429 0.019294 0.085238 0.058842 0.994434
2186 21.2 1.59 -0.421 0.040145 0.103237 0.045926 0.992785
2187 21.2 1.59 -0.412 0.055212 0.106327 0.026272 0.992449
2188 21.3 1.59 -0.411 0.067363 0.104584 0.017982 0.992069
2189 21.3 1.6 -0.415 0.077899 0.10465 0.004592 0.991443
2190 21.3 1.6 -0.424 0.073443 0.094151 -0.019613 0.992652
2191 21.4 1.6 -0.429 0.073347 0.091006 -0.051782 0.991795
2192 21.4 1.6 -0.421 0.05997 0.078569 -0.092192 0.990823
2193 21.4 1.6 -0.399 0.034529 0.081144 -0.126455 0.988045
2194 21.5 1.58 -0.367 0.031566 0.095996 -0.152441 0.983133
2195 21.5 1.57 -0.335 0.028583 0.108401 -0.174572 0.978242
2196 21.5 1.56 -0.306 0.026972 0.112826 -0.188607 0.975177
2197 21.6 1.55 -0.282 0.017679 0.114538 -0.200592 0.972796
2198 21.6 1.53 -0.264 0.02883 0.113523 -0.21236 0.970147
2199 21.6 1.5 -0.255 0.043185 0.122619 -0.233327 0.963669
2200 21.7 1.47 -0.251 0.062364 0.124703 -0.262515 0.954801
2201 21.7 1.45 -0.239 0.062304 0.120134 -0.29511 0.945831
2202 21.7 1.42 -0.222 0.05379 0.099337 -0.329932 0.937221
2203 21.7 1.4 -0.201 0.055807 0.101932 -0.362312 0.924784
2204 21.8 1.37 -0.179 0.070576 0.101265 -0.395096 0.91031
2205 21.8 1.35 -0.16 0.079254 0.091538 -0.434048 0.892716
2206 21.8 1.34 -0.144 0.078577 0.089663 -0.471986 0.873507
2207 21.8 1.33 -0.129 0.072839 0.086748 -0.513126 0.850806
2208 21.8 1.31 -0.117 0.07102 0.075308 -0.552172 0.827279
2209 21.8 1.3 -0.108 0.066703 0.062646 -0.589587 0.802504
2210 21.9 1.28 -0.101 0.064656 0.058916 -0.620628 0.779211
2211 21.9 1.27 -0.0937 0.06269 0.056738 -0.643378 0.760865
2212 21.8 1.25 -0.089 0.056262 0.051194 -0.665958 0.742101
2213 21.8 1.23 -0.0859 0.049744 0.044826 -0.685121 0.725345
2214 21.8 1.21 -0.0862 0.047605 0.03949 -0.698693 0.712743
2215 21.8 1.18 -0.0853 0.04497 0.033606 -0.709675 0.702289
2216 21.8 1.14 -0.0783 0.039478 0.018654 -0.716745 0.695967
2217 21.8 1.1 -0.0673 0.024646 0.000647 -0.720716 0.692792
2218 21.8 1.05 -0.0585 0.011056 -0.01615 -0.722592 0.690998
2219 21.8 1 -0.0555 0.008568 -0.022949 -0.718141 0.695466
2220 21.8 0.962 -0.0534 0.003449 -0.024606 -0.711724 0.702019
2221 21.8 0.926 -0.0521 -0.006098 -0.029491 -0.700687 0.712833
2222 21.8 0.895 -0.0526 -0.008812 -0.030406 -0.689338 0.723748
2223 21.8 0.866 -0.0579 -0.014711 -0.033173 -0.676446 0.735597
2224 21.8 0.837 -0.0658 -0.014016 -0.029475 -0.661186 0.749512
2225 21.8 0.808 -0.0748 -0.012448 -0.024624 -0.647711 0.761386
2226 21.9 0.779 -0.0824 -0.015969 -0.021492 -0.633906 0.772946
2227 21.9 0.749 -0.0891 -0.024203 -0.016187 -0.621255 0.783067
2228 21.9 0.72 -0.0957 -0.031892 -0.003351 -0.607015 0.794043
2229 21.9 0.696 -0.101 -0.029806 0.010484 -0.593077 0.804526
2230 21.9 0.676 -0.106 -0.032306 0.007911 -0.580775 0.813384
2231 21.9 0.657 -0.108 -0.022858 0.01742 -0.566168 0.823789
2232 21.9 0.635 -0.11 -0.014281 0.016818 -0.550415 0.8346
2233 22 0.612 -0.112 -0.005658 0.013895 -0.531682 0.846811
2234 21.9 0.588 -0.11 0.005397 0.010711 -0.511962 0.858924
2235 21.9 0.561 -0.107 0.008803 0.003339 -0.499094 0.866497
2236 21.9 0.531 -0.108 0.006539 -0.000362 -0.494753 0.869009
2237 21.9 0.499 -0.112 0.006659 -0.00045 -0.495273 0.868712
2238 21.9 0.467 -0.119 0.007351 0.002895 -0.502308 0.864653
2239 21.8 0.439 -0.124 0.006493 0.006687 -0.514328 0.857543
2240 21.8 0.415 -0.125 0.00518 0.01102 -0.529353 0.848314
2241 21.8 0.392 -0.126 0.002684 0.010957 -0.545943 0.837746
2242 21.8 0.369 -0.127 0.005354 0.014555 -0.569268 0.822006
2243 21.8 0.346 -0.128 0.007356 0.016243 -0.593664 0.804516
2244 21.8 0.325 -0.128 0.0046 0.014099 -0.61981 0.784612
2245 21.8 0.304 -0.124 -0.002762 0.010934 -0.648824 0.760855
2246 21.8 0.283 -0.119 -0.010231 0.003506 -0.67433 0.738351
2247 21.8 0.267 -0.118 -0.016027 -0.004686 -0.69795 0.715952
2248 21.8 0.254 -0.119 -0.020955 -0.007432 -0.72024 0.693369
2249 21.9 0.244 -0.122 -0.028501 -0.005604 -0.738924 0.673163
2250 21.9 0.237 -0.125 -0.031981 -0.00097 -0.75355 0.656611
2251 21.9 0.233 -0.128 -0.032731 0.00103 -0.767788 0.639866
2252 21.9 0.233 -0.129 -0.030862 0.000115 -0.78236 0.622062
2253 21.9 0.233 -0.13 -0.032055 0.000544 -0.796442 0.603864
2254 21.9 0.233 -0.131 -0.033465 0.004338 -0.809425 0.586253
2255 21.9 0.236 -0.133 -0.035733 0.008747 -0.822382 0.567745
2256 21.9 0.241 -0.135 -0.038847 0.014124 -0.833821 0.550485
2257 21.8 0.246 -0.135 -0.041057 0.022751 -0.844894 0.532871
2258 21.8 0.256 -0.133 -0.044937 0.027537 -0.853915 0.517736
2259 21.8 0.266 -0.132 -0.049951 0.026703 -0.861902 0.503902
2260 21.8 0.275 -0.132 0.048907 -0.028123 0.868845 -0.491859
2261 21.8 0.286 -0.13 0.046958 -0.028865 0.871261 -0.487715
2262 21.8 0.298 -0.125 0.049684 -0.023288 0.874043 -0.482739
2263 21.8 0.311 -0.117 0.048126 -0.017041 0.875639 -0.48026
2264 21.7 0.325 -0.112 0.051233 -0.004866 0.876422 -0.478786
2265 21.7 0.34 -0.11 0.051326 0.004312 0.874646 -0.482018
2266 21.7 0.36 -0.111 0.047614 0.00853899 0.873733 -0.483994
2267 21.7 0.381 -0.118 0.044908 0.005499 0.872989 -0.485636
2268 21.7 0.4 -0.127 0.040229 1.5e-05 0.87486 -0.482703
2269 21.7 0.42 -0.14 0.026222 -0.011116 0.87929 -0.475434
2270 21.6 0.441 -0.149 0.010649 -0.022601 0.883886 -0.467034
2271 21.6 0.466 -0.155 0.006691 -0.026884 0.88789 -0.459221
2272 21.6 0.49 -0.161 -0.001417 -0.030027 0.890158 -0.454659
2273 21.6 0.513 -0.163 -0.012183 -0.030928 0.892739 -0.449347
2274 21.6 0.532 -0.162 -0.01905 -0.026881 0.897606 -0.439565
2275 21.6 0.55 -0.159 -0.025323 -0.025885 0.90824 -0.416879
2276 21.6 0.566 -0.155 -0.02225 -0.018949 0.921323 -0.387698
2277 21.6 0.579 -0.154 -0.017634 -0.017729 0.933535 -0.357613
2278 21.6 0.589 -0.154 -0.019279 -0.016907 0.944876 -0.326423
2279 21.6 0.599 -0.157 -0.021293 -0.016943 0.955087 -0.295073
2280 21.6 0.609 -0.161 -0.026522 -0.018929 0.963502 -0.265712
2281 21.6 0.62 -0.164 -0.029763 -0.020606 0.971222 -0.23541
2282 21.6 0.628 -0.168 -0.032779 -0.021268 0.977631 -0.206664
2283 21.6 0.638 -0.173 -0.037249 -0.02397 0.982741 -0.179606
2284 21.7 0.649 -0.179 -0.04363 -0.026805 0.986891 -0.15305
2285 21.7 0.661 -0.184 -0.052597 -0.027103 0.98952 -0.131715
2286 21.7 0.674 -0.19 -0.061675 -0.029799 0.991506 -0.11056
2287 21.7 0.687 -0.196 -0.06906 -0.033915 0.992823 -0.091559
2288 21.7 0.699 -0.202 -0.077555 -0.036457 0.993491 -0.075048
2289 21.7 0.708 -0.207 -0.082867 -0.038509 0.994013 -0.059904
2290 21.7 0.713 -0.212 -0.087748 -0.039212 0.99414 -0.049479
2291 21.7 0.714 -0.215 -0.092 -0.039371 0.994039 -0.043281
2292 21.7 0.709 -0.215 -0.092575 -0.038354 0.994076 -0.042087
2293 21.7 0.698 -0.214 -0.088568 -0.038157 0.994184 -0.047935
2294 21.7 0.682 -0.212 -0.083893 -0.038079 0.99386 -0.061267
2295 21.7 0.662 -0.208 -0.077619 -0.039167 0.992857 -0.081702
2296 21.7 0.643 -0.203 -0.066638 -0.038582 0.991692 -0.103045
2297 21.7 0.622 -0.2 -0.056101 -0.036648 0.990038 -0.123836
2298 21.7 0.596 -0.198 -0.052384 -0.042002 0.986967 -0.146249
2299 21.7 0.568 -0.197 -0.041364 -0.03757 0.984006 -0.169144
2300 21.7 0.533 -0.197 -0.03479 -0.036429 0.980236 -0.19131
2301 21.7 0.492 -0.195 -0.03327 -0.039146 0.972841 -0.225703
2302 21.7 0.444 -0.194 -0.026941 -0.041452 0.963952 -0.261445
2303 21.7 0.393 -0.195 -0.025941 -0.044456 0.951764 -0.302482
2304 21.7 0.338 -0.197 -0.019954 -0.04273 0.938189 -0.342895
2305 21.7 0.283 -0.202 -0.013553 -0.038087 0.923824 -0.380678
2306 21.7 0.227 -0.207 -0.014548 -0.036082 0.908684 -0.415667
2307 21.7 0.172 -0.214 -0.015712 -0.040338 0.893373 -0.447225
2308 21.7 0.12 -0.221 -0.030649 -0.051667 0.874343 -0.481577
2309 21.7 0.0712 -0.228 0.044473 0.063797 -0.854635 0.513373
2310 21.7 0.0289 -0.232 0.053271 0.077086 -0.835051 0.542134
2311 21.7 -0.0152 -0.239 0.058307 0.087384 -0.818191 0.565267
2312 21.7 -0.0598 -0.245 0.060083 0.095375 -0.804461 0.583212
2313 21.7 -0.104 -0.249 0.057153 0.095905 -0.79349 0.598255
2314 21.8 -0.145 -0.252 0.058693 0.093808 -0.780657 0.615085
2315 21.8 -0.186 -0.258 0.050659 0.094373 -0.766413 0.633355
2316 21.8 -0.224 -0.262 0.057033 0.093721 -0.748905 0.653532
2317 21.8 -0.259 -0.265 0.059007 0.091356 -0.727543 0.677387
2318 21.8 -0.293 -0.271 0.057695 0.090546 -0.703203 0.702836
2319 21.8 -0.329 -0.276 0.06054 0.093976 -0.677623 0.726863
2320 21.9 -0.367 -0.278 0.062566 0.092777 -0.647799 0.753548
2321 21.9 -0.403 -0.278 0.064094 0.095604 -0.616554 0.778853
2322 21.9 -0.437 -0.278 0.058822 0.085114 -0.58662 0.803226
2323 21.9 -0.471 -0.276 0.056626 0.085054 -0.559628 0.822421
2324 21.9 -0.503 -0.271 0.052006 0.078559 -0.536559 0.838587
2325 21.8 -0.532 -0.266 0.043059 0.064853 -0.524796 0.847661
2326 21.8 -0.562 -0.262 0.036858 0.049735 -0.522192 0.850578
2327 21.8 -0.595 -0.264 0.037719 0.039607 -0.527972 0.847499
2328 21.8 -0.632 -0.271 0.040542 0.03267 -0.541277 0.839231
2329 21.8 -0.673 -0.28 0.040763 0.02538 -0.560494 0.826765
2330 21.8 -0.714 -0.288 0.030999 0.010009 -0.585852 0.809763
2331 21.8 -0.758 -0.291 0.02201 0.011025 -0.613204 0.789541
2332 21.8 -0.8 -0.287 0.014812 0.011528 -0.63836 0.769509
2333 21.8 -0.838 -0.284 0.008616 0.007098 -0.664436 0.747262
2334 21.8 -0.874 -0.283 0.010694 0.007326 -0.68368 0.729667
2335 21.8 -0.905 -0.279 0.004367 0.001351 -0.683116 0.730296
2336 21.8 -0.938 -0.277 -0.005538 -0.012686 -0.675635 0.737106
2337 21.8 -0.974 -0.278 -0.00927299 -0.021071 -0.657127 0.753429
2338 21.8 -1.01 -0.278 -0.013819 -0.037193 -0.628864 0.776503
2339 21.8 -1.05 -0.279 -0.013522 -0.043905 -0.594167 0.803028
2340 21.8 -1.08 -0.281 -0.013561 -0.052176 -0.553874 0.830853
2341 21.8 -1.11 -0.281 -0.003969 -0.059252 -0.51464 0.855347
2342 21.8 -1.14 -0.279 0.007098 -0.065113 -0.479907 0.874871
2343 21.8 -1.14 -0.278 0.0157 -0.075747 -0.444958 0.892204
2344 21.8 -1.14 -0.278 0.023306 -0.085206 -0.410983 0.907353
2345 21.8 -1.13 -0.282 0.029852 -0.092011 -0.377511 0.920939
2346 21.8 -1.11 -0.285 0.03461 -0.095656 -0.350379 0.931068
2347 21.8 -1.08 -0.288 0.038023 -0.095547 -0.329342 0.938594
2348 21.8 -1.07 -0.293 0.033193 -0.091063 -0.313089 0.944765
2349 21.8 -1.06 -0.296 0.033574 -0.076759 -0.310738 0.946796
2350 21.8 -1.06 -0.297 0.039165 -0.064526 -0.323021 0.943377
2351 21.8 -1.07 -0.296 0.035793 -0.063608 -0.347146 0.934967
2352 21.8 -1.09 -0.295 0.030898 -0.065513 -0.368655 0.92674
2353 21.8 -1.12 -0.294 0.029721 -0.065708 -0.393898 0.916321
2354 21.8 -1.15 -0.293 0.030984 -0.07212 -0.417987 0.905055
2355 21.8 -1.18 -0.292 0.037621 -0.079126 -0.440475 0.893479
2356 21.8 -1.22 -0.291 0.040149 -0.088078 -0.474585 0.874871
2357 21.8 -1.26 -0.294 0.040825 -0.085411 -0.50733 0.856536
2358 21.8 -1.29 -0.3 0.037385 -0.086914 -0.538233 0.837468
2359 21.8 -1.31 -0.303 0.030726 -0.077407 -0.571637 0.816269
2360 21.8 -1.33 -0.305 0.020018 -0.075768 -0.606458 0.791244
2361 21.8 -1.35 -0.306 0.010805 -0.069637 -0.642711 0.762861
2362 21.8 -1.37 -0.307 0.001026 -0.062115 -0.677891 0.732533
2363 21.8 -1.38 -0.307 -0.004715 -0.057277 -0.709597 0.70226
2364 21.8 -1.4 -0.306 -0.017488 -0.058972 -0.738954 0.670942
2365 21.8 -1.42 -0.304 -0.022601 -0.067251 -0.766354 0.638489
2366 21.8 -1.44 -0.303 -0.029161 -0.066675 -0.791336 0.607035
2367 21.8 -1.46 -0.302 -0.041494 -0.049396 -0.815347 0.575367
2368 21.8 -1.47 -0.305 -0.058419 -0.038943 -0.83449 0.546532
2369 21.8 -1.5 -0.306 -0.066982 -0.022934 -0.851033 0.520317
2370 21.8 -1.52 -0.308 0.072421 0.016443 0.865465 -0.495435
2371 21.8 -1.55 -0.307 0.08639 0.022963 0.880563 -0.465422
2372 21.7 -1.57 -0.305 0.112296 0.035796 0.894241 -0.431788
2373 21.7 -1.58 -0.304 0.119772 0.045139 0.907721 -0.399575
2374 21.7 -1.6 -0.301 0.12271 0.047652 0.923284 -0.360857
2375 21.6 -1.6 -0.297 0.131771 0.040769 0.936177 -0.323338
2376 21.6 -1.6 -0.29 0.146298 0.035833 0.94862 -0.278269
2377 21.6 -1.59 -0.284 0.164381 0.031008 0.958896 -0.229207
2378 21.6 -1.59 -0.282 0.17936 0.026137 0.967937 -0.173911
2379 21.6 -1.59 -0.281 0.191682 0.018034 0.974761 -0.113025
2380 21.6 -1.59 -0.278 0.205761 0.01363 0.977246 -0.049667
2381 21.6 -1.59 -0.274 0.213903 0.012507 0.976666 0.014546
2382 21.6 -1.59 -0.275 0.211274 0.011584 0.974215 0.078324
2383 21.6 -1.6 -0.279 0.200674 0.006381 0.969541 0.140287
2384 21.6 -1.59 -0.286 0.194664 0.003989 0.960014 0.201154
2385 21.7 -1.58 -0.293 0.19226 0.000585 0.945084 0.264294
2386 21.7 -1.57 -0.301 0.188684 -0.00116 0.925871 0.327353
2387 21.7 -1.54 -0.308 0.184916 -4.1e-05 0.9057 0.381463
2388 21.7 -1.52 -0.315 0.178164 0.001534 0.886886 0.42625
2389 21.7 -1.49 -0.319 0.162581 0.007156 0.87141 0.462775
2390 21.7 -1.46 -0.318 0.15123 0.018375 0.856329 0.493449
2391 21.7 -1.41 -0.316 0.13549 0.030926 0.843773 0.518394
2392 21.7 -1.37 -0.313 0.121743 0.041013 0.831465 0.54052
2393 21.8 -1.33 -0.313 0.111293 0.048556 0.819063 0.560706
2394 21.8 -1.3 -0.314 0.09924 0.050679 0.807801 0.578827
2395 21.8 -1.26 -0.319 0.08489 0.051244 0.797569 0.595022
2396 21.8 -1.22 -0.325 0.066145 0.056097 0.786758 0.611138
2397 21.8 -1.19 -0.329 0.051558 0.063105 0.776865 0.624372
2398 21.8 -1.16 -0.334 0.041323 0.062182 0.765992 0.6385
2399 21.8 -1.12 -0.338 0.032355 0.0597 0.757112 0.649747
2400 21.8 -1.07 -0.342 0.025467 0.05095 0.748486 0.660699
2401 21.7 -1.02 -0.345 0.018268 0.047188 0.743589 0.666719
2402 21.7 -0.966 -0.345 0.006004 0.044199 0.738113 0.673202
2403 21.7 -0.911 -0.339 -0.018239 0.050766 0.733595 0.677442
2404 21.7 -0.865 -0.333 -0.024232 0.046336 0.72631 0.685376
2405 21.7 -0.824 -0.331 -0.024797 0.043174 0.71393 0.698444
2406 21.7 -0.787 -0.327 -0.034689 0.052455 0.704819 0.706594
2407 21.7 -0.751 -0.325 -0.034536 0.052836 0.694009 0.717194
2408 21.7 -0.71 -0.325 -0.033446 0.053086 0.682198 0.728471
2409 21.8 -0.662 -0.326 -0.02414 0.054397 0.673048 0.737201
2410 21.8 -0.604 -0.325 -0.01714 0.055005 0.664703 0.744883
2411 21.8 -0.544 -0.318 -0.003426 0.051417 0.661315 0.748336
2412 21.8 -0.483 -0.309 0.011988 0.053764 0.656339 0.752452
2413 21.8 -0.425 -0.298 0.014473 0.059114 0.657923 0.750622
2414 21.8 -0.377 -0.289 0.017046 0.054726 0.663936 0.74559
2415 21.8 -0.335 -0.281 0.018302 0.052034 0.667069 0.742951
2416 21.8 -0.293 -0.278 0.021353 0.047258 0.669376 0.741112
2417 21.8 -0.245 -0.277 0.022033 0.043845 0.669392 0.741287
2418 21.8 -0.192 -0.275 0.024888 0.040794 0.667681 0.742912
2419 21.8 -0.131 -0.272 0.030206 0.031239 0.667321 0.743501
2420 21.8 -0.0641 -0.267 0.041455 0.01185 0.662333 0.747968
2421 21.8 0.00325 -0.258 0.033776 0.00796 0.659963 0.750496
2422 21.8 0.0631 -0.248 0.030051 0.004186 0.661472 0.749356
2423 21.8 0.113 -0.242 0.032006 -0.004435 0.659198 0.751275
2424 21.7 0.159 -0.241 0.027528 -0.002573 0.668185 0.743481
2425 21.7 0.203 -0.243 0.02421 0.001422 0.682277 0.730692
2426 21.7 0.248 -0.245 0.017996 0.00471 0.697882 0.715972
2427 21.7 0.296 -0.244 0.012556 0.006123 0.713274 0.700746
2428 21.7 0.348 -0.242 0.015451 0.005301 0.727799 0.685596
2429 21.7 0.402 -0.238 0.021482 0.002259 0.741255 0.670875
2430 21.7 0.459 -0.234 0.023639 0.001393 0.751928 0.65882
2431 21.7 0.514 -0.231 0.023829 0.001664 0.761713 0.647474
2432 21.8 0.566 -0.226 0.017445 0.0053 0.776573 0.629763
2433 21.8 0.607 -0.226 0.013109 0.005003 0.792347 0.609909
2434 21.8 0.642 -0.227 0.007835 0.005615 0.805858 0.592031
2435 21.7 0.676 -0.23 0.00625 0.009295 0.811849 0.58376
2436 21.7 0.714 -0.234 0.004264 0.015465 0.814643 0.579741
2437 21.7 0.758 -0.238 0.00252 0.020295 0.808904 0.587585
2438 21.7 0.809 -0.239 0.001065 0.020503 0.80021 0.599369
2439 21.7 0.867 -0.237 0.003876 0.013048 0.786999 0.616804
2440 21.7 0.925 -0.235 0.005227 0.00571 0.768164 0.640206
2441 21.7 0.978 -0.23 0.001166 0.010473 0.749964 0.661395
2442 21.7 1.03 -0.223 0.00345 0.01552 0.727001 0.686452
2443 21.7 1.07 -0.217 0.007192 0.020876 0.700531 0.71328
2444 21.7 1.11 -0.212 0.005685 0.032264 0.674902 0.737179
2445 21.8 1.15 -0.214 0.009357 0.037292 0.649057 0.759767
2446 21.8 1.19 -0.219 0.014137 0.04348 0.626614 0.777988
2447 21.8 1.23 -0.225 0.021527 0.04595 0.605781 0.794012
2448 21.8 1.28 -0.231 0.030904 0.045768 0.587522 0.807322
2449 21.8 1.33 -0.233 0.025302 0.060354 0.574114 0.816156
2450 21.8 1.37 -0.227 0.01856 0.066087 0.571581 0.817669
2451 21.8 1.41 -0.224 0.020485 0.063174 0.581603 0.810757
2452 21.8 1.44 -0.223 0.013714 0.058998 0.591922 0.803716
2453 21.8 1.47 -0.223 0.018069 0.06131 0.604051 0.794379
2454 21.8 1.48 -0.222 0.021624 0.070222 0.599502 0.796994
2455 21.8 1.5 -0.221 0.027198 0.071733 0.588504 0.804846
2456 21.8 1.51 -0.222 0.027334 0.076184 0.569373 0.818085
2457 21.8 1.54 -0.223 0.02824 0.079131 0.541526 0.836475
2458 21.8 1.56 -0.222 0.027593 0.078524 0.507178 0.857813
2459 21.9 1.6 -0.219 0.028204 0.074304 0.467804 0.880251
2460 21.9 1.63 -0.21 0.030625 0.07607 0.428043 0.90003
2461 21.9 1.66 -0.202 0.038182 0.062049 0.387952 0.918796
2462 21.9 1.69 -0.199 0.042365 0.059511 0.349817 0.933966
2463 21.9 1.71 -0.197 0.044882 0.060825 0.311601 0.947201
2464 21.9 1.72 -0.196 0.04556 0.065172 0.27402 0.958431
2465 21.9 1.73 -0.195 0.042008 0.069177 0.239333 0.967559
2466 21.9 1.74 -0.192 0.037793 0.072923 0.211322 0.973959
2467 21.9 1.76 -0.192 0.038255 0.072201 0.185086 0.97932
2468 21.9 1.77 -0.194 0.041462 0.07079 0.161509 0.983455
2469 21.9 1.79 -0.198 0.04808 0.068828 0.138015 0.986865
2470 21.9 1.81 -0.202 0.060347 0.063735 0.112574 0.989759
2471 21.9 1.84 -0.201 0.072104 0.065956 0.081093 0.991905
2472 22 1.86 -0.195 0.080485 0.072379 0.050283 0.992852
2473 22 1.87 -0.187 0.086388 0.063402 0.02442 0.993942
2474 22 1.89 -0.182 0.079607 0.060558 0.001991 0.994983
2475 22 1.9 -0.182 0.07451 0.063554 -0.027393 0.994816
2476 22 1.92 -0.188 0.075471 0.068865 -0.066607 0.992535
2477 22 1.94 -0.192 0.07415 0.074034 -0.114106 0.987927
2478 22 1.97 -0.195 0.069992 0.076477 -0.164836 0.980858
2479 22 2 -0.193 0.072699 0.079942 -0.213522 0.970944
2480 21.9 2.02 -0.191 0.076541 0.073475 -0.259217 0.959974
2481 21.9 2.04 -0.189 0.076221 0.077026 -0.296424 0.948889
2482 21.9 2.04 -0.195 0.073669 0.077396 -0.325752 0.939398
2483 21.9 2.03 -0.206 0.06933 0.077276 -0.348038 0.931714
2484 21.9 2 -0.221 0.061532 0.077529 -0.363468 0.926334
2485 22 1.97 -0.236 0.0497 0.076384 -0.373363 0.923198
2486 22 1.93 -0.251 0.041017 0.074835 -0.377055 0.922251
2487 22 1.88 -0.267 0.037126 0.070028 -0.367835 0.926507
2488 22.1 1.84 -0.29 0.031829 0.056901 -0.354434 0.932805
2489 22.1 1.8 -0.322 0.021943 0.038079 -0.348 0.936464
2490 22.1 1.76 -0.356 0.010349 0.030698 -0.346488 0.937495
2491 22.2 1.73 -0.393 0.010542 0.027375 -0.347766 0.937122
2492 22.2 1.7 -0.44 0.014841 0.023213 -0.345665 0.937953
2493 22.3 1.67 -0.491 0.02303 0.032328 -0.337797 0.940382
2494 22.3 1.66 -0.541 0.022551 0.04008 -0.331529 0.942323
2495 22.4 1.65 -0.582 0.023989 0.050216 -0.314498 0.947625
2496 22.4 1.64 -0.61 0.022152 0.065276 -0.302768 0.950568
2497 22.5 1.62 -0.621 0.026477 0.073467 -0.287332 0.954642
2498 22.6 1.6 -0.609 0.032224 0.068055 -0.278149 0.957582
2499 22.7 1.58 -0.59 0.038454 0.051163 -0.269496 0.960872
2500 22.8 1.56 -0.565 0.038805 0.051266 -0.25222 0.965531
2501 22.9 1.55 -0.537 0.031305 0.047353 -0.232035 0.97105
2502 22.9 1.52 -0.508 0.022734 0.033053 -0.210714 0.976724
2503 23 1.49 -0.478 0.016349 0.026535 -0.194232 0.98046
2504 23.1 1.46 -0.443 0.004334 0.037088 -0.184527 0.982118
2505 23.1 1.42 -0.41 -0.001716 0.036888 -0.18174 0.982653
2506 23.2 1.39 -0.371 0.012985 0.042851 -0.197914 0.979196
2507 23.3 1.35 -0.333 0.024476 0.023826 -0.221525 0.974556
2508 23.3 1.32 -0.29 0.035612 0.052839 -0.249296 0.966329
2509 23.4 1.3 -0.241 0.052998 0.067878 -0.26813 0.959526
2510 23.4 1.29 -0.197 0.050626 0.067535 -0.284706 0.954892
2511 23.5 1.27 -0.158 0.053128 0.086067 -0.296513 0.949658
2512 23.6 1.27 -0.121 0.053796 0.108061 -0.30732 0.943919
2513 23.6 1.26 -0.0865 0.062075 0.126386 -0.321622 0.93634
2514 23.7 1.26 -0.0466 0.059535 0.129353 -0.343073 0.928453
2515 23.7 1.26 -0.0115 0.046193 0.114911 -0.374819 0.918788
2516 23.8 1.25 0.014 0.037474 0.090897 -0.405133 0.908956
2517 23.8 1.23 0.0222 0.046493 0.088079 -0.420529 0.901796
2518 23.9 1.2 0.0223 0.056082 0.099823 -0.423854 0.898464
2519 23.9 1.18 0.0141 0.051601 0.096031 -0.426695 0.897801
2520 24 1.15 0.00345 0.052806 0.08462 -0.431578 0.896544
2521 24 1.11 -0.00747 0.050021 0.080239 -0.431264 0.897257
2522 24 1.08 -0.0107 0.065375 0.090568 -0.431734 0.895058
2523 24.1 1.06 -0.0089 0.071168 0.093383 -0.434915 0.892784
2524 24.1 1.04 -0.00694 0.065928 0.087265 -0.442636 0.890007
2525 24.2 1.02 -0.0116 0.0599 0.086321 -0.455348 0.884092
2526 24.2 1.02 -0.0185 0.056291 0.088111 -0.473127 0.874768
2527 24.2 1.02 -0.0243 0.050243 0.085774 -0.496627 0.862253
2528 24.3 1.02 -0.0246 0.05403 0.088391 -0.527267 0.843361
2529 24.3 1.02 -0.0238 0.05333 0.085275 -0.553134 0.826999
2530 24.3 1.02 -0.0221 0.055013 0.087997 -0.582273 0.806343
2531 24.3 1.01 -0.0208 0.055954 0.091617 -0.607126 0.78732
2532 24.3 1 -0.0201 0.053725 0.096733 -0.626937 0.771172
2533 24.3 0.983 -0.0205 0.047695 0.097163 -0.644766 0.756678
2534 24.3 0.96 -0.0232 0.045225 0.098176 -0.662795 0.740958
2535 24.3 0.931 -0.0253 0.045498 0.095526 -0.677834 0.727562
2536 24.3 0.896 -0.0256 0.042453 0.086947 -0.691019 0.716331
2537 24.2 0.858 -0.0238 0.044163 0.083026 -0.700757 0.707175
2538 24.2 0.82 -0.0212 0.041081 0.075025 -0.713655 0.695255
2539 24.2 0.783 -0.0185 0.04322 0.071573 -0.72509 0.683559
2540 24.2 0.75 -0.0177 0.044567 0.072407 -0.733941 0.673871
2541 24.1 0.722 -0.0181 0.045518 0.074066 -0.74205 0.664684
2542 24.1 0.699 -0.0209 0.045282 0.07721 -0.751629 0.653485
2543 24.1 0.675 -0.0239 0.045286 0.075809 -0.768177 0.634118
2544 24.1 0.646 -0.0275 0.045589 0.077533 -0.787273 0.61001
2545 24.1 0.614 -0.0308 0.044497 0.080558 -0.807104 0.583193
2546 24.1 0.581 -0.031 0.040441 0.079286 -0.827002 0.555109
2547 24.1 0.548 -0.0288 0.035471 0.073796 -0.845314 0.527959
2548 24.1 0.517 -0.0275 0.028213 0.068809 -0.860259 0.504404
2549 24.1 0.49 -0.0282 -0.032205 -0.067418 0.874441 -0.479345
2550 24.1 0.472 -0.0303 -0.030919 -0.061369 0.889251 -0.452229
2551 24.1 0.46 -0.0336 -0.036054 -0.063295 0.900862 -0.42795
2552 24.1 0.454 -0.0354 -0.036419 -0.067869 0.909731 -0.407992
2553 24.1 0.455 -0.0361 -0.036255 -0.068093 0.918085 -0.388805
2554 24.1 0.465 -0.035 -0.034424 -0.06829 0.925585 -0.370735
2555 24.1 0.48 -0.0361 -0.031287 -0.064521 0.932984 -0.352702
2556 24.1 0.5 -0.0369 -0.029486 -0.060506 0.939521 -0.335813
2557 24.2 0.525 -0.0374 -0.031724 -0.058489 0.944891 -0.320551
2558 24.2 0.552 -0.0375 -0.030462 -0.053874 0.949248 -0.308378
2559 24.2 0.578 -0.038 -0.035176 -0.053806 0.952946 -0.296245
2560 24.2 0.606 -0.0383 -0.035944 -0.052428 0.955557 -0.287872
2561 24.2 0.634 -0.0402 -0.040858 -0.049658 0.959109 -0.275636
2562 24.2 0.656 -0.0409 -0.046243 -0.047696 0.962481 -0.263093
2563 24.3 0.67 -0.0376 -0.047675 -0.04771 0.964038 -0.257065
2564 24.3 0.677 -0.0376 -0.04194 -0.047649 0.964554 -0.256139
2565 24.3 0.675 -0.0376 -0.042678 -0.046381 0.963461 -0.260326
2566 24.3 0.666 -0.0362 -0.039555 -0.043705 0.961349 -0.268948
2567 24.3 0.652 -0.0345 -0.037871 -0.041634 0.957862 -0.281661
2568 24.3 0.636 -0.0321 -0.034517 -0.041979 0.954074 -0.2946
2569 24.2 0.62 -0.0311 -0.033138 -0.04059 0.951336 -0.303669
2570 24.2 0.607 -0.0319 -0.033484 -0.041115 0.951859 -0.301916
2571 24.2 0.594 -0.0329 -0.029467 -0.043562 0.953966 -0.295269
2572 24.2 0.585 -0.0361 -0.026529 -0.044373 0.958666 -0.279798
2573 24.1 0.574 -0.0388 -0.032968 -0.04953 0.96419 -0.258454
2574 24.1 0.566 -0.0442 -0.044819 -0.053125 0.969763 -0.233941
2575 24.1 0.561 -0.0497 -0.058232 -0.053025 0.975629 -0.204804
2576 24 0.562 -0.0527 -0.074709 -0.051446 0.980285 -0.175538
2577 24 0.568 -0.053 -0.083571 -0.04562 0.984806 -0.145233
2578 24 0.576 -0.0505 -0.087592 -0.042848 0.988492 -0.115648
2579 24 0.581 -0.048 -0.084512 -0.03979 0.991755 -0.087734
2580 24 0.583 -0.0471 -0.082114 -0.035499 0.993858 -0.065143
2581 24 0.581 -0.047 -0.079542 -0.029607 0.995303 -0.046566
2582 23.9 0.575 -0.047 -0.073921 -0.025606 0.996508 -0.029203
2583 23.9 0.567 -0.0478 -0.067544 -0.02127 0.997451 -0.008781
2584 23.9 0.559 -0.0479 -0.063847 -0.012189 0.997793 0.013576
2585 23.9 0.551 -0.0478 -0.057769 -0.002464 0.997586 0.038454
2586 23.8 0.543 -0.0476 -0.05689 0.008565 0.996239 0.064788
2587 23.8 0.536 -0.047 -0.0587 0.014571 0.993968 0.091482
2588 23.8 0.529 -0.0464 -0.058896 0.018034 0.99178 0.112155
2589 23.8 0.521 -0.0443 -0.060953 0.019606 0.989881 0.126636
2590 23.8 0.512 -0.0423 -0.058979 0.018199 0.987673 0.143846
2591 23.8 0.504 -0.0425 -0.059568 0.020241 0.984369 0.164501
2592 23.8 0.494 -0.0429 -0.060616 0.023461 0.979943 0.188382
2593 23.8 0.477 -0.0429 -0.053228 0.024945 0.975235 0.213214
2594 23.8 0.455 -0.0426 -0.046772 0.026091 0.969295 0.239999
2595 23.8 0.43 -0.0442 -0.044017 0.028818 0.962918 0.264613
2596 23.8 0.402 -0.0485 -0.043149 0.030792 0.956718 0.286148
2597 23.8 0.375 -0.0535 -0.039717 0.03425 0.950435 0.306469
2598 23.8 0.347 -0.0592 -0.039445 0.038278 0.943416 0.327026
2599 23.9 0.322 -0.0662 -0.039849 0.037966 0.936085 0.34744
2600 23.9 0.299 -0.074 -0.051608 0.040142 0.929374 0.363304
2601 23.9 0.283 -0.0783 -0.056293 0.038457 0.922846 0.379088
2602 23.9 0.275 -0.0793 -0.05495 0.032283 0.918654 0.389888
2603 24 0.276 -0.0816 -0.051175 0.027676 0.91623 0.396407
2604 24 0.283 -0.086 -0.053222 0.027218 0.912292 0.405155
2605 24 0.298 -0.0858 -0.052583 0.03077 0.908177 0.414128
2606 24.1 0.317 -0.0824 -0.045254 0.03266 0.903473 0.424996
2607 24.1 0.338 -0.0773 -0.036535 0.03345 0.898433 0.436307
2608 24.2 0.356 -0.0739 -0.021953 0.030413 0.892232 0.450017
2609 24.2 0.376 -0.0721 -0.015465 0.03016 0.88552 0.463363
2610 24.3 0.398 -0.0721 -0.005559 0.028064 0.878019 0.47777
2611 24.3 0.42 -0.0727 -0.001048 0.026032 0.868227 0.495483
2612 24.4 0.441 -0.0709 3.4e-05 0.027284 0.856257 0.515829
2613 24.4 0.461 -0.0668 0.006996 0.03105 0.842734 0.537389
2614 24.4 0.482 -0.0629 0.011025 0.034577 0.829108 0.55791
2615 24.4 0.506 -0.0625 0.0177 0.039411 0.814345 0.57877
2616 24.4 0.536 -0.065 0.020819 0.046652 0.798209 0.600211
2617 24.4 0.575 -0.0683 0.017865 0.050746 0.781985 0.620971
2618 24.5 0.62 -0.069 0.016809 0.049329 0.764634 0.642354
2619 24.5 0.666 -0.0646 0.012797 0.049965 0.744255 0.665902
2620 24.5 0.712 -0.0595 0.017374 0.047309 0.725636 0.68623
2621 24.5 0.756 -0.0556 0.022984 0.046607 0.703493 0.7088
2622 24.5 0.793 -0.0527 0.023916 0.051935 0.682398 0.728741
2623 24.5 0.825 -0.0519 0.026513 0.052869 0.664363 0.745067
2624 24.6 0.859 -0.0531 0.028004 0.057025 0.650037 0.757242
2625 24.6 0.896 -0.0529 0.026696 0.061162 0.637866 0.767251
2626 24.6 0.941 -0.0512 0.030171 0.059286 0.630571 0.773276
2627 24.6 0.992 -0.0471 0.034846 0.055565 0.628415 0.775108
2628 24.6 1.04 -0.0409 0.0371 0.049127 0.630674 0.773603
2629 24.7 1.1 -0.0355 0.040961 0.048387 0.634477 0.770337
2630 24.7 1.15 -0.0287 0.034888 0.057656 0.647161 0.759369
2631 24.7 1.19 -0.0243 0.035238 0.047755 0.661508 0.747586
2632 24.7 1.22 -0.0196 0.033295 0.045784 0.67612 0.734613
2633 24.7 1.27 -0.015 0.036397 0.041153 0.691003 0.720761
2634 24.6 1.31 -0.0117 0.036135 0.034944 0.70727 0.705155
2635 24.6 1.36 -0.00959 0.038788 0.025806 0.722956 0.689322
2636 24.6 1.41 -0.00463 0.042637 0.012118 0.741636 0.669337
2637 24.6 1.46 0.00417 0.04476 0.001323 0.757071 0.651796
2638 24.5 1.5 0.0158 0.041619 0.001666 0.777392 0.627636
2639 24.5 1.54 0.0219 0.04649 -0.007582 0.795033 0.604735
2640 24.5 1.57 0.0235 0.040412 -0.003599 0.815338 0.577562
2641 24.4 1.6 0.0234 0.036504 0.001797 0.839071 0.542792
2642 24.4 1.62 0.0221 0.033536 0.004045 0.858777 0.511235
2643 24.4 1.64 0.0218 0.02765 0.007699 0.87756 0.478607
2644 24.4 1.67 0.0222 0.026147 0.005606 0.895197 0.444867
2645 24.3 1.69 0.0244 0.018514 0.003283 0.91288 0.407796
2646 24.3 1.71 0.026 0.017984 -2e-06 0.926328 0.376288
2647 24.3 1.73 0.0284 0.01877 -0.002782 0.938994 0.34341
2648 24.3 1.74 0.0278 0.018937 -0.005568 0.951 0.308559
2649 24.3 1.75 0.0238 0.015613 -0.006537 0.961649 0.273762
2650 24.3 1.75 0.018 0.005455 -0.005143 0.972214 0.233975
2651 24.3 1.74 0.0129 -0.007646 -0.008332 0.981231 0.192503
2652 24.3 1.73 0.00811 -0.024911 -0.010861 0.98764 0.154366
2653 24.3 1.71 0.00523 -0.035397 -0.009437 0.9924 0.117474
2654 24.2 1.69 0.00367 -0.040707 -0.014027 0.995701 0.082016
2655 24.2 1.66 0.00494 -0.040257 -0.02057 0.997851 0.047428
2656 24.2 1.63 0.00691 -0.043372 -0.026088 0.99859 0.015982
2657 24.2 1.6 0.0115 -0.040198 -0.030949 0.998629 -0.012937
2658 24.2 1.57 0.0214 -0.025667 -0.035483 0.998433 -0.034847
2659 24.1 1.54 0.034 0.003943 -0.035796 0.997896 -0.053909
2660 24.1 1.52 0.0462 0.035356 -0.033676 0.996214 -0.071922
2661 24.1 1.5 0.0551 0.055379 -0.03278 0.993756 -0.091147
2662 24.1 1.47 0.0631 0.07683 -0.031964 0.990383 -0.110531
2663 24.1 1.44 0.0683 0.100721 -0.030005 0.985843 -0.13065
2664 24.1 1.42 0.0694 0.114685 -0.033321 0.9802 -0.157941
2665 24.1 1.39 0.0686 0.12749 -0.036153 0.973619 -0.185754
2666 24.1 1.36 0.0664 0.131961 -0.037304 0.96759 -0.212047
2667 24.1 1.33 0.0615 0.129859 -0.038471 0.961509 -0.239075
2668 24.1 1.31 0.0558 0.119592 -0.039743 0.954711 -0.269529
2669 24.1 1.28 0.0525 0.107521 -0.040845 0.946505 -0.301495
2670 24.1 1.26 0.0505 0.098224 -0.044952 0.937041 -0.332094
2671 24 1.24 0.05 0.08639 -0.046538 0.926424 -0.36347
2672 24 1.22 0.0516 0.075189 -0.04379 0.914634 -0.394809
2673 24 1.19 0.0566 0.066043 -0.040252 0.901463 -0.42589
2674 24 1.16 0.0615 0.061806 -0.039516 0.886807 -0.456281
2675 24 1.14 0.0632 0.055433 -0.042122 0.87003 -0.488057
2676 24 1.11 0.0625 -0.051639 0.045158 -0.852148 0.518785
2677 24 1.09 0.0602 -0.048676 0.048495 -0.830466 0.552815
2678 24 1.06 0.0587 -0.042463 0.053868 -0.806318 0.587491
2679 24 1.05 0.0558 -0.040449 0.056603 -0.780749 0.62096
2680 24 1.03 0.0527 -0.03272 0.055961 -0.757474 0.649639
2681 24 1.02 0.0478 -0.022959 0.054863 -0.736342 0.673991
2682 24 1.02 0.0411 -0.014308 0.058458 -0.714289 0.697258
2683 24 1.01 0.0357 -0.005452 0.06303 -0.693703 0.717478
2684 24.1 1.01 0.034 0.000593 0.063807 -0.67649 0.733682
2685 24.1 1.02 0.0322 0.000271 0.064295 -0.662513 0.746286
2686 24.1 1.02 0.03 0.005543 0.070681 -0.650874 0.755868
2687 24.1 1.03 0.0277 0.004535 0.077027 -0.636407 0.767484
2688 24.2 1.04 0.0244 0.003369 0.080353 -0.619091 0.781191
2689 24.2 1.04 0.0227 0.006211 0.086195 -0.599262 0.795875
2690 24.2 1.04 0.0234 0.004618 0.088801 -0.570997 0.816122
2691 24.2 1.04 0.0278 0.001106 0.080008 -0.541281 0.837026
2692 24.2 1.03 0.0332 0.000591 0.063725 -0.510345 0.857605
2693 24.2 1.01 0.0381 -0.000136 0.056071 -0.477009 0.877108
2694 24.2 0.998 0.0418 -0.001245 0.052441 -0.441127 0.89591
2695 24.2 0.992 0.041 -0.00103 0.047205 -0.402888 0.914031
2696 24.1 0.995 0.0338 0.00277 0.052739 -0.357353 0.932475
2697 24.1 1 0.0273 0.010103 0.063185 -0.31194 0.947945
2698 24.1 1.02 0.0245 0.019419 0.069321 -0.277124 0.958133
2699 24.1 1.03 0.0268 0.027246 0.071023 -0.248727 0.965582
2700 24.1 1.05 0.031 0.030844 0.070391 -0.223554 0.971657
2701 24.1 1.08 0.0355 0.030836 0.069118 -0.201635 0.976532
2702 24.1 1.1 0.036 0.029011 0.06748 -0.181015 0.980734
2703 24.1 1.13 0.0346 0.028058 0.068247 -0.156871 0.984859
2704 24 1.16 0.0343 0.023168 0.076773 -0.134334 0.987686
2705 24 1.18 0.0345 0.019101 0.072935 -0.111585 0.990891
2706 24 1.21 0.0302 0.021727 0.077731 -0.088539 0.992797
2707 23.9 1.23 0.0263 0.020624 0.089486 -0.0664 0.993558
2708 23.9 1.24 0.0243 0.017372 0.090244 -0.041445 0.994905
2709 23.9 1.26 0.0237 0.015332 0.101212 -0.017476 0.994593
2710 23.9 1.27 0.023 0.011254 0.106664 0.008049 0.994199
2711 23.9 1.27 0.0216 0.010204 0.11275 0.034277 0.99298
2712 23.9 1.28 0.0219 0.007327 0.11609 0.063862 0.991156
2713 23.9 1.28 0.0263 0.005636 0.115638 0.095094 0.988713
2714 23.9 1.27 0.0301 0.002346 0.113542 0.12943 0.985064
2715 23.8 1.26 0.0322 0.000924 0.10876 0.166793 0.979975
2716 23.8 1.25 0.0314 -0.003738 0.101851 0.205204 0.973398
2717 23.8 1.24 0.0301 -0.004577 0.102133 0.238949 0.965635
2718 23.8 1.25 0.03 -0.000359 0.100743 0.273918 0.956462
2719 23.8 1.26 0.0323 0.005171 0.096504 0.31255 0.944972
2720 23.8 1.27 0.0361 0.008304 0.091689 0.346877 0.933381
2721 23.8 1.28 0.0382 0.014164 0.090201 0.378599 0.921046
2722 23.7 1.29 0.0398 0.017921 0.0887221 0.407796 0.908576
2723 23.7 1.3 0.0422 0.020244 0.083184 0.434818 0.89644
2724 23.7 1.31 0.0444 0.024157 0.075759 0.459093 0.884822
2725 23.7 1.32 0.0467 0.027611 0.063283 0.480673 0.874178
2726 23.7 1.34 0.0474 0.033037 0.051126 0.495425 0.866515
2727 23.7 1.36 0.0455 0.04082 0.04157 0.503374 0.862102
2728 23.8 1.39 0.0413 0.043634 0.035081 0.498067 0.865329
2729 23.8 1.42 0.0357 0.049631 0.030056 0.477705 0.876602
2730 23.9 1.45 0.0276 0.049181 0.026686 0.449964 0.891292
2731 23.9 1.48 0.0184 0.043948 0.031572 0.421042 0.905426
2732 24 1.51 0.0112 0.041887 0.043675 0.386798 0.920177
2733 24 1.53 0.0025 0.044649 0.047677 0.350229 0.934384
2734 24.1 1.55 -0.00452 0.043485 0.062873 0.321462 0.943832
2735 24.2 1.56 -0.0146 0.041215 0.065373 0.296821 0.951801
2736 24.2 1.57 -0.0296 0.039223 0.061117 0.281003 0.956955
2737 24.3 1.58 -0.0484 0.038749 0.054947 0.272597 0.959776
2738 24.4 1.6 -0.0704 0.030359 0.069851 0.267557 0.960527
2739 24.5 1.62 -0.103 0.026105 0.065282 0.260255 0.962977
2740 24.5 1.64 -0.144 0.018454 0.06946 0.247725 0.966161
2741 24.6 1.67 -0.189 0.010284 0.077885 0.236713 0.968398
2742 24.7 1.7 -0.238 0.012764 0.073366 0.230642 0.970185
2743 24.8 1.74 -0.286 0.006863 0.069667 0.225125 0.971812
2744 24.8 1.77 -0.333 0.011304 0.061641 0.220606 0.973348
2745 24.9 1.79 -0.39 0.024121 0.049641 0.213062 0.975479
2746 25 1.81 -0.451 0.0277 0.046782 0.213245 0.975485
2747 25.1 1.83 -0.514 0.022642 0.037698 0.217646 0.975037
2748 25.1 1.84 -0.571 0.021207 0.027516 0.219656 0.974959
2749 25.2 1.84 -0.621 0.021867 0.029144 0.222867 0.974168
2750 25.2 1.85 -0.657 0.015861 0.055627 0.225209 0.972592
2751 25.3 1.87 -0.685 0.015886 0.063213 0.217427 0.973898
2752 25.4 1.88 -0.713 0.022003 0.070244 0.20869 0.975208
2753 25.4 1.89 -0.742 0.021167 0.071887 0.191288 0.978669
2754 25.5 1.9 -0.768 0.026908 0.07214 0.171336 0.982199
2755 25.5 1.92 -0.793 0.026405 0.08228 0.148098 0.98519
2756 25.5 1.93 -0.813 0.026899 0.093305 0.125104 0.98738
2757 25.6 1.94 -0.827 0.028719 0.097398 0.104481 0.989329
2758 25.6 1.95 -0.837 0.023259 0.098137 0.087518 0.991044
2759 25.7 1.97 -0.84 0.01481 0.097604 0.070569 0.99261
2760 25.7 1.97 -0.835 0.011903 0.096021 0.052636 0.993915
2761 25.8 1.98 -0.824 0.00891 0.093509 0.046517 0.994491
2762 25.8 1.98 -0.808 -0.004534 0.090556 0.048329 0.994708
2763 25.8 1.99 -0.813 -0.011545 0.083104 0.041135 0.995625
2764 25.9 1.99 -0.831 -0.003774 0.092558 0.033925 0.995122
2765 25.9 1.99 -0.848 0.008884 0.08721 0.024854 0.99584
2766 25.9 1.99 -0.85 0.011201 0.082142 0.01618 0.996426
2767 25.9 1.99 -0.836 0.013599 0.078598 0.01118 0.996751
2768 26 1.97 -0.81 0.020278 0.084653 0.002186 0.996202
2769 26 1.96 -0.777 0.032358 0.095415 -0.006072 0.994893
2770 26 1.95 -0.748 0.03593 0.093402 -0.014715 0.994871
2771 26.1 1.93 -0.725 0.047074 0.090149 -0.016436 0.994679
2772 26.1 1.93 -0.701 0.053323 0.09597 -0.016487 0.993818
2773 26.2 1.93 -0.673 0.048583 0.102141 -0.016574 0.993445
2774 26.2 1.93 -0.643 0.04541 0.101193 -0.01511 0.993715
2775 26.2 1.94 -0.616 0.045124 0.094049 -0.01804 0.994381
2776 26.3 1.95 -0.593 0.052166 0.065135 -0.030676 0.99604
2777 26.3 1.95 -0.574 0.056665 0.052947 -0.041431 0.996127
2778 26.3 1.95 -0.555 0.0492 0.064778 -0.043042 0.995756
2779 26.3 1.94 -0.536 0.042596 0.067135 -0.043261 0.995895
2780 26.4 1.93 -0.521 0.046353 0.062969 -0.039827 0.996143
2781 26.4 1.92 -0.51 0.045068 0.064452 -0.028136 0.996505
2782 26.4 1.91 -0.502 0.043957 0.063559 -0.020761 0.996793
2783 26.4 1.91 -0.497 0.043434 0.061959 -0.018619 0.996959
2784 26.4 1.9 -0.498 0.040964 0.06176 -0.025421 0.996926
2785 26.5 1.91 -0.504 0.04133 0.072637 -0.040794 0.995666
2786 26.5 1.93 -0.509 0.037893 0.084559 -0.063767 0.993654
2787 26.5 1.94 -0.51 0.033485 0.089606 -0.094092 0.990957
2788 26.5 1.96 -0.508 0.031045 0.094644 -0.13115 0.986346
2789 26.5 1.97 -0.506 0.03261 0.090493 -0.169187 0.980879
2790 26.5 1.99 -0.507 0.035443 0.090659 -0.205296 0.973847
2791 26.5 1.99 -0.506 0.035587 0.085275 -0.24408 0.965343
2792 26.5 2 -0.505 0.03854 0.08179 -0.283879 0.954588
2793 26.5 1.99 -0.503 0.03984 0.083618 -0.31696 0.943905
2794 26.5 1.97 -0.503 0.039357 0.079351 -0.350806 0.93225
2795 26.5 1.96 -0.505 0.050076 0.081477 -0.385135 0.917892
2796 26.4 1.94 -0.504 0.057583 0.085143 -0.417189 0.902988
2797 26.4 1.93 -0.497 0.058355 0.081484 -0.445622 0.889593
2798 26.4 1.92 -0.492 0.065207 0.07453 -0.471293 0.8764
2799 26.4 1.92 -0.489 0.071886 0.073097 -0.498324 0.860908
2800 26.3 1.91 -0.487 0.080205 0.074253 -0.519016 0.847747
2801 26.3 1.92 -0.489 0.084027 0.084354 -0.53667 0.83535
2802 26.3 1.92 -0.493 0.086294 0.091197 -0.552507 0.823998
2803 26.3 1.92 -0.498 0.091589 0.097904 -0.566459 0.813112
2804 26.2 1.92 -0.501 0.095223 0.10404 -0.579007 0.803031
2805 26.2 1.92 -0.503 0.097216 0.109947 -0.589473 0.794344
2806 26.2 1.92 -0.505 0.100738 0.1124 -0.597482 0.787549
2807 26.2 1.91 -0.508 0.101382 0.11835 -0.605994 0.780056
2808 26.2 1.9 -0.514 0.101139 0.123411 -0.615926 0.771477
2809 26.2 1.89 -0.52 0.102877 0.130087 -0.629951 0.758719
2810 26.2 1.87 -0.527 0.099597 0.131664 -0.646621 0.744733
2811 26.2 1.84 -0.532 0.089298 0.128457 -0.665693 0.729642
2812 26.2 1.81 -0.534 0.083276 0.127025 -0.686927 0.710677
2813 26.3 1.78 -0.532 0.076395 0.122661 -0.703253 0.696099
2814 26.3 1.76 -0.528 0.072242 0.119982 -0.717444 0.682393
2815 26.3 1.74 -0.524 0.064153 0.117614 -0.731365 0.668698
2816 26.3 1.72 -0.519 0.053246 0.113542 -0.743604 0.656755
2817 26.3 1.69 -0.515 0.047748 0.113101 -0.750185 0.649731
2818 26.3 1.67 -0.512 0.039068 0.106056 -0.755822 0.644949
2819 26.3 1.63 -0.511 0.032251 0.09979 -0.756758 0.645228
2820 26.3 1.59 -0.512 0.024962 0.089753 -0.755042 0.649025
2821 26.3 1.53 -0.514 0.017044 0.076394 -0.751364 0.655229
2822 26.3 1.48 -0.515 0.015051 0.065022 -0.744505 0.664272
2823 26.3 1.42 -0.513 0.014232 0.054662 -0.737453 0.673032
2824 26.3 1.36 -0.51 0.013931 0.052782 -0.729882 0.681389
2825 26.3 1.31 -0.506 0.016462 0.063728 -0.715705 0.695295
2826 26.3 1.26 -0.502 0.008783 0.063057 -0.699049 0.712234
2827 26.3 1.22 -0.5 0.009732 0.065041 -0.684215 0.726309
2828 26.3 1.18 -0.5 0.006785 0.059759 -0.67182 0.738269
2829 26.3 1.14 -0.505 0.000707 0.055051 -0.662467 0.747065
2830 26.3 1.1 -0.513 -0.008589 0.054819 -0.651758 0.756394
2831 26.3 1.05 -0.52 -0.023677 0.05216 -0.634251 0.771002
2832 26.3 1.01 -0.521 -0.040796 0.053304 -0.617423 0.783762
2833 26.3 0.974 -0.522 -0.056925 0.048877 -0.595129 0.80012
2834 26.3 0.942 -0.524 -0.062937 0.051576 -0.576253 0.813211
2835 26.3 0.913 -0.53 -0.054152 0.051087 -0.550395 0.831579
2836 26.4 0.889 -0.535 -0.044809 0.049845 -0.523453 0.849414
2837 26.4 0.865 -0.543 -0.039573 0.050537 -0.490924 0.868835
2838 26.4 0.841 -0.551 -0.031811 0.049785 -0.452122 0.889997
2839 26.4 0.821 -0.552 -0.019998 0.056196 -0.41175 0.909343
2840 26.4 0.802 -0.553 -0.021513 0.048719 -0.365716 0.929202
2841 26.4 0.786 -0.552 -0.018311 0.053336 -0.320464 0.945581
2842 26.4 0.772 -0.551 -0.013547 0.053074 -0.278744 0.958802
2843 26.4 0.762 -0.552 -0.006434 0.053485 -0.242147 0.968743
2844 26.4 0.76 -0.553 -2e-05 0.055478 -0.207039 0.976758
2845 26.4 0.763 -0.554 0.004805 0.054682 -0.173311 0.983336
2846 26.4 0.769 -0.556 0.008907 0.053814 -0.141446 0.988442
2847 26.4 0.772 -0.559 0.012754 0.054702 -0.112034 0.992116
2848 26.4 0.774 -0.565 0.018777 0.05789 -0.086915 0.994355
2849 26.4 0.775 -0.571 0.024913 0.066008 -0.064768 0.995403
2850 26.4 0.775 -0.577 0.026932 0.073029 -0.045294 0.995937
2851 26.5 0.772 -0.581 0.03277 0.076374 -0.03296 0.995995
2852 26.5 0.764 -0.581 0.035329 0.077057 -0.034926 0.995788
2853 26.5 0.749 -0.583 0.034789 0.074822 -0.047193 0.995472
2854 26.5 0.728 -0.584 0.032815 0.06954 -0.071373 0.994481
2855 26.5 0.705 -0.584 0.028401 0.057326 -0.107295 0.992167
2856 26.5 0.68 -0.584 0.022578 0.054731 -0.148227 0.98718
2857 26.6 0.656 -0.584 0.020479 0.043851 -0.18746 0.981079
2858 26.6 0.632 -0.585 0.019894 0.036003 -0.236415 0.970781
2859 26.6 0.608 -0.586 0.020322 0.035785 -0.287505 0.956895
2860 26.6 0.585 -0.59 0.017894 0.037494 -0.338424 0.940076
2861 26.6 0.564 -0.597 0.015084 0.039853 -0.385281 0.921815
2862 26.6 0.543 -0.602 0.011977 0.042938 -0.439852 0.896963
2863 26.5 0.521 -0.605 0.015024 0.048596 -0.490487 0.869963
2864 26.5 0.502 -0.602 0.01856 0.05217 -0.535116 0.842962
2865 26.5 0.481 -0.598 0.018578 0.050715 -0.576135 0.815568
2866 26.5 0.459 -0.594 0.019625 0.05377 -0.609915 0.790397
2867 26.5 0.437 -0.591 0.018965 0.055961 -0.636732 0.768818
2868 26.4 0.417 -0.586 0.023003 0.059058 -0.657101 0.751134
2869 26.4 0.4 -0.584 0.023347 0.05403 -0.675613 0.734903
2870 26.4 0.386 -0.585 0.031907 0.058059 -0.692055 0.718798
2871 26.4 0.378 -0.587 0.034413 0.056493 -0.708844 0.702257
2872 26.4 0.378 -0.591 0.043527 0.062247 -0.726338 0.683128
2873 26.4 0.385 -0.593 0.047085 0.063263 -0.744897 0.662502
2874 26.4 0.394 -0.598 0.046848 0.06911 -0.761064 0.643282
2875 26.4 0.405 -0.607 0.052091 0.078121 -0.774828 0.62516
2876 26.4 0.418 -0.615 0.057232 0.082197 -0.788219 0.607189
2877 26.4 0.433 -0.62 0.061107 0.087366 -0.80137 0.588591
2878 26.4 0.452 -0.625 0.054506 0.085141 -0.81404 0.571943
2879 26.4 0.474 -0.628 0.046181 0.082863 -0.827183 0.553867
2880 26.4 0.499 -0.627 0.036668 0.074568 -0.841485 0.533853
2881 26.3 0.522 -0.624 0.030524 0.06595 -0.857134 0.509942
2882 26.3 0.543 -0.618 -0.027699 -0.056119 0.872779 -0.484087
2883 26.3 0.562 -0.61 -0.021822 -0.045756 0.887548 -0.457918
2884 26.3 0.579 -0.603 -0.015073 -0.038565 0.901309 -0.431194
2885 26.3 0.596 -0.595 -0.00516 -0.032389 0.913979 -0.404433
2886 26.3 0.611 -0.594 0.004656 -0.026584 0.925672 -0.377363
2887 26.3 0.625 -0.598 0.005909 -0.025611 0.93575 -0.351683
2888 26.3 0.638 -0.606 -0.003255 -0.023455 0.9446 -0.327368
2889 26.2 0.648 -0.618 -0.012974 -0.028675 0.952101 -0.304159
2890 26.2 0.656 -0.631 -0.032597 -0.034801 0.958044 -0.282626
2891 26.2 0.663 -0.642 -0.053058 -0.039438 0.962458 -0.263258
2892 26.2 0.668 -0.651 -0.069646 -0.040558 0.96659 -0.243326
2893 26.2 0.67 -0.656 -0.083086 -0.031307 0.97078 -0.22294
2894 26.2 0.665 -0.656 -0.088509 -0.022715 0.975136 -0.201892
2895 26.2 0.657 -0.649 -0.090141 -0.014283 0.978835 -0.183175
2896 26.2 0.643 -0.64 -0.076064 -0.003467 0.984482 -0.158108
2897 26.1 0.627 -0.63 -0.059944 0.00418 0.989658 -0.130253
2898 26.1 0.61 -0.623 -0.048633 0.010819 0.993228 -0.104959
2899 26.1 0.597 -0.617 -0.035423 0.009826 0.995906 -0.082584
2900 26.1 0.588 -0.619 -0.036237 0.003744 0.997264 -0.06433
2901 26.1 0.58 -0.626 -0.044611 0.003647 0.998203 -0.039839
2902 26.1 0.57 -0.636 -0.057431 0.005079 0.998256 -0.012721
2903 26.1 0.557 -0.646 -0.07035 0.006694 0.997397 0.014349
2904 26.1 0.536 -0.654 -0.079759 0.007627 0.99599 0.039794
2905 26.1 0.511 -0.659 -0.090322 0.011911 0.993246 0.071857
2906 26.1 0.483 -0.662 -0.096295 0.019145 0.98962 0.104945
2907 26.1 0.454 -0.664 -0.094286 0.0223 0.985949 0.136081
2908 26.1 0.432 -0.664 -0.086278 0.025208 0.980877 0.172627
2909 26.2 0.424 -0.665 -0.082577 0.027959 0.972941 0.213977
2910 26.2 0.428 -0.663 -0.078326 0.027517 0.963636 0.253994
2911 26.2 0.437 -0.661 -0.07013 0.025127 0.953296 0.292707
2912 26.2 0.449 -0.659 -0.062174 0.02358 0.941867 0.329339
2913 26.2 0.463 -0.653 -0.044298 0.02367 0.933832 0.354169
2914 26.2 0.478 -0.646 -0.028087 0.030771 0.922911 0.382752
2915 26.2 0.491 -0.638 0.001164 0.034553 0.911466 0.409921
2916 26.2 0.498 -0.627 0.016505 0.03478 0.897969 0.438372
2917 26.2 0.498 -0.616 0.019018 0.037425 0.883638 0.466284
2918 26.2 0.49 -0.605 0.033796 0.030907 0.868145 0.494193
2919 26.2 0.478 -0.599 0.046249 0.02114 0.852334 0.52052
2920 26.2 0.463 -0.597 0.048245 0.017451 0.835959 0.546388
2921 26.2 0.444 -0.601 0.045489 0.018358 0.821806 0.567652
2922 26.2 0.418 -0.609 0.033102 0.026042 0.808462 0.587039
2923 26.2 0.389 -0.621 0.021988 0.0302 0.792726 0.608432
2924 26.2 0.36 -0.633 0.013324 0.035329 0.775913 0.629709
2925 26.2 0.333 -0.648 0.005286 0.044085 0.759375 0.649137
2926 26.3 0.304 -0.657 -0.007371 0.058707 0.745783 0.663556
2927 26.3 0.272 -0.662 -0.007327 0.062176 0.736776 0.673232
2928 26.3 0.236 -0.666 -0.007953 0.062056 0.730971 0.679535
2929 26.3 0.191 -0.674 -0.008263 0.05953 0.726999 0.684003
2930 26.3 0.14 -0.686 -0.010213 0.066139 0.723675 0.686889
2931 26.3 0.0806 -0.694 -0.019138 0.075773 0.721422 0.688072
2932 26.3 0.0201 -0.696 -0.020576 0.076229 0.721225 0.688186
2933 26.4 -0.0353 -0.695 -0.026935 0.081891 0.7207 0.687866
2934 26.4 -0.0875 -0.688 -0.023204 0.076557 0.721313 0.687974
2935 26.4 -0.138 -0.683 -0.012719 0.072132 0.715694 0.694562
2936 26.4 -0.189 -0.681 -0.011375 0.074901 0.708875 0.701254
2937 26.4 -0.243 -0.681 -0.004188 0.065036 0.704116 0.707088
2938 26.4 -0.299 -0.685 -0.000341 0.058866 0.702292 0.709451
2939 26.4 -0.358 -0.692 0.00064 0.060661 0.701486 0.710096
2940 26.4 -0.417 -0.7 -0.004196 0.060318 0.700292 0.711292
2941 26.4 -0.471 -0.709 -0.012201 0.065987 0.70067 0.710323
2942 26.4 -0.517 -0.718 -0.018342 0.074562 0.699714 0.710285
2943 26.4 -0.559 -0.724 -0.024977 0.082351 0.699683 0.709252
2944 26.4 -0.601 -0.729 -0.026394 0.084204 0.701487 0.707198
2945 26.4 -0.647 -0.735 -0.030061 0.084747 0.70567 0.702812
2946 26.4 -0.698 -0.744 -0.033579 0.087146 0.709139 0.698856
2947 26.4 -0.749 -0.755 -0.043236 0.094976 0.714419 0.691893
2948 26.4 -0.798 -0.762 -0.051546 0.103135 0.720464 0.68384
2949 26.4 -0.842 -0.763 -0.062247 0.115441 0.719934 0.681538
2950 26.4 -0.88 -0.755 -0.055978 0.111498 0.720326 0.682323
2951 26.4 -0.911 -0.751 -0.050052 0.105002 0.719511 0.68467
2952 26.4 -0.939 -0.75 -0.047303 0.104141 0.716852 0.687779
2953 26.4 -0.968 -0.75 -0.045641 0.098215 0.715541 0.690125
2954 26.4 -0.998 -0.753 -0.045098 0.093801 0.713784 0.692589
2955 26.4 -1.03 -0.756 -0.043317 0.094704 0.713543 0.692828
2956 26.4 -1.07 -0.758 -0.043048 0.096692 0.713613 0.692499
2957 26.4 -1.1 -0.76 -0.044972 0.091258 0.714031 0.692683
2958 26.4 -1.13 -0.764 -0.048328 0.094089 0.713864 0.69225
2959 26.4 -1.16 -0.768 -0.049853 0.096866 0.714156 0.691457
2960 26.4 -1.19 -0.77 -0.05261 0.099528 0.712781 0.692293
2961 26.4 -1.22 -0.773 -0.051298 0.100498 0.709182 0.695938
2962 26.4 -1.24 -0.777 -0.055332 0.103266 0.704644 0.699822
2963 26.4 -1.25 -0.778 -0.060542 0.102427 0.702551 0.701616
2964 26.4 -1.26 -0.778 -0.058003 0.1004 0.69876 0.705897
2965 26.4 -1.27 -0.779 -0.054217 0.101817 0.69253 0.712107
2966 26.5 -1.28 -0.778 -0.047877 0.10289 0.684439 0.720184
2967 26.5 -1.29 -0.774 -0.04361 0.104879 0.675945 0.728146
2968 26.5 -1.31 -0.767 -0.03403 0.101096 0.668724 0.735819
2969 26.5 -1.32 -0.761 -0.026807 0.093129 0.663543 0.741835
2970 26.6 -1.34 -0.754 -0.012459 0.086803 0.659563 0.746516
2971 26.6 -1.35 -0.747 0.002096 0.07506 0.654198 0.752586
2972 26.6 -1.36 -0.74 0.014379 0.064395 0.650319 0.75679
2973 26.6 -1.37 -0.732 0.021771 0.055932 0.646927 0.760186
2974 26.6 -1.38 -0.721 0.034515 0.043458 0.646899 0.760554
2975 26.6 -1.37 -0.712 0.044727 0.030201 0.651428 0.756789
2976 26.6 -1.36 -0.707 0.049358 0.019021 0.660172 0.74925
2977 26.6 -1.34 -0.706 0.053425 0.011692 0.671419 0.739057
2978 26.6 -1.31 -0.706 0.0585 -0.000756 0.684401 0.726755
2979 26.5 -1.28 -0.703 0.062749 -0.020938 0.699569 0.711497
2980 26.5 -1.24 -0.699 0.062136 -0.036902 0.719444 0.690781
2981 26.5 -1.2 -0.697 0.0566 -0.041786 0.741043 0.667762
2982 26.4 -1.17 -0.691 0.048497 -0.040068 0.758676 0.648424
2983 26.4 -1.14 -0.688 0.051611 -0.041045 0.772234 0.631907
2984 26.4 -1.11 -0.688 0.047169 -0.041646 0.784651 0.616736
2985 26.3 -1.09 -0.691 0.036545 -0.036971 0.799014 0.599061
2986 26.3 -1.06 -0.695 0.028248 -0.031102 0.810165 0.584695
2987 26.3 -1.03 -0.699 0.017528 -0.021487 0.818948 0.573198
2988 26.3 -0.986 -0.703 0.012041 -0.013046 0.826449 0.562732
2989 26.3 -0.933 -0.706 0.008919 -0.003206 0.829668 0.558177
2990 26.3 -0.873 -0.703 0.00778 0.005761 0.82835 0.560127
2991 26.3 -0.811 -0.695 0.01583 0.003419 0.823752 0.566719
2992 26.4 -0.745 -0.686 0.025523 -0.00115 0.814864 0.579089
2993 26.4 -0.68 -0.677 0.031584 0.004363 0.80646 0.590428
2994 26.4 -0.622 -0.669 0.036543 0.007873 0.801293 0.597104
2995 26.4 -0.569 -0.664 0.038548 0.008243 0.792441 0.608674
2996 26.4 -0.516 -0.666 0.045464 0.009267 0.77967 0.624469
2997 26.4 -0.453 -0.674 0.044484 0.014132 0.762345 0.645486
2998 26.4 -0.381 -0.683 0.038591 0.018425 0.743735 0.667105
2999 26.4 -0.307 -0.687 0.03478 0.014764 0.726252 0.68639
3000 26.4 -0.232 -0.683 0.037049 0.003988 0.708787 0.704437
3001 26.4 -0.168 -0.673 0.031799 0.01067 0.691753 0.721355
3002 26.4 -0.112 -0.667 0.035204 0.013411 0.668289 0.742947
3003 26.4 -0.0639 -0.659 0.024627 0.02975 0.653894 0.7556
3004 26.4 -0.0173 -0.655 0.024265 0.032439 0.644883 0.763207
3005 26.4 0.0374 -0.653 0.026847 0.035796 0.63724 0.769365
3006 26.4 0.103 -0.653 0.032107 0.037598 0.633157 0.772442
3007 26.4 0.176 -0.652 0.039677 0.032661 0.62988 0.774991
3008 26.4 0.253 -0.651 0.057026 0.02209 0.630209 0.774013
3009 26.4 0.333 -0.644 0.047613 0.035102 0.629688 0.774593
3010 26.4 0.403 -0.64 0.040181 0.044487 0.638345 0.767413
3011 26.4 0.465 -0.637 0.033982 0.053085 0.644961 0.761612
3012 26.4 0.523 -0.634 0.030085 0.054019 0.65329 0.754579
3013 26.4 0.587 -0.635 0.025004 0.05007 0.660437 0.748793
3014 26.4 0.654 -0.635 0.021077 0.043591 0.665991 0.744387
3015 26.4 0.724 -0.631 0.021666 0.031199 0.668987 0.742303
3016 26.4 0.797 -0.624 0.028104 0.016288 0.667877 0.743562
3017 26.3 0.868 -0.612 0.024846 0.021539 0.672447 0.739415
3018 26.3 0.932 -0.607 0.032977 0.021177 0.665026 0.745791
3019 26.3 0.994 -0.602 0.026897 0.03217 0.658882 0.751077
3020 26.3 1.05 -0.602 0.030132 0.033677 0.653412 0.755653
3021 26.3 1.12 -0.606 0.028954 0.033952 0.642927 0.764626
3022 26.3 1.19 -0.613 0.032541 0.034472 0.635463 0.770675
3023 26.4 1.26 -0.619 0.036098 0.034215 0.622245 0.781241
3024 26.4 1.33 -0.622 0.048002 0.028897 0.605298 0.794024
3025 26.4 1.4 -0.621 0.04822 0.037491 0.588984 0.805833
3026 26.5 1.46 -0.623 0.050651 0.039522 0.567291 0.821008
3027 26.5 1.52 -0.625 0.04319 0.048194 0.538862 0.839905
3028 26.5 1.58 -0.632 0.036705 0.051931 0.509213 0.858288
3029 26.6 1.63 -0.644 0.032781 0.061137 0.474681 0.87742
3030 26.6 1.69 -0.657 0.037698 0.055257 0.430174 0.900264
3031 26.6 1.75 -0.67 0.038326 0.047172 0.382098 0.922121
3032 26.7 1.8 -0.683 0.031247 0.066042 0.339215 0.937867
3033 26.7 1.84 -0.702 0.03373 0.062481 0.302106 0.950626
3034 26.7 1.87 -0.722 0.028446 0.059499 0.277124 0.958568
3035 26.8 1.9 -0.744 0.023755 0.045629 0.262558 0.963544
3036 26.8 1.92 -0.776 0.024312 0.038349 0.250834 0.966965
3037 26.8 1.94 -0.815 0.02681 0.037949 0.236979 0.970403
3038 26.9 1.96 -0.858 0.025442 0.028103 0.224581 0.973718
3039 26.9 1.98 -0.903 0.014802 0.027328 0.211628 0.976856
3040 26.9 1.99 -0.942 0.010849 0.032018 0.192829 0.98065
3041 27 1.99 -0.973 0.008231 0.042686 0.170051 0.984476
3042 27.1 2 -0.995 0.006389 0.061321 0.146973 0.987217
3043 27.1 2.01 -1.01 0.004637 0.069481 0.126066 0.989575
3044 27.2 2 -1.01 -0.006734 0.071883 0.098367 0.992528
3045 27.3 2 -0.989 -0.015287 0.077322 0.067633 0.994592
3046 27.4 1.99 -0.963 -0.016384 0.072376 0.036691 0.996568
3047 27.4 1.99 -0.932 -0.009212 0.085475 0.007118 0.996272
3048 27.5 2.01 -0.898 0.006403 0.094582 -0.015101 0.995382
3049 27.6 2.02 -0.858 0.019687 0.09643 -0.028842 0.994727
3050 27.6 2.04 -0.811 0.038132 0.089212 -0.042756 0.994364
3051 27.7 2.07 -0.762 0.052788 0.070611 -0.052256 0.994735
3052 27.8 2.1 -0.711 0.050749 0.058655 -0.051217 0.995671
3053 27.8 2.13 -0.65 0.03708 0.045389 -0.0566 0.996675
3054 27.9 2.15 -0.586 0.030387 0.055218 -0.061187 0.996134
3055 27.9 2.15 -0.515 0.032634 0.08656 -0.053904 0.994252
3056 28 2.15 -0.445 0.033804 0.096321 -0.05837 0.993062
3057 28 2.15 -0.383 0.028406 0.108112 -0.069782 0.99128
3058 28.1 2.13 -0.332 0.020424 0.111804 -0.084323 0.989936
3059 28.1 2.12 -0.294 0.015141 0.105552 -0.105739 0.98866
3060 28.1 2.1 -0.272 0.016072 0.084563 -0.120843 0.988933
3061 28.2 2.08 -0.263 0.027246 0.07602 -0.136334 0.987366
3062 28.3 2.05 -0.26 0.038753 0.081089 -0.151999 0.984286
3063 28.3 2.02 -0.257 0.051877 0.068952 -0.159892 0.983356
3064 28.4 2 -0.253 0.059844 0.066324 -0.159236 0.983191
3065 28.5 1.98 -0.247 0.058877 0.075263 -0.157334 0.982911
3066 28.5 1.96 -0.248 0.052775 0.072591 -0.154559 0.983899
3067 28.6 1.94 -0.253 0.048287 0.077832 -0.150785 0.984314
3068 28.7 1.93 -0.266 0.041513 0.078984 -0.150162 0.984627
3069 28.7 1.92 -0.281 0.032753 0.081379 -0.156905 0.98371
3070 28.8 1.9 -0.29 0.018404 0.073443 -0.163349 0.983659
3071 28.9 1.88 -0.285 0.012097 0.075279 -0.170671 0.982374
3072 29 1.85 -0.281 0.014577 0.059697 -0.185124 0.980792
3073 29 1.83 -0.28 0.017323 0.059256 -0.19855 0.978144
3074 29.1 1.8 -0.285 0.017736 0.056895 -0.199217 0.978142
3075 29.1 1.76 -0.296 0.018367 0.05637 -0.201583 0.977675
3076 29.2 1.72 -0.305 0.018949 0.049344 -0.198 0.978776
3077 29.3 1.68 -0.308 0.015296 0.033349 -0.189897 0.981118
3078 29.3 1.65 -0.311 0.021719 0.038474 -0.17931 0.9828
3079 29.4 1.62 -0.315 0.02465 0.049673 -0.163044 0.985059
3080 29.4 1.59 -0.32 0.025653 0.058494 -0.144724 0.987408
3081 29.5 1.57 -0.329 0.025631 0.068987 -0.13311 0.988365
3082 29.6 1.55 -0.34 0.023241 0.073368 -0.119405 0.989858
3083 29.6 1.53 -0.353 0.019835 0.078206 -0.11248 0.990373
3084 29.7 1.51 -0.361 0.011035 0.076751 -0.103508 0.991602
3085 29.8 1.5 -0.361 0.002655 0.07389 -0.09197 0.993013
3086 29.8 1.48 -0.357 0.00844 0.071501 -0.082626 0.993977
3087 29.9 1.46 -0.355 0.010192 0.062133 -0.081274 0.994701
3088 29.9 1.44 -0.354 0.016943 0.062578 -0.076379 0.994969
3089 30 1.42 -0.358 0.021838 0.057037 -0.072126 0.995524
3090 30 1.4 -0.368 0.023589 0.056768 -0.064955 0.995993
3091 30.1 1.37 -0.375 0.028589 0.055958 -0.055637 0.996472
3092 30.2 1.34 -0.375 0.028194 0.047074 -0.049143 0.997283
3093 30.2 1.3 -0.374 0.030953 0.03622 -0.046682 0.997773
3094 30.3 1.27 -0.371 0.033854 0.043244 -0.043993 0.997521
3095 30.3 1.24 -0.373 0.032047 0.038137 -0.038529 0.998015
3096 30.4 1.23 -0.378 0.034494 0.045505 -0.043263 0.997431
3097 30.4 1.22 -0.386 0.034561 0.04332 -0.048807 0.99727
3098 30.5 1.22 -0.395 0.031067 0.0412 -0.061583 0.996767
3099 30.5 1.22 -0.403 0.026953 0.040152 -0.078723 0.995723
3100 30.6 1.24 -0.407 0.019072 0.032671 -0.095567 0.994704
3101 30.6 1.25 -0.406 0.015851 0.030198 -0.1126 0.993055
3102 30.7 1.27 -0.403 0.015779 0.026249 -0.122273 0.992024
3103 30.7 1.28 -0.403 0.013006 0.02062 -0.128996 0.991345
3104 30.8 1.29 -0.405 0.020064 0.028978 -0.123466 0.991723
3105 30.8 1.29 -0.408 0.023588 0.026928 -0.111667 0.993101
3106 30.9 1.3 -0.412 0.022986 0.025197 -0.096882 0.994711
3107 30.9 1.3 -0.415 0.024835 0.023221 -0.072807 0.996766
3108 31 1.29 -0.417 0.029173 0.016464 -0.050264 0.998174
3109 31 1.28 -0.419 0.034991 0.011123 -0.029219 0.998898
3110 31.1 1.27 -0.42 0.035995 0.007866 -0.008139 0.999288
3111 31.2 1.25 -0.426 0.036181 0.012651 0.014927 0.999154
3112 31.2 1.24 -0.435 0.035366 0.032065 0.041459 0.997999
3113 31.3 1.24 -0.444 0.030205 0.03969 0.069981 0.996301
3114 31.3 1.24 -0.452 0.024588 0.052545 0.093721 0.993907
3115 31.3 1.25 -0.457 0.020719 0.055208 0.119818 0.991043
3116 31.4 1.27 -0.461 0.014302 0.057939 0.147266 0.987295
3117 31.4 1.29 -0.461 0.008699 0.045893 0.174729 0.983508
3118 31.5 1.3 -0.458 0.000477 0.026518 0.199831 0.979471
3119 31.5 1.32 -0.45 0.000177 0.020419 0.225417 0.974048
3120 31.5 1.33 -0.446 0.002016 0.006558 0.244997 0.9695
3121 31.6 1.34 -0.445 0.003741 0.004582 0.266977 0.963685
3122 31.6 1.36 -0.444 0.008831 0.005877 0.293121 0.956017
3123 31.6 1.38 -0.446 0.018209 0.001836 0.321632 0.946688
3124 31.7 1.39 -0.451 0.026003 0.009363 0.349498 0.936529
3125 31.7 1.41 -0.454 0.032925 0.010858 0.378979 0.924756
3126 31.7 1.43 -0.454 0.041807 0.00674 0.412324 0.910053
3127 31.7 1.44 -0.451 0.043065 0.006886 0.448295 0.892821
3128 31.8 1.44 -0.448 0.04756 0.002073 0.478807 0.876629
3129 31.8 1.44 -0.446 0.051404 -0.000337 0.50767 0.860017
3130 31.8 1.45 -0.447 0.053109 -0.00329 0.532283 0.844893
3131 31.8 1.46 -0.447 0.054101 -0.009212 0.556369 0.829121
3132 31.8 1.46 -0.446 0.056915 -0.01435 0.580249 0.812321
3133 31.8 1.47 -0.442 0.056032 -0.014305 0.60404 0.794853
3134 31.8 1.47 -0.442 0.056553 -0.013538 0.627202 0.776683
3135 31.8 1.48 -0.443 0.054611 -0.00918 0.64698 0.760493
3136 31.8 1.49 -0.445 0.051094 -0.007618 0.664799 0.745234
3137 31.7 1.49 -0.445 0.043145 -0.003135 0.679912 0.732016
3138 31.7 1.5 -0.445 0.034003 -0.000719 0.694697 0.718498
3139 31.7 1.5 -0.443 0.026326 -0.000601 0.707693 0.706029
3140 31.7 1.51 -0.443 0.024927 0.000309 0.720258 0.693259
3141 31.6 1.51 -0.441 0.024059 0.000719 0.731702 0.681199
3142 31.6 1.52 -0.436 0.030109 -0.008112 0.741831 0.669862
3143 31.6 1.52 -0.43 0.041467 -0.021468 0.749154 0.660748
3144 31.5 1.52 -0.425 0.050782 -0.032699 0.753254 0.65495
3145 31.5 1.52 -0.421 0.059287 -0.040801 0.755932 0.650682
3146 31.5 1.52 -0.417 0.065423 -0.049292 0.759636 0.645169
3147 31.5 1.52 -0.412 0.073094 -0.062436 0.763586 0.638511
3148 31.5 1.52 -0.407 0.072566 -0.07615 0.771432 0.627557
3149 31.5 1.53 -0.405 0.072471 -0.08417 0.783289 0.611655
3150 31.5 1.54 -0.407 0.068522 -0.079796 0.796181 0.595847
3151 31.4 1.56 -0.412 0.058991 -0.072817 0.810069 0.578797
3152 31.4 1.57 -0.416 0.049026 -0.066673 0.824529 0.559734
3153 31.4 1.6 -0.417 0.040402 -0.055459 0.838605 0.540401
3154 31.4 1.62 -0.418 0.033426 -0.049306 0.851769 0.52052
3155 31.4 1.64 -0.417 0.028786 -0.042138 0.864713 0.499668
3156 31.4 1.66 -0.42 0.018916 -0.034099 0.874581 0.483308
3157 31.4 1.69 -0.424 0.005184 -0.024843 0.884989 0.464919
3158 31.4 1.7 -0.429 -0.004496 -0.01567 0.895062 0.445644
3159 31.4 1.71 -0.431 -0.009529 -0.008885 0.907127 0.420656
3160 31.4 1.71 -0.432 -0.009862 -0.005968 0.918556 0.395123
3161 31.4 1.71 -0.431 -0.008442 -0.004604 0.929627 0.368376
3162 31.4 1.71 -0.427 0.002246 -0.009287 0.941482 0.336928
3163 31.4 1.71 -0.422 0.016823 -0.015039 0.951643 0.306375
3164 31.3 1.7 -0.421 0.026973 -0.01605 0.960335 0.277076
3165 31.3 1.7 -0.423 0.029116 -0.016175 0.968444 0.246995
3166 31.3 1.69 -0.426 0.034064 -0.018998 0.9762 0.213338
3167 31.3 1.67 -0.43 0.036997 -0.019084 0.982369 0.182257
3168 31.3 1.64 -0.434 0.030981 -0.017936 0.98688 0.157435
3169 31.3 1.61 -0.434 0.033326 -0.016974 0.990903 0.129274
3170 31.3 1.59 -0.43 0.036693 -0.021631 0.993974 0.101002
3171 31.3 1.57 -0.427 0.036347 -0.02629 0.996235 0.074184
3172 31.3 1.55 -0.421 0.04034 -0.03241 0.997426 0.049628
3173 31.3 1.53 -0.418 0.044975 -0.035735 0.998033 0.025094
3174 31.3 1.51 -0.418 0.04589 -0.032887 0.998361 0.009404
3175 31.3 1.49 -0.416 0.048037 -0.033951 0.998252 -0.00578
3176 31.3 1.47 -0.413 0.048066 -0.039646 0.997807 -0.022325
3177 31.3 1.44 -0.411 0.044873 -0.046194 0.997053 -0.041677
3178 31.3 1.42 -0.41 0.044541 -0.050013 0.995832 -0.061912
3179 31.3 1.4 -0.41 0.042355 -0.04793 0.994163 -0.086878
3180 31.3 1.39 -0.409 0.036886 -0.044329 0.991104 -0.119948
3181 31.3 1.39 -0.407 0.040758 -0.03757 0.986849 -0.151843
3182 31.3 1.4 -0.403 0.042784 -0.030269 0.981361 -0.18489
3183 31.2 1.42 -0.396 0.044157 -0.027785 0.97458 -0.21788
3184 31.2 1.44 -0.389 0.045971 -0.01865 0.968005 -0.245979
3185 31.2 1.46 -0.384 0.04891 -0.011778 0.96055 -0.273519
3186 31.2 1.48 -0.382 0.05013 -0.009771 0.951952 -0.30196
3187 31.2 1.49 -0.384 0.046673 -0.007921 0.941469 -0.333758
3188 31.2 1.49 -0.389 0.041602 -0.007814 0.928776 -0.368216
3189 31.2 1.5 -0.395 0.03497 -0.00726 0.914424 -0.403178
3190 31.2 1.51 -0.4 0.021561 -0.003209 0.902407 -0.430334
3191 31.2 1.51 -0.4 0.017864 0.001805 0.889999 -0.455609
3192 31.3 1.52 -0.395 0.027472 0.000961 0.877224 -0.479293
3193 31.3 1.54 -0.388 -0.045041 -0.004473 -0.862471 0.504078
3194 31.3 1.56 -0.384 -0.061047 -0.00631 -0.845164 0.530972
3195 31.3 1.59 -0.383 -0.070092 -0.009062 -0.830207 0.552956
3196 31.4 1.62 -0.384 -0.07276 -0.013147 -0.816078 0.573192
3197 31.4 1.65 -0.385 -0.079595 -0.01523 -0.801796 0.592077
3198 31.4 1.68 -0.382 -0.086251 -0.016219 -0.786769 0.610977
3199 31.4 1.71 -0.377 -0.088004 -0.013767 -0.76991 0.631906
3200 31.5 1.74 -0.37 -0.092057 -0.013194 -0.752324 0.652196
3201 31.5 1.76 -0.368 -0.094966 -0.013184 -0.735265 0.670964
3202 31.5 1.79 -0.37 -0.086617 -0.004875 -0.716329 0.692348
3203 31.5 1.82 -0.374 -0.074121 0.006758 -0.696371 0.713812
3204 31.4 1.86 -0.38 -0.060823 0.011426 -0.678022 0.732431
3205 31.4 1.89 -0.384 -0.050237 0.019771 -0.660818 0.748602
3206 31.4 1.93 -0.391 -0.035757 0.039266 -0.639631 0.766845
3207 31.4 1.97 -0.395 -0.021194 0.053625 -0.620085 0.782413
3208 31.4 2 -0.398 -0.005312 0.065203 -0.601279 0.796356
3209 31.4 2.03 -0.4 0.011345 0.076609 -0.583391 0.808491
3210 31.4 2.05 -0.399 0.022653 0.081965 -0.568834 0.818044
3211 31.4 2.07 -0.397 0.02842 0.083945 -0.551835 0.829231
3212 31.4 2.09 -0.398 0.029943 0.07941 -0.531121 0.843035
3213 31.4 2.11 -0.403 0.039628 0.077449 -0.509517 0.856051
3214 31.4 2.15 -0.41 0.053499 0.083044 -0.489177 0.866572
3215 31.4 2.19 -0.419 0.061705 0.090835 -0.464159 0.878919
3216 31.4 2.23 -0.42 0.070046 0.099791 -0.438474 0.890436
3217 31.4 2.28 -0.418 0.070211 0.10258 -0.419166 0.899359
3218 31.4 2.32 -0.412 0.065479 0.108864 -0.395113 0.909806
3219 31.4 2.37 -0.4 0.050475 0.103987 -0.373414 0.920435
3220 31.4 2.41 -0.388 0.032572 0.090563 -0.350333 0.931667
3221 31.4 2.45 -0.379 0.021089 0.081964 -0.329729 0.940274
3222 31.4 2.48 -0.376 0.013257 0.082274 -0.308058 0.947711
3223 31.4 2.51 -0.376 0.010149 0.089109 -0.277095 0.956648
3224 31.4 2.53 -0.38 0.0073 0.094384 -0.253791 0.962615
3225 31.4 2.55 -0.382 0.008027 0.101372 -0.233652 0.966988
3226 31.4 2.56 -0.384 0.008295 0.105861 -0.219769 0.969756
3227 31.3 2.57 -0.385 0.010107 0.112254 -0.211033 0.970959
3228 31.3 2.58 -0.385 0.014932 0.112817 -0.206381 0.971831
3229 31.3 2.58 -0.385 0.020423 0.112194 -0.200999 0.972931
3230 31.2 2.6 -0.385 0.028184 0.112911 -0.195457 0.973783
3231 31.2 2.61 -0.384 0.031438 0.109789 -0.19268 0.974594
3232 31.1 2.62 -0.384 0.036074 0.113472 -0.188442 0.97484
3233 31.1 2.64 -0.381 0.04148 0.119513 -0.186355 0.974304
3234 31 2.65 -0.373 0.046546 0.11291 -0.189005 0.974352
3235 31 2.66 -0.364 0.05102 0.104573 -0.197542 0.973365
3236 31 2.67 -0.357 0.054292 0.099952 -0.214336 0.970114
3237 30.9 2.68 -0.353 0.053202 0.098392 -0.234827 0.96558
3238 30.9 2.7 -0.351 0.04755 0.097473 -0.254119 0.961073
3239 30.9 2.72 -0.354 0.042099 0.099733 -0.270957 0.956485
3240 30.8 2.74 -0.358 0.038723 0.106889 -0.29132 0.949846
3241 30.8 2.77 -0.358 0.041164 0.115734 -0.316299 0.940673
3242 30.8 2.79 -0.358 0.036195 0.117938 -0.33772 0.933127
3243 30.7 2.81 -0.354 0.037107 0.129516 -0.359305 0.923444
3244 30.7 2.81 -0.342 0.037167 0.122638 -0.386011 0.91355
3245 30.7 2.81 -0.326 0.034594 0.108965 -0.417024 0.901677
3246 30.6 2.81 -0.312 0.026194 0.089824 -0.446674 0.889791
3247 30.6 2.8 -0.301 0.019296 0.070662 -0.477162 0.875757
3248 30.6 2.8 -0.293 0.014897 0.054576 -0.506354 0.860468
3249 30.5 2.79 -0.289 0.010659 0.046499 -0.53448 0.843834
3250 30.5 2.78 -0.289 0.011878 0.044524 -0.562375 0.825597
3251 30.4 2.78 -0.292 0.019412 0.051581 -0.586454 0.808106
3252 30.4 2.78 -0.296 0.025759 0.057972 -0.61054 0.789441
3253 30.3 2.78 -0.298 0.031515 0.064197 -0.632618 0.771155
3254 30.3 2.78 -0.299 0.0377 0.069454 -0.652519 0.75364
3255 30.3 2.78 -0.302 0.047691 0.077324 -0.671632 0.735294
3256 30.2 2.78 -0.305 0.055396 0.086769 -0.692675 0.713866
3257 30.2 2.79 -0.307 0.062361 0.094936 -0.712957 0.691947
3258 30.1 2.8 -0.308 0.06358 0.098536 -0.731039 0.672183
3259 30.1 2.81 -0.307 0.06524 0.10114 -0.748087 0.652595
3260 30.1 2.82 -0.305 0.069439 0.100294 -0.763036 0.63474
3261 30 2.83 -0.304 0.072201 0.098236 -0.77637 0.618374
3262 30 2.84 -0.301 0.072795 0.094116 -0.788128 0.603902
3263 30 2.85 -0.3 0.072501 0.08963 -0.79992 0.588929
3264 30 2.87 -0.297 0.075237 0.0864571 -0.812291 0.57188
3265 30 2.87 -0.292 0.073721 0.080249 -0.828111 0.549871
3266 30 2.88 -0.288 0.072745 0.075646 -0.845917 0.522887
3267 29.9 2.88 -0.286 -0.070164 -0.071361 0.865443 -0.490911
3268 29.9 2.88 -0.286 -0.064686 -0.071666 0.883625 -0.458133
3269 29.9 2.88 -0.285 -0.056026 -0.073558 0.900851 -0.424167
3270 29.9 2.87 -0.285 -0.048019 -0.073595 0.916064 -0.391287
3271 30 2.86 -0.285 -0.043518 -0.065593 0.930128 -0.358699
3272 30 2.84 -0.286 -0.041265 -0.054968 0.94224 -0.32781
3273 30 2.83 -0.29 -0.045131 -0.051717 0.950781 -0.302167
3274 30 2.81 -0.295 -0.047137 -0.04757 0.955751 -0.286453
3275 30 2.78 -0.299 -0.044635 -0.046427 0.958335 -0.278293
3276 30.1 2.76 -0.302 -0.048124 -0.053929 0.956653 -0.282118
3277 30.1 2.72 -0.307 -0.048486 -0.061578 0.953496 -0.291037
3278 30.1 2.68 -0.315 -0.051067 -0.070284 0.947759 -0.306929
3279 30.1 2.64 -0.326 -0.055983 -0.082357 0.939722 -0.327118
3280 30.1 2.59 -0.336 -0.061328 -0.095375 0.930273 -0.348906
3281 30.1 2.54 -0.342 -0.063058 -0.102746 0.917822 -0.378246
3282 30.1 2.48 -0.348 -0.062538 -0.099371 0.904234 -0.410579
3283 30.2 2.42 -0.352 -0.067043 -0.096603 0.890988 -0.438535
3284 30.2 2.37 -0.354 -0.06678 -0.097063 0.877774 -0.464362
3285 30.2 2.32 -0.357 0.071771 0.101214 -0.8607 0.493761
3286 30.2 2.27 -0.364 0.073613 0.099665 -0.84002 0.528218
3287 30.3 2.22 -0.372 0.083164 0.109411 -0.814749 0.563291
3288 30.3 2.19 -0.379 0.083192 0.112854 -0.789187 0.597936
3289 30.4 2.15 -0.385 0.0847 0.117394 -0.765495 0.626947
3290 30.4 2.12 -0.387 0.078684 0.118569 -0.748606 0.647564
3291 30.5 2.11 -0.39 0.067698 0.114874 -0.738363 0.661091
3292 30.6 2.09 -0.394 0.059756 0.113191 -0.731793 0.6694
3293 30.7 2.08 -0.398 0.060899 0.115582 -0.719706 0.681876
3294 30.7 2.07 -0.405 0.056727 0.107317 -0.70664 0.697083
3295 30.8 2.06 -0.412 0.062331 0.114086 -0.686839 0.715088
3296 30.8 2.04 -0.417 0.058725 0.119575 -0.661507 0.738012
3297 30.9 2.02 -0.424 0.054217 0.124294 -0.635309 0.760259
3298 31 2 -0.434 0.054412 0.125141 -0.605824 0.783809
3299 31.1 1.97 -0.443 0.053299 0.123258 -0.5779 0.804983
3300 31.1 1.94 -0.448 0.054246 0.116044 -0.551247 0.82445
3301 31.2 1.91 -0.449 0.056416 0.112534 -0.530961 0.837994
3302 31.3 1.89 -0.448 0.056184 0.112551 -0.504308 0.854312
3303 31.4 1.87 -0.45 0.058753 0.116836 -0.469104 0.873407
3304 31.4 1.87 -0.45 0.056954 0.124783 -0.433545 0.890631
3305 31.5 1.87 -0.456 0.05186 0.120428 -0.40192 0.906238
3306 31.6 1.87 -0.469 0.050761 0.120333 -0.378769 0.91623
3307 31.7 1.88 -0.479 0.049375 0.117802 -0.362145 0.923329
3308 31.8 1.89 -0.483 0.045089 0.107365 -0.351561 0.928894
3309 31.8 1.9 -0.483 0.04225 0.103007 -0.340994 0.933449
3310 31.9 1.92 -0.482 0.046323 0.107966 -0.328214 0.937269
3311 32 1.93 -0.487 0.039725 0.100389 -0.313764 0.943343
3312 32.1 1.94 -0.49 0.036861 0.105538 -0.285793 0.951749
3313 32.1 1.94 -0.5 0.031065 0.096049 -0.260195 0.960265
3314 32.2 1.93 -0.518 0.030411 0.085172 -0.238826 0.966842
3315 32.3 1.92 -0.535 0.034478 0.0788 -0.220987 0.971477
3316 32.4 1.91 -0.548 0.032637 0.067269 -0.204287 0.976052
3317 32.4 1.91 -0.558 0.034143 0.073597 -0.189305 0.978561
3318 32.5 1.9 -0.573 0.033073 0.073295 -0.169129 0.982308
3319 32.6 1.91 -0.588 0.033031 0.085166 -0.14959 0.984519
3320 32.7 1.92 -0.604 0.030325 0.089148 -0.135428 0.986302
3321 32.8 1.94 -0.623 0.027404 0.082865 -0.126587 0.988108
3322 32.8 1.97 -0.642 0.023144 0.072686 -0.126681 0.989006
3323 32.9 1.99 -0.662 0.026616 0.063022 -0.128395 0.989361
3324 33 2 -0.687 0.035401 0.061416 -0.131467 0.988783
3325 33 2.01 -0.721 0.036809 0.057714 -0.136309 0.988299
3326 33.1 2.01 -0.762 0.039076 0.064617 -0.131829 0.988392
3327 33.2 2.01 -0.81 0.034102 0.063294 -0.126699 0.989332
3328 33.2 2 -0.86 0.028428 0.065158 -0.124588 0.989659
3329 33.3 1.99 -0.911 0.023413 0.058977 -0.125009 0.990124
3330 33.4 1.97 -0.959 0.016586 0.052634 -0.128343 0.990193
3331 33.4 1.96 -1 0.012701 0.047618 -0.131116 0.990141
3332 33.5 1.95 -1.04 0.019452 0.048404 -0.130965 0.990014
3333 33.5 1.94 -1.09 0.017618 0.05833 -0.133331 0.989197
3334 33.6 1.94 -1.14 0.019703 0.075757 -0.132807 0.988046
3335 33.6 1.94 -1.2 0.021959 0.090401 -0.130273 0.987104
3336 33.7 1.96 -1.25 0.019376 0.089853 -0.128095 0.987493
3337 33.7 1.97 -1.28 0.016053 0.086013 -0.11552 0.989444
3338 33.8 1.98 -1.31 0.015926 0.081551 -0.099092 0.991603
3339 33.8 1.99 -1.33 0.009054 0.077616 -0.091637 0.992722
3340 33.9 1.99 -1.34 0.012174 0.079809 -0.099751 0.991732
3341 33.9 1.99 -1.35 0.018446 0.099302 -0.098869 0.989961
3342 33.9 1.99 -1.34 0.004972 0.108018 -0.089424 0.990106
3343 34 1.98 -1.33 -0.000295 0.09309 -0.088734 0.991696
3344 34 1.97 -1.32 -0.002892 0.088475 -0.080988 0.992776
3345 34 1.96 -1.33 -0.004515 0.097644 -0.074514 0.992418
3346 34.1 1.95 -1.33 0.01231 0.097903 -0.074253 0.992346
3347 34.1 1.93 -1.33 0.019682 0.083189 -0.078455 0.993246
3348 34.1 1.92 -1.32 0.026966 0.073447 -0.075466 0.994074
3349 34.1 1.91 -1.3 0.027062 0.078176 -0.078052 0.993511
3350 34.2 1.89 -1.27 0.027614 0.083934 -0.086684 0.99231
3351 34.2 1.87 -1.25 0.032481 0.09171 -0.089746 0.991201
3352 34.2 1.86 -1.24 0.034896 0.092336 -0.104575 0.989606
3353 34.3 1.86 -1.22 0.040292 0.105352 -0.123839 0.985871
3354 34.3 1.86 -1.21 0.054278 0.125268 -0.142276 0.980367
3355 34.3 1.88 -1.19 0.062173 0.128116 -0.170241 0.975058
3356 34.4 1.89 -1.18 0.06845 0.128516 -0.210165 0.966762
3357 34.4 1.91 -1.18 0.083368 0.12448 -0.256233 0.954934
3358 34.4 1.91 -1.16 0.091827 0.135188 -0.303032 0.938863
3359 34.4 1.91 -1.15 0.089874 0.132396 -0.344071 0.925208
3360 34.5 1.9 -1.14 0.090251 0.136684 -0.390505 0.905913
3361 34.5 1.89 -1.13 0.091477 0.134526 -0.441135 0.882573
3362 34.5 1.88 -1.13 0.086003 0.120333 -0.486462 0.861091
3363 34.5 1.88 -1.11 0.0855 0.11861 -0.527979 0.836576
3364 34.5 1.89 -1.1 0.080452 0.112959 -0.566134 0.812564
3365 34.5 1.91 -1.1 0.080106 0.118469 -0.597296 0.789168
3366 34.6 1.94 -1.1 0.08199 0.122269 -0.626359 0.765508
3367 34.6 1.97 -1.1 0.0850811 0.122197 -0.655058 0.740761
3368 34.6 2.02 -1.1 0.081113 0.123065 -0.683531 0.714886
3369 34.6 2.06 -1.1 0.081409 0.133188 -0.702832 0.694018
3370 34.6 2.09 -1.09 0.072792 0.13961 -0.721624 0.674144
3371 34.6 2.13 -1.09 0.076691 0.149029 -0.730516 0.662008
3372 34.5 2.16 -1.08 0.071379 0.143589 -0.743 0.649799
3373 34.5 2.18 -1.07 0.07191 0.136669 -0.748531 0.644866
3374 34.5 2.21 -1.07 0.076213 0.130015 -0.750041 0.643993
3375 34.5 2.24 -1.06 0.083262 0.125728 -0.749691 0.644379
3376 34.5 2.27 -1.06 0.088792 0.126208 -0.742814 0.651471
3377 34.4 2.31 -1.05 0.090436 0.127776 -0.732659 0.662348
3378 34.4 2.35 -1.05 0.096062 0.129672 -0.719721 0.675248
3379 34.4 2.38 -1.06 0.106471 0.131874 -0.705922 0.687711
3380 34.4 2.41 -1.06 0.116922 0.131526 -0.695813 0.696329
3381 34.4 2.44 -1.06 0.126152 0.131017 -0.691799 0.69881
3382 34.4 2.47 -1.06 0.129037 0.131478 -0.687757 0.702178
3383 34.4 2.5 -1.06 0.127916 0.134883 -0.684612 0.704805
3384 34.4 2.53 -1.06 0.130438 0.141416 -0.680097 0.707428
3385 34.4 2.56 -1.07 0.133459 0.15148 -0.675129 0.709537
3386 34.4 2.6 -1.07 0.132749 0.161006 -0.669475 0.712922
3387 34.5 2.64 -1.07 0.127112 0.16995 -0.663026 0.717883
3388 34.5 2.69 -1.07 0.126686 0.179879 -0.657621 0.720506
3389 34.5 2.72 -1.06 0.119113 0.173198 -0.658945 0.722223
3390 34.5 2.75 -1.05 0.112313 0.163613 -0.666192 0.718891
3391 34.5 2.77 -1.04 0.10941 0.156553 -0.67699 0.710778
3392 34.4 2.77 -1.03 0.100691 0.144895 -0.691927 0.700074
3393 34.4 2.77 -1.02 0.0943389 0.136741 -0.7084 0.685983
3394 34.4 2.77 -1.02 0.091701 0.130983 -0.724131 0.670871
3395 34.4 2.75 -1.02 0.089953 0.12782 -0.737378 0.657148
3396 34.4 2.72 -1.02 0.085922 0.121319 -0.748552 0.646196
3397 34.4 2.69 -1.01 0.072788 0.109361 -0.759534 0.637064
3398 34.4 2.64 -1.01 0.05723 0.0969471 -0.766878 0.631841
3399 34.4 2.6 -1.01 0.037415 0.081749 -0.770676 0.630854
3400 34.4 2.55 -1.01 0.027214 0.073615 -0.770121 0.633051
3401 34.4 2.49 -1.01 0.028745 0.077457 -0.758486 0.646431
3402 34.4 2.44 -1.01 0.02916 0.077889 -0.741874 0.665362
3403 34.4 2.39 -1.02 0.033354 0.081536 -0.726201 0.681815
3404 34.4 2.33 -1.03 0.030704 0.081209 -0.71415 0.694588
3405 34.4 2.26 -1.05 0.030047 0.084448 -0.703494 0.705026
3406 34.4 2.19 -1.06 0.021003 0.084727 -0.695483 0.71322
3407 34.4 2.11 -1.07 0.00504 0.0825 -0.690142 0.718938
3408 34.5 2.04 -1.06 0.011687 0.086708 -0.684784 0.723475
3409 34.5 1.98 -1.06 0.022305 0.08743 -0.684312 0.723585
3410 34.5 1.93 -1.06 0.023635 0.090811 -0.680062 0.727125
3411 34.5 1.88 -1.07 0.019455 0.088223 -0.668872 0.737868
3412 34.5 1.82 -1.08 0.023151 0.092063 -0.655934 0.748825
3413 34.5 1.76 -1.09 0.026006 0.084223 -0.642232 0.761425
3414 34.5 1.69 -1.1 0.027286 0.079777 -0.628642 0.773111
3415 34.5 1.62 -1.1 0.019432 0.071334 -0.611938 0.787443
3416 34.4 1.55 -1.1 0.021607 0.073326 -0.598877 0.797185
3417 34.4 1.5 -1.11 0.027776 0.080129 -0.579009 0.810899
3418 34.4 1.45 -1.11 0.033685 0.084036 -0.560296 0.82333
3419 34.4 1.4 -1.12 0.039241 0.088572 -0.545792 0.832302
3420 34.5 1.35 -1.13 0.043527 0.090987 -0.529781 0.842116
3421 34.5 1.3 -1.15 0.043729 0.092494 -0.513819 0.851776
3422 34.5 1.25 -1.16 0.037582 0.095831 -0.497726 0.861204
3423 34.5 1.2 -1.17 0.027693 0.091529 -0.47857 0.872826
3424 34.5 1.16 -1.17 0.03301 0.101874 -0.457495 0.88274
3425 34.6 1.12 -1.17 0.027311 0.096645 -0.437115 0.893781
3426 34.6 1.1 -1.17 0.026714 0.104371 -0.417496 0.902269
3427 34.6 1.07 -1.17 0.026926 0.100784 -0.390052 0.914864
3428 34.6 1.05 -1.18 0.03102 0.09889 -0.361329 0.926661
3429 34.6 1.01 -1.18 0.03714 0.096593 -0.331714 0.937687
3430 34.6 0.977 -1.18 0.044619 0.091795 -0.296985 0.949412
3431 34.6 0.936 -1.18 0.047072 0.09311 -0.263235 0.959074
3432 34.6 0.895 -1.18 0.044336 0.089889 -0.230846 0.967814
3433 34.6 0.858 -1.18 0.044084 0.094563 -0.199309 0.974367
3434 34.6 0.829 -1.19 0.047256 0.107697 -0.169991 0.978402
3435 34.6 0.808 -1.2 0.048285 0.115949 -0.138218 0.982405
3436 34.6 0.791 -1.21 0.05694 0.129844 -0.113025 0.983425
3437 34.6 0.778 -1.22 0.062941 0.132329 -0.089955 0.985107
3438 34.7 0.769 -1.23 0.060908 0.132873 -0.068409 0.986892
3439 34.7 0.761 -1.24 0.052227 0.134474 -0.052583 0.988142
3440 34.7 0.752 -1.25 0.035645 0.132276 -0.034182 0.989982
3441 34.7 0.745 -1.25 0.02554 0.120791 -0.012235 0.992274
3442 34.8 0.742 -1.26 0.024364 0.113752 0.014703 0.993102
3443 34.8 0.739 -1.26 0.025017 0.118378 0.03916 0.991881
3444 34.8 0.732 -1.26 0.028281 0.116952 0.064244 0.990654
3445 34.8 0.724 -1.26 0.030877 0.115243 0.089941 0.988775
3446 34.8 0.712 -1.26 0.030184 0.114608 0.120408 0.985625
3447 34.8 0.697 -1.26 0.02884 0.111267 0.156158 0.981021
3448 34.8 0.679 -1.27 0.025932 0.11087 0.201002 0.972951
3449 34.8 0.659 -1.27 0.026365 0.111375 0.248767 0.961777
3450 34.8 0.639 -1.26 0.026702 0.09762 0.300558 0.948379
3451 34.7 0.624 -1.26 0.030237 0.095552 0.345799 0.932941
3452 34.7 0.611 -1.26 0.037605 0.08475 0.380289 0.920208
3453 34.7 0.605 -1.25 0.052218 0.072565 0.40447 0.910171
3454 34.7 0.6 -1.25 0.063331 0.059317 0.427302 0.899935
3455 34.7 0.591 -1.24 0.069002 0.048017 0.451905 0.888096
3456 34.7 0.577 -1.24 0.06869 0.040701 0.47543 0.876123
3457 34.7 0.555 -1.24 0.064573 0.033381 0.495347 0.865649
3458 34.6 0.531 -1.24 0.066995 0.027584 0.514719 0.854292
3459 34.6 0.509 -1.25 0.060995 0.02529 0.531112 0.844725
3460 34.6 0.495 -1.25 0.053774 0.014831 0.547578 0.834893
3461 34.6 0.485 -1.25 0.032921 0.022847 0.561087 0.826786
3462 34.6 0.477 -1.25 0.015855 0.029119 0.576231 0.816614
3463 34.6 0.469 -1.24 0.010158 0.030941 0.593232 0.804373
3464 34.6 0.46 -1.24 0.008925 0.031909 0.613007 0.789382
3465 34.6 0.45 -1.24 0.01004 0.03513 0.633116 0.773194
3466 34.6 0.439 -1.24 0.013135 0.035057 0.651723 0.757532
3467 34.6 0.426 -1.24 0.009084 0.040533 0.670153 0.74106
3468 34.6 0.411 -1.24 0.009671 0.041691 0.686409 0.725955
3469 34.6 0.395 -1.25 0.011315 0.046912 0.701767 0.71077
3470 34.6 0.381 -1.25 0.012545 0.049591 0.714817 0.697438
3471 34.6 0.367 -1.25 0.011642 0.052943 0.727519 0.683943
3472 34.6 0.353 -1.26 0.008894 0.057036 0.740113 0.67
3473 34.5 0.336 -1.27 0.004235 0.060071 0.753309 0.654904
3474 34.5 0.32 -1.28 -0.00324 0.063612 0.766675 0.638868
3475 34.5 0.3 -1.28 -0.010931 0.06499 0.779092 0.623436
3476 34.5 0.279 -1.29 -0.015755 0.067876 0.786633 0.613476
3477 34.5 0.261 -1.29 -0.013684 0.06759 0.791698 0.607008
3478 34.5 0.24 -1.29 -0.012722 0.062931 0.793851 0.604714
3479 34.5 0.213 -1.29 -0.00045 0.054324 0.794642 0.604643
3480 34.5 0.181 -1.28 0.012465 0.047681 0.792677 0.607646
3481 34.5 0.146 -1.29 0.023125 0.041421 0.787633 0.614316
3482 34.5 0.109 -1.29 0.030871 0.037072 0.777513 0.627013
3483 34.5 0.0753 -1.29 0.035043 0.035896 0.763797 0.643504
3484 34.5 0.0433 -1.3 0.033448 0.039541 0.750152 0.659234
3485 34.5 0.0142 -1.3 0.030507 0.043694 0.735601 0.675316
3486 34.5 -0.0102 -1.3 0.029194 0.046457 0.719318 0.69251
3487 34.5 -0.0274 -1.31 0.024561 0.049411 0.705007 0.70705
3488 34.6 -0.0416 -1.31 0.024255 0.049408 0.689398 0.722288
3489 34.6 -0.0526 -1.32 0.023298 0.054991 0.675824 0.734639
3490 34.6 -0.0611 -1.32 0.022566 0.064857 0.66324 0.745249
3491 34.6 -0.0684 -1.33 0.019724 0.076512 0.653212 0.753041
3492 34.6 -0.0748 -1.34 0.011363 0.08478 0.649825 0.755255
3493 34.6 -0.0819 -1.35 0.004615 0.096561 0.646698 0.756595
3494 34.7 -0.0901 -1.35 0.005468 0.09881 0.646009 0.756888
3495 34.7 -0.0929 -1.36 0.000942 0.103097 0.649115 0.753671
3496 34.7 -0.0912 -1.36 -0.001072 0.10427 0.654964 0.748431
3497 34.7 -0.078 -1.36 -0.000919 0.097487 0.663673 0.741643
3498 34.7 -0.0534 -1.35 -0.003734 0.094187 0.670203 0.736167
3499 34.6 -0.0185 -1.35 -0.001453 0.08323 0.676457 0.731763
3500 34.6 0.026 -1.34 0.00201 0.071661 0.681855 0.727966
3501 34.6 0.077 -1.33 -0.000302 0.057552 0.687709 0.723701
3502 34.6 0.126 -1.32 -0.003068 0.043023 0.697671 0.715119
3503 34.6 0.168 -1.3 0.00449 0.028951 0.705853 0.707752
3504 34.6 0.208 -1.29 0.012549 0.014858 0.7155 0.698342
3505 34.5 0.247 -1.28 0.011931 0.011354 0.73251 0.680557
3506 34.5 0.288 -1.27 0.018077 0.004591 0.749619 0.661607
3507 34.5 0.33 -1.26 0.023345 0.001836 0.769646 0.638041
3508 34.5 0.374 -1.25 0.036859 -0.009916 0.792001 0.609326
3509 34.5 0.421 -1.24 0.051298 -0.025964 0.815337 0.576125
3510 34.5 0.468 -1.23 0.05659 -0.037398 0.838395 0.540825
3511 34.5 0.512 -1.23 0.058195 -0.038224 0.859132 0.506996
3512 34.5 0.549 -1.22 0.05395 -0.029298 0.879302 0.472292
3513 34.5 0.576 -1.23 0.047707 -0.02491 0.895731 0.441328
3514 34.5 0.599 -1.23 0.038638 -0.023779 0.91063 0.410724
3515 34.5 0.619 -1.24 0.023201 -0.018121 0.920233 0.390262
3516 34.4 0.642 -1.24 0.008117 -0.016131 0.930367 0.366184
3517 34.4 0.669 -1.25 -0.003674 -0.016869 0.938571 0.344655
3518 34.4 0.7 -1.25 -0.015591 -0.021186 0.945026 0.325935
3519 34.4 0.731 -1.24 -0.025832 -0.031419 0.951028 0.306417
3520 34.3 0.756 -1.24 -0.044378 -0.033751 0.955828 0.28859
3521 34.3 0.774 -1.24 -0.048261 -0.03566 0.961033 0.269841
3522 34.3 0.787 -1.24 -0.057827 -0.035028 0.965677 0.250794
3523 34.3 0.796 -1.24 -0.070111 -0.03259 0.970542 0.228191
3524 34.3 0.805 -1.24 -0.074369 -0.032571 0.975642 0.203794
3525 34.3 0.817 -1.24 -0.077765 -0.033803 0.981011 0.174437
3526 34.3 0.831 -1.25 -0.086956 -0.031959 0.985569 0.141671
3527 34.3 0.848 -1.25 -0.097572 -0.030977 0.989042 0.106378
3528 34.3 0.869 -1.25 -0.106163 -0.030625 0.990931 0.076464
3529 34.3 0.894 -1.25 -0.116248 -0.03169 0.991613 0.046743
3530 34.4 0.915 -1.25 -0.123264 -0.034975 0.991603 0.017514
3531 34.4 0.931 -1.26 -0.132335 -0.040386 0.990309 -0.012041
3532 34.4 0.938 -1.27 -0.143589 -0.040711 0.987714 -0.046327
3533 34.4 0.935 -1.27 -0.144723 -0.045184 0.985237 -0.079507
3534 34.4 0.929 -1.27 -0.146176 -0.049045 0.982068 -0.10849
3535 34.4 0.913 -1.27 -0.149478 -0.053753 0.978306 -0.132981
3536 34.4 0.895 -1.26 -0.135155 -0.070958 0.97566 -0.157437
3537 34.4 0.88 -1.25 -0.1171 -0.075674 0.974372 -0.176524
3538 34.4 0.867 -1.24 -0.096572 -0.073733 0.975229 -0.184839
3539 34.4 0.859 -1.22 -0.065912 -0.069943 0.977821 -0.18609
3540 34.4 0.857 -1.21 -0.038767 -0.06322 0.98053 -0.181829
3541 34.4 0.859 -1.19 -0.011569 -0.055317 0.982732 -0.176191
3542 34.4 0.865 -1.17 0.020597 -0.051392 0.984305 -0.167568
3543 34.4 0.876 -1.15 0.054262 -0.046623 0.985314 -0.15504
3544 34.4 0.892 -1.13 0.080155 -0.042281 0.985906 -0.140633
3545 34.4 0.911 -1.13 0.09772 -0.034991 0.987034 -0.122433
3546 34.4 0.931 -1.12 0.109645 -0.0274 0.988565 -0.099836
3547 34.4 0.951 -1.12 0.114838 -0.019389 0.990411 -0.074319
3548 34.4 0.971 -1.12 0.116671 -0.010342 0.992071 -0.045572
3549 34.4 0.988 -1.13 0.112192 -0.007434 0.993502 -0.01762
3550 34.4 1 -1.14 0.099685 -0.007546 0.994939 0.010106
3551 34.4 1.01 -1.15 0.086543 -0.008989 0.995537 0.036544
3552 34.4 1.02 -1.16 0.072304 -0.010549 0.995459 0.061013
3553 34.4 1.03 -1.17 0.056361 -0.010232 0.995332 0.077666
3554 34.4 1.03 -1.17 0.042273 -0.009406 0.995245 0.087248
3555 34.4 1.02 -1.18 0.031475 -0.01021 0.995207 0.092024
3556 34.4 1.01 -1.19 0.009967 -0.010671 0.994757 0.101219
3557 34.4 1 -1.19 -0.001747 -0.013714 0.993547 0.112576
3558 34.3 0.984 -1.19 -0.001559 -0.014361 0.991245 0.131243
3559 34.3 0.968 -1.2 0.004395 -0.011678 0.986935 0.160636
3560 34.3 0.95 -1.21 -0.00511 0.002291 0.979573 0.20101
3561 34.3 0.935 -1.22 -0.010598 0.014841 0.969223 0.245508
3562 34.3 0.923 -1.23 -0.019709 0.024937 0.955316 0.293871
3563 34.3 0.915 -1.23 -0.025904 0.028283 0.945192 0.324255
3564 34.3 0.909 -1.23 -0.01643 0.021438 0.935383 0.352604
3565 34.3 0.904 -1.24 -0.015809 0.017811 0.92307 0.383894
3566 34.3 0.897 -1.25 -0.018805 0.02037 0.910342 0.412928
3567 34.3 0.884 -1.25 -0.008956 0.023644 0.894555 0.446241
3568 34.4 0.872 -1.25 -0.006475 0.027123 0.874372 0.484454
3569 34.4 0.861 -1.26 -0.009245 0.037372 0.854441 0.51812
3570 34.4 0.851 -1.26 -0.006095 0.046808 0.835558 0.54737
3571 34.5 0.847 -1.26 -0.010517 0.055624 0.818231 0.572095
3572 34.5 0.854 -1.25 -0.014823 0.060659 0.797557 0.600004
3573 34.5 0.874 -1.25 -0.019203 0.062154 0.777465 0.625553
3574 34.5 0.903 -1.25 -0.011491 0.055078 0.754576 0.653797
3575 34.5 0.94 -1.24 0.000198 0.055051 0.730407 0.68079
3576 34.5 0.977 -1.24 0.012663 0.056405 0.704455 0.70739
3577 34.4 1.02 -1.23 0.018184 0.063427 0.678742 0.731407
3578 34.4 1.06 -1.23 0.022531 0.066858 0.649481 0.757098
3579 34.4 1.1 -1.22 0.017896 0.073125 0.625802 0.776341
3580 34.5 1.15 -1.22 0.012543 0.077295 0.610456 0.78817
3581 34.5 1.21 -1.22 0.013452 0.075 0.592974 0.801608
3582 34.5 1.27 -1.23 0.020124 0.069603 0.58341 0.80894
3583 34.5 1.34 -1.22 0.029067 0.06255 0.575107 0.815165
3584 34.5 1.41 -1.21 0.041807 0.052906 0.568156 0.820154
3585 34.6 1.47 -1.2 0.036182 0.055998 0.56427 0.822894
3586 34.6 1.53 -1.19 0.037112 0.055694 0.557596 0.82741
3587 34.6 1.58 -1.19 0.03564 0.05971 0.541 0.838143
3588 34.6 1.63 -1.2 0.037448 0.062258 0.518932 0.851723
3589 34.6 1.69 -1.2 0.038521 0.063832 0.489448 0.86884
3590 34.6 1.75 -1.21 0.044403 0.061835 0.456514 0.886454
3591 34.6 1.81 -1.21 0.053314 0.048989 0.415217 0.906836
3592 34.7 1.87 -1.21 0.051901 0.056138 0.380491 0.921619
3593 34.7 1.92 -1.21 0.053687 0.050417 0.333959 0.939706
3594 34.7 1.96 -1.23 0.05283 0.056352 0.296315 0.951962
3595 34.7 2 -1.25 0.047357 0.054014 0.272098 0.959584
3596 34.8 2.03 -1.28 0.049616 0.048092 0.249276 0.965964
3597 34.8 2.05 -1.32 0.049225 0.046619 0.229963 0.970835
3598 34.9 2.07 -1.37 0.049806 0.046647 0.214123 0.97442
3599 34.9 2.08 -1.42 0.053567 0.048253 0.202714 0.97658
3600 35 2.09 -1.47 0.050269 0.051934 0.188514 0.979407
3601 35 2.09 -1.51 0.048217 0.05896 0.164352 0.983457
3602 35.1 2.1 -1.54 0.040814 0.066193 0.138968 0.987239
3603 35.2 2.11 -1.56 0.038518 0.078651 0.118927 0.989033
3604 35.3 2.11 -1.56 0.029768 0.092462 0.109814 0.989194
3605 35.3 2.12 -1.57 0.023416 0.100015 0.103982 0.989261
3606 35.4 2.12 -1.55 0.023105 0.116974 0.089386 0.988834
3607 35.5 2.14 -1.52 0.030261 0.123453 0.073112 0.989191
3608 35.5 2.15 -1.49 0.039337 0.135503 0.067216 0.987711
3609 35.6 2.17 -1.44 0.047274 0.129176 0.065391 0.988333
3610 35.6 2.19 -1.39 0.061352 0.115511 0.062254 0.989453
3611 35.7 2.2 -1.35 0.073534 0.104831 0.0533 0.990334
3612 35.7 2.22 -1.3 0.083731 0.1076 0.045087 0.989636
3613 35.8 2.24 -1.26 0.086573 0.110201 0.03873 0.989374
3614 35.9 2.26 -1.21 0.075004 0.102198 0.022442 0.991679
3615 35.9 2.27 -1.17 0.059405 0.078804 0.008068 0.995086
3616 36 2.28 -1.12 0.060269 0.07458 -0.006265 0.995372
3617 36 2.29 -1.06 0.070395 0.090646 -0.021468 0.99316
3618 36 2.29 -1.01 0.077042 0.120221 -0.038813 0.988992
3619 36 2.28 -0.957 0.07654 0.128111 -0.059893 0.986986
3620 36.1 2.26 -0.92 0.0747 0.141062 -0.081032 0.983847
3621 36.1 2.23 -0.893 0.068172 0.157255 -0.109242 0.979127
3622 36.1 2.21 -0.874 0.066403 0.162943 -0.137333 0.974772
3623 36.2 2.17 -0.866 0.067967 0.159302 -0.165536 0.970877
3624 36.2 2.14 -0.861 0.074526 0.150525 -0.195892 0.966134
3625 36.2 2.1 -0.86 0.078505 0.138179 -0.221893 0.962033
3626 36.3 2.06 -0.86 0.079624 0.126503 -0.239274 0.959377
3627 36.3 2.03 -0.859 0.079442 0.120108 -0.252528 0.956814
3628 36.4 2.01 -0.86 0.077959 0.112491 -0.266049 0.954194
3629 36.4 1.99 -0.866 0.078374 0.115782 -0.273553 0.951641
3630 36.4 1.96 -0.875 0.077337 0.129973 -0.282154 0.947373
3631 36.5 1.94 -0.885 0.074158 0.135672 -0.292997 0.943529
3632 36.5 1.92 -0.894 0.071963 0.13679 -0.306835 0.939128
3633 36.6 1.9 -0.9 0.067962 0.137654 -0.327474 0.932305
3634 36.6 1.87 -0.902 0.063441 0.130674 -0.3512 0.924964
3635 36.7 1.85 -0.9 0.062363 0.13812 -0.371714 0.915894
3636 36.7 1.83 -0.9 0.065732 0.134394 -0.397948 0.905127
3637 36.8 1.8 -0.904 0.066751 0.133709 -0.42289 0.893773
3638 36.8 1.77 -0.907 0.068847 0.131771 -0.438657 0.886271
3639 36.8 1.73 -0.913 0.069045 0.121153 -0.457701 0.878103
3640 36.8 1.68 -0.919 0.070215 0.10696 -0.472323 0.87209
3641 36.8 1.63 -0.922 0.065472 0.082269 -0.48521 0.868053
3642 36.9 1.57 -0.922 0.055238 0.054635 -0.502223 0.861241
3643 36.9 1.51 -0.922 0.053539 0.037765 -0.520467 0.851364
3644 36.9 1.46 -0.925 0.059492 0.052748 -0.538518 0.838854
3645 36.9 1.41 -0.931 0.054173 0.055529 -0.552835 0.829672
3646 36.9 1.38 -0.934 0.057968 0.065515 -0.56838 0.818102
3647 36.9 1.34 -0.939 0.052511 0.066057 -0.587182 0.805044
3648 36.9 1.29 -0.945 0.052341 0.072546 -0.608171 0.788749
3649 36.9 1.25 -0.954 0.049099 0.077419 -0.629684 0.771423
3650 36.9 1.2 -0.963 0.042217 0.081486 -0.650212 0.75419
3651 36.9 1.14 -0.968 0.033692 0.075853 -0.670891 0.736897
3652 36.9 1.09 -0.969 0.035278 0.076803 -0.689621 0.719222
3653 36.9 1.04 -0.969 0.034463 0.077289 -0.709506 0.699599
3654 36.9 1 -0.971 0.030819 0.076596 -0.731937 0.676352
3655 36.9 0.964 -0.974 0.035537 0.080505 -0.749816 0.655768
3656 36.9 0.929 -0.977 0.036987 0.084792 -0.764157 0.638362
3657 36.9 0.891 -0.983 0.034674 0.084082 -0.778673 0.620803
3658 36.9 0.848 -0.988 0.028826 0.079995 -0.78836 0.60931
3659 36.9 0.799 -0.987 0.025134 0.071666 -0.79641 0.599969
3660 36.9 0.749 -0.983 0.020032 0.055562 -0.804086 0.591572
3661 36.8 0.703 -0.983 0.019957 0.043937 -0.816003 0.57603
3662 36.8 0.661 -0.989 0.021013 0.042869 -0.825356 0.56259
3663 36.8 0.626 -0.995 0.027812 0.052188 -0.836105 0.545373
3664 36.8 0.599 -0.999 0.037594 0.062973 -0.846034 0.52806
3665 36.8 0.573 -1 0.031522 0.069386 -0.858513 0.507098
3666 36.8 0.545 -1.01 -0.025991 -0.074247 0.875155 -0.477406
3667 36.8 0.513 -1.01 -0.02813 -0.077505 0.892328 -0.443792
3668 36.8 0.483 -1.01 -0.028124 -0.077479 0.909463 -0.407533
3669 36.8 0.454 -1.01 -0.021007 -0.075527 0.927544 -0.3654
3670 36.8 0.429 -1.01 -0.01966 -0.078127 0.942158 -0.325343
3671 36.8 0.412 -1.01 -0.022703 -0.076569 0.955029 -0.285553
3672 36.8 0.407 -1.02 -0.027743 -0.080071 0.966136 -0.243721
3673 36.8 0.409 -1.02 -0.025917 -0.084552 0.974898 -0.204337
3674 36.8 0.414 -1.02 -0.03282 -0.087873 0.980271 -0.173984
3675 36.8 0.421 -1.02 -0.033215 -0.088058 0.984298 -0.149334
3676 36.8 0.429 -1.02 -0.02722 -0.084533 0.987868 -0.127396
3677 36.8 0.438 -1.02 -0.02444 -0.073011 0.991665 -0.103312
3678 36.8 0.451 -1.01 -0.021469 -0.059437 0.995096 -0.076095
3679 36.8 0.467 -1.01 -0.01618 -0.04875 0.997399 -0.050567
3680 36.8 0.481 -1.01 -0.01726 -0.04019 0.99864 -0.028366
3681 36.8 0.495 -1.01 -0.017901 -0.03545 0.999201 -0.00444
3682 36.9 0.508 -1.01 -0.022665 -0.032346 0.999067 0.01749
3683 36.9 0.519 -1.01 -0.037309 -0.030998 0.998082 0.038469
3684 36.9 0.525 -1.01 -0.046505 -0.028359 0.996945 0.055982
3685 36.9 0.525 -1.01 -0.053598 -0.023428 0.995852 0.069692
3686 36.9 0.52 -1.01 -0.055581 -0.019269 0.994963 0.081173
3687 37 0.51 -1 -0.047993 -0.01437 0.994492 0.092063
3688 37 0.498 -0.997 -0.040822 -0.011868 0.992965 0.11051
3689 37 0.481 -0.998 -0.040899 -0.010383 0.991307 0.124621
3690 37 0.46 -1 -0.038016 -0.011114 0.989236 0.140864
3691 37 0.432 -1.01 -0.04062 -0.012893 0.986528 0.157944
3692 37 0.399 -1.03 -0.045493 -0.012778 0.983672 0.173655
3693 37 0.362 -1.04 -0.057027 -0.007144 0.980814 0.186279
3694 37 0.326 -1.05 -0.064647 0.002437 0.978065 0.197998
3695 37.1 0.295 -1.06 -0.068583 0.010272 0.975549 0.208554
3696 37.1 0.268 -1.06 -0.070912 0.013029 0.973782 0.215754
3697 37.1 0.247 -1.07 -0.075725 0.0183 0.972224 0.220707
3698 37.1 0.231 -1.07 -0.077574 0.02081 0.971017 0.225111
3699 37.1 0.221 -1.08 -0.080846 0.016472 0.970644 0.225927
3700 37.1 0.218 -1.08 -0.081333 0.012711 0.970759 0.225502
3701 37.1 0.219 -1.07 -0.078688 0.011933 0.970703 0.226717
3702 37.1 0.226 -1.07 -0.07967 0.012833 0.97001 0.229278
3703 37.2 0.237 -1.07 -0.079637 0.014589 0.969082 0.233078
3704 37.2 0.252 -1.07 -0.079153 0.017559 0.968114 0.237025
3705 37.2 0.27 -1.08 -0.07939 0.020701 0.967008 0.241171
3706 37.2 0.292 -1.08 -0.08501 0.026231 0.964635 0.24812
3707 37.3 0.313 -1.08 -0.084514 0.03054 0.962339 0.256571
3708 37.3 0.336 -1.08 -0.083615 0.030769 0.95893 0.269288
3709 37.3 0.363 -1.07 -0.071681 0.022583 0.955867 0.284025
3710 37.4 0.395 -1.07 -0.065156 0.020126 0.950422 0.303393
3711 37.4 0.431 -1.06 -0.040302 0.01405 0.945248 0.323549
3712 37.4 0.471 -1.06 -0.028776 0.011231 0.940134 0.339402
3713 37.3 0.517 -1.06 -0.026889 0.003536 0.934265 0.355546
3714 37.3 0.567 -1.05 -0.026512 -0.008859 0.929414 0.367978
3715 37.3 0.617 -1.04 -0.0197 -0.021696 0.925035 0.378749
3716 37.3 0.667 -1.03 -0.023021 -0.025265 0.924978 0.378481
3717 37.3 0.716 -1.03 -0.01815 -0.03011 0.925573 0.376934
3718 37.3 0.763 -1.02 -0.02199 -0.023107 0.928402 0.370206
3719 37.3 0.809 -1.02 -0.020085 -0.020484 0.934546 0.354683
3720 37.3 0.856 -1.02 -0.02235 -0.017805 0.942501 0.332979
3721 37.3 0.903 -1.01 -0.018129 -0.016535 0.950312 0.310332
3722 37.3 0.951 -1.01 -0.015852 -0.017698 0.958464 0.284223
3723 37.3 0.998 -0.995 -0.010774 -0.024075 0.967344 0.252092
3724 37.3 1.04 -0.982 -0.014193 -0.024824 0.974638 0.221954
3725 37.3 1.09 -0.969 -0.0174 -0.027395 0.981426 0.189076
3726 37.2 1.12 -0.959 -0.00829 -0.03567 0.987928 0.150522
3727 37.2 1.15 -0.952 -0.000341 -0.039901 0.991962 0.120079
3728 37.2 1.17 -0.949 0.012417 -0.043887 0.995243 0.086087
3729 37.2 1.18 -0.947 0.019591 -0.049239 0.997406 0.048703
3730 37.1 1.2 -0.945 0.027008 -0.056984 0.997889 0.015546
3731 37.1 1.23 -0.939 0.041062 -0.066639 0.996864 -0.011665
3732 37.1 1.26 -0.932 0.042847 -0.066993 0.996429 -0.028375
3733 37 1.29 -0.923 0.043328 -0.061841 0.996202 -0.043366
3734 37 1.32 -0.915 0.046588 -0.060968 0.995974 -0.046355
3735 37 1.35 -0.908 0.046272 -0.057019 0.996242 -0.045941
3736 36.9 1.38 -0.903 0.048839 -0.051628 0.996688 -0.03952
3737 36.9 1.41 -0.902 0.046297 -0.045793 0.997469 -0.02854
3738 36.9 1.45 -0.904 0.041524 -0.040829 0.998216 -0.01319
3739 36.8 1.5 -0.902 0.041187 -0.039141 0.998366 0.006028
3740 36.8 1.54 -0.897 0.032027 -0.03851 0.998348 0.02816
3741 36.8 1.59 -0.891 0.025875 -0.034617 0.99741 0.057497
3742 36.8 1.62 -0.888 0.021457 -0.035109 0.995271 0.087992
3743 36.7 1.65 -0.886 0.016328 -0.033862 0.992672 0.114845
3744 36.7 1.68 -0.886 0.012055 -0.02557 0.989129 0.144308
3745 36.7 1.71 -0.885 0.011564 -0.016582 0.98387 0.177738
3746 36.7 1.74 -0.886 0.008649 -0.010678 0.976842 0.213521
3747 36.7 1.77 -0.888 0.004152 -0.005835 0.9675 0.252771
3748 36.7 1.8 -0.886 0.008288 -0.002295 0.955777 0.293967
3749 36.6 1.83 -0.882 0.010309 0.00089 0.942712 0.333446
3750 36.6 1.84 -0.876 0.011779 0.003076 0.928281 0.371681
3751 36.6 1.86 -0.87 0.025225 0.001557 0.913072 0.407015
3752 36.6 1.88 -0.866 0.027669 0.004837 0.897391 0.440342
3753 36.6 1.89 -0.865 0.027316 0.001874 0.880101 0.473996
3754 36.6 1.9 -0.865 0.019739 -0.001048 0.863567 0.503846
3755 36.6 1.91 -0.865 0.012548 -0.000297 0.846892 0.531617
3756 36.6 1.91 -0.865 0.014817 0.003814 0.827811 0.560798
3757 36.6 1.91 -0.865 0.014024 0.007619 0.808189 0.588707
3758 36.6 1.92 -0.867 0.012584 0.009292 0.791457 0.611025
3759 36.6 1.92 -0.87 0.013172 0.009054 0.777154 0.629108
3760 36.6 1.91 -0.872 0.014734 0.007458 0.764317 0.644629
3761 36.6 1.91 -0.873 0.019708 0.010246 0.750998 0.659931
3762 36.6 1.9 -0.874 0.022116 0.016341 0.73691 0.675432
3763 36.7 1.89 -0.874 0.023327 0.019203 0.723985 0.689153
3764 36.7 1.87 -0.874 0.026557 0.022009 0.711503 0.701836
3765 36.7 1.85 -0.874 0.030588 0.023741 0.698828 0.714241
3766 36.7 1.84 -0.874 0.034587 0.027463 0.685688 0.726555
3767 36.8 1.82 -0.876 0.037298 0.029023 0.671961 0.739077
3768 36.8 1.8 -0.878 0.039587 0.026639 0.659074 0.750563
3769 36.8 1.78 -0.879 0.044086 0.026056 0.646125 0.761512
3770 36.8 1.76 -0.882 0.049771 0.024675 0.633717 0.771568
3771 36.8 1.74 -0.885 0.051116 0.025712 0.623419 0.779792
3772 36.8 1.72 -0.888 0.052207 0.026588 0.611782 0.788854
3773 36.8 1.7 -0.894 0.048673 0.028122 0.597762 0.7997
3774 36.9 1.67 -0.902 0.043864 0.032335 0.583022 0.810627
3775 36.9 1.65 -0.909 0.040845 0.037628 0.566368 0.822279
3776 36.9 1.64 -0.915 0.039306 0.042317 0.549863 0.833255
3777 36.9 1.62 -0.92 0.038361 0.049014 0.533382 0.843581
3778 36.9 1.6 -0.923 0.037252 0.051902 0.515961 0.854227
3779 36.9 1.59 -0.928 0.040589 0.05693 0.500532 0.86289
3780 36.9 1.58 -0.932 0.043383 0.067576 0.480636 0.873236
3781 36.9 1.57 -0.934 0.041784 0.077031 0.455917 0.885697
3782 36.9 1.57 -0.933 0.038896 0.078713 0.432349 0.897422
3783 36.9 1.56 -0.932 0.03319 0.076561 0.407158 0.909538
3784 36.9 1.56 -0.933 0.026095 0.078943 0.38423 0.919486
3785 36.9 1.57 -0.935 0.020131 0.089634 0.368822 0.924949
3786 36.9 1.58 -0.937 0.016644 0.09673 0.359651 0.92791
3787 36.8 1.58 -0.939 0.012587 0.105387 0.353566 0.929369
3788 36.8 1.59 -0.942 0.008056 0.111657 0.35075 0.929754
3789 36.8 1.6 -0.945 0.004658 0.118144 0.350911 0.928914
3790 36.8 1.6 -0.948 -0.000794 0.12613 0.355128 0.926269
3791 36.8 1.61 -0.948 -0.005208 0.127919 0.366671 0.9215
3792 36.7 1.6 -0.947 -0.008447 0.127112 0.382569 0.915102
3793 36.7 1.6 -0.944 -0.011323 0.127647 0.403011 0.906179
3794 36.7 1.59 -0.941 -0.010402 0.119941 0.427268 0.896074
3795 36.7 1.57 -0.939 -0.0076 0.111913 0.451955 0.88496
3796 36.7 1.55 -0.939 -0.003254 0.106368 0.478106 0.871831
3797 36.7 1.53 -0.94 -0.002159 0.105263 0.506866 0.855571
3798 36.7 1.5 -0.939 0.00082 0.095909 0.536217 0.838613
3799 36.7 1.47 -0.939 0.004576 0.085282 0.567503 0.81893
3800 36.7 1.44 -0.94 0.003918 0.081059 0.595855 0.798981
3801 36.6 1.42 -0.939 0.003511 0.079828 0.619925 0.780582
3802 36.6 1.4 -0.937 0.005873 0.077723 0.638575 0.765602
3803 36.6 1.38 -0.931 0.008992 0.076889 0.652973 0.753415
3804 36.6 1.37 -0.926 0.010326 0.072397 0.664763 0.743466
3805 36.6 1.36 -0.922 0.011318 0.066846 0.675691 0.734061
3806 36.5 1.35 -0.92 0.00968601 0.063945 0.684075 0.726538
3807 36.5 1.34 -0.92 0.00847 0.062268 0.687456 0.723502
3808 36.4 1.32 -0.921 0.008412 0.060393 0.687267 0.723841
3809 36.4 1.31 -0.921 0.007009 0.059271 0.681924 0.728984
3810 36.4 1.29 -0.925 0.00984799 0.063686 0.671536 0.738165
3811 36.4 1.27 -0.93 0.010951 0.069919 0.654849 0.752439
3812 36.3 1.24 -0.933 0.010802 0.0774 0.636995 0.766896
3813 36.3 1.22 -0.934 0.012015 0.07968 0.617861 0.782148
3814 36.3 1.19 -0.935 0.012087 0.083331 0.599008 0.796303
3815 36.3 1.17 -0.936 0.012078 0.083702 0.581613 0.809058
3816 36.3 1.15 -0.937 0.013943 0.081558 0.563337 0.822074
3817 36.3 1.13 -0.938 0.01712 0.079619 0.54442 0.83485
3818 36.3 1.1 -0.941 0.020373 0.078269 0.524735 0.847415
3819 36.4 1.07 -0.944 0.023839 0.080348 0.504306 0.859448
3820 36.4 1.04 -0.945 0.028902 0.082396 0.481708 0.871971
3821 36.4 1.01 -0.946 0.030842 0.083915 0.456019 0.885468
3822 36.4 0.977 -0.95 0.032007 0.088414 0.430499 0.89768
3823 36.4 0.942 -0.953 0.035131 0.092696 0.403162 0.909744
3824 36.4 0.907 -0.958 0.035976 0.097351 0.374763 0.921293
3825 36.4 0.874 -0.963 0.037974 0.100905 0.34629 0.931912
3826 36.4 0.842 -0.97 0.04049 0.107704 0.316235 0.941677
3827 36.4 0.809 -0.977 0.042139 0.117149 0.284143 0.950665
3828 36.4 0.779 -0.982 0.044506 0.126608 0.251987 0.95838
3829 36.4 0.751 -0.985 0.044535 0.129123 0.219467 0.966011
3830 36.4 0.727 -0.987 0.043477 0.132888 0.187746 0.972215
3831 36.4 0.707 -0.987 0.044703 0.136965 0.151797 0.977855
3832 36.4 0.693 -0.984 0.046365 0.13717 0.112006 0.983102
3833 36.4 0.688 -0.979 0.045735 0.132727 0.072833 0.987414
3834 36.4 0.695 -0.973 0.047265 0.123014 0.035885 0.990629
3835 36.5 0.716 -0.965 0.049935 0.119058 0.004004 0.991623
3836 36.5 0.746 -0.958 0.051745 0.107574 -0.020626 0.992635
3837 36.5 0.78 -0.95 0.053184 0.094765 -0.038928 0.993315
3838 36.5 0.812 -0.941 0.053051 0.076411 -0.053328 0.994235
3839 36.5 0.846 -0.932 0.048942 0.064692 -0.059665 0.994917
3840 36.5 0.883 -0.927 0.044096 0.054629 -0.060288 0.995709
3841 36.5 0.923 -0.924 0.036003 0.042535 -0.057218 0.996805
3842 36.5 0.962 -0.925 0.028283 0.0391 -0.038927 0.998076
3843 36.6 1 -0.931 0.023423 0.040226 -0.021039 0.998694
3844 36.6 1.04 -0.939 0.023946 0.041959 -0.000765 0.998832
3845 36.7 1.08 -0.944 0.02787 0.038575 0.019959 0.998668
3846 36.7 1.12 -0.946 0.033518 0.03557 0.038921 0.998046
3847 36.8 1.17 -0.947 0.034801 0.039921 0.052387 0.997222
3848 36.8 1.21 -0.953 0.039553 0.034629 0.075403 0.995766
3849 36.9 1.26 -0.962 0.04268 0.050089 0.100108 0.992798
3850 36.9 1.31 -0.972 0.039477 0.06847 0.124411 0.989078
3851 37 1.37 -0.981 0.035417 0.077285 0.142657 0.986114
3852 37 1.44 -0.992 0.040683 0.076502 0.142508 0.985994
3853 37.1 1.51 -0.999 0.043671 0.068081 0.144254 0.98623
3854 37.1 1.58 -1 0.041534 0.045388 0.145303 0.987472
3855 37.2 1.64 -1.01 0.046059 0.052168 0.14636 0.986781
3856 37.2 1.7 -1.02 0.03866 0.058507 0.143316 0.987189
3857 37.3 1.76 -1.03 0.026655 0.074778 0.147847 0.985819
3858 37.3 1.82 -1.05 0.020171 0.077638 0.154661 0.984706
3859 37.4 1.87 -1.07 0.017506 0.07271 0.158263 0.984561
3860 37.5 1.91 -1.1 0.026916 0.065786 0.160713 0.984438
3861 37.6 1.96 -1.12 0.030912 0.075852 0.16613 0.982696
3862 37.6 2.01 -1.14 0.028505 0.071784 0.175072 0.981521
3863 37.7 2.05 -1.18 0.027508 0.065903 0.181503 0.980794
3864 37.8 2.1 -1.22 0.026544 0.07013 0.187865 0.979328
3865 37.8 2.15 -1.26 0.02046 0.06031 0.198357 0.978059
3866 37.9 2.19 -1.29 0.013416 0.056424 0.204422 0.977163
3867 38 2.22 -1.33 0.018253 0.052803 0.205347 0.977093
3868 38 2.25 -1.37 0.012671 0.053462 0.208985 0.976374
3869 38.1 2.27 -1.4 0.005151 0.053064 0.215365 0.975077
3870 38.1 2.29 -1.44 0.005031 0.050316 0.220289 0.974123
3871 38.1 2.31 -1.46 0.005054 0.060671 0.225359 0.972372
3872 38.2 2.32 -1.48 0.011129 0.059964 0.235632 0.969927
3873 38.2 2.33 -1.49 -0.005372 0.078048 0.24306 0.966851
3874 38.2 2.34 -1.49 -0.010292 0.074284 0.252533 0.964678
3875 38.2 2.35 -1.49 -0.000326 0.060216 0.252722 0.965663
3876 38.2 2.35 -1.51 0.022196 0.052617 0.240677 0.968924
3877 38.3 2.36 -1.55 0.043457 0.065836 0.22634 0.970849
3878 38.3 2.36 -1.59 0.062774 0.061203 0.215624 0.972533
3879 38.3 2.36 -1.63 0.069251 0.049625 0.218974 0.972004
3880 38.4 2.36 -1.67 0.067885 0.032198 0.223863 0.97172
3881 38.4 2.36 -1.71 0.064256 0.024073 0.227105 0.97145
3882 38.4 2.35 -1.75 0.06 0.037912 0.21974 0.972973
3883 38.5 2.34 -1.77 0.051754 0.051577 0.197908 0.977494
3884 38.5 2.33 -1.78 0.041819 0.059352 0.170733 0.982639
3885 38.6 2.31 -1.77 0.028344 0.059912 0.1509 0.986325
3886 38.6 2.3 -1.76 0.01668 0.064062 0.131137 0.989152
3887 38.7 2.29 -1.74 0.014242 0.080474 0.104109 0.991203
3888 38.7 2.29 -1.72 0.021626 0.085174 0.074101 0.993371
3889 38.7 2.31 -1.7 0.044066 0.085953 0.049613 0.994087
3890 38.8 2.33 -1.68 0.057039 0.09309 0.033973 0.993442
3891 38.8 2.35 -1.65 0.06658 0.092056 0.034505 0.992926
3892 38.8 2.38 -1.62 0.070471 0.088109 0.026984 0.993248
3893 38.9 2.39 -1.6 0.068886 0.07043 0.005088 0.995122
3894 38.9 2.39 -1.57 0.06921 0.063893 -0.01759 0.995399
3895 38.9 2.38 -1.54 0.070191 0.066834 -0.047867 0.99414
3896 38.9 2.36 -1.52 0.072938 0.085949 -0.072667 0.990965
3897 39 2.34 -1.51 0.076005 0.086637 -0.0999859 0.988292
3898 39 2.31 -1.5 0.080246 0.090833 -0.116193 0.985804
3899 39 2.28 -1.5 0.082093 0.090925 -0.139331 0.982639
3900 39.1 2.27 -1.48 0.077977 0.085544 -0.168892 0.978814
3901 39.1 2.25 -1.47 0.077205 0.07629 -0.202603 0.973227
3902 39.1 2.23 -1.46 0.079974 0.078945 -0.231766 0.966259
3903 39.1 2.22 -1.45 0.077932 0.079403 -0.259625 0.959279
3904 39.1 2.2 -1.44 0.076215 0.080476 -0.292121 0.949937
3905 39.2 2.18 -1.43 0.07219 0.071986 -0.334187 0.936977
3906 39.2 2.16 -1.43 0.06536 0.064961 -0.3719 0.923687
3907 39.2 2.15 -1.43 0.063719 0.069463 -0.409152 0.907584
3908 39.2 2.13 -1.44 0.065001 0.067161 -0.443929 0.891174
3909 39.2 2.11 -1.44 0.067734 0.072597 -0.472623 0.875654
3910 39.2 2.09 -1.45 0.069813 0.077684 -0.497589 0.861102
3911 39.1 2.06 -1.46 0.073554 0.078491 -0.515821 0.849916
3912 39.1 2.03 -1.46 0.086839 0.084562 -0.529266 0.839753
3913 39.1 1.98 -1.47 0.09915 0.09068 -0.543221 0.828768
3914 39.1 1.94 -1.48 0.107492 0.100356 -0.549559 0.822411
3915 39.1 1.9 -1.48 0.115109 0.11837 -0.548314 0.819811
3916 39.1 1.87 -1.49 0.117418 0.128768 -0.543282 0.821265
3917 39.1 1.84 -1.5 0.117968 0.137572 -0.538676 0.822791
3918 39.1 1.81 -1.5 0.119252 0.144462 -0.538206 0.821733
3919 39.1 1.77 -1.5 0.117845 0.140862 -0.545411 0.8178
3920 39.1 1.72 -1.51 0.111954 0.132071 -0.557614 0.811843
3921 39.1 1.66 -1.51 0.100793 0.124405 -0.573227 0.803602
3922 39.2 1.61 -1.5 0.082768 0.112092 -0.589877 0.79538
3923 39.2 1.55 -1.5 0.068454 0.101299 -0.609246 0.7835
3924 39.2 1.49 -1.5 0.063433 0.098427 -0.626628 0.770471
3925 39.2 1.44 -1.5 0.061417 0.095896 -0.647803 0.753248
3926 39.2 1.4 -1.5 0.05793 0.093341 -0.664285 0.739362
3927 39.2 1.36 -1.5 0.052272 0.0889 -0.674218 0.731296
3928 39.2 1.32 -1.49 0.044637 0.08422 -0.682608 0.724542
3929 39.2 1.27 -1.49 0.039713 0.078491 -0.684821 0.723383
3930 39.2 1.22 -1.49 0.035281 0.067581 -0.685685 0.723896
3931 39.2 1.16 -1.49 0.035873 0.05618 -0.68243 0.727906
3932 39.1 1.11 -1.49 0.038798 0.053305 -0.682269 0.728122
3933 39.1 1.06 -1.49 0.042079 0.052393 -0.679268 0.730807
3934 39.1 1.02 -1.5 0.036141 0.044741 -0.673401 0.737036
3935 39.1 0.988 -1.5 0.042752 0.050149 -0.674868 0.734991
3936 39.1 0.962 -1.5 0.042471 0.044568 -0.683299 0.727538
3937 39.1 0.941 -1.51 0.0463 0.049337 -0.694751 0.716061
3938 39.1 0.925 -1.51 0.04911 0.056068 -0.712493 0.697709
3939 39.1 0.912 -1.52 0.051202 0.058415 -0.733074 0.675699
3940 39.1 0.902 -1.53 0.055863 0.067294 -0.75296 0.652228
3941 39.1 0.897 -1.54 0.063628 0.077634 -0.769758 0.630394
3942 39.2 0.895 -1.54 0.065885 0.078216 -0.78543 0.610443
3943 39.2 0.897 -1.55 0.066995 0.085256 -0.802074 0.587299
3944 39.2 0.905 -1.56 0.066491 0.089144 -0.818814 0.563183
3945 39.2 0.918 -1.56 0.066486 0.089345 -0.834205 0.540091
3946 39.2 0.933 -1.56 0.063222 0.089629 -0.847595 0.519185
3947 39.2 0.954 -1.56 0.061494 0.091516 -0.854591 0.507462
3948 39.2 0.982 -1.56 0.04456 0.087585 -0.860183 0.500429
3949 39.2 1.01 -1.55 -0.030671 -0.076403 0.86799 -0.48971
3950 39.2 1.04 -1.54 -0.020118 -0.07017 0.875483 -0.477703
3951 39.2 1.08 -1.53 0.001358 -0.052095 0.881926 -0.468498
3952 39.2 1.11 -1.51 0.023113 -0.039573 0.888117 -0.457327
3953 39.2 1.13 -1.5 0.043714 -0.023807 0.894002 -0.44529
3954 39.2 1.16 -1.5 0.059889 -0.011187 0.901091 -0.429329
3955 39.2 1.17 -1.51 0.071923 -0.003621 0.908186 -0.412325
3956 39.1 1.19 -1.52 0.074864 -0.00164 0.916499 -0.392967
3957 39.1 1.2 -1.52 0.071471 -0.000627 0.925511 -0.371915
3958 39.1 1.22 -1.53 0.059498 -0.005861 0.934988 -0.349605
3959 39.1 1.23 -1.53 0.042071 -0.012758 0.943521 -0.328382
3960 39.1 1.24 -1.53 0.027534 -0.020153 0.95089 -0.307642
3961 39.1 1.26 -1.52 0.012183 -0.026378 0.95645 -0.290445
3962 39.1 1.26 -1.51 -0.003883 -0.037561 0.963049 -0.266667
3963 39.1 1.27 -1.51 -0.022946 -0.052732 0.96808 -0.243954
3964 39.1 1.27 -1.52 -0.037529 -0.056291 0.972394 -0.223323
3965 39.1 1.26 -1.52 -0.051626 -0.057507 0.977966 -0.193935
3966 39 1.24 -1.53 -0.058965 -0.060911 0.983734 -0.158367
3967 39 1.22 -1.54 -0.066016 -0.059916 0.988744 -0.120155
3968 39 1.19 -1.54 -0.078669 -0.055496 0.991592 -0.086466
3969 39 1.16 -1.55 -0.080873 -0.050795 0.994069 -0.052023
3970 39 1.13 -1.55 -0.09639 -0.043691 0.994227 -0.017686
3971 39 1.11 -1.55 -0.094266 -0.030464 0.994938 0.016841
3972 39 1.09 -1.55 -0.105108 -0.026848 0.993146 0.043498
3973 39 1.07 -1.56 -0.104419 -0.022064 0.992199 0.064425
3974 39 1.06 -1.57 -0.11008 -0.014138 0.989956 0.087578
3975 39 1.04 -1.58 -0.114961 -0.001999 0.986991 0.112378
3976 38.9 1.01 -1.58 -0.111054 0.01267 0.983574 0.141738
3977 38.9 0.99 -1.58 -0.105632 0.028044 0.979225 0.170804
3978 38.9 0.965 -1.58 -0.098904 0.041289 0.974568 0.196802
3979 38.9 0.939 -1.58 -0.08911 0.05009 0.968639 0.226469
3980 38.9 0.918 -1.59 -0.095609 0.050461 0.960137 0.257779
3981 38.9 0.895 -1.59 -0.093967 0.055679 0.95165 0.287112
3982 39 0.867 -1.59 -0.09275 0.056429 0.941883 0.317913
3983 39 0.835 -1.59 -0.087984 0.058209 0.93029 0.351328
3984 39 0.797 -1.59 -0.083576 0.060031 0.917873 0.383303
3985 39 0.753 -1.59 -0.073871 0.054359 0.90441 0.416689
3986 39 0.702 -1.59 -0.059383 0.043343 0.892385 0.445247
3987 39 0.657 -1.58 -0.049411 0.04457 0.878048 0.473925
3988 39.1 0.624 -1.57 -0.033934 0.045166 0.857391 0.511555
3989 39.1 0.598 -1.57 -0.026657 0.04895 0.837252 0.54397
3990 39.1 0.574 -1.56 -0.013193 0.045934 0.812663 0.580771
3991 39.1 0.548 -1.56 -0.008296 0.040562 0.792457 0.608521
3992 39.2 0.518 -1.56 -0.009577 0.03621 0.778481 0.62655
3993 39.2 0.481 -1.56 -0.009977 0.035561 0.767988 0.639398
3994 39.2 0.438 -1.56 -0.002925 0.033057 0.758889 0.650374
3995 39.2 0.392 -1.56 -0.005436 0.034831 0.751512 0.658777
3996 39.2 0.342 -1.57 -0.001532 0.034453 0.744484 0.666749
3997 39.2 0.296 -1.57 -0.009703 0.043298 0.739047 0.672191
3998 39.2 0.255 -1.57 -0.016163 0.046235 0.735265 0.676008
3999 39.2 0.218 -1.57 -0.016787 0.049622 0.731316 0.680024
4000 39.2 0.18 -1.57 -0.013688 0.050622 0.724569 0.687205
4001 39.2 0.141 -1.57 -0.00585 0.035423 0.721461 0.691524
4002 39.2 0.1 -1.57 0.004124 0.019515 0.722354 0.691235
4003 39.2 0.0582 -1.57 0.016838 0.005759 0.725331 0.68817
4004 39.2 0.0191 -1.56 0.031407 -0.01276 0.729446 0.683198
4005 39.2 -0.0177 -1.56 0.042095 -0.024779 0.731818 0.679747
4006 39.2 -0.0512 -1.57 0.052376 -0.030759 0.732166 0.678413
4007 39.1 -0.08 -1.57 0.063822 -0.036202 0.72803 0.681608
4008 39.2 -0.099 -1.57 0.064639 -0.039752 0.725335 0.6842
4009 39.2 -0.112 -1.57 0.067913 -0.041987 0.721748 0.687535
4010 39.2 -0.122 -1.58 0.066224 -0.035136 0.714735 0.695366
4011 39.2 -0.139 -1.58 0.059267 -0.022007 0.706196 0.705188
4012 39.2 -0.162 -1.58 0.054182 -0.009779 0.695795 0.716127
4013 39.2 -0.185 -1.59 0.039981 0.005076 0.683541 0.728798
4014 39.3 -0.21 -1.61 0.022867 0.025097 0.673814 0.738121
4015 39.3 -0.24 -1.62 0.013648 0.047182 0.664572 0.745608
4016 39.3 -0.267 -1.63 0.01048 0.05553 0.654399 0.754035
4017 39.3 -0.288 -1.64 0.001782 0.066084 0.645298 0.761065
4018 39.3 -0.298 -1.65 -0.006273 0.077738 0.638362 0.765775
4019 39.3 -0.294 -1.65 -0.011716 0.088415 0.634263 0.767956
4020 39.3 -0.279 -1.65 -0.0134 0.093309 0.629668 0.771124
4021 39.3 -0.252 -1.65 -0.012708 0.089398 0.627561 0.773314
4022 39.3 -0.217 -1.64 -0.007324 0.082528 0.628219 0.773613
4023 39.3 -0.175 -1.63 -0.002124 0.068998 0.630322 0.773258
4024 39.3 -0.131 -1.63 0.003845 0.055969 0.631105 0.773666
4025 39.3 -0.0864 -1.62 -0.00204 0.056151 0.632772 0.772297
4026 39.3 -0.0454 -1.61 0.000831 0.051355 0.633946 0.77167
4027 39.3 -0.00313 -1.61 -0.003315 0.053829 0.640399 0.766147
4028 39.3 0.0433 -1.61 -0.008763 0.048971 0.655791 0.753302
4029 39.2 0.1 -1.61 -0.009736 0.046204 0.670989 0.739962
4030 39.3 0.166 -1.61 -0.004631 0.047045 0.684397 0.727575
4031 39.3 0.232 -1.6 -0.001058 0.046165 0.698698 0.713925
4032 39.3 0.296 -1.58 0.001183 0.046574 0.708043 0.70463
4033 39.3 0.359 -1.56 -0.004634 0.052462 0.719124 0.692883
4034 39.3 0.415 -1.54 -0.005202 0.049861 0.72945 0.682195
4035 39.3 0.471 -1.54 -0.002299 0.050731 0.729829 0.681741
4036 39.3 0.531 -1.54 -0.00097 0.048977 0.723398 0.688691
4037 39.3 0.597 -1.54 -0.001733 0.047962 0.711203 0.701347
4038 39.3 0.667 -1.54 0.002643 0.038524 0.693359 0.719557
4039 39.2 0.737 -1.53 0.01831 0.02051 0.671527 0.74047
4040 39.2 0.807 -1.52 0.010185 0.036445 0.654006 0.755543
4041 39.2 0.871 -1.51 0.016199 0.02708 0.633827 0.772831
4042 39.2 0.931 -1.5 0.014364 0.026845 0.624453 0.780469
4043 39.2 0.993 -1.5 0.015115 0.023234 0.619669 0.784374
4044 39.2 1.06 -1.51 0.012936 0.025318 0.615922 0.787294
4045 39.2 1.14 -1.51 0.020422 0.024136 0.616311 0.786868
4046 39.2 1.22 -1.51 0.034236 0.014936 0.61539 0.787338
4047 39.2 1.29 -1.5 0.038374 0.025645 0.609036 0.791799
4048 39.2 1.37 -1.48 0.040328 0.029428 0.602921 0.796237
4049 39.2 1.43 -1.47 0.041353 0.03322 0.591808 0.804332
4050 39.2 1.5 -1.47 0.043747 0.029561 0.57357 0.817453
4051 39.2 1.57 -1.47 0.039029 0.021954 0.554576 0.830927
4052 39.2 1.64 -1.47 0.043734 0.017752 0.528661 0.84752
4053 39.2 1.7 -1.46 0.055221 0.004412 0.495542 0.866816
4054 39.2 1.76 -1.45 0.048083 0.006814 0.459462 0.886869
4055 39.2 1.82 -1.44 0.037915 -0.001206 0.422045 0.905781
4056 39.2 1.86 -1.44 0.031414 0.003206 0.402701 0.914787
4057 39.2 1.91 -1.44 0.037732 0.00928 0.389659 0.920139
4058 39.3 1.96 -1.45 0.043871 0.01473 0.376796 0.92514
4059 39.3 2.01 -1.46 0.053239 0.018136 0.362132 0.930429
4060 39.3 2.07 -1.46 0.059591 0.02866 0.34203 0.93736
4061 39.3 2.11 -1.45 0.056642 0.040094 0.31452 0.946711
4062 39.3 2.16 -1.44 0.061896 0.038803 0.297642 0.951878
4063 39.3 2.2 -1.43 0.050299 0.040506 0.277201 0.958639
4064 39.4 2.24 -1.42 0.046844 0.040565 0.261126 0.963314
4065 39.4 2.28 -1.42 0.040925 0.046677 0.237056 0.969511
4066 39.4 2.33 -1.42 0.040995 0.050192 0.202446 0.977147
4067 39.4 2.39 -1.42 0.044071 0.051737 0.159147 0.984913
4068 39.4 2.44 -1.42 0.039423 0.059806 0.110061 0.99134
4069 39.4 2.48 -1.41 0.042805 0.062803 0.069478 0.994684
4070 39.4 2.52 -1.4 0.041682 0.069343 0.031812 0.996214
4071 39.4 2.54 -1.4 0.036049 0.070251 0.000139 0.996878
4072 39.4 2.56 -1.4 0.033131 0.067164 -0.026425 0.996842
4073 39.4 2.57 -1.4 0.035265 0.067515 -0.05356 0.995655
4074 39.3 2.59 -1.41 0.036423 0.070687 -0.091196 0.992653
4075 39.3 2.6 -1.41 0.039823 0.071291 -0.127521 0.988469
4076 39.3 2.61 -1.41 0.045699 0.074738 -0.16249 0.982814
4077 39.3 2.62 -1.41 0.045258 0.07339 -0.199594 0.976078
4078 39.3 2.63 -1.41 0.046445 0.079729 -0.221974 0.970677
4079 39.3 2.64 -1.4 0.045271 0.090463 -0.256872 0.961137
4080 39.3 2.65 -1.39 0.042827 0.079533 -0.295359 0.951106
4081 39.3 2.67 -1.38 0.043271 0.068549 -0.333406 0.939292
4082 39.3 2.69 -1.38 0.04482 0.067726 -0.377752 0.922338
4083 39.3 2.71 -1.38 0.049139 0.0748 -0.420006 0.903098
4084 39.3 2.73 -1.38 0.050066 0.077887 -0.456564 0.884859
4085 39.3 2.75 -1.37 0.050816 0.079952 -0.487489 0.867974
4086 39.2 2.77 -1.37 0.049188 0.08203 -0.513092 0.852988
4087 39.2 2.78 -1.38 0.050253 0.0875589 -0.538369 0.83664
4088 39.2 2.78 -1.39 0.058115 0.099057 -0.564144 0.81765
4089 39.2 2.79 -1.4 0.067224 0.113273 -0.589883 0.796673
4090 39.2 2.8 -1.4 0.070023 0.118322 -0.614033 0.777213
4091 39.1 2.81 -1.4 0.067711 0.124723 -0.634103 0.760113
4092 39.1 2.81 -1.41 0.074158 0.127135 -0.653868 0.742155
4093 39.1 2.81 -1.41 0.08472 0.12866 -0.674925 0.721627
4094 39 2.81 -1.4 0.092134 0.131724 -0.69358 0.702215
4095 39 2.81 -1.4 0.096376 0.131036 -0.70961 0.685561
4096 39 2.81 -1.39 0.096488 0.126252 -0.723423 0.67187
4097 38.9 2.81 -1.37 0.088474 0.119656 -0.730459 0.666547
4098 38.9 2.81 -1.36 0.07228 0.10799 -0.733938 0.66667
4099 38.9 2.82 -1.34 0.050756 0.090711 -0.734943 0.670115
4100 38.9 2.82 -1.33 0.028498 0.071566 -0.732944 0.675913
4101 38.9 2.82 -1.32 0.007599 0.054468 -0.73013 0.681091
4102 38.9 2.82 -1.32 -0.012435 0.038376 -0.727171 0.68527
4103 38.9 2.81 -1.32 -0.029982 0.027312 -0.722828 0.689837
4104 38.9 2.79 -1.32 -0.041438 0.024704 -0.716196 0.696229
4105 39 2.76 -1.33 -0.058086 0.022989 -0.707748 0.703697
4106 39 2.74 -1.33 -0.06337 0.033149 -0.693336 0.717057
4107 39 2.71 -1.34 -0.066348 0.045207 -0.680089 0.728721
4108 39.1 2.68 -1.34 -0.060924 0.058489 -0.668751 0.738674
4109 39.1 2.66 -1.34 -0.050341 0.071004 -0.660726 0.745563
4110 39.1 2.65 -1.35 -0.034533 0.086453 -0.653388 0.751277
4111 39.1 2.63 -1.35 -0.015085 0.103923 -0.648514 0.753925
4112 39.1 2.62 -1.36 0.013316 0.12139 -0.643959 0.755251
4113 39.1 2.61 -1.37 0.026339 0.131051 -0.64168 0.755234
4114 39.1 2.59 -1.38 0.045206 0.145762 -0.639693 0.753328
4115 39.1 2.58 -1.38 0.063826 0.161236 -0.63818 0.750104
4116 39.1 2.57 -1.39 0.076883 0.165393 -0.645629 0.741551
4117 39 2.56 -1.39 0.090762 0.167505 -0.657647 0.728838
4118 39 2.55 -1.39 0.101803 0.171074 -0.672033 0.713261
4119 39 2.54 -1.4 0.110167 0.17159 -0.68873 0.695752
4120 39 2.54 -1.4 0.115896 0.170137 -0.707356 0.676217
4121 39 2.53 -1.4 0.117938 0.164287 -0.723976 0.659514
4122 38.9 2.53 -1.39 0.114517 0.155342 -0.73784 0.646797
4123 38.9 2.53 -1.38 0.103117 0.141927 -0.747868 0.640248
4124 38.9 2.53 -1.37 0.085833 0.126344 -0.7535 0.639459
4125 38.9 2.54 -1.36 0.068498 0.112832 -0.753457 0.644112
4126 38.9 2.54 -1.35 0.051346 0.102138 -0.748045 0.653728
4127 38.9 2.54 -1.35 0.038336 0.0933 -0.737917 0.667311
4128 39 2.54 -1.35 0.028758 0.092984 -0.722229 0.684772
4129 39 2.54 -1.35 0.023201 0.097292 -0.701236 0.705878
4130 39 2.54 -1.35 0.023321 0.094859 -0.678933 0.727673
4131 39.1 2.54 -1.35 0.023132 0.088002 -0.656394 0.748911
4132 39.1 2.53 -1.36 0.023394 0.085276 -0.633471 0.768697
4133 39.1 2.51 -1.37 0.023221 0.086997 -0.610283 0.78705
4134 39.2 2.49 -1.38 0.025149 0.091669 -0.582656 0.807141
4135 39.2 2.47 -1.39 0.021474 0.091406 -0.555003 0.826532
4136 39.2 2.43 -1.41 0.022796 0.0916 -0.530838 0.8422
4137 39.3 2.39 -1.42 0.018897 0.082545 -0.506598 0.858014
4138 39.3 2.35 -1.45 0.013995 0.075629 -0.477739 0.875128
4139 39.3 2.32 -1.47 0.00837 0.068151 -0.441173 0.894791
4140 39.4 2.29 -1.51 0.000823 0.069523 -0.41012 0.909377
4141 39.4 2.27 -1.55 0.006573 0.071127 -0.391907 0.917228
4142 39.5 2.25 -1.6 0.019433 0.072581 -0.375145 0.923916
4143 39.5 2.23 -1.65 0.035598 0.080516 -0.354541 0.930887
4144 39.6 2.22 -1.7 0.045914 0.092896 -0.331302 0.937817
4145 39.6 2.22 -1.75 0.043063 0.092211 -0.308487 0.945769
4146 39.7 2.23 -1.79 0.044643 0.088452 -0.291103 0.951547
4147 39.7 2.23 -1.83 0.044877 0.09138 -0.2775 0.955316
4148 39.8 2.23 -1.85 0.051463 0.10702 -0.25756 0.958938
4149 39.9 2.22 -1.87 0.052179 0.121047 -0.233605 0.963355
4150 39.9 2.22 -1.88 0.050742 0.127297 -0.203965 0.969339
4151 40 2.22 -1.89 0.054962 0.136533 -0.17797 0.972967
4152 40.1 2.23 -1.88 0.063826 0.149516 -0.154231 0.974569
4153 40.2 2.24 -1.87 0.068805 0.163985 -0.135619 0.97467
4154 40.2 2.24 -1.84 0.070353 0.162087 -0.120973 0.976803
4155 40.3 2.24 -1.8 0.071588 0.145131 -0.099401 0.9818
4156 40.3 2.24 -1.76 0.074486 0.143753 -0.079023 0.983637
4157 40.4 2.23 -1.72 0.066699 0.132368 -0.052663 0.987551
4158 40.4 2.21 -1.68 0.040903 0.132745 -0.009588 0.990259
4159 40.5 2.18 -1.64 0.017001 0.138224 0.020942 0.990034
4160 40.6 2.14 -1.59 0.011628 0.12479 0.032974 0.991567
4161 40.6 2.1 -1.55 0.026251 0.11279 0.034752 0.992664
4162 40.7 2.07 -1.51 0.046342 0.074487 0.028761 0.995729
4163 40.7 2.04 -1.47 0.063171 0.061509 0.013943 0.996008
4164 40.8 2.02 -1.42 0.066213 0.083762 0.006113 0.994265
4165 40.8 2 -1.37 0.066142 0.083329 0.000348 0.994325
4166 40.8 1.99 -1.33 0.065548 0.082535 -0.015699 0.994306
4167 40.9 1.98 -1.29 0.06664 0.092108 -0.033093 0.992965
4168 40.9 1.97 -1.26 0.069909 0.101187 -0.051722 0.991059
4169 40.9 1.97 -1.23 0.069162 0.103032 -0.072099 0.989648
4170 41 1.96 -1.22 0.065419 0.111907 -0.096377 0.986868
4171 41 1.96 -1.2 0.070202 0.104819 -0.132768 0.983086
4172 41 1.95 -1.2 0.073745 0.099423 -0.166449 0.978249
4173 41.1 1.93 -1.19 0.073127 0.106459 -0.203334 0.970554
4174 41.1 1.91 -1.19 0.070599 0.10679 -0.235775 0.963339
4175 41.1 1.88 -1.19 0.067636 0.088191 -0.26363 0.9582
4176 41.1 1.83 -1.2 0.068587 0.081265 -0.300332 0.947888
4177 41.1 1.77 -1.22 0.074228 0.084449 -0.333045 0.936183
4178 41.1 1.71 -1.22 0.076566 0.079897 -0.360209 0.926285
4179 41.2 1.65 -1.23 0.075769 0.07684 -0.384388 0.916843
4180 41.2 1.58 -1.23 0.082819 0.075264 -0.403945 0.907912
4181 41.2 1.53 -1.24 0.082247 0.080948 -0.417557 0.901293
4182 41.2 1.48 -1.26 0.083054 0.091759 -0.432433 0.893132
4183 41.2 1.43 -1.27 0.08524 0.10116 -0.455144 0.880537
4184 41.2 1.38 -1.29 0.082186 0.111769 -0.479933 0.866266
4185 41.3 1.33 -1.31 0.078848 0.129103 -0.504853 0.849846
4186 41.3 1.29 -1.31 0.071281 0.120886 -0.531679 0.835238
4187 41.3 1.24 -1.31 0.068138 0.113866 -0.559755 0.817965
4188 41.4 1.2 -1.31 0.069929 0.117381 -0.585608 0.798996
4189 41.4 1.15 -1.31 0.0646 0.113231 -0.616083 0.776818
4190 41.4 1.11 -1.31 0.062244 0.115702 -0.634571 0.761616
4191 41.4 1.06 -1.32 0.056589 0.111324 -0.652613 0.747329
4192 41.4 1 -1.32 0.055237 0.107293 -0.667871 0.734428
4193 41.4 0.94 -1.32 0.047189 0.099153 -0.677039 0.727709
4194 41.3 0.881 -1.32 0.039648 0.085926 -0.681952 0.725249
4195 41.3 0.824 -1.31 0.041233 0.075925 -0.689385 0.719224
4196 41.3 0.777 -1.31 0.033863 0.069722 -0.687371 0.722159
4197 41.3 0.732 -1.31 0.035789 0.069845 -0.689267 0.720244
4198 41.3 0.694 -1.32 0.033133 0.068051 -0.69632 0.713729
4199 41.3 0.657 -1.32 0.029377 0.069258 -0.704397 0.705808
4200 41.3 0.613 -1.33 0.022496 0.068699 -0.714791 0.695592
4201 41.3 0.565 -1.34 0.016655 0.068868 -0.722613 0.687612
4202 41.4 0.514 -1.35 0.010915 0.069306 -0.73128 0.67846
4203 41.4 0.464 -1.35 0.009237 0.073201 -0.735289 0.673726
4204 41.4 0.413 -1.36 0.006004 0.077863 -0.733304 0.675401
4205 41.4 0.37 -1.37 0.009528 0.0789 -0.733505 0.675022
4206 41.5 0.329 -1.38 0.014069 0.078511 -0.730574 0.678159
4207 41.5 0.29 -1.39 0.017283 0.085093 -0.722658 0.68573
4208 41.5 0.248 -1.4 0.022213 0.088358 -0.717496 0.690578
4209 41.5 0.203 -1.41 0.028995 0.090058 -0.711622 0.696163
4210 41.5 0.154 -1.42 0.034078 0.087716 -0.7094 0.698496
4211 41.5 0.0994 -1.43 0.03359 0.080194 -0.710672 0.69813
4212 41.5 0.0427 -1.43 0.031451 0.071545 -0.714027 0.695743
4213 41.5 -0.0118 -1.44 0.036123 0.072354 -0.723011 0.686087
4214 41.5 -0.0595 -1.44 0.039792 0.06756 -0.737765 0.670489
4215 41.5 -0.0959 -1.44 0.044124 0.068676 -0.751513 0.654649
4216 41.5 -0.122 -1.44 0.044774 0.078558 -0.764675 0.638041
4217 41.5 -0.147 -1.45 0.041081 0.078855 -0.780379 0.618953
4218 41.5 -0.173 -1.45 0.043125 0.084101 -0.797535 0.595823
4219 41.5 -0.199 -1.46 0.043746 0.08531 -0.815671 0.570516
4220 41.5 -0.223 -1.47 0.042723 0.083771 -0.838093 0.537362
4221 41.5 -0.243 -1.47 0.041134 0.078793 -0.860602 0.501462
4222 41.6 -0.257 -1.47 -0.030222 -0.076609 0.880959 -0.465971
4223 41.6 -0.265 -1.47 -0.027662 -0.078686 0.898912 -0.430117
4224 41.6 -0.268 -1.47 -0.024815 -0.081479 0.912154 -0.4009
4225 41.6 -0.266 -1.47 -0.022143 -0.087135 0.92301 -0.374125
4226 41.6 -0.258 -1.47 -0.01985 -0.089822 0.932031 -0.350508
4227 41.6 -0.241 -1.47 -0.01976 -0.08786 0.940952 -0.326343
4228 41.6 -0.219 -1.48 -0.028458 -0.085371 0.949402 -0.300894
4229 41.6 -0.192 -1.49 -0.035696 -0.083415 0.956777 -0.276306
4230 41.7 -0.164 -1.49 -0.044033 -0.081488 0.96339 -0.251595
4231 41.7 -0.137 -1.49 -0.053387 -0.079374 0.969679 -0.224884
4232 41.7 -0.109 -1.49 -0.055561 -0.07334 0.975723 -0.198741
4233 41.7 -0.0799 -1.5 -0.065267 -0.066992 0.980918 -0.170448
4234 41.7 -0.0524 -1.49 -0.067559 -0.058067 0.986053 -0.140586
4235 41.8 -0.0275 -1.49 -0.070768 -0.054818 0.989648 -0.112181
4236 41.8 -0.00483 -1.49 -0.068328 -0.048141 0.992717 -0.086756
4237 41.8 0.0129 -1.49 -0.064855 -0.03846 0.995227 -0.061944
4238 41.8 0.0252 -1.48 -0.057244 -0.029565 0.997138 -0.039563
4239 41.8 0.0324 -1.47 -0.044502 -0.025267 0.998429 -0.022809
4240 41.8 0.0349 -1.46 -0.027323 -0.02352 0.999277 -0.012111
4241 41.7 0.0306 -1.45 -0.006236 -0.026164 0.999637 -0.001577
4242 41.7 0.0225 -1.44 0.008401 -0.028619 0.99951 0.009445
4243 41.7 0.0102 -1.43 0.026182 -0.030899 0.999008 0.018508
4244 41.7 -0.00133 -1.43 0.048368 -0.03926 0.997691 0.027059
4245 41.7 -0.00783 -1.43 0.053918 -0.04621 0.996719 0.03884
4246 41.7 -0.00362 -1.43 0.055794 -0.040797 0.995759 0.060715
4247 41.7 0.0111 -1.43 0.049856 -0.035193 0.994956 0.079617
4248 41.7 0.0351 -1.44 0.044981 -0.038722 0.993637 0.095726
4249 41.7 0.0693 -1.44 0.041691 -0.040473 0.991641 0.115206
4250 41.7 0.11 -1.44 0.036488 -0.04098 0.989583 0.133094
4251 41.7 0.158 -1.44 0.020601 -0.039487 0.988045 0.147594
4252 41.7 0.214 -1.44 0.005515 -0.032935 0.986346 0.161267
4253 41.7 0.268 -1.44 -0.003388 -0.026149 0.984969 0.170708
4254 41.7 0.32 -1.44 -0.013785 -0.023125 0.983739 0.177577
4255 41.7 0.368 -1.44 -0.035935 -0.024716 0.98219 0.182759
4256 41.7 0.41 -1.44 -0.046191 -0.02802 0.980986 0.186405
4257 41.6 0.446 -1.44 -0.062261 -0.024224 0.979268 0.191237
4258 41.6 0.479 -1.44 -0.069662 -0.023119 0.97823 0.194111
4259 41.6 0.511 -1.43 -0.071644 -0.024528 0.978046 0.194141
4260 41.6 0.542 -1.43 -0.07127 -0.033452 0.977663 0.194876
4261 41.5 0.573 -1.41 -0.05767 -0.046858 0.978432 0.192741
4262 41.5 0.603 -1.4 -0.054242 -0.058153 0.978397 0.190828
4263 41.4 0.631 -1.38 -0.047213 -0.065413 0.979045 0.186986
4264 41.4 0.657 -1.37 -0.038168 -0.072396 0.979068 0.186353
4265 41.4 0.68 -1.36 -0.035322 -0.071672 0.980467 0.17972
4266 41.4 0.7 -1.34 -0.031453 -0.072615 0.982986 0.16576
4267 41.4 0.718 -1.33 -0.016119 -0.075878 0.986182 0.146382
4268 41.4 0.739 -1.33 -0.00328 -0.0783 0.988948 0.125854
4269 41.4 0.765 -1.32 0.003361 -0.076101 0.99216 0.099078
4270 41.4 0.796 -1.31 0.009365 -0.076858 0.994446 0.071292
4271 41.4 0.837 -1.3 0.01642 -0.076735 0.995814 0.046863
4272 41.4 0.882 -1.29 0.014908 -0.076621 0.996606 0.026147
4273 41.4 0.927 -1.29 0.016294 -0.07534 0.996946 0.012568
4274 41.4 0.975 -1.28 0.014441 -0.072738 0.997172 0.012206
4275 41.4 1.02 -1.28 0.011551 -0.069069 0.997278 0.023088
4276 41.4 1.07 -1.29 0.008272 -0.06327 0.996988 0.044091
4277 41.4 1.11 -1.29 -0.006087 -0.051298 0.995839 0.075071
4278 41.4 1.15 -1.29 -0.013784 -0.041363 0.99332 0.106839
4279 41.4 1.19 -1.29 -0.014911 -0.036929 0.989277 0.140519
4280 41.4 1.22 -1.3 -0.016708 -0.039418 0.983672 0.174806
4281 41.3 1.26 -1.3 -0.020897 -0.037742 0.978242 0.202933
4282 41.3 1.3 -1.29 -0.021201 -0.038545 0.972243 0.2298
4283 41.3 1.33 -1.28 -0.010083 -0.045506 0.965859 0.254841
4284 41.2 1.37 -1.27 -0.004051 -0.043662 0.959458 0.278421
4285 41.2 1.41 -1.26 -0.001029 -0.038268 0.950683 0.307792
4286 41.2 1.44 -1.24 0.009334 -0.035213 0.941215 0.335837
4287 41.2 1.47 -1.23 0.017329 -0.030347 0.933559 0.356715
4288 41.2 1.51 -1.22 0.039038 -0.031005 0.925773 0.374779
4289 41.2 1.55 -1.21 0.057349 -0.029955 0.91632 0.395186
4290 41.2 1.61 -1.21 0.064508 -0.027555 0.907314 0.414561
4291 41.2 1.67 -1.21 0.05377 -0.020701 0.900296 0.431449
4292 41.2 1.73 -1.21 0.049457 -0.013794 0.893153 0.446813
4293 41.3 1.78 -1.2 0.045599 -0.007125 0.885955 0.46147
4294 41.3 1.82 -1.2 0.047961 -0.007094 0.878154 0.475915
4295 41.3 1.86 -1.19 0.048007 -0.006049 0.870436 0.489898
4296 41.3 1.89 -1.19 0.051727 -0.002599 0.86041 0.506964
4297 41.3 1.92 -1.19 0.051754 0.004885 0.847297 0.52857
4298 41.4 1.95 -1.19 0.053097 0.009708 0.831937 0.552238
4299 41.4 1.98 -1.19 0.053499 0.011526 0.816945 0.574114
4300 41.4 2.01 -1.19 0.050175 0.012658 0.796581 0.602314
4301 41.4 2.04 -1.18 0.052023 0.008343 0.776407 0.628026
4302 41.3 2.08 -1.17 0.054371 0.000464 0.754892 0.653591
4303 41.3 2.12 -1.16 0.055561 -0.003867 0.737069 0.673519
4304 41.3 2.15 -1.15 0.056162 -0.00579 0.721847 0.689746
4305 41.3 2.18 -1.15 0.050604 -0.003138 0.709521 0.702858
4306 41.3 2.21 -1.14 0.052757 -0.0016 0.69359 0.718433
4307 41.3 2.24 -1.14 0.044503 0.007501 0.679602 0.732191
4308 41.3 2.27 -1.14 0.038924 0.00805401 0.669997 0.741299
4309 41.3 2.3 -1.15 0.041139 0.009085 0.655653 0.753886
4310 41.4 2.35 -1.15 0.041114 0.016405 0.644141 0.763625
4311 41.4 2.39 -1.15 0.044334 0.020037 0.632332 0.773169
4312 41.4 2.43 -1.14 0.051181 0.020583 0.619329 0.783191
4313 41.5 2.46 -1.13 0.05265 0.028047 0.605355 0.793717
4314 41.5 2.49 -1.13 0.055522 0.021202 0.592329 0.803501
4315 41.5 2.51 -1.13 0.054894 0.022521 0.581293 0.811528
4316 41.5 2.53 -1.13 0.054139 0.032397 0.560789 0.825552
4317 41.6 2.54 -1.13 0.060416 0.03375 0.53655 0.841026
4318 41.6 2.57 -1.13 0.06215 0.042125 0.510424 0.856639
4319 41.6 2.59 -1.13 0.062574 0.047773 0.479623 0.873936
4320 41.6 2.61 -1.12 0.066024 0.043058 0.444453 0.892327
4321 41.6 2.64 -1.12 0.072615 0.041092 0.40285 0.911455
4322 41.7 2.66 -1.11 0.072371 0.042696 0.361176 0.928704
4323 41.7 2.68 -1.11 0.070227 0.039712 0.32224 0.943214
4324 41.7 2.69 -1.12 0.063571 0.038903 0.28268 0.956314
4325 41.7 2.7 -1.12 0.056548 0.046962 0.241962 0.967497
4326 41.7 2.7 -1.12 0.054942 0.0519 0.197998 0.977284
4327 41.6 2.69 -1.12 0.048207 0.059049 0.159704 0.984217
4328 41.6 2.68 -1.12 0.041669 0.063474 0.124593 0.989298
4329 41.6 2.67 -1.12 0.040996 0.063249 0.083513 0.993652
4330 41.6 2.66 -1.12 0.042533 0.068907 0.043864 0.99575
4331 41.6 2.65 -1.12 0.044453 0.075273 0.002896 0.996167
4332 41.6 2.65 -1.12 0.046124 0.08471 -0.035023 0.994721
4333 41.5 2.65 -1.11 0.048542 0.086888 -0.064062 0.99297
4334 41.5 2.66 -1.11 0.052605 0.090796 -0.09392 0.990034
4335 41.5 2.67 -1.1 0.05559 0.089267 -0.120643 0.98711
4336 41.5 2.67 -1.09 0.059654 0.099134 -0.14511 0.982628
4337 41.4 2.68 -1.08 0.058725 0.097536 -0.16414 0.979845
4338 41.4 2.69 -1.07 0.055772 0.095322 -0.186392 0.976249
4339 41.4 2.69 -1.07 0.054987 0.094024 -0.210989 0.971401
4340 41.4 2.71 -1.06 0.054824 0.095213 -0.236191 0.965475
4341 41.4 2.73 -1.06 0.05173 0.093545 -0.262936 0.958873
4342 41.4 2.76 -1.05 0.050372 0.092606 -0.287899 0.951841
4343 41.4 2.79 -1.06 0.05559 0.096746 -0.308828 0.94455
4344 41.4 2.83 -1.06 0.060968 0.099079 -0.330599 0.936574
4345 41.4 2.86 -1.06 0.064696 0.104757 -0.350574 0.928406
4346 41.4 2.89 -1.06 0.070001 0.11557 -0.371448 0.91857
4347 41.3 2.91 -1.06 0.070049 0.121782 -0.388183 0.910811
4348 41.3 2.93 -1.06 0.066615 0.129981 -0.401297 0.904228
4349 41.3 2.95 -1.06 0.061922 0.129522 -0.413609 0.899065
4350 41.3 2.97 -1.06 0.060331 0.129466 -0.424838 0.89393
4351 41.3 3 -1.06 0.062167 0.126543 -0.435298 0.889178
4352 41.2 3.03 -1.06 0.067041 0.129212 -0.448649 0.881773
4353 41.2 3.06 -1.06 0.077298 0.138972 -0.462471 0.872257
4354 41.2 3.08 -1.05 0.080951 0.131102 -0.482829 0.862053
4355 41.2 3.11 -1.05 0.09066 0.133665 -0.503 0.849062
4356 41.1 3.12 -1.04 0.093139 0.132662 -0.527614 0.833876
4357 41.1 3.13 -1.04 0.092546 0.130132 -0.5521 0.818344
4358 41.1 3.14 -1.04 0.091873 0.131739 -0.577029 0.800776
4359 41.1 3.14 -1.04 0.0896731 0.13274 -0.603865 0.780824
4360 41.1 3.14 -1.03 0.083032 0.129202 -0.630617 0.760746
4361 41.1 3.15 -1.03 0.075771 0.126123 -0.656551 0.739792
4362 41 3.15 -1.03 0.077551 0.128947 -0.681339 0.716334
4363 41 3.15 -1.02 0.077186 0.129162 -0.702894 0.695198
4364 41 3.16 -1.02 0.074842 0.126846 -0.723991 0.673903
4365 41 3.16 -1.02 0.071868 0.125182 -0.748659 0.64705
4366 41 3.17 -1.02 0.070259 0.1185 -0.771675 0.620918
4367 41 3.18 -1.02 0.069874 0.117829 -0.793253 0.593282
4368 41 3.19 -1.02 0.071247 0.121212 -0.813245 0.564681
4369 41 3.19 -1.02 0.066955 0.123481 -0.830711 0.538691
4370 41 3.19 -1.02 0.063355 0.123785 -0.844124 0.517801
4371 41 3.19 -1.02 0.056659 0.124388 -0.85552 0.499403
4372 41 3.18 -1.01 -0.04611 -0.114855 0.866581 -0.483445
4373 41 3.16 -1.01 -0.035431 -0.099343 0.874732 -0.47299
4374 40.9 3.14 -1 -0.024486 -0.083262 0.88057 -0.465901
4375 40.9 3.11 -0.999 -0.019301 -0.074226 0.883956 -0.461237
4376 40.9 3.08 -0.997 -0.017274 -0.065628 0.885652 -0.459364
4377 40.9 3.04 -0.995 -0.010006 -0.058761 0.884561 -0.4626
4378 40.9 3 -0.99 -0.007242 -0.056162 0.876157 -0.478689
4379 40.9 2.95 -0.989 -8.7e-05 0.050372 -0.863352 0.502082
4380 40.9 2.91 -0.992 -0.00202 0.046865 -0.848071 0.527802
4381 40.9 2.87 -1 -0.008324 0.042085 -0.831694 0.553574
4382 40.9 2.82 -1.02 -0.009449 0.045523 -0.814208 0.578708
4383 40.9 2.77 -1.03 -0.011375 0.050008 -0.797944 0.600546
4384 40.9 2.71 -1.03 -0.02268 0.048264 -0.779881 0.623652
4385 41 2.66 -1.04 -0.028321 0.049708 -0.758734 0.648884
4386 41 2.61 -1.04 -0.029499 0.049799 -0.738183 0.672113
4387 41 2.56 -1.05 -0.02748 0.044966 -0.720087 0.69188
4388 41.1 2.52 -1.05 -0.018694 0.047213 -0.696884 0.715384
4389 41.1 2.49 -1.06 -0.019081 0.049709 -0.67107 0.73948
4390 41.1 2.45 -1.08 -0.023253 0.052794 -0.643099 0.763607
4391 41.1 2.4 -1.09 -0.019761 0.057631 -0.610221 0.789885
4392 41.2 2.35 -1.1 -0.009109 0.061416 -0.57612 0.815004
4393 41.2 2.3 -1.12 6e-05 0.067842 -0.533057 0.843355
4394 41.2 2.26 -1.13 0.003536 0.072433 -0.487496 0.870108
4395 41.3 2.22 -1.15 0.014073 0.085103 -0.438751 0.894459
4396 41.3 2.18 -1.17 0.025748 0.089804 -0.391547 0.915403
4397 41.4 2.16 -1.19 0.044971 0.104533 -0.353967 0.928309
4398 41.4 2.15 -1.21 0.051532 0.104328 -0.314377 0.94214
4399 41.5 2.14 -1.22 0.047024 0.104528 -0.277712 0.953802
4400 41.6 2.15 -1.24 0.038119 0.0951 -0.245633 0.963933
4401 41.6 2.15 -1.25 0.032422 0.09717 -0.214506 0.971336
4402 41.7 2.15 -1.26 0.034003 0.094294 -0.187263 0.977182
4403 41.8 2.15 -1.27 0.038083 0.093546 -0.154488 0.982819
4404 41.8 2.15 -1.29 0.044373 0.099991 -0.120356 0.986685
4405 41.9 2.15 -1.31 0.046299 0.106528 -0.085953 0.989505
4406 41.9 2.15 -1.33 0.047928 0.118199 -0.048451 0.990648
4407 42 2.14 -1.35 0.048819 0.117697 -0.018257 0.991681
4408 42.1 2.14 -1.37 0.046862 0.123474 0.011099 0.991179
4409 42.1 2.14 -1.39 0.048636 0.121533 0.042215 0.990496
4410 42.2 2.14 -1.41 0.044686 0.119446 0.073697 0.989093
4411 42.2 2.15 -1.44 0.042397 0.124192 0.097189 0.986576
4412 42.3 2.17 -1.47 0.041198 0.116692 0.114619 0.985671
4413 42.4 2.19 -1.5 0.037781 0.112475 0.127497 0.984716
4414 42.4 2.21 -1.54 0.035601 0.105676 0.139271 0.983956
4415 42.5 2.24 -1.58 0.037185 0.096226 0.152229 0.982947
4416 42.5 2.26 -1.62 0.038021 0.093815 0.164084 0.981239
4417 42.5 2.27 -1.65 0.036499 0.092521 0.175296 0.979479
4418 42.6 2.28 -1.67 0.035969 0.089692 0.178565 0.979171
4419 42.6 2.29 -1.69 0.05191 0.097207 0.176075 0.978189
4420 42.6 2.3 -1.71 0.05442 0.112096 0.17676 0.976334
4421 42.7 2.3 -1.73 0.054905 0.090736 0.186635 0.976688
4422 42.7 2.31 -1.78 0.061113 0.077774 0.200758 0.974635
4423 42.8 2.32 -1.83 0.071581 0.075837 0.218436 0.970263
4424 42.8 2.33 -1.88 0.070834 0.072255 0.228651 0.968236
4425 42.9 2.33 -1.93 0.076103 0.07084 0.232599 0.966999
4426 42.9 2.33 -1.98 0.079563 0.067369 0.229807 0.967636
4427 42.9 2.33 -2.03 0.076589 0.058159 0.229418 0.968565
4428 42.9 2.33 -2.07 0.072252 0.048066 0.222904 0.97097
4429 42.9 2.33 -2.09 0.054007 0.046684 0.218708 0.973176
4430 43 2.33 -2.11 0.033926 0.059092 0.204171 0.976561
4431 43 2.32 -2.11 0.036652 0.07713 0.189251 0.978208
4432 43.1 2.32 -2.1 0.045294 0.078503 0.174841 0.980416
4433 43.1 2.31 -2.08 0.063373 0.08522 0.157487 0.981794
4434 43.2 2.3 -2.06 0.081776 0.082051 0.14685 0.982352
4435 43.2 2.3 -2.03 0.093113 0.088556 0.134009 0.982614
4436 43.3 2.3 -2 0.106142 0.084458 0.113329 0.984255
4437 43.3 2.3 -1.97 0.121303 0.084692 0.086239 0.985229
4438 43.3 2.31 -1.94 0.124779 0.089036 0.070026 0.985697
4439 43.4 2.32 -1.91 0.12663 0.098612 0.059923 0.985216
4440 43.4 2.32 -1.87 0.120861 0.089581 0.04041 0.987793
4441 43.4 2.33 -1.83 0.112492 0.092018 0.026182 0.989036
4442 43.5 2.33 -1.81 0.109476 0.077457 0.010845 0.990908
4443 43.5 2.32 -1.79 0.108175 0.088757 -0.001536 0.990161
4444 43.5 2.31 -1.79 0.111538 0.089824 -0.018967 0.989511
4445 43.6 2.3 -1.79 0.108849 0.088329 -0.029811 0.989677
4446 43.6 2.3 -1.78 0.097734 0.069357 -0.035657 0.992152
4447 43.6 2.29 -1.77 0.091032 0.068264 -0.045422 0.992467
4448 43.7 2.29 -1.76 0.098645 0.071632 -0.058568 0.990812
4449 43.7 2.29 -1.75 0.095554 0.075407 -0.08578 0.98885
4450 43.7 2.29 -1.75 0.09359 0.076179 -0.127505 0.984469
4451 43.7 2.3 -1.75 0.091524 0.064368 -0.176978 0.977834
4452 43.7 2.31 -1.74 0.089052 0.066533 -0.229402 0.966963
4453 43.8 2.32 -1.74 0.086013 0.069988 -0.277903 0.954187
4454 43.8 2.33 -1.74 0.086098 0.075019 -0.326003 0.938446
4455 43.8 2.33 -1.74 0.080047 0.079464 -0.375585 0.919899
4456 43.7 2.34 -1.74 0.073308 0.084696 -0.419393 0.900867
4457 43.7 2.34 -1.75 0.065782 0.095375 -0.448814 0.886083
4458 43.7 2.35 -1.75 0.058261 0.097759 -0.476672 0.871684
4459 43.7 2.35 -1.74 0.056914 0.093948 -0.503567 0.856945
4460 43.7 2.36 -1.74 0.060261 0.098484 -0.531297 0.839281
4461 43.7 2.37 -1.73 0.063979 0.102467 -0.558309 0.820791
4462 43.6 2.38 -1.72 0.065432 0.093051 -0.580301 0.806419
4463 43.6 2.4 -1.71 0.063991 0.088949 -0.599807 0.792607
4464 43.6 2.42 -1.71 0.062753 0.088009 -0.614628 0.781376
4465 43.6 2.44 -1.71 0.062309 0.083984 -0.628066 0.771102
4466 43.6 2.46 -1.7 0.06607 0.0841399 -0.638506 0.762146
4467 43.6 2.48 -1.7 0.068181 0.0833801 -0.647031 0.754817
4468 43.6 2.5 -1.69 0.06534 0.082826 -0.655422 0.747859
4469 43.6 2.52 -1.69 0.061305 0.083675 -0.666481 0.73827
4470 43.6 2.54 -1.68 0.05375 0.0810029 -0.680473 0.726296
4471 43.6 2.57 -1.68 0.044586 0.082714 -0.69261 0.715166
4472 43.6 2.59 -1.68 0.048126 0.090222 -0.706239 0.70055
4473 43.6 2.63 -1.69 0.054152 0.092639 -0.721545 0.684002
4474 43.6 2.65 -1.7 0.057683 0.100429 -0.736675 0.666255
4475 43.6 2.68 -1.7 0.065094 0.118219 -0.752169 0.645003
4476 43.6 2.71 -1.71 0.074565 0.132759 -0.767233 0.623032
4477 43.6 2.73 -1.71 0.081265 0.145895 -0.777365 0.606477
4478 43.6 2.75 -1.71 0.082364 0.152997 -0.782369 0.598086
4479 43.6 2.77 -1.7 0.078932 0.152845 -0.784198 0.596189
4480 43.6 2.79 -1.7 0.083747 0.151462 -0.782725 0.597818
4481 43.6 2.81 -1.7 0.09019 0.150057 -0.777707 0.603756
4482 43.6 2.83 -1.7 0.094732 0.15393 -0.770104 0.611777
4483 43.6 2.85 -1.7 0.101026 0.161588 -0.759934 0.621437
4484 43.5 2.88 -1.7 0.106427 0.168551 -0.748548 0.632408
4485 43.5 2.9 -1.7 0.11942 0.173572 -0.733917 0.645738
4486 43.5 2.93 -1.71 0.12703 0.176552 -0.720108 0.658891
4487 43.5 2.94 -1.71 0.136943 0.172339 -0.701571 0.677749
4488 43.6 2.95 -1.7 0.142961 0.175565 -0.685711 0.691765
4489 43.6 2.96 -1.69 0.137202 0.172559 -0.669672 0.709181
4490 43.6 2.96 -1.69 0.130987 0.166065 -0.654382 0.725982
4491 43.6 2.96 -1.69 0.126975 0.166021 -0.639589 0.739757
4492 43.7 2.95 -1.69 0.119349 0.165608 -0.625035 0.753433
4493 43.7 2.95 -1.69 0.11045 0.165925 -0.611365 0.765834
4494 43.7 2.95 -1.68 0.086335 0.153089 -0.600931 0.779739
4495 43.7 2.95 -1.67 0.069999 0.147318 -0.594834 0.787128
4496 43.7 2.95 -1.67 0.053684 0.141335 -0.592462 0.791285
4497 43.8 2.94 -1.67 0.03632 0.129007 -0.593441 0.793641
4498 43.8 2.93 -1.67 0.025874 0.119869 -0.597269 0.792611
4499 43.8 2.91 -1.67 0.020236 0.116988 -0.603346 0.788592
4500 43.8 2.89 -1.67 0.017712 0.114749 -0.608303 0.785167
4501 43.7 2.86 -1.68 0.014754 0.104404 -0.613584 0.782558
4502 43.7 2.82 -1.68 0.017953 0.095627 -0.619364 0.779052
4503 43.7 2.78 -1.67 0.017139 0.081906 -0.622751 0.777933
4504 43.7 2.74 -1.67 0.005338 0.061956 -0.627267 0.776318
4505 43.7 2.69 -1.67 0.001329 0.055454 -0.635854 0.769813
4506 43.7 2.66 -1.67 -0.000294 0.053579 -0.639912 0.766578
4507 43.6 2.63 -1.67 -0.002166 0.048705 -0.644057 0.763422
4508 43.6 2.59 -1.68 0.006074 0.05218 -0.65483 0.753948
4509 43.6 2.56 -1.69 0.012303 0.056216 -0.667389 0.742482
4510 43.6 2.52 -1.7 0.022673 0.066869 -0.679718 0.730067
4511 43.6 2.48 -1.71 0.024862 0.074529 -0.694984 0.71472
4512 43.6 2.43 -1.72 0.020727 0.082611 -0.708938 0.700109
4513 43.6 2.39 -1.72 0.016372 0.085378 -0.723429 0.684903
4514 43.6 2.34 -1.72 0.010428 0.085004 -0.741672 0.665273
4515 43.6 2.3 -1.72 0.011748 0.093345 -0.759698 0.643434
4516 43.6 2.26 -1.72 0.006443 0.090759 -0.776431 0.6236
4517 43.6 2.24 -1.72 -0.002804 0.082295 -0.793457 0.60303
4518 43.6 2.23 -1.72 -0.007045 0.081937 -0.805202 0.587271
4519 43.6 2.21 -1.71 -0.022376 0.077185 -0.809413 0.581715
4520 43.6 2.2 -1.71 -0.036648 0.073287 -0.809707 0.581086
4521 43.6 2.18 -1.72 -0.037879 0.071549 -0.802251 0.591473
4522 43.6 2.16 -1.72 -0.037191 0.063691 -0.789684 0.609065
4523 43.6 2.14 -1.72 -0.039256 0.055552 -0.772508 0.631351
4524 43.6 2.11 -1.72 -0.036065 0.05381 -0.753709 0.654009
4525 43.6 2.09 -1.72 -0.032088 0.052232 -0.735487 0.67476
4526 43.6 2.07 -1.72 -0.029342 0.053351 -0.715915 0.695527
4527 43.6 2.05 -1.73 -0.022399 0.053813 -0.694934 0.716707
4528 43.6 2.03 -1.74 -0.007718 0.057572 -0.673045 0.737317
4529 43.6 2.02 -1.75 0.006286 0.06474 -0.648014 0.758846
4530 43.6 2 -1.76 0.019908 0.074813 -0.62081 0.780129
4531 43.6 1.99 -1.77 0.038992 0.0863 -0.593385 0.799328
4532 43.7 1.98 -1.78 0.060584 0.098651 -0.566348 0.815995
4533 43.7 1.97 -1.79 0.0770929 0.109656 -0.540325 0.830711
4534 43.7 1.96 -1.8 0.087251 0.112854 -0.517712 0.843579
4535 43.7 1.95 -1.8 0.099654 0.116223 -0.503052 0.850588
4536 43.7 1.93 -1.81 0.10511 0.11991 -0.499529 0.851495
4537 43.7 1.9 -1.81 0.101266 0.120866 -0.506652 0.847608
4538 43.7 1.87 -1.82 0.089894 0.119739 -0.527219 0.836434
4539 43.7 1.83 -1.82 0.08167 0.122825 -0.556092 0.817928
4540 43.7 1.8 -1.83 0.071751 0.122196 -0.586121 0.797736
4541 43.7 1.77 -1.83 0.069882 0.124414 -0.618907 0.772394
4542 43.7 1.74 -1.83 0.067549 0.121528 -0.649155 0.747841
4543 43.7 1.72 -1.83 0.060365 0.116649 -0.677712 0.723502
4544 43.7 1.69 -1.83 0.060754 0.121982 -0.697539 0.703469
4545 43.7 1.66 -1.84 0.060961 0.122001 -0.713361 0.687398
4546 43.7 1.62 -1.84 0.062518 0.121421 -0.725856 0.674153
4547 43.7 1.58 -1.85 0.062859 0.114729 -0.735699 0.664555
4548 43.7 1.53 -1.86 0.058627 0.101324 -0.742944 0.659038
4549 43.7 1.48 -1.87 0.051134 0.085055 -0.750656 0.653198
4550 43.7 1.43 -1.87 0.05356 0.083943 -0.763698 0.637848
4551 43.6 1.38 -1.87 0.055593 0.089946 -0.775749 0.62212
4552 43.6 1.35 -1.87 0.048565 0.090138 -0.787825 0.607329
4553 43.6 1.32 -1.87 0.050656 0.093486 -0.800797 0.589422
4554 43.6 1.3 -1.88 0.050798 0.093498 -0.815135 0.569415
4555 43.6 1.28 -1.88 0.04769 0.094312 -0.834494 0.540788
4556 43.6 1.26 -1.88 0.03403 0.088216 -0.855963 0.508318
4557 43.6 1.24 -1.87 -0.018025 -0.082364 0.879201 -0.468931
4558 43.6 1.23 -1.87 0.003233 -0.072737 0.899728 -0.430335
4559 43.6 1.21 -1.87 0.011383 -0.063682 0.917625 -0.392146
4560 43.6 1.2 -1.88 0.018483 -0.063062 0.933777 -0.351771
4561 43.6 1.2 -1.88 0.018671 -0.063706 0.946366 -0.316202
4562 43.6 1.19 -1.89 0.016045 -0.069371 0.957876 -0.278214
4563 43.6 1.19 -1.9 0.007639 -0.085999 0.966927 -0.239995
4564 43.6 1.18 -1.92 -0.01434 -0.10402 0.972173 -0.209412
4565 43.6 1.17 -1.93 -0.035158 -0.111798 0.976082 -0.183111
4566 43.6 1.16 -1.94 -0.050159 -0.10752 0.97992 -0.160248
4567 43.5 1.14 -1.94 -0.066639 -0.091811 0.984175 -0.136125
4568 43.5 1.12 -1.94 -0.073956 -0.065972 0.988882 -0.110861
4569 43.5 1.1 -1.94 -0.074754 -0.040135 0.992533 -0.08763
4570 43.5 1.07 -1.94 -0.065849 -0.029922 0.995304 -0.064332
4571 43.5 1.05 -1.94 -0.070731 -0.03083 0.995339 -0.057844
4572 43.4 1.03 -1.94 -0.068742 -0.037916 0.995457 -0.053872
4573 43.4 1.01 -1.94 -0.076514 -0.042469 0.995059 -0.046908
4574 43.4 0.995 -1.95 -0.07164 -0.044094 0.995901 -0.033249
4575 43.4 0.982 -1.95 -0.068757 -0.043323 0.99668 -0.004972
4576 43.4 0.965 -1.96 -0.076629 -0.038544 0.995912 0.028309
4577 43.4 0.943 -1.96 -0.073817 -0.035926 0.99471 0.061738
4578 43.4 0.915 -1.97 -0.061494 -0.02968 0.992198 0.104308
4579 43.4 0.881 -1.97 -0.05762 -0.02028 0.987015 0.148558
4580 43.5 0.845 -1.98 -0.044329 -0.019338 0.981425 0.185651
4581 43.5 0.814 -1.99 -0.046148 -0.011502 0.973869 0.222076
4582 43.5 0.789 -1.99 -0.042734 -0.005689 0.966725 0.252159
4583 43.5 0.767 -2 -0.041405 -0.007561 0.961947 0.269976
4584 43.5 0.749 -2 -0.03733 -0.008209 0.957649 0.28539
4585 43.5 0.732 -2 -0.035229 -0.006004 0.953176 0.300296
4586 43.5 0.714 -2 -0.02901 -0.003759 0.949008 0.313892
4587 43.5 0.692 -2.01 -0.026266 0.001221 0.944849 0.32645
4588 43.6 0.668 -2.02 -0.021969 0.007378 0.940258 0.339673
4589 43.6 0.645 -2.04 -0.028755 0.016413 0.93443 0.354605
4590 43.6 0.622 -2.05 -0.033782 0.023008 0.928923 0.36801
4591 43.6 0.599 -2.06 -0.033754 0.032966 0.923439 0.380834
4592 43.6 0.579 -2.06 -0.040059 0.046154 0.914594 0.399728
4593 43.6 0.556 -2.06 -0.03978 0.056715 0.903413 0.423137
4594 43.7 0.528 -2.05 -0.021462 0.056428 0.894734 0.442501
4595 43.7 0.496 -2.03 0.000723 0.053067 0.88394 0.46458
4596 43.7 0.46 -2.01 0.029269 0.040721 0.872119 0.486717
4597 43.7 0.423 -2 0.060473 0.021824 0.859402 0.507243
4598 43.7 0.386 -2 0.075872 0.010756 0.845003 0.529243
4599 43.7 0.347 -1.99 0.085449 0.003416 0.829544 0.551854
4600 43.7 0.304 -1.99 0.0977711 -0.006655 0.811668 0.575839
4601 43.7 0.266 -2 0.118487 -0.025623 0.790364 0.600525
4602 43.7 0.237 -2 0.114582 -0.029134 0.773233 0.623004
4603 43.7 0.212 -2.01 0.113095 -0.030652 0.759154 0.640277
4604 43.7 0.188 -2.02 0.113718 -0.030944 0.748523 0.652551
4605 43.7 0.166 -2.03 0.115674 -0.029928 0.737231 0.664992
4606 43.7 0.142 -2.04 0.111666 -0.026373 0.726021 0.678033
4607 43.8 0.116 -2.05 0.107163 -0.024235 0.715039 0.690397
4608 43.8 0.0874 -2.07 0.093374 -0.011084 0.709139 0.698771
4609 43.8 0.0594 -2.09 0.07295 0.006931 0.709823 0.700558
4610 43.8 0.0232 -2.11 0.055209 0.023919 0.713177 0.698397
4611 43.8 -0.0156 -2.12 0.038293 0.037952 0.720873 0.690967
4612 43.8 -0.0521 -2.12 0.030778 0.050164 0.729588 0.68135
4613 43.8 -0.0822 -2.12 0.029773 0.058724 0.735265 0.674574
4614 43.8 -0.109 -2.12 0.030481 0.059101 0.739015 0.670399
4615 43.8 -0.132 -2.12 0.029525 0.056711 0.743717 0.66543
4616 43.8 -0.152 -2.13 0.019143 0.061241 0.750188 0.658105
4617 43.7 -0.177 -2.13 0.011049 0.055422 0.755979 0.652152
4618 43.7 -0.205 -2.13 0.001598 0.053533 0.761541 0.6459
4619 43.7 -0.236 -2.14 -0.004256 0.053157 0.764234 0.64273
4620 43.7 -0.268 -2.14 -0.004863 0.050315 0.764737 0.642357
4621 43.7 -0.3 -2.14 -0.000144 0.0392 0.763157 0.645023
4622 43.6 -0.327 -2.13 0.006586 0.02659 0.758062 0.651607
4623 43.6 -0.349 -2.12 0.013752 0.018299 0.749787 0.661283
4624 43.7 -0.368 -2.1 0.029664 0.00692 0.741727 0.67001
4625 43.7 -0.383 -2.09 0.043981 -0.004735 0.732523 0.679303
4626 43.7 -0.396 -2.08 0.058987 -0.013964 0.724054 0.687075
4627 43.7 -0.411 -2.08 0.070521 -0.019684 0.715233 0.69504
4628 43.7 -0.425 -2.08 0.081069 -0.022352 0.705171 0.704032
4629 43.7 -0.44 -2.09 0.091489 -0.024302 0.695254 0.712504
4630 43.8 -0.456 -2.09 0.096951 -0.025857 0.685787 0.720852
4631 43.8 -0.475 -2.09 0.101831 -0.026655 0.676083 0.729268
4632 43.8 -0.495 -2.1 0.105083 -0.024126 0.666979 0.737235
4633 43.8 -0.514 -2.11 0.107674 -0.020475 0.65769 0.745272
4634 43.9 -0.532 -2.11 0.108858 -0.016801 0.648132 0.75352
4635 43.9 -0.548 -2.12 0.107659 -0.012644 0.639723 0.760923
4636 43.9 -0.563 -2.12 0.10542 -0.008343 0.631533 0.768104
4637 43.9 -0.578 -2.13 0.10123 -0.002407 0.621278 0.77702
4638 43.9 -0.594 -2.14 0.098456 0.006816 0.606578 0.788875
4639 44 -0.61 -2.14 0.09302 0.016768 0.591331 0.800871
4640 44 -0.625 -2.15 0.086141 0.021993 0.575071 0.813259
4641 44 -0.64 -2.15 0.08307 0.032001 0.56233 0.822107
4642 44 -0.654 -2.16 0.081025 0.040651 0.551731 0.829081
4643 44 -0.666 -2.16 0.075806 0.046066 0.545079 0.833679
4644 44 -0.682 -2.17 0.071798 0.049355 0.539301 0.837594
4645 44 -0.698 -2.17 0.069515 0.058931 0.529239 0.843564
4646 44 -0.717 -2.18 0.070688 0.063944 0.513761 0.852622
4647 44 -0.736 -2.19 0.06956 0.067549 0.498674 0.86135
4648 43.9 -0.756 -2.19 0.066109 0.073596 0.484265 0.86931
4649 43.9 -0.775 -2.2 0.059188 0.082206 0.473045 0.875196
4650 43.9 -0.793 -2.21 0.047537 0.087873 0.467 0.878595
4651 43.9 -0.808 -2.22 0.035471 0.096317 0.465244 0.879212
4652 43.9 -0.816 -2.23 0.027789 0.105472 0.473201 0.874176
4653 43.9 -0.816 -2.23 0.021973 0.109701 0.488709 0.865243
4654 43.8 -0.809 -2.23 0.019455 0.112057 0.510712 0.852196
4655 43.8 -0.799 -2.23 0.015268 0.109547 0.535869 0.837025
4656 43.8 -0.786 -2.23 0.011923 0.103715 0.563396 0.819564
4657 43.8 -0.769 -2.23 0.012505 0.091833 0.589631 0.802338
4658 43.8 -0.744 -2.22 0.008868 0.090167 0.612965 0.784898
4659 43.8 -0.712 -2.22 0.009637 0.086728 0.634415 0.768052
4660 43.8 -0.674 -2.22 0.009978 0.088726 0.655107 0.750242
4661 43.8 -0.633 -2.22 0.013735 0.090112 0.673003 0.734001
4662 43.8 -0.59 -2.21 0.012902 0.08984 0.691277 0.716867
4663 43.8 -0.546 -2.21 0.008758 0.088159 0.7121 0.696466
4664 43.8 -0.508 -2.2 -0.005224 0.091869 0.733262 0.673691
4665 43.8 -0.479 -2.19 -0.007787 0.080473 0.752646 0.653443
4666 43.8 -0.452 -2.18 -0.006501 0.074666 0.76902 0.634815
4667 43.8 -0.424 -2.18 -0.00714 0.071768 0.778383 0.623633
4668 43.8 -0.393 -2.17 -0.001635 0.066534 0.785144 0.615726
4669 43.8 -0.356 -2.17 0.00341 0.060816 0.785831 0.615435
4670 43.8 -0.31 -2.16 0.010627 0.049025 0.781842 0.621455
4671 43.8 -0.258 -2.15 0.017388 0.03452 0.776462 0.628978
4672 43.8 -0.206 -2.14 0.03242 0.014796 0.766601 0.641135
4673 43.8 -0.157 -2.13 0.044957 0.005122 0.758452 0.650156
4674 43.8 -0.107 -2.11 0.058181 -0.00247 0.749343 0.659616
4675 43.7 -0.0588 -2.11 0.063127 -0.007486 0.738911 0.670798
4676 43.7 -0.0118 -2.1 0.058623 -0.00175 0.734519 0.676049
4677 43.7 0.0368 -2.1 0.06066 -0.003093 0.731661 0.678957
4678 43.7 0.0936 -2.1 0.065731 -0.006516 0.725921 0.684598
4679 43.7 0.163 -2.1 0.076559 -0.011416 0.721238 0.688349
4680 43.8 0.237 -2.09 0.08066 -0.007748 0.717351 0.691984
4681 43.8 0.31 -2.08 0.092851 -0.007773 0.709553 0.698465
4682 43.8 0.38 -2.07 0.09401 -0.001218 0.69814 0.709762
4683 43.8 0.441 -2.05 0.092892 0.002787 0.694304 0.713656
4684 43.8 0.496 -2.04 0.087397 0.009324 0.690426 0.718044
4685 43.8 0.545 -2.04 0.085157 0.011721 0.677404 0.730571
4686 43.8 0.591 -2.04 0.083467 0.015917 0.655807 0.750131
4687 43.8 0.637 -2.04 0.079559 0.022013 0.625297 0.776008
4688 43.8 0.684 -2.03 0.078697 0.021807 0.589882 0.803349
4689 43.8 0.73 -2.02 0.081975 0.025239 0.555293 0.82722
4690 43.8 0.773 -2.01 0.083531 0.02444 0.526655 0.845612
4691 43.8 0.812 -2.01 0.0824121 0.033851 0.496616 0.863386
4692 43.8 0.845 -2 0.082637 0.034012 0.467939 0.879231
4693 43.8 0.874 -2 0.074384 0.042347 0.448723 0.889563
4694 43.9 0.903 -2 0.0693 0.045267 0.432864 0.897651
4695 43.9 0.934 -2.01 0.062921 0.047311 0.414591 0.906596
4696 43.9 0.968 -2.01 0.062555 0.05527 0.388129 0.917817
4697 43.9 1 -2.02 0.068594 0.059879 0.360108 0.928456
4698 43.9 1.03 -2.01 0.074288 0.057341 0.323237 0.941653
4699 43.9 1.06 -2.01 0.080722 0.064179 0.28703 0.952354
4700 43.9 1.09 -2 0.094698 0.079692 0.248791 0.960617
4701 44 1.11 -2 0.0963969 0.076055 0.213194 0.969263
4702 44 1.12 -1.99 0.091546 0.086433 0.179334 0.975699
4703 44 1.14 -1.99 0.087874 0.093596 0.145177 0.981041
4704 44 1.16 -1.99 0.084584 0.097836 0.105415 0.985982
4705 44 1.2 -1.99 0.086177 0.100292 0.070406 0.988715
4706 44 1.24 -1.98 0.091128 0.103004 0.035576 0.989859
4707 44 1.28 -1.97 0.096284 0.101686 -0.004132 0.990138
4708 44 1.32 -1.97 0.096523 0.098045 -0.042078 0.989596
4709 44 1.36 -1.96 0.093229 0.099769 -0.077323 0.987611
4710 43.9 1.38 -1.96 0.092678 0.093899 -0.11574 0.984479
4711 43.9 1.4 -1.96 0.091551 0.101356 -0.149889 0.979224
4712 43.9 1.42 -1.96 0.0864 0.113115 -0.171711 0.97481
4713 43.9 1.43 -1.97 0.086051 0.117624 -0.196267 0.969659
4714 43.9 1.45 -1.97 0.089784 0.126185 -0.216314 0.963963
4715 43.9 1.47 -1.98 0.089761 0.134626 -0.231276 0.959338
4716 43.9 1.49 -1.97 0.086205 0.135684 -0.241976 0.956873
4717 43.8 1.52 -1.97 0.092179 0.130729 -0.256652 0.953175
4718 43.8 1.54 -1.96 0.09764 0.118955 -0.274419 0.949216
4719 43.8 1.57 -1.95 0.105255 0.110974 -0.286354 0.945837
4720 43.8 1.59 -1.93 0.10463 0.092084 -0.302545 0.942889
4721 43.8 1.61 -1.91 0.097692 0.071061 -0.316819 0.940762
4722 43.8 1.64 -1.89 0.086233 0.05592 -0.333742 0.937045
4723 43.7 1.67 -1.87 0.075883 0.045186 -0.351318 0.932081
4724 43.7 1.71 -1.86 0.065575 0.039524 -0.374345 0.924123
4725 43.7 1.75 -1.86 0.054862 0.04422 -0.402874 0.912539
4726 43.7 1.8 -1.86 0.046243 0.05089 -0.43324 0.898652
4727 43.7 1.85 -1.86 0.044502 0.051477 -0.463152 0.883663
4728 43.7 1.89 -1.86 0.042015 0.054872 -0.489216 0.86942
4729 43.7 1.92 -1.86 0.043767 0.062526 -0.5115 0.855887
4730 43.7 1.95 -1.85 0.043246 0.064871 -0.531641 0.843374
4731 43.7 1.98 -1.85 0.037611 0.063656 -0.551613 0.830817
4732 43.7 2.01 -1.85 0.037701 0.07112 -0.565197 0.821019
4733 43.6 2.04 -1.84 0.037587 0.078299 -0.578433 0.811093
4734 43.6 2.08 -1.84 0.041391 0.081709 -0.590882 0.801542
4735 43.6 2.12 -1.83 0.041717 0.088952 -0.598156 0.795334
4736 43.6 2.16 -1.83 0.043247 0.093986 -0.600721 0.792736
4737 43.6 2.2 -1.82 0.045848 0.092755 -0.602827 0.791135
4738 43.6 2.24 -1.81 0.056471 0.095731 -0.603572 0.789524
4739 43.6 2.28 -1.81 0.063176 0.0982881 -0.605513 0.787211
4740 43.6 2.31 -1.8 0.065533 0.097339 -0.610417 0.78334
4741 43.6 2.34 -1.8 0.070567 0.102049 -0.619641 0.775017
4742 43.6 2.38 -1.8 0.075289 0.10462 -0.631585 0.764517
4743 43.6 2.43 -1.8 0.075029 0.107228 -0.639889 0.757242
4744 43.6 2.48 -1.8 0.076812 0.112035 -0.646759 0.7505
4745 43.6 2.53 -1.81 0.084248 0.114063 -0.653562 0.74347
4746 43.6 2.58 -1.81 0.0875529 0.124066 -0.659725 0.736007
4747 43.6 2.63 -1.81 0.092321 0.13503 -0.664194 0.729445
4748 43.6 2.67 -1.8 0.097557 0.142801 -0.66852 0.723306
4749 43.6 2.7 -1.8 0.097133 0.152015 -0.672528 0.717748
4750 43.6 2.73 -1.79 0.093565 0.154529 -0.673158 0.717094
4751 43.6 2.77 -1.78 0.084433 0.153896 -0.674798 0.716822
4752 43.6 2.8 -1.78 0.089422 0.157789 -0.673472 0.716618
4753 43.6 2.83 -1.78 0.093893 0.160524 -0.671899 0.716916
4754 43.6 2.87 -1.77 0.094835 0.163183 -0.668928 0.718967
4755 43.6 2.91 -1.77 0.096349 0.160988 -0.66497 0.722921
4756 43.6 2.96 -1.76 0.09536 0.152279 -0.664091 0.725741
4757 43.6 2.99 -1.75 0.102771 0.156309 -0.663817 0.724122
4758 43.6 3.03 -1.75 0.105132 0.152264 -0.666282 0.722379
4759 43.6 3.05 -1.75 0.11145 0.153104 -0.668481 0.719216
4760 43.6 3.08 -1.74 0.116273 0.156429 -0.672272 0.714186
4761 43.6 3.11 -1.74 0.116663 0.152626 -0.674993 0.712376
4762 43.6 3.14 -1.74 0.119955 0.155869 -0.679749 0.706581
4763 43.6 3.17 -1.74 0.119817 0.159461 -0.684714 0.700987
4764 43.6 3.2 -1.74 0.117699 0.162593 -0.68906 0.696352
4765 43.6 3.24 -1.74 0.123837 0.17502 -0.693804 0.687509
4766 43.6 3.27 -1.74 0.1199 0.179377 -0.695693 0.685171
4767 43.6 3.3 -1.75 0.12253 0.185613 -0.6996 0.679039
4768 43.6 3.32 -1.75 0.128943 0.191288 -0.702618 0.673134
4769 43.6 3.34 -1.74 0.126654 0.193013 -0.708029 0.667383
4770 43.5 3.36 -1.73 0.117123 0.190111 -0.717809 0.659462
4771 43.5 3.37 -1.72 0.109242 0.186409 -0.727927 0.650723
4772 43.5 3.38 -1.72 0.102137 0.178301 -0.74157 0.638632
4773 43.5 3.38 -1.71 0.095972 0.167986 -0.756071 0.625241
4774 43.5 3.38 -1.71 0.090641 0.158882 -0.769243 0.612214
4775 43.5 3.38 -1.71 0.084676 0.148996 -0.782823 0.598179
4776 43.5 3.37 -1.71 0.083505 0.137129 -0.795772 0.583926
4777 43.4 3.36 -1.7 0.079739 0.124584 -0.807488 0.571037
4778 43.4 3.34 -1.7 0.074341 0.110384 -0.81798 0.559641
4779 43.4 3.32 -1.7 0.063624 0.093005 -0.830319 0.545777
4780 43.4 3.29 -1.69 0.046404 0.071971 -0.840054 0.535702
4781 43.4 3.26 -1.69 0.032573 0.057982 -0.845915 0.529155
4782 43.4 3.22 -1.7 0.027376 0.049549 -0.847534 0.527713
4783 43.4 3.18 -1.7 0.029011 0.050093 -0.842841 0.53504
4784 43.4 3.14 -1.7 0.028433 0.052522 -0.833578 0.549163
4785 43.4 3.1 -1.7 0.021519 0.05388 -0.818651 0.571353
4786 43.4 3.06 -1.7 0.016076 0.058051 -0.798048 0.599576
4787 43.4 3.02 -1.71 0.019395 0.060513 -0.775615 0.628
4788 43.4 2.98 -1.72 0.014867 0.062605 -0.756623 0.650677
4789 43.4 2.93 -1.73 0.011184 0.067542 -0.74023 0.668859
4790 43.4 2.88 -1.74 0.001962 0.068026 -0.724919 0.685464
4791 43.5 2.82 -1.75 -0.016515 0.06204 -0.706309 0.704986
4792 43.5 2.76 -1.75 -0.013056 0.069162 -0.686194 0.724005
4793 43.5 2.71 -1.76 -0.021059 0.069478 -0.663968 0.744228
4794 43.6 2.67 -1.77 -0.027421 0.070968 -0.640749 0.763971
4795 43.6 2.64 -1.78 -0.018237 0.081788 -0.609242 0.788544
4796 43.6 2.6 -1.79 -0.015909 0.084777 -0.577219 0.812021
4797 43.7 2.57 -1.8 -0.017139 0.083925 -0.541893 0.836071
4798 43.7 2.52 -1.81 -0.01554 0.081515 -0.501216 0.861334
4799 43.7 2.47 -1.82 -0.015348 0.073863 -0.460241 0.884583
4800 43.7 2.42 -1.83 -0.021999 0.059591 -0.416958 0.906703
4801 43.7 2.37 -1.84 -0.025854 0.052297 -0.368151 0.927934
4802 43.8 2.33 -1.86 -0.019741 0.054519 -0.3255 0.943763
4803 43.8 2.3 -1.88 -0.018076 0.050992 -0.281309 0.958091
4804 43.8 2.28 -1.92 -0.012628 0.054598 -0.244585 0.968007
4805 43.9 2.26 -1.96 -0.001153 0.05812 -0.221359 0.973458
4806 43.9 2.25 -2 0.016929 0.071942 -0.211128 0.97466
4807 43.9 2.24 -2.04 0.029731 0.087687 -0.1993 0.975554
4808 44 2.23 -2.08 0.030202 0.090736 -0.184365 0.978194
4809 44 2.24 -2.12 0.02148 0.079623 -0.171988 0.981641
4810 44 2.24 -2.17 0.029162 0.069379 -0.162148 0.983892
4811 44.1 2.25 -2.21 0.037859 0.076117 -0.162875 0.982977
4812 44.1 2.25 -2.25 0.056674 0.085821 -0.163093 0.981236
4813 44.2 2.25 -2.27 0.066621 0.091647 -0.157621 0.980978
4814 44.3 2.25 -2.29 0.056063 0.094243 -0.152 0.982279
4815 44.3 2.25 -2.3 0.04604 0.092501 -0.141115 0.984586
4816 44.4 2.26 -2.3 0.049582 0.108633 -0.128271 0.984524
4817 44.5 2.28 -2.3 0.057683 0.117859 -0.113057 0.984886
4818 44.6 2.29 -2.3 0.056004 0.121303 -0.090681 0.986877
4819 44.6 2.31 -2.28 0.049012 0.14198 -0.067289 0.986363
4820 44.7 2.32 -2.24 0.042854 0.153839 -0.045892 0.986099
4821 44.8 2.32 -2.2 0.034011 0.147288 -0.022556 0.988251
4822 44.8 2.31 -2.16 0.021487 0.136262 0.003563 0.990433
4823 44.8 2.3 -2.11 0.009248 0.11549 0.018946 0.993085
4824 44.9 2.27 -2.05 -0.003135 0.096806 0.019185 0.995113
4825 44.9 2.24 -2 -0.006039 0.104692 0.013582 0.994394
4826 45 2.21 -1.94 0.006216 0.102464 0.013478 0.994626
4827 45 2.18 -1.89 0.025073 0.095838 0.004398 0.995071
4828 45.1 2.14 -1.84 0.044232 0.085215 -0.003284 0.995375
4829 45.2 2.11 -1.78 0.051541 0.09807 -0.007003 0.993819
4830 45.2 2.09 -1.73 0.054585 0.102039 -0.005159 0.993268
4831 45.3 2.08 -1.68 0.053256 0.089672 0.002386 0.994544
4832 45.3 2.08 -1.64 0.053897 0.082457 0.007171 0.99511
4833 45.3 2.09 -1.62 0.056083 0.082405 0.022708 0.994761
4834 45.4 2.1 -1.61 0.054643 0.081514 0.051765 0.993826
4835 45.4 2.12 -1.61 0.050532 0.073644 0.082682 0.992566
4836 45.5 2.14 -1.6 0.054831 0.063939 0.110771 0.99027
4837 45.5 2.16 -1.6 0.056909 0.04883 0.135233 0.987972
4838 45.6 2.18 -1.59 0.055907 0.045504 0.15549 0.985204
4839 45.6 2.19 -1.58 0.049886 0.038712 0.163055 0.984594
4840 45.7 2.19 -1.59 0.054545 0.030171 0.168953 0.983651
4841 45.7 2.19 -1.59 0.066973 0.021949 0.176559 0.981764
4842 45.8 2.19 -1.6 0.075526 0.020292 0.177101 0.981081
4843 45.9 2.2 -1.62 0.074644 0.02507 0.175192 0.98138
4844 46 2.19 -1.63 0.07247 0.026088 0.177363 0.981127
4845 46.1 2.19 -1.63 0.069029 0.025352 0.178951 0.981106
4846 46.1 2.19 -1.63 0.066401 0.025471 0.187143 0.979755
4847 46.2 2.2 -1.63 0.061542 0.023098 0.208383 0.975836
4848 46.3 2.22 -1.64 0.060814 0.029658 0.212397 0.974838
4849 46.4 2.24 -1.66 0.063647 0.028899 0.20677 0.975889
4850 46.4 2.27 -1.67 0.05973 0.028129 0.191639 0.979242
4851 46.5 2.3 -1.68 0.049417 0.020696 0.169388 0.984092
4852 46.6 2.33 -1.67 0.038545 0.03902 0.150552 0.987079
4853 46.7 2.35 -1.66 0.036958 0.03126 0.123943 0.991108
4854 46.7 2.36 -1.66 0.038283 0.042832 0.102565 0.993066
4855 46.8 2.37 -1.67 0.045529 0.047037 0.086827 0.99407
4856 46.9 2.37 -1.68 0.051167 0.041079 0.071783 0.99526
4857 46.9 2.37 -1.7 0.061952 0.029814 0.060165 0.995818
4858 47 2.36 -1.71 0.067331 0.029519 0.046491 0.99621
4859 47.1 2.35 -1.71 0.071396 0.060481 0.02965 0.995171
4860 47.2 2.34 -1.71 0.069876 0.044516 0.016625 0.996423
4861 47.2 2.33 -1.71 0.071445 0.053696 0.000903 0.995998
4862 47.3 2.33 -1.72 0.071398 0.044429 -0.018192 0.996292
4863 47.3 2.33 -1.72 0.066852 0.041738 -0.041173 0.996039
4864 47.4 2.33 -1.74 0.066192 0.033876 -0.074137 0.994472
4865 47.5 2.34 -1.75 0.059949 0.029778 -0.112269 0.991421
4866 47.5 2.35 -1.75 0.060334 0.040627 -0.157738 0.984798
4867 47.6 2.35 -1.75 0.062543 0.052328 -0.201897 0.976006
4868 47.6 2.35 -1.76 0.057328 0.05944 -0.24682 0.965536
4869 47.6 2.35 -1.76 0.053173 0.075796 -0.283519 0.954487
4870 47.6 2.35 -1.76 0.045592 0.078236 -0.315963 0.94444
4871 47.7 2.35 -1.77 0.040586 0.075773 -0.349237 0.933083
4872 47.7 2.35 -1.77 0.038981 0.085786 -0.380936 0.919787
4873 47.7 2.36 -1.78 0.034611 0.092724 -0.414817 0.904506
4874 47.7 2.38 -1.78 0.034357 0.091491 -0.447851 0.888751
4875 47.7 2.4 -1.78 0.03543 0.092974 -0.478165 0.872616
4876 47.7 2.42 -1.78 0.038708 0.101047 -0.50246 0.857802
4877 47.7 2.44 -1.78 0.049313 0.098907 -0.52268 0.845335
4878 47.7 2.45 -1.77 0.05028 0.101434 -0.546402 0.829836
4879 47.7 2.46 -1.76 0.042797 0.095956 -0.565382 0.81811
4880 47.7 2.46 -1.76 0.03025 0.086586 -0.588569 0.803227
4881 47.7 2.47 -1.75 0.017847 0.07253 -0.614221 0.785591
4882 47.8 2.48 -1.75 0.01827 0.070978 -0.640271 0.764644
4883 47.8 2.49 -1.75 0.011975 0.055341 -0.663692 0.74586
4884 47.8 2.51 -1.74 0.000458 0.047639 -0.684362 0.727585
4885 47.8 2.53 -1.74 -0.005823 0.047547 -0.70119 0.711364
4886 47.9 2.54 -1.75 -0.00125 0.04811 -0.709033 0.703532
4887 47.9 2.56 -1.75 -0.003641 0.04599 -0.707845 0.704859
4888 47.9 2.58 -1.74 -0.013517 0.03943 -0.705925 0.707059
4889 47.9 2.59 -1.74 -0.01633 0.036047 -0.707475 0.70563
4890 47.9 2.61 -1.74 -0.019248 0.028726 -0.713162 0.700145
4891 47.9 2.63 -1.73 -0.026209 0.020658 -0.721363 0.691753
4892 47.9 2.65 -1.73 -0.027677 0.011441 -0.724636 0.688481
4893 47.9 2.67 -1.72 -0.029871 0.007824 -0.731419 0.681229
4894 47.9 2.69 -1.72 -0.030841 0.009741 -0.741951 0.669674
4895 47.9 2.7 -1.72 -0.029149 0.014655 -0.755196 0.654686
4896 47.9 2.72 -1.72 -0.0196 0.019808 -0.769809 0.637665
4897 47.9 2.73 -1.72 -0.006468 0.025517 -0.786858 0.616572
4898 47.9 2.75 -1.72 -0.002865 0.026262 -0.806037 0.591276
4899 47.9 2.75 -1.72 -0.007557 0.033481 -0.826019 0.562596
4900 47.9 2.75 -1.71 -0.017107 0.044381 -0.841554 0.538075
4901 47.9 2.74 -1.71 -0.022601 0.053725 -0.856245 0.513271
4902 47.9 2.73 -1.72 0.030828 -0.058178 0.869447 -0.48962
4903 47.9 2.72 -1.72 0.033415 -0.062053 0.881068 -0.46771
4904 48 2.7 -1.73 0.026047 -0.067127 0.891839 -0.446586
4905 48 2.68 -1.75 0.010259 -0.080687 0.901611 -0.424831
4906 48 2.67 -1.76 -0.000291 -0.090787 0.909772 -0.405059
4907 48 2.66 -1.77 -0.004427 -0.094994 0.917745 -0.385617
4908 48 2.66 -1.77 -0.011201 -0.101 0.926889 -0.361317
4909 48 2.66 -1.78 -0.010795 -0.104162 0.935798 -0.336623
4910 48 2.66 -1.77 -0.008997 -0.109409 0.942631 -0.315271
4911 48.1 2.67 -1.76 0.001613 -0.111697 0.948511 -0.29639
4912 48.1 2.67 -1.75 0.016114 -0.105718 0.954889 -0.277038
4913 48.1 2.68 -1.75 0.027116 -0.095235 0.960945 -0.258416
4914 48.1 2.7 -1.74 0.042455 -0.083099 0.965764 -0.242059
4915 48.1 2.71 -1.74 0.056912 -0.07354 0.969085 -0.228532
4916 48.2 2.72 -1.74 0.072074 -0.060805 0.970465 -0.222049
4917 48.2 2.71 -1.74 0.087276 -0.05005 0.969977 -0.221408
4918 48.2 2.7 -1.73 0.111257 -0.039817 0.966229 -0.228995
4919 48.3 2.69 -1.72 0.125004 -0.029316 0.960871 -0.245441
4920 48.3 2.67 -1.72 0.132675 -0.019527 0.954335 -0.266947
4921 48.3 2.64 -1.72 0.14069 -0.012356 0.946851 -0.289011
4922 48.4 2.62 -1.72 0.150491 -0.007299 0.937585 -0.313421
4923 48.4 2.59 -1.72 0.152855 -0.005291 0.928585 -0.338137
4924 48.4 2.57 -1.73 0.14829 -0.004615 0.919633 -0.36368
4925 48.4 2.54 -1.73 0.144444 -0.003222 0.911148 -0.385921
4926 48.5 2.52 -1.74 0.141501 -0.00528 0.903295 -0.404978
4927 48.5 2.49 -1.75 0.134802 -0.008831 0.896512 -0.421921
4928 48.6 2.46 -1.77 0.123399 -0.012222 0.892222 -0.434239
4929 48.6 2.43 -1.78 0.122397 -0.011046 0.8887 -0.441712
4930 48.7 2.4 -1.8 0.122736 -0.013772 0.884876 -0.449156
4931 48.7 2.37 -1.82 0.093832 -0.02279 0.882179 -0.460908
4932 48.7 2.34 -1.83 0.078383 -0.025436 0.877829 -0.471832
4933 48.8 2.3 -1.83 0.064229 -0.038445 0.870913 -0.485703
4934 48.8 2.26 -1.84 -0.057414 0.050384 -0.861866 0.50135
4935 48.8 2.21 -1.86 -0.046655 0.053943 -0.854538 0.51447
4936 48.8 2.16 -1.87 -0.034243 0.053566 -0.84844 0.525459
4937 48.8 2.11 -1.89 -0.023777 0.051795 -0.842704 0.535352
4938 48.8 2.06 -1.89 -0.002317 0.053596 -0.836969 0.544615
4939 48.8 2.01 -1.89 -0.004192 0.048289 -0.830555 0.554823
4940 48.9 1.96 -1.9 -0.001204 0.052655 -0.820355 0.569423
4941 48.9 1.92 -1.9 -0.009019 0.051828 -0.813603 0.579036
4942 48.9 1.87 -1.91 -0.027965 0.047714 -0.81335 0.57914
4943 49 1.82 -1.92 -0.045216 0.042127 -0.820205 0.568722
4944 49 1.76 -1.93 -0.054085 0.037781 -0.837251 0.542825
4945 49 1.72 -1.93 -0.057645 0.026809 -0.854977 0.514755
4946 49 1.68 -1.93 0.049749 -0.025511 0.872958 -0.484581
4947 49 1.64 -1.93 0.052066 -0.027659 0.888717 -0.45465
4948 49 1.61 -1.93 0.06198 -0.03069 0.89962 -0.431162
4949 49 1.57 -1.94 0.061829 -0.033201 0.909996 -0.408635
4950 49 1.53 -1.94 0.065666 -0.028338 0.919823 -0.385759
4951 48.9 1.49 -1.94 0.072538 -0.019686 0.928021 -0.364866
4952 48.9 1.45 -1.93 0.078871 -0.011412 0.934946 -0.345723
4953 48.9 1.42 -1.93 0.07996 -0.011647 0.94164 -0.326779
4954 48.9 1.39 -1.93 0.081698 -0.011547 0.946649 -0.311524
4955 48.9 1.35 -1.93 0.081408 -0.017617 0.952117 -0.294169
4956 48.8 1.32 -1.94 0.088345 -0.025643 0.957407 -0.273695
4957 48.8 1.28 -1.94 0.084154 -0.034856 0.964453 -0.248059
4958 48.8 1.24 -1.95 0.084957 -0.036703 0.970881 -0.220966
4959 48.8 1.2 -1.96 0.085546 -0.038333 0.977133 -0.190851
4960 48.8 1.17 -1.96 0.094414 -0.036214 0.981529 -0.162403
4961 48.8 1.13 -1.96 0.095527 -0.032483 0.986259 -0.130816
4962 48.8 1.11 -1.96 0.092188 -0.029791 0.990334 -0.099261
4963 48.7 1.09 -1.96 0.084762 -0.033053 0.993185 -0.072848
4964 48.7 1.07 -1.97 0.075057 -0.041885 0.994655 -0.05722
4965 48.7 1.06 -1.97 0.064242 -0.046506 0.995956 -0.042202
4966 48.6 1.05 -1.97 0.055715 -0.046952 0.996848 -0.0314
4967 48.6 1.05 -1.97 0.048826 -0.043719 0.997573 -0.023512
4968 48.5 1.04 -1.97 0.045498 -0.035385 0.998202 -0.016422
4969 48.5 1.04 -1.97 0.026835 -0.033124 0.999053 -0.008756
4970 48.4 1.03 -1.97 0.009148 -0.036314 0.99924 -0.010824
4971 48.4 1.03 -1.97 -0.004879 -0.038255 0.998994 -0.022891
4972 48.4 1.02 -1.96 -0.019805 -0.044541 0.998356 -0.03015
4973 48.3 1.02 -1.96 -0.028118 -0.048042 0.997791 -0.036267
4974 48.3 1.02 -1.96 -0.025912 -0.047995 0.997877 -0.035582
4975 48.3 1.02 -1.95 -0.030753 -0.048783 0.997913 -0.029057
4976 48.2 1.02 -1.95 -0.033084 -0.051058 0.998002 -0.017049
4977 48.2 1.02 -1.95 -0.033012 -0.053817 0.998005 -0.00033
4978 48.1 1.02 -1.94 -0.024969 -0.058848 0.997799 0.017625
4979 48.1 1.02 -1.93 -0.02023 -0.060958 0.997437 0.03153
4980 48 1.02 -1.92 -0.017594 -0.05781 0.996878 0.050817
4981 48 1.04 -1.92 0.003741 -0.048836 0.996055 0.073999
4982 48 1.05 -1.9 0.011353 -0.042752 0.994568 0.094226
4983 47.9 1.08 -1.89 0.036797 -0.041154 0.992555 0.108572
4984 47.9 1.11 -1.89 0.067386 -0.039638 0.988692 0.127972
4985 47.9 1.15 -1.89 0.081985 -0.036167 0.984637 0.149869
4986 47.8 1.2 -1.88 0.079299 -0.033756 0.981812 0.169168
4987 47.8 1.25 -1.87 0.07715 -0.027093 0.978676 0.188435
4988 47.8 1.29 -1.86 0.071929 -0.02272 0.974695 0.210428
4989 47.7 1.32 -1.85 0.079629 -0.02821 0.969674 0.229339
4990 47.7 1.34 -1.84 0.070134 -0.025069 0.964635 0.252846
4991 47.7 1.36 -1.83 0.071248 -0.022125 0.956738 0.281223
4992 47.7 1.37 -1.83 0.068807 -0.024648 0.948457 0.308363
4993 47.6 1.39 -1.83 0.07028 -0.028252 0.93777 0.338896
4994 47.6 1.41 -1.82 0.065178 -0.030847 0.927549 0.366679
4995 47.5 1.42 -1.81 0.06765 -0.031438 0.914437 0.397794
4996 47.5 1.44 -1.8 0.083003 -0.031513 0.899965 0.426825
4997 47.5 1.46 -1.79 0.083779 -0.022426 0.886865 0.453815
4998 47.4 1.48 -1.79 0.088989 -0.019948 0.871874 0.481165
4999 47.4 1.5 -1.79 0.081869 -0.016293 0.858634 0.505747
5000 47.4 1.52 -1.79 0.075004 -0.016901 0.850166 0.520871
5001 47.4 1.56 -1.78 0.067321 -0.017787 0.841237 0.536164
5002 47.4 1.59 -1.78 0.068742 -0.017875 0.833952 0.547247
5003 47.3 1.63 -1.77 0.072919 -0.019127 0.826724 0.557535
5004 47.3 1.67 -1.76 0.090915 -0.024512 0.819947 0.564642
5005 47.3 1.71 -1.75 0.104363 -0.019008 0.81117 0.575108
5006 47.3 1.75 -1.74 0.114114 -0.013548 0.806657 0.57974
5007 47.3 1.78 -1.73 0.126389 -0.019378 0.804843 0.57955
5008 47.2 1.8 -1.72 0.12655 -0.021558 0.803173 0.58175
5009 47.2 1.83 -1.72 0.131125 -0.025349 0.798025 0.587639
5010 47.2 1.86 -1.71 0.131325 -0.024794 0.790848 0.597242
5011 47.1 1.88 -1.71 0.134662 -0.02693 0.779064 0.61172
5012 47.1 1.9 -1.7 0.142075 -0.02633 0.765033 0.627572
5013 47 1.92 -1.68 0.151351 -0.029447 0.750834 0.642241
5014 47 1.94 -1.68 0.152031 -0.030082 0.740446 0.654005
5015 47 1.95 -1.67 0.156767 -0.028176 0.725523 0.669512
5016 47 1.97 -1.68 0.152318 -0.023284 0.710993 0.686109
5017 47 2.01 -1.68 0.131195 -0.015145 0.705465 0.696332
5018 47 2.04 -1.69 0.109138 -0.008308 0.701646 0.704068
5019 47 2.08 -1.69 0.0936 0.006321 0.699921 0.708033
5020 47 2.12 -1.69 0.077079 0.029326 0.700909 0.708467
5021 47 2.16 -1.69 0.071636 0.036751 0.697607 0.711942
5022 47 2.18 -1.68 0.066126 0.043418 0.698419 0.711304
5023 47 2.2 -1.68 0.072499 0.028618 0.699332 0.710535
5024 46.9 2.22 -1.67 0.081972 0.015578 0.70108 0.708184
5025 46.9 2.25 -1.66 0.081863 0.016296 0.699333 0.709906
5026 46.9 2.27 -1.66 0.085063 0.007931 0.69711 0.711856
5027 46.9 2.31 -1.65 0.087416 -0.001705 0.69671 0.712004
5028 46.9 2.34 -1.64 0.0934 -0.010501 0.691653 0.716088
5029 46.8 2.38 -1.63 0.099214 -0.012449 0.68345 0.723116
5030 46.8 2.41 -1.62 0.106543 -0.018253 0.674603 0.730224
5031 46.8 2.44 -1.61 0.112021 -0.023058 0.663184 0.739666
5032 46.8 2.46 -1.6 0.116488 -0.019453 0.64677 0.753486
5033 46.8 2.49 -1.6 0.1218 -0.020264 0.623894 0.771694
5034 46.8 2.52 -1.6 0.113946 -0.016926 0.607102 0.786229
5035 46.8 2.56 -1.6 0.109117 -0.011882 0.58765 0.801636
5036 46.9 2.6 -1.61 0.105372 -0.003536 0.568547 0.815867
5037 46.9 2.64 -1.61 0.108272 0.004007 0.551971 0.826794
5038 46.9 2.67 -1.61 0.109243 0.013204 0.534659 0.837873
5039 46.9 2.7 -1.6 0.115206 0.023928 0.515353 0.848862
5040 46.9 2.71 -1.6 0.115296 0.022346 0.499285 0.858442
5041 47 2.73 -1.6 0.11071 0.022189 0.480415 0.869743
5042 47 2.74 -1.6 0.110154 0.027049 0.456703 0.882359
5043 47 2.76 -1.61 0.108481 0.034684 0.429322 0.895942
5044 47 2.78 -1.61 0.101402 0.042782 0.398218 0.910664
5045 47 2.81 -1.61 0.096281 0.04605 0.365953 0.924493
5046 47 2.85 -1.6 0.093188 0.035333 0.328942 0.939077
5047 47 2.89 -1.59 0.093151 0.03534 0.288169 0.952383
5048 47 2.92 -1.58 0.089989 0.029371 0.249734 0.963676
5049 47 2.95 -1.58 0.083024 0.032504 0.213113 0.972951
5050 47 2.96 -1.58 0.07904 0.039662 0.177766 0.980091
5051 47 2.97 -1.58 0.067844 0.046007 0.146472 0.985813
5052 47 2.96 -1.58 0.055816 0.046701 0.114723 0.990728
5053 46.9 2.96 -1.58 0.051819 0.046762 0.086289 0.993822
5054 46.9 2.96 -1.58 0.048056 0.045124 0.058213 0.996125
5055 46.9 2.95 -1.57 0.051848 0.04392 0.029687 0.997247
5056 46.9 2.95 -1.58 0.05525 0.049945 0.005493 0.997207
5057 46.8 2.95 -1.59 0.054512 0.06754 -0.009671 0.996179
5058 46.8 2.96 -1.6 0.05387 0.088477 -0.020403 0.994411
5059 46.7 2.98 -1.6 0.061569 0.098839 -0.026662 0.992839
5060 46.7 2.99 -1.59 0.069815 0.109991 -0.030779 0.991
5061 46.6 3.01 -1.58 0.07141 0.109085 -0.034834 0.990852
5062 46.6 3.03 -1.56 0.074854 0.10573 -0.043409 0.990623
5063 46.6 3.05 -1.55 0.076938 0.103393 -0.057299 0.990004
5064 46.5 3.08 -1.54 0.075032 0.100208 -0.073725 0.98939
5065 46.5 3.1 -1.54 0.07706 0.107792 -0.099139 0.986212
5066 46.4 3.14 -1.54 0.081485 0.104445 -0.12805 0.982881
5067 46.4 3.17 -1.53 0.078545 0.0954439 -0.16154 0.979094
5068 46.4 3.21 -1.52 0.073759 0.092851 -0.198869 0.972825
5069 46.3 3.23 -1.52 0.073899 0.110004 -0.231573 0.963749
5070 46.3 3.26 -1.5 0.068013 0.102166 -0.254629 0.959219
5071 46.2 3.29 -1.49 0.060203 0.087907 -0.27611 0.955202
5072 46.2 3.32 -1.49 0.058499 0.087152 -0.291288 0.950859
5073 46.2 3.36 -1.48 0.061144 0.090017 -0.303595 0.946567
5074 46.1 3.4 -1.48 0.064084 0.0982609 -0.315243 0.941732
5075 46.1 3.44 -1.46 0.059214 0.099441 -0.328608 0.937348
5076 46 3.49 -1.45 0.055851 0.103585 -0.345881 0.930869
5077 46 3.53 -1.43 0.057851 0.111399 -0.36209 0.923653
5078 45.9 3.58 -1.41 0.056169 0.111282 -0.379158 0.916897
5079 45.9 3.63 -1.4 0.051627 0.10543 -0.396576 0.910465
5080 45.9 3.69 -1.39 0.046591 0.103194 -0.417056 0.901801
5081 45.9 3.75 -1.39 0.03711 0.100813 -0.437664 0.892698
5082 45.9 3.81 -1.38 0.025867 0.093548 -0.449849 0.887815
5083 45.8 3.87 -1.37 0.029755 0.097792 -0.469141 0.877188
5084 45.8 3.92 -1.37 0.042546 0.111869 -0.485791 0.865842
5085 45.8 3.97 -1.36 0.042338 0.108005 -0.500056 0.858188
5086 45.8 4.01 -1.35 0.040821 0.104281 -0.512617 0.851283
5087 45.7 4.04 -1.34 0.043085 0.103786 -0.52304 0.844868
5088 45.7 4.08 -1.34 0.044377 0.100901 -0.535638 0.837223
5089 45.6 4.11 -1.34 0.047912 0.099347 -0.546843 0.829938
5090 45.6 4.15 -1.33 0.050207 0.097338 -0.557292 0.823061
5091 45.5 4.19 -1.34 0.06443 0.110039 -0.559951 0.818655
5092 45.5 4.23 -1.33 0.075601 0.113572 -0.564109 0.81435
5093 45.4 4.26 -1.32 0.082825 0.112968 -0.571399 0.808629
5094 45.4 4.29 -1.31 0.084128 0.108865 -0.582297 0.80125
5095 45.4 4.32 -1.3 0.08032 0.100788 -0.596452 0.792234
5096 45.3 4.36 -1.29 0.07971 0.100355 -0.60906 0.782701
5097 45.3 4.4 -1.28 0.075427 0.101434 -0.618886 0.775244
5098 45.3 4.44 -1.28 0.067363 0.105557 -0.625528 0.770087
5099 45.3 4.48 -1.27 0.056445 0.107477 -0.631081 0.766159
5100 45.2 4.53 -1.26 0.045124 0.104121 -0.636574 0.762821
5101 45.2 4.58 -1.25 0.035612 0.099659 -0.64074 0.760429
5102 45.2 4.62 -1.22 0.016019 0.090894 -0.643327 0.760008
5103 45.2 4.65 -1.2 0.001276 0.072664 -0.641234 0.763896
5104 45.2 4.67 -1.18 -0.00776 0.057152 -0.638206 0.767702
5105 45.1 4.68 -1.17 -0.018238 0.041942 -0.634058 0.771932
5106 45.1 4.69 -1.16 -0.02896 0.024786 -0.629557 0.776018
5107 45.1 4.69 -1.15 -0.036128 0.011888 -0.627602 0.777605
5108 45.1 4.67 -1.16 -0.040122 0.007819 -0.635933 0.770661
5109 45.1 4.65 -1.16 -0.034464 0.013382 -0.650857 0.7583
5110 45 4.63 -1.16 -0.025414 0.020397 -0.666228 0.745036
5111 45 4.6 -1.16 -0.020223 0.024563 -0.685067 0.727784
5112 44.9 4.57 -1.17 -0.01279 0.038217 -0.702683 0.710361
5113 44.9 4.54 -1.18 -0.002673 0.052957 -0.716608 0.695458
5114 44.8 4.51 -1.19 0.014647 0.073439 -0.727963 0.681515
5115 44.8 4.48 -1.2 0.030522 0.092938 -0.734612 0.671399
5116 44.8 4.45 -1.21 0.043472 0.107329 -0.741243 0.661172
5117 44.8 4.41 -1.23 0.062671 0.122519 -0.745255 0.652424
5118 44.8 4.36 -1.25 0.073893 0.14042 -0.749298 0.642942
5119 44.8 4.3 -1.26 0.071498 0.1523 -0.75293 0.63623
5120 44.9 4.24 -1.27 0.066731 0.152401 -0.761097 0.626938
5121 44.9 4.18 -1.27 0.071276 0.159679 -0.764853 0.620018
5122 44.9 4.12 -1.26 0.062452 0.148604 -0.772369 0.61438
5123 44.9 4.07 -1.27 0.059106 0.140805 -0.77431 0.614105
5124 45 4.01 -1.28 0.060656 0.139211 -0.767249 0.623113
5125 45 3.94 -1.29 0.057623 0.134548 -0.762098 0.630701
5126 45 3.87 -1.31 0.05784 0.117053 -0.758295 0.638703
5127 45 3.79 -1.32 0.057236 0.102261 -0.75696 0.642867
5128 45 3.7 -1.33 0.055887 0.086701 -0.7545 0.648143
5129 45 3.62 -1.33 0.058853 0.082098 -0.753192 0.649998
5130 45.1 3.55 -1.33 0.067493 0.077231 -0.744204 0.66003
5131 45.1 3.48 -1.34 0.071367 0.086322 -0.736637 0.666949
5132 45.1 3.41 -1.36 0.064595 0.090078 -0.731893 0.672344
5133 45.1 3.34 -1.39 0.063984 0.097013 -0.731799 0.671539
5134 45.2 3.26 -1.41 0.051922 0.096604 -0.736277 0.667734
5135 45.2 3.18 -1.42 0.032404 0.091698 -0.74058 0.664893
5136 45.2 3.1 -1.42 0.0387 0.095813 -0.753005 0.649851
5137 45.3 3.02 -1.43 0.032821 0.089967 -0.770526 0.630174
5138 45.3 2.95 -1.43 0.037891 0.092044 -0.774201 0.625064
5139 45.3 2.87 -1.45 0.035312 0.086108 -0.778705 0.620449
5140 45.3 2.79 -1.47 0.033709 0.079521 -0.777268 0.623213
5141 45.3 2.7 -1.49 0.018069 0.061007 -0.774307 0.629603
5142 45.4 2.61 -1.5 0.022481 0.052534 -0.772841 0.632022
5143 45.4 2.52 -1.5 0.043184 0.055354 -0.76722 0.63753
5144 45.4 2.45 -1.51 0.049633 0.064075 -0.760264 0.644538
5145 45.5 2.38 -1.52 0.042218 0.070576 -0.755956 0.649436
5146 45.5 2.31 -1.54 0.035712 0.074201 -0.759636 0.645114
5147 45.5 2.25 -1.56 0.02545 0.073639 -0.770765 0.632338
5148 45.5 2.18 -1.56 0.011732 0.074255 -0.783308 0.617072
5149 45.6 2.11 -1.56 0.00301 0.077669 -0.796397 0.599759
5150 45.6 2.05 -1.56 -0.004298 0.065322 -0.810332 0.582303
5151 45.6 1.99 -1.57 -0.001241 0.067679 -0.827278 0.557699
5152 45.6 1.94 -1.57 0.004469 0.06296 -0.836422 0.54444
5153 45.6 1.88 -1.58 -0.002339 0.053233 -0.844895 0.532272
5154 45.6 1.82 -1.6 -0.01361 0.038024 -0.851755 0.522381
5155 45.6 1.76 -1.6 -0.025286 0.017346 -0.86124 0.507272
5156 45.6 1.7 -1.61 0.038977 0.009793 0.870404 -0.490696
5157 45.6 1.64 -1.62 0.018113 0.005985 0.884447 -0.46625
5158 45.6 1.58 -1.62 0.015876 0.003258 0.894183 -0.447408
5159 45.6 1.54 -1.63 0.004552 -0.015818 0.904933 -0.425236
5160 45.6 1.5 -1.64 0.003837 -0.028124 0.918585 -0.394203
5161 45.6 1.46 -1.66 -0.002049 -0.040142 0.934322 -0.354157
5162 45.6 1.42 -1.67 -0.006958 -0.047621 0.950777 -0.306115
5163 45.7 1.39 -1.69 -0.011103 -0.053061 0.967046 -0.248763
5164 45.7 1.35 -1.71 -0.027796 -0.06357 0.978924 -0.192079
5165 45.7 1.32 -1.72 -0.037282 -0.066557 0.986864 -0.142405
5166 45.8 1.3 -1.74 -0.048093 -0.063438 0.991045 -0.107205
5167 45.8 1.28 -1.75 -0.063589 -0.066118 0.991877 -0.088117
5168 45.9 1.26 -1.77 -0.06704 -0.06517 0.99276 -0.075406
5169 45.9 1.24 -1.79 -0.0814 -0.061336 0.992342 -0.069778
5170 46 1.22 -1.81 -0.08594 -0.060433 0.992143 -0.067924
5171 46 1.21 -1.82 -0.096748 -0.060923 0.99111 -0.068043
5172 46.1 1.19 -1.82 -0.108782 -0.058405 0.98998 -0.068521
5173 46.1 1.18 -1.83 -0.119138 -0.053741 0.989076 -0.06817
5174 46.2 1.16 -1.83 -0.115135 -0.049961 0.989944 -0.065258
5175 46.2 1.14 -1.84 -0.114989 -0.048386 0.990369 -0.060043
5176 46.3 1.12 -1.85 -0.105964 -0.051175 0.991752 -0.050809
5177 46.3 1.09 -1.84 -0.089482 -0.055373 0.993579 -0.041575
5178 46.4 1.06 -1.84 -0.067335 -0.057211 0.995388 -0.03735
5179 46.4 1.04 -1.83 -0.035747 -0.057936 0.997219 -0.030336
5180 46.5 1.02 -1.82 -0.004321 -0.058109 0.998056 -0.022122
5181 46.5 1.01 -1.82 0.01457 -0.056893 0.998157 -0.015257
5182 46.6 0.997 -1.81 0.037594 -0.060171 0.997366 -0.015045
5183 46.6 0.987 -1.8 0.060482 -0.065293 0.995812 -0.020913
5184 46.6 0.979 -1.79 0.085414 -0.068114 0.993601 -0.028679
5185 46.7 0.974 -1.79 0.105546 -0.065788 0.991505 -0.038077
5186 46.7 0.969 -1.78 0.112473 -0.060791 0.990493 -0.050773
5187 46.7 0.962 -1.78 0.129979 -0.054845 0.987505 -0.070224
5188 46.8 0.955 -1.77 0.140652 -0.053157 0.984749 -0.087529
5189 46.8 0.945 -1.77 0.145935 -0.051258 0.982458 -0.104171
5190 46.8 0.931 -1.77 0.155853 -0.051221 0.979508 -0.116831
5191 46.8 0.909 -1.77 0.161831 -0.056627 0.976996 -0.126818
5192 46.9 0.878 -1.77 0.160956 -0.061191 0.975632 -0.13598
5193 46.9 0.837 -1.79 0.155524 -0.063972 0.975311 -0.143134
5194 46.9 0.787 -1.8 0.151346 -0.065336 0.97516 -0.147946
5195 46.9 0.736 -1.82 0.13563 -0.065331 0.977462 -0.147999
5196 47 0.686 -1.84 0.125174 -0.065349 0.978338 -0.151377
5197 47 0.641 -1.85 0.121885 -0.0663 0.978485 -0.152694
5198 47 0.605 -1.86 0.101237 -0.067806 0.979719 -0.159071
5199 47 0.578 -1.87 0.090149 -0.071319 0.979255 -0.166872
5200 47.1 0.558 -1.89 0.072303 -0.077124 0.978828 -0.175272
5201 47.1 0.543 -1.9 0.052693 -0.084901 0.976871 -0.189046
5202 47.1 0.533 -1.92 0.023985 -0.093064 0.975304 -0.198863
5203 47.2 0.526 -1.94 -0.003664 -0.094578 0.974127 -0.205227
5204 47.2 0.525 -1.96 -0.031849 -0.094986 0.972442 -0.210522
5205 47.2 0.523 -1.98 -0.062773 -0.094951 0.970737 -0.211454
5206 47.3 0.521 -2 -0.081173 -0.087497 0.970097 -0.211345
5207 47.3 0.519 -2.02 -0.100617 -0.083696 0.96902 -0.209457
5208 47.4 0.519 -2.03 -0.117464 -0.077554 0.969402 -0.201115
5209 47.4 0.519 -2.03 -0.128945 -0.067653 0.971715 -0.185919
5210 47.4 0.515 -2.03 -0.125041 -0.060418 0.976063 -0.167379
5211 47.5 0.51 -2.04 -0.118932 -0.056502 0.980948 -0.14284
5212 47.5 0.506 -2.05 -0.112911 -0.049645 0.985973 -0.112444
5213 47.5 0.506 -2.05 -0.104007 -0.042499 0.990479 -0.07955
5214 47.6 0.512 -2.06 -0.096412 -0.036606 0.993724 -0.043336
5215 47.6 0.526 -2.07 -0.097576 -0.028523 0.994817 -0.00219
5216 47.7 0.545 -2.06 -0.087284 -0.026475 0.995142 0.037067
5217 47.7 0.567 -2.06 -0.085289 -0.021712 0.993728 0.068992
5218 47.7 0.588 -2.06 -0.080691 -0.012998 0.991674 0.099511
5219 47.8 0.609 -2.06 -0.071801 -0.002588 0.98948 0.125568
5220 47.8 0.632 -2.06 -0.065495 0.005722 0.986673 0.148844
5221 47.8 0.66 -2.05 -0.05523 0.012967 0.984335 0.16693
5222 47.9 0.692 -2.05 -0.048897 0.017506 0.981807 0.182643
5223 47.9 0.729 -2.05 -0.048472 0.02085 0.97884 0.197708
5224 47.9 0.768 -2.06 -0.048769 0.024395 0.976094 0.210397
5225 48 0.805 -2.06 -0.0467 0.025828 0.974297 0.218853
5226 48 0.842 -2.06 -0.041856 0.022618 0.972637 0.227406
5227 48 0.88 -2.06 -0.043134 0.015361 0.970834 0.235339
5228 48 0.918 -2.06 -0.045473 0.013686 0.969881 0.238905
5229 48 0.954 -2.06 -0.045858 0.01449 0.968613 0.243876
5230 48 0.992 -2.06 -0.034628 0.015912 0.967 0.251909
5231 48 1.03 -2.05 -0.028163 0.012909 0.965536 0.258418
5232 48 1.08 -2.04 -0.018591 -0.003088 0.963653 0.266492
5233 47.9 1.12 -2.03 0.001493 -0.021861 0.962519 0.270327
5234 47.9 1.17 -2.01 0.012666 -0.030258 0.961961 0.27121
5235 47.9 1.21 -1.99 0.025452 -0.036566 0.961558 0.270964
5236 47.9 1.24 -1.98 0.02998 -0.042373 0.96271 0.265508
5237 47.8 1.28 -1.97 0.02878 -0.04009 0.966208 0.252996
5238 47.8 1.31 -1.96 0.035775 -0.043858 0.970557 0.234126
5239 47.8 1.36 -1.95 0.046284 -0.049717 0.974786 0.212551
5240 47.8 1.42 -1.94 0.04902 -0.054799 0.978504 0.192674
5241 47.8 1.47 -1.93 0.05425 -0.062623 0.982502 0.16681
5242 47.7 1.53 -1.91 0.058518 -0.070902 0.986118 0.138273
5243 47.7 1.58 -1.9 0.053353 -0.077022 0.988775 0.116382
5244 47.7 1.62 -1.89 0.065917 -0.088131 0.99015 0.086546
5245 47.7 1.65 -1.88 0.069526 -0.085457 0.991348 0.071364
5246 47.7 1.67 -1.86 0.083986 -0.076892 0.991542 0.062276
5247 47.6 1.69 -1.85 0.099122 -0.070492 0.991138 0.053392
5248 47.6 1.7 -1.84 0.115643 -0.072828 0.989452 0.048041
5249 47.6 1.71 -1.83 0.138 -0.08155 0.986134 0.042956
5250 47.5 1.71 -1.83 0.155088 -0.093603 0.982579 0.04153
5251 47.5 1.71 -1.82 0.158154 -0.100561 0.981604 0.036439
5252 47.4 1.71 -1.81 0.161951 -0.106184 0.980313 0.038524
5253 47.4 1.71 -1.8 0.162867 -0.107001 0.980357 0.030402
5254 47.4 1.7 -1.8 0.159114 -0.103982 0.981701 0.0116
5255 47.3 1.69 -1.8 0.164126 -0.102907 0.981021 -0.008453
5256 47.3 1.67 -1.8 0.154702 -0.099275 0.982357 -0.034437
5257 47.3 1.66 -1.81 0.141965 -0.092574 0.983795 -0.058509
5258 47.2 1.64 -1.81 0.137431 -0.08268 0.984218 -0.074773
5259 47.2 1.63 -1.81 0.135946 -0.078712 0.983505 -0.089675
5260 47.1 1.61 -1.81 0.13359 -0.076321 0.98272 -0.102912
5261 47.1 1.59 -1.82 0.125537 -0.075487 0.983193 -0.108969
5262 47 1.57 -1.83 0.116842 -0.07323 0.984122 -0.111759
5263 47 1.53 -1.84 0.107244 -0.076902 0.984302 -0.11719
5264 46.9 1.5 -1.85 0.091303 -0.072981 0.985848 -0.120168
5265 46.9 1.45 -1.87 0.076802 -0.067074 0.9883 -0.113424
5266 46.8 1.41 -1.89 0.074549 -0.066331 0.989484 -0.104714
5267 46.8 1.38 -1.9 0.098565 -0.062844 0.989076 -0.089806
5268 46.8 1.35 -1.92 0.090417 -0.053966 0.992422 -0.063334
5269 46.7 1.31 -1.95 0.077332 -0.054548 0.994955 -0.033284
5270 46.6 1.28 -1.97 0.067685 -0.060411 0.995701 -0.018655
5271 46.6 1.25 -2 0.066357 -0.070508 0.995117 -0.019149
5272 46.5 1.22 -2.02 0.056461 -0.064713 0.995875 -0.029289
5273 46.5 1.2 -2.05 0.045137 -0.049547 0.996979 -0.039261
5274 46.4 1.17 -2.09 0.050665 -0.043487 0.996974 -0.039815
5275 46.4 1.15 -2.13 0.043877 -0.056842 0.996716 -0.037417
5276 46.3 1.13 -2.18 0.031648 -0.07071 0.996493 -0.031619
5277 46.3 1.12 -2.24 0.038593 -0.072607 0.99633 -0.023791
5278 46.3 1.11 -2.31 0.047703 -0.071921 0.995862 -0.02847
5279 46.2 1.1 -2.39 0.04471 -0.069353 0.995971 -0.035127
5280 46.2 1.11 -2.47 0.037454 -0.056456 0.996873 -0.040667
5281 46.1 1.11 -2.54 0.027298 -0.050325 0.997717 -0.035824
5282 46.1 1.12 -2.6 0.037142 -0.04883 0.997759 -0.02671
5283 46.1 1.12 -2.65 0.035637 -0.054111 0.997693 -0.020267
5284 46.1 1.13 -2.69 0.046473 -0.059398 0.996931 -0.020977
5285 46.1 1.14 -2.73 0.046948 -0.067128 0.996463 -0.018751
5286 46.1 1.15 -2.76 0.027835 -0.066749 0.99721 -0.018488
5287 46.1 1.15 -2.78 0.019571 -0.069302 0.997317 -0.013155
5288 46.1 1.15 -2.79 0.017481 -0.074436 0.996967 -0.014479
5289 46.1 1.15 -2.8 0.012097 -0.076769 0.996778 -0.019827
5290 46.1 1.16 -2.81 0.011348 -0.077679 0.996768 -0.017042
5291 46.1 1.15 -2.82 0.003316 -0.07603 0.996966 -0.01635
5292 46 1.15 -2.82 0.003851 -0.077162 0.996844 -0.018249
5293 46 1.16 -2.82 0.005246 -0.077805 0.996788 -0.01822
5294 46 1.16 -2.82 0.003903 -0.070075 0.997331 -0.020137
5295 46 1.16 -2.82 0.000791 -0.065187 0.997654 -0.020883
5296 46 1.16 -2.82 0.002311 -0.066105 0.997564 -0.022165
5297 46 1.16 -2.82 0.005845 -0.064801 0.99762 -0.022832
5298 46 1.16 -2.82 0.0113 -0.065946 0.997515 -0.022075
5299 46 1.16 -2.82 0.013949 -0.066035 0.997469 -0.022354
5300 46 1.16 -2.82 0.019335 -0.066193 0.997351 -0.023136
5301 46.1 1.16 -2.82 0.02825 -0.065821 0.997154 -0.023544
5302 46.1 1.16 -2.82 0.039425 -0.065388 0.996791 -0.024049
5303 46.1 1.16 -2.82 0.046784 -0.065405 0.996463 -0.024384
5304 46.1 1.16 -2.82 0.045365 -0.064874 0.996564 -0.02437
5305 46.1 1.15 -2.82 0.046497 -0.065232 0.996492 -0.024222
5306 46.1 1.15 -2.82 0.04919 -0.064978 0.996384 -0.024023
5307 46.1 1.15 -2.82 0.0526 -0.065453 0.996174 -0.02423
5308 46.1 1.15 -2.82 0.051685 -0.064914 0.996256 -0.024261
5309 46.1 1.15 -2.82 0.052671 -0.065127 0.996189 -0.024341
5310 46.1 1.15 -2.82 0.052782 -0.065399 0.996173 -0.024024
5311 46.1 1.15 -2.82 0.054023 -0.064977 0.996128 -0.02427
5312 46.1 1.15 -2.82 0.054012 -0.065405 0.996104 -0.02413
5313 46.1 1.15 -2.82 0.053815 -0.064785 0.996154 -0.024155
5314 46.1 1.15 -2.82 0.054067 -0.065068 0.996122 -0.024168
5315 46.1 1.15 -2.82 0.05402 -0.0652 0.996115 -0.024193
5316 46.1 1.15 -2.82 0.053991 -0.064992 0.996129 -0.02426
5317 46.1 1.15 -2.82 0.053935 -0.065436 0.996107 -0.024064
5318 46.1 1.15 -2.82 0.054147 -0.065163 0.996106 -0.02439
5319 46.1 1.15 -2.82 0.054227 -0.06541 0.99609 -0.024199
5320 46.1 1.14 -2.82 0.054087 -0.064742 0.996148 -0.023941
5321 46.1 1.14 -2.82 0.054179 -0.065004 0.996121 -0.024146
5322 46.1 1.14 -2.82 0.054148 -0.065183 0.996109 -0.024221
5323 46.1 1.14 -2.82 0.05409 -0.065209 0.99611 -0.024236
5324 46.1 1.14 -2.82 0.0541 -0.065212 0.99611 -0.024187
5325 46.1 1.14 -2.82 0.05409 -0.065012 0.996122 -0.024257
5326 46.1 1.14 -2.82 0.054011 -0.065148 0.996119 -0.0242
5327 46.1 1.14 -2.82 0.05393 -0.06487 0.996138 -0.024339
5328 46.1 1.14 -2.82 0.054093 -0.065078 0.996116 -0.024339
5329 46.1 1.14 -2.82 0.053926 -0.064934 0.996133 -0.024399
5330 46.1 1.14 -2.82 0.054022 -0.064746 0.996134 -0.024639
5331 46.1 1.14 -2.82 0.054049 -0.065284 0.996107 -0.024222
5332 46.1 1.14 -2.82 0.05413 -0.065146 0.996111 -0.024286
5333 46.1 1.14 -2.82 0.054244 -0.065568 0.99608 -0.024144
5334 46.1 1.14 -2.82 0.054076 -0.065002 0.996125 -0.02421
5335 46.1 1.14 -2.82 0.054109 -0.064895 0.996126 -0.02435
5336 46.1 1.14 -2.82 0.054054 -0.065362 0.9961 -0.024293
5337 46.1 1.14 -2.82 0.054146 -0.065075 0.996112 -0.024367
5338 46.1 1.14 -2.82 0.054055 -0.06495 0.996127 -0.024318
5339 46.1 1.14 -2.81 0.053887 -0.064956 0.996141 -0.024081
5340 46.1 1.14 -2.81 0.053773 -0.065113 0.996134 -0.024195
5341 46.1 1.13 -2.81 0.053854 -0.064895 0.996145 -0.024139
5342 46.1 1.13 -2.81 0.053739 -0.064847 0.996152 -0.02426
5343 46.1 1.13 -2.81 0.053942 -0.065259 0.996116 -0.024192
5344 46.1 1.13 -2.81 0.053968 -0.064875 0.996136 -0.024306
5345 46.1 1.14 -2.81 0.054176 -0.065054 0.996115 -0.024266
5346 46.1 1.14 -2.82 0.054242 -0.065297 0.996099 -0.024086
5347 46.1 1.14 -2.82 0.054141 -0.065373 0.996095 -0.024292
5348 46.1 1.14 -2.82 0.054003 -0.065087 0.996121 -0.024307
5349 46.1 1.14 -2.81 0.054133 -0.065108 0.996111 -0.024354
5350 46.1 1.14 -2.81 0.053998 -0.065033 0.996123 -0.02435
5351 46.1 1.14 -2.81 0.054082 -0.065075 0.996117 -0.024332
5352 46.1 1.14 -2.81 0.053997 -0.065024 0.996127 -0.024243
5353 46.1 1.13 -2.81 0.053937 -0.065079 0.996131 -0.024071
5354 46.1 1.13 -2.81 0.054011 -0.064624 0.996146 -0.02449
5355 46.1 1.13 -2.81 0.054061 -0.065084 0.996122 -0.024115
5356 46.1 1.13 -2.81 0.053985 -0.065395 0.996106 -0.024119
5357 46.1 1.13 -2.81 0.054129 -0.065298 0.996104 -0.024136
5358 46.1 1.13 -2.81 0.054053 -0.065178 0.996116 -0.024159
5359 46.1 1.13 -2.81 0.054159 -0.065352 0.996099 -0.02412
5360 46.1 1.13 -2.81 0.053959 -0.065057 0.996134 -0.023929
5361 46.1 1.13 -2.81 0.054178 -0.065271 0.996113 -0.023744
5362 46.1 1.13 -2.81 0.054021 -0.064876 0.996138 -0.024134
5363 46.1 1.13 -2.81 0.054046 -0.065025 0.996126 -0.024143
5364 46.1 1.13 -2.81 0.054109 -0.065052 0.996123 -0.024066
5365 46.1 1.13 -2.81 0.054017 -0.064835 0.99614 -0.024139
5366 46.1 1.13 -2.81 0.053981 -0.064997 0.996129 -0.024248
5367 46.1 1.13 -2.81 0.054223 -0.065188 0.996107 -0.02409
5368 46 1.13 -2.81 0.054003 -0.065077 0.996122 -0.024294
5369 46 1.13 -2.81 0.053981 -0.064667 0.996151 -0.024231
5370 46 1.13 -2.81 0.054028 -0.065507 0.996092 -0.024304
5371 46 1.13 -2.81 0.054213 -0.065277 0.996103 -0.024039
5372 46 1.13 -2.81 0.053966 -0.064941 0.996136 -0.024154
5373 46 1.13 -2.81 0.054208 -0.06558 0.996082 -0.024133
5374 46.1 1.13 -2.81 0.054061 -0.065081 0.996126 -0.023991
5375 46.1 1.13 -2.81 0.054092 -0.064805 0.996142 -0.024007
5376 46.1 1.12 -2.81 0.054064 -0.064957 0.996128 -0.024217
5377 46 1.12 -2.81 0.054067 -0.065002 0.996125 -0.024208
5378 46 1.12 -2.81 0.054107 -0.065086 0.996116 -0.024276
5379 46 1.12 -2.81 0.053975 -0.06496 0.996139 -0.023951
5380 46 1.12 -2.81 0.053937 -0.065324 0.996113 -0.024152
5381 46 1.12 -2.81 0.05404 -0.065153 0.996117 -0.02419
5382 46 1.12 -2.81 0.053948 -0.06491 0.996137 -0.024216
5383 46 1.12 -2.81 0.054013 -0.064973 0.996132 -0.02413
5384 46 1.12 -2.81 0.053925 -0.065078 0.996126 -0.024279
5385 46 1.12 -2.81 0.054116 -0.064853 0.996129 -0.024332
5386 46 1.12 -2.81 0.053904 -0.0652 0.996122 -0.024152
5387 46 1.12 -2.81 0.05421 -0.065296 0.996101 -0.0241
5388 46 1.12 -2.81 0.054239 -0.065178 0.996107 -0.024115
5389 46 1.12 -2.81 0.054156 -0.064887 0.996131 -0.024097
5390 46 1.12 -2.81 0.054205 -0.064869 0.996127 -0.024186
5391 46 1.12 -2.81 0.054219 -0.064963 0.996116 -0.024343
5392 46 1.12 -2.81 0.054129 -0.065435 0.996093 -0.024213
