0 0 0 0 0 0 0 1
1 -0.57 0.064 2.93 0.027663 -0.893697 0.447546 0.015584
2 -0.554 -0.0612 2.82 0.0260068 -0.897077 0.440903 0.0134817
3 -0.542 -0.166 2.72 0.0345239 -0.891834 0.45082 0.014207
4 -0.536 -0.28 2.63 0.0195486 -0.893708 0.44805 0.0124411
5 -0.529 -0.365 2.57 0.0223898 -0.894469 0.44617 0.0188696
6 -0.53 -0.46 2.49 0.0230456 -0.889788 0.455397 0.0189833
7 -0.514 -0.525 2.42 0.00158446 -0.891517 0.450354 0.0487462
8 -0.501 -0.598 2.35 -0.003249 -0.885315 0.462097 0.0516988
9 -0.441 -0.659 2.31 -1.53818e-05 -0.893201 0.447857 0.0402065
10 -0.43 -0.645 2.24 -0.044212 -0.893733 0.439936 0.0757802
11 -0.767 -0.616 2.33 -0.163941 -0.888892 0.41742 0.0935667
12 -0.88 -0.601 2.39 -0.18026 -0.891718 0.408822 0.072185
13 -0.983 -0.572 2.4 -0.179625 -0.893144 0.403833 0.0833525
14 -1.1 -0.534 2.38 -0.157676 -0.897302 0.40304 0.0868647
15 -1.21 -0.461 2.35 -0.135903 -0.893026 0.420215 0.0863401
16 -1.34 -0.429 2.37 -0.137043 -0.891562 0.424556 0.0780252
17 -1.51 -0.393 2.38 -0.147079 -0.893668 0.419575 0.0606867
18 -1.61 -0.367 2.39 -0.155022 -0.891564 0.423252 0.0440389
19 -1.74 -0.32 2.38 -0.151144 -0.891893 0.422335 0.0575731
20 -1.88 -0.258 2.34 -0.138105 -0.892928 0.423745 0.0636106
21 -1.97 -0.225 2.33 -0.134265 -0.888793 0.431012 0.0790527
22 -2.11 -0.162 2.34 -0.152258 -0.887537 0.425607 0.0891854
23 -2.22 -0.126 2.35 -0.154898 -0.891005 0.420144 0.0748051
24 -2.33 -0.0878 2.36 -0.153147 -0.893401 0.417168 0.0659674
25 -2.42 -0.0586 2.36 -0.154394 -0.896471 0.408488 0.0750934
26 -2.55 -0.00425 2.34 -0.139518 -0.898517 0.409983 0.0715197
27 -2.64 0.0488 2.32 -0.133191 -0.896333 0.416076 0.0756873
28 -2.75 0.104 2.29 -0.150007 -0.887982 0.424277 0.0947379
29 -2.87 0.149 2.3 -0.149025 -0.890774 0.421921 0.0793421
30 -3.01 0.18 2.31 -0.166103 -0.887349 0.420275 0.0916046
31 -3.11 0.222 2.31 -0.167056 -0.887221 0.41401 0.116304
32 -3.2 0.285 2.3 -0.144018 -0.894196 0.405395 0.123804
33 -3.27 0.326 2.28 -0.137219 -0.894009 0.407088 0.127275
34 -3.31 0.122 2.36 -0.0171182 -0.90559 0.386695 0.173441
35 -3.31 0.124 2.4 0.0875123 -0.905789 0.359333 0.206805
36 -3.31 0.0367 2.47 0.172596 -0.894944 0.335942 0.237549
37 -3.29 -0.0204 2.55 0.236923 -0.885739 0.308037 0.253866
38 -3.25 -0.0609 2.59 0.328713 -0.857224 0.288934 0.271352
39 -3.27 -0.0495 2.6 0.405638 -0.808173 0.273579 0.327824
40 -3.24 -0.0819 2.63 0.478695 -0.766684 0.24141 0.353224
41 -3.19 -0.106 2.67 0.531516 -0.727904 0.195038 0.386791
42 -3.09 -0.439 3.11 0.476626 -0.761912 0.232698 0.371712
43 -3.08 -0.524 3.22 0.466625 -0.768052 0.22756 0.374931
44 -3.12 -0.601 3.33 0.46873 -0.769774 0.212916 0.377369
45 -3.21 -0.658 3.44 0.485923 -0.76153 0.201641 0.378538
46 -3.26 -0.698 3.52 0.49233 -0.75767 0.207041 0.375075
47 -3.28 -0.764 3.63 0.502001 -0.739035 0.206211 0.399124
48 -3.28 -0.863 3.75 0.500853 -0.746199 0.199322 0.390646
49 -3.29 -0.914 3.82 0.488309 -0.7517 0.198589 0.396314
50 -3.34 -0.921 3.89 0.484244 -0.743581 0.215865 0.407428
51 -3.41 -0.905 3.91 0.396625 -0.797781 0.260117 0.372255
52 -3.48 -0.859 3.88 0.342871 -0.82366 0.272847 0.359971
53 -3.55 -0.862 3.89 0.218978 -0.856053 0.316066 0.345434
54 -3.58 -0.888 3.9 0.162833 -0.874385 0.322483 0.323947
55 -3.62 -0.891 3.89 0.0734694 -0.886476 0.363314 0.277068
56 -3.64 -0.898 3.84 0.0101733 -0.893131 0.386296 0.230191
57 -3.65 -0.897 3.87 -0.0684582 -0.885752 0.401158 0.223226
58 -3.7 -0.847 3.82 -0.110397 -0.887137 0.406982 0.187525
59 -3.73 -0.74 3.69 -0.16684 -0.896172 0.390859 0.127548
60 -3.74 -0.683 3.63 -0.229259 -0.877228 0.406194 0.113652
61 -3.76 -0.635 3.57 -0.335323 -0.841855 0.420051 0.048946
62 -3.75 -0.674 3.58 -0.398626 -0.811472 0.426774 0.0217837
63 -3.71 -0.721 3.56 -0.487701 -0.746264 0.450631 -0.0465889
64 -3.69 -0.739 3.57 -0.551601 -0.695312 0.451152 -0.0934888
65 -3.63 -0.751 3.51 -0.60632 -0.644382 0.444375 -0.140282
66 -3.55 -0.766 3.45 -0.666575 -0.596196 0.410352 -0.178437
67 -3.43 -0.761 3.37 -0.715424 -0.537208 0.394103 -0.210378
68 -3.32 -0.714 3.28 -0.732674 -0.537638 0.362884 -0.206032
69 -3.27 -0.632 3.17 -0.747893 -0.535708 0.347517 -0.181398
70 -3.23 -0.533 3.07 -0.751931 -0.519295 0.361329 -0.185402
71 -3.19 -0.465 2.97 -0.759418 -0.507178 0.36249 -0.186161
72 -3.11 -0.392 2.87 -0.754038 -0.514513 0.365268 -0.182434
73 -3.05 -0.332 2.77 -0.75114 -0.514849 0.372284 -0.179231
74 -3.02 -0.241 2.67 -0.767756 -0.49782 0.358326 -0.185279
75 -3.01 -0.155 2.56 -0.769483 -0.490566 0.359313 -0.195284
76 -2.99 -0.068 2.46 -0.772608 -0.477455 0.36022 -0.212968
77 -2.95 -0.00502 2.36 -0.768893 -0.475167 0.368783 -0.216839
78 -2.89 0.0491 2.23 -0.75389 -0.482929 0.384533 -0.224863
79 -2.85 0.117 2.12 -0.748795 -0.483224 0.391549 -0.229108
80 -2.82 0.2 2 -0.755074 -0.474512 0.392938 -0.224277
81 -2.81 0.258 1.91 -0.760189 -0.460754 0.395185 -0.23162
82 -2.79 0.31 1.82 -0.756067 -0.458664 0.398473 -0.243328
83 -2.76 0.361 1.72 -0.722001 -0.460833 0.438495 -0.272159
84 -2.7 0.405 1.61 -0.718886 -0.473525 0.448042 -0.241319
85 -2.66 0.457 1.5 -0.730312 -0.481104 0.43168 -0.220988
86 -2.62 0.516 1.4 -0.733193 -0.487281 0.419586 -0.22121
87 -2.61 0.577 1.29 -0.737499 -0.472156 0.425789 -0.227745
88 -2.59 0.635 1.2 -0.744585 -0.464938 0.412268 -0.243845
89 -2.55 0.683 1.12 -0.743482 -0.467616 0.413957 -0.239186
90 -2.49 0.726 1.02 -0.732652 -0.479423 0.425031 -0.229615
91 -2.44 0.766 0.924 -0.737861 -0.483131 0.418992 -0.215852
92 -2.4 0.82 0.839 -0.729709 -0.483067 0.430934 -0.220153
93 -2.39 0.885 0.72 -0.730318 -0.467926 0.441925 -0.228873
94 -2.37 0.947 0.611 -0.734784 -0.457201 0.437393 -0.244433
95 -2.34 0.992 0.505 -0.733454 -0.458856 0.434217 -0.250904
96 -2.29 1.03 0.4 -0.727083 -0.466527 0.444463 -0.236973
97 -2.25 1.06 0.316 -0.737479 -0.472882 0.427626 -0.222808
98 -2.22 1.13 0.209 -0.749208 -0.452508 0.419841 -0.24012
99 -2.22 1.18 0.131 -0.756628 -0.429196 0.419567 -0.259362
100 -2.19 1.19 0.0753 -0.753616 -0.438178 0.41865 -0.254549
101 -2.13 1.18 0.0308 -0.741243 -0.441874 0.441686 -0.245396
102 -2.15 1.17 0.0322 -0.68291 -0.535538 0.454271 -0.201174
103 -2.22 1.18 0.0546 -0.629039 -0.621915 0.446191 -0.135812
104 -2.27 1.19 0.0719 -0.575095 -0.671815 0.455239 -0.103383
105 -2.38 1.17 0.143 -0.488154 -0.7183 0.488755 -0.0828771
106 -2.55 1.17 0.254 -0.410944 -0.755491 0.508801 -0.0384601
107 -2.62 1.17 0.31 -0.353158 -0.778342 0.519022 -0.00892997
108 -2.73 1.16 0.471 -0.317881 -0.812124 0.484201 0.0703975
109 -2.78 1.13 0.5 -0.232719 -0.834662 0.477697 0.144867
110 -2.82 1.14 0.534 -0.184591 -0.843075 0.480259 0.15653
111 -3.16 1.35 0.635 -0.239989 -0.820883 0.498632 0.141148
112 -3.29 1.39 0.688 -0.255885 -0.823081 0.488632 0.135272
113 -3.38 1.44 0.707 -0.240409 -0.827465 0.490014 0.131877
114 -3.48 1.56 0.675 -0.227292 -0.832923 0.486498 0.133782
115 -3.57 1.66 0.673 -0.229102 -0.82916 0.483508 0.161946
116 -3.67 1.72 0.662 -0.229115 -0.832899 0.477213 0.161412
117 -3.76 1.8 0.658 -0.227125 -0.834572 0.479952 0.146801
118 -3.9 1.87 0.672 -0.225195 -0.831712 0.486647 0.143935
119 -3.99 1.92 0.689 -0.226569 -0.831525 0.483192 0.154135
120 -4.11 2.01 0.685 -0.219167 -0.833889 0.481439 0.157519
121 -4.2 2.07 0.666 -0.215256 -0.830177 0.484497 0.172435
122 -4.28 2.14 0.659 -0.207304 -0.827623 0.492062 0.173034
123 -4.37 2.22 0.671 -0.210963 -0.835736 0.479166 0.165653
124 -4.49 2.29 0.698 -0.230932 -0.833066 0.474383 0.166229
125 -4.6 2.37 0.721 -0.228844 -0.837444 0.472135 0.152993
126 -4.72 2.46 0.724 -0.227555 -0.84018 0.468605 0.150751
127 -4.81 2.53 0.725 -0.221816 -0.843587 0.467661 0.14301
128 -4.91 2.59 0.714 -0.215542 -0.841817 0.471534 0.150137
129 -5.01 2.65 0.71 -0.216714 -0.83935 0.474983 0.151385
130 -5.11 2.72 0.726 -0.216646 -0.837528 0.477921 0.152321
131 -5.22 2.77 0.734 -0.230522 -0.835578 0.478522 0.140308
132 -5.32 2.83 0.73 -0.22638 -0.838878 0.479098 0.124498
133 -5.42 2.89 0.743 -0.218895 -0.839715 0.478753 0.133263
134 -5.53 2.95 0.742 -0.218157 -0.840645 0.475225 0.141011
135 -5.62 3.02 0.727 -0.205269 -0.841454 0.475693 0.153416
136 -5.71 3.07 0.719 -0.199502 -0.83899 0.480665 0.158922
137 -5.8 3.14 0.711 -0.201403 -0.8387 0.483164 0.150238
138 -5.89 3.2 0.71 -0.207097 -0.83384 0.49197 0.140663
139 -6 3.24 0.722 -0.220992 -0.829177 0.495062 0.136165
140 -6.11 3.29 0.734 -0.224281 -0.82815 0.495834 0.134219
141 -6.21 3.35 0.738 -0.226016 -0.826098 0.496323 0.141922
142 -6.31 3.42 0.737 -0.21836 -0.833028 0.488621 0.14012
143 -6.41 3.5 0.714 -0.208319 -0.829546 0.494827 0.153629
144 -6.52 3.57 0.699 -0.198425 -0.829523 0.498497 0.154982
145 -6.62 3.64 0.712 -0.202014 -0.828129 0.501749 0.147109
146 -6.73 3.71 0.722 -0.212426 -0.828035 0.499311 0.141142
147 -6.86 3.77 0.709 -0.210362 -0.830643 0.498468 0.131565
148 -6.98 3.84 0.707 -0.215401 -0.832856 0.493242 0.12909
149 -7.09 3.91 0.714 -0.210806 -0.829553 0.499741 0.132896
150 -7.19 3.99 0.709 -0.184768 -0.830156 0.50899 0.132782
151 -7.29 4.06 0.696 -0.189874 -0.82225 0.51236 0.159186
152 -7.39 4.12 0.709 -0.201875 -0.819652 0.508272 0.170518
153 -7.5 4.19 0.698 -0.207191 -0.820309 0.505564 0.169026
154 -7.6 4.24 0.686 -0.220299 -0.819515 0.501 0.169888
155 -7.69 4.31 0.68 -0.22513 -0.816401 0.503867 0.170067
156 -7.77 4.37 0.676 -0.223673 -0.816267 0.504693 0.170188
157 -7.87 4.44 0.662 -0.211352 -0.818023 0.509179 0.164029
158 -7.95 4.51 0.641 -0.210784 -0.817622 0.509968 0.164309
159 -8.04 4.57 0.629 -0.224923 -0.811417 0.510593 0.174091
160 -8.13 4.64 0.625 -0.231516 -0.811401 0.504855 0.18207
161 -8.23 4.71 0.629 -0.23179 -0.81291 0.507105 0.16821
162 -8.33 4.77 0.63 -0.233818 -0.816492 0.503291 0.159275
163 -8.42 4.83 0.627 -0.242076 -0.811621 0.503903 0.169567
164 -8.52 4.9 0.62 -0.240076 -0.814755 0.498547 0.173175
165 -8.62 4.97 0.604 -0.236305 -0.812555 0.499255 0.186169
166 -8.73 5.02 0.604 -0.212962 -0.811944 0.511781 0.182959
167 -8.82 5.08 0.606 -0.208612 -0.815369 0.510515 0.176153
168 -8.92 5.14 0.621 -0.214057 -0.815207 0.50986 0.172222
169 -9.03 5.18 0.629 -0.216556 -0.815103 0.511227 0.165402
170 -9.16 5.26 0.626 -0.212797 -0.815471 0.5077 0.178788
171 -9.28 5.34 0.619 -0.192049 -0.816443 0.509945 0.191035
172 -9.37 5.39 0.609 -0.166192 -0.816004 0.516641 0.198995
173 -9.46 5.44 0.632 -0.17441 -0.815116 0.512546 0.206068
174 -9.58 5.45 0.693 -0.184206 -0.823339 0.498502 0.199188
175 -9.68 5.46 0.789 -0.124399 -0.828519 0.48756 0.245697
176 -9.73 5.45 0.856 -0.00682686 -0.821973 0.486359 0.296258
177 -9.69 5.37 1.01 0.0444968 -0.837558 0.435482 0.326913
178 -9.91 5.36 1.23 0.0381173 -0.831841 0.426104 0.353585
179 -10 5.37 1.34 0.0369974 -0.832845 0.439346 0.334627
180 -10.1 5.38 1.47 0.0234832 -0.836724 0.440266 0.324818
181 -10.2 5.38 1.54 0.00691067 -0.833909 0.440627 0.332259
182 -10.3 5.44 1.63 0.000228649 -0.832308 0.434311 0.344438
183 -10.4 5.47 1.69 0.0173345 -0.82889 0.436605 0.349308
184 -10.5 5.52 1.75 0.0377674 -0.826228 0.442064 0.347132
185 -10.6 5.55 1.8 0.0263543 -0.814716 0.450981 0.363538
186 -10.7 5.58 1.91 0.0247599 -0.820679 0.45412 0.345901
187 -10.8 5.61 1.99 0.0177267 -0.821603 0.454038 0.344245
188 -10.8 5.64 2.06 0.0170253 -0.816942 0.458814 0.349008
189 -10.9 5.67 2.13 0.01796 -0.814343 0.45605 0.358527
190 -11 5.7 2.19 0.0330115 -0.809774 0.449273 0.375938
191 -11.1 5.73 2.26 0.0545578 -0.812117 0.440432 0.378825
192 -11.2 5.75 2.33 0.0633536 -0.808822 0.442572 0.381998
193 -11.3 5.75 2.45 0.0606953 -0.816386 0.439952 0.36915
194 -11.4 5.75 2.58 0.0560121 -0.823926 0.436011 0.357635
195 -11.4 5.76 2.65 0.0697605 -0.822445 0.433358 0.361826
196 -11.6 5.79 2.7 0.0864587 -0.822435 0.428364 0.364185
197 -11.6 5.81 2.77 0.107163 -0.824289 0.428946 0.353651
198 -11.7 5.81 2.81 0.141259 -0.822396 0.418023 0.359119
199 -11.8 5.77 2.93 0.150264 -0.80963 0.438834 0.359645
200 -11.9 5.72 3.01 0.181616 -0.810876 0.424236 0.359889
201 -12 5.67 3.08 0.134716 -0.816123 0.465395 0.314964
202 -12.1 5.68 3.14 0.128015 -0.818334 0.469373 0.30599
203 -12.3 5.69 3.2 0.0919586 -0.815089 0.49342 0.289328
204 -12.4 5.63 3.38 0.0337784 -0.840045 0.488299 0.233982
205 -12.5 5.72 3.39 -0.0303746 -0.849203 0.485031 0.206585
206 -12.6 5.82 3.42 -0.0905888 -0.843887 0.502536 0.164641
207 -12.7 5.88 3.43 -0.114306 -0.834068 0.519677 0.145603
208 -12.8 5.94 3.48 -0.135178 -0.827697 0.527046 0.137359
209 -13 5.98 3.54 -0.165335 -0.824007 0.525738 0.131437
210 -13.1 6.02 3.58 -0.177738 -0.82046 0.529209 0.123259
211 -13.2 6.05 3.6 -0.177877 -0.818472 0.535853 0.106417
212 -13.3 6.1 3.6 -0.169405 -0.818964 0.537221 0.109516
213 -13.4 6.15 3.58 -0.161591 -0.815144 0.545421 0.109288
214 -13.5 6.21 3.59 -0.174324 -0.820119 0.533368 0.111962
215 -13.6 6.26 3.6 -0.188035 -0.819639 0.532571 0.0959313
216 -13.8 6.3 3.62 -0.182017 -0.81813 0.539466 0.0806809
217 -13.9 6.34 3.64 -0.18154 -0.822205 0.531992 0.089483
218 -14 6.39 3.63 -0.176721 -0.825896 0.527604 0.091099
219 -14.1 6.44 3.59 -0.181262 -0.824065 0.527078 0.101238
220 -14.2 6.49 3.55 -0.178486 -0.824591 0.527974 0.0971392
221 -14.2 6.54 3.54 -0.182984 -0.825409 0.525093 0.0974355
222 -14.4 6.59 3.56 -0.184718 -0.823211 0.533788 0.0572111
223 -14.5 6.63 3.55 -0.19259 -0.827865 0.524569 0.0487386
224 -14.6 6.67 3.52 -0.201416 -0.825182 0.526031 0.0423933
225 -14.7 6.72 3.45 -0.191438 -0.825778 0.528564 0.045415
226 -14.7 6.77 3.38 -0.209707 -0.821163 0.529089 0.0421663
227 -14.8 6.76 3.5 -0.0145391 -0.850631 0.49422 0.178778
228 -14.9 6.79 3.55 0.0322442 -0.846558 0.482473 0.222532
229 -14.8 6.75 3.57 0.0982792 -0.837294 0.461612 0.276032
230 -15 6.8 3.59 0.271762 -0.800513 0.377232 0.378181
231 -15.1 6.8 3.6 0.338201 -0.764326 0.347429 0.425111
232 -15.1 6.8 3.64 0.396511 -0.741375 0.300365 0.45047
233 -15.1 6.83 3.65 0.46602 -0.699787 0.254533 0.477845
234 -15.1 6.81 3.67 0.529395 -0.663355 0.185448 0.495288
235 -15.1 6.81 3.71 0.551856 -0.643412 0.168809 0.502971
236 -15.1 6.76 3.7 0.637363 -0.563707 0.136114 0.50742
237 -14.9 6.66 3.64 0.678344 -0.5113 0.108635 0.516352
238 -14.8 6.6 3.6 0.687109 -0.499057 0.101212 0.518247
239 -14.9 6.52 3.65 -0.728495 0.43233 -0.0443067 -0.52955
240 -14.9 6.56 3.59 -0.772114 0.334824 0.0190398 -0.539788
241 -15 6.61 3.52 -0.798882 0.261862 0.0686678 -0.537123
242 -14.9 6.63 3.49 -0.820342 0.189096 0.111088 -0.52815
243 -14.9 6.64 3.47 -0.824217 0.136767 0.150236 -0.528573
244 -15 6.66 3.41 -0.844203 0.065601 0.169747 -0.504187
245 -14.9 6.74 3.32 -0.829763 0.0782666 0.132176 -0.53656
246 -14.7 6.58 3.37 -0.8465 0.0515833 0.132978 -0.512926
247 -14.6 6.55 3.4 -0.851797 0.0485826 0.125185 -0.50637
248 -14.5 6.52 3.4 -0.855197 0.0428 0.127456 -0.50056
249 -14.4 6.49 3.39 -0.850044 0.0553691 0.139432 -0.504894
250 -14.3 6.47 3.38 -0.849101 0.0565666 0.140782 -0.505973
251 -14.2 6.45 3.37 -0.852171 0.055971 0.107578 -0.509018
252 -14 6.4 3.42 -0.84435 0.0544295 0.122793 -0.518684
253 -13.9 6.36 3.44 -0.850032 0.0405384 0.137151 -0.506943
254 -13.9 6.34 3.45 -0.851163 0.0487907 0.12803 -0.506705
255 -13.7 6.29 3.45 -0.849784 0.0806654 0.119362 -0.507063
256 -13.6 6.28 3.42 -0.843618 0.10647 0.123149 -0.511671
257 -13.5 6.25 3.43 -0.845739 0.097491 0.12433 -0.50967
258 -13.4 6.19 3.47 -0.84924 0.0777513 0.106999 -0.511173
259 -13.3 6.15 3.5 -0.854106 0.093448 0.115587 -0.498408
260 -13.1 6.12 3.5 -0.853522 0.0893196 0.0976949 -0.503962
261 -13.1 6.12 3.43 -0.849708 0.105967 0.0892952 -0.508718
262 -13 6.12 3.42 -0.846489 0.095793 0.103461 -0.513397
263 -13 6.09 3.41 -0.853974 0.0138756 0.123501 -0.505256
264 -12.9 6.09 3.35 -0.847735 -0.0858044 0.198065 -0.484514
265 -12.9 6.1 3.3 -0.835537 -0.154047 0.237224 -0.471033
266 -12.9 6.09 3.3 -0.824533 -0.226689 0.260742 -0.448074
267 -12.7 6.15 3.12 -0.824589 -0.269152 0.240543 -0.435602
268 -12.6 6.2 3.03 -0.829518 -0.261142 0.234755 -0.434275
269 -12.5 6.23 2.94 -0.825331 -0.258603 0.221408 -0.45048
270 -12.5 6.27 2.87 -0.824323 -0.260053 0.224153 -0.450132
271 -12.4 6.31 2.79 -0.819497 -0.267913 0.23775 -0.447351
272 -12.3 6.34 2.73 -0.817705 -0.272031 0.254939 -0.438594
273 -12.2 6.38 2.64 -0.818786 -0.272727 0.248269 -0.439969
274 -12.1 6.43 2.54 -0.818034 -0.272845 0.241395 -0.445089
275 -12 6.47 2.45 -0.812063 -0.261831 0.24517 -0.460315
276 -11.9 6.49 2.38 -0.810263 -0.268759 0.252845 -0.455316
277 -11.8 6.51 2.32 -0.808611 -0.280342 0.272969 -0.439368
278 -11.7 6.53 2.26 -0.809405 -0.278162 0.274473 -0.438354
279 -11.7 6.56 2.17 -0.808677 -0.272365 0.2845 -0.436943
280 -11.6 6.58 2.08 -0.810762 -0.268855 0.274523 -0.44161
281 -11.5 6.59 2.01 -0.809216 -0.275782 0.270289 -0.442784
282 -11.4 6.59 1.95 -0.799486 -0.294024 0.298846 -0.430189
283 -11.3 6.59 1.9 -0.801698 -0.298891 0.311443 -0.413458
284 -11.2 6.61 1.83 -0.799957 -0.307107 0.296872 -0.421452
285 -11.1 6.65 1.74 -0.801655 -0.294453 0.30368 -0.422404
286 -11 6.67 1.66 -0.797042 -0.275462 0.309496 -0.439383
287 -10.9 6.69 1.59 -0.790408 -0.28926 0.303442 -0.446661
288 -10.9 6.68 1.54 -0.782885 -0.299272 0.320156 -0.44162
289 -10.8 6.68 1.52 -0.780872 -0.307015 0.336782 -0.427268
290 -10.8 6.76 1.46 -0.744988 -0.381892 0.385646 -0.387852
291 -10.9 6.8 1.42 -0.701497 -0.460371 0.411881 -0.355407
292 -10.9 6.83 1.4 -0.662311 -0.521759 0.432612 -0.319309
293 -11 6.99 1.19 -0.674788 -0.515229 0.434678 -0.300426
294 -11 7.05 1.09 -0.677338 -0.509993 0.429669 -0.310651
295 -11 7.11 0.981 -0.680254 -0.511218 0.427388 -0.305369
296 -11 7.17 0.854 -0.680088 -0.527789 0.422091 -0.284181
297 -11 7.22 0.769 -0.68081 -0.535827 0.419056 -0.271624
298 -11 7.32 0.64 -0.685985 -0.539322 0.405477 -0.272298
299 -11 7.39 0.544 -0.686258 -0.534765 0.409598 -0.274418
300 -11 7.45 0.445 -0.685985 -0.530917 0.406739 -0.286557
301 -11 7.5 0.351 -0.685093 -0.53433 0.408118 -0.280319
302 -11 7.58 0.26 -0.677413 -0.53891 0.413039 -0.282994
303 -10.9 7.64 0.163 -0.672148 -0.554893 0.411439 -0.266514
304 -10.9 7.69 0.0746 -0.672005 -0.558759 0.411623 -0.258386
305 -10.9 7.76 -0.00949 -0.681314 -0.551159 0.405814 -0.259519
306 -10.9 7.82 -0.0954 -0.6856 -0.536024 0.408843 -0.274734
307 -10.9 7.87 -0.183 -0.697 -0.526037 0.403267 -0.273589
308 -10.9 7.93 -0.258 -0.695795 -0.519467 0.407532 -0.282738
309 -10.9 7.99 -0.362 -0.677529 -0.539343 0.413512 -0.281196
310 -10.9 8.03 -0.459 -0.676173 -0.539054 0.422898 -0.270865
311 -10.9 8.05 -0.515 -0.682273 -0.533747 0.413413 -0.280548
312 -11 8.07 -0.492 -0.586831 -0.617537 0.479202 -0.211288
313 -11.1 8.09 -0.47 -0.535983 -0.661364 0.494621 -0.17513
314 -11.3 8.14 -0.445 -0.484403 -0.699361 0.505807 -0.142854
315 -11.4 8.18 -0.376 -0.428846 -0.739097 0.508886 -0.10422
316 -11.5 8.24 -0.288 -0.303551 -0.812964 0.496306 -0.0250586
317 -11.5 8.21 -0.253 -0.237011 -0.835075 0.496416 0.00674654
318 -11.6 8.19 -0.222 -0.159169 -0.849458 0.500476 0.0510974
319 -12.1 8.33 -0.125 -0.127797 -0.844264 0.519837 0.02562
320 -12.3 8.35 -0.101 -0.125252 -0.847041 0.51484 0.0421098
321 -12.4 8.36 -0.0894 -0.126827 -0.847214 0.514207 0.0416539
322 -12.5 8.39 -0.0984 -0.121429 -0.849504 0.511487 0.044492
323 -12.7 8.44 -0.13 -0.125687 -0.844908 0.516676 0.058129
324 -12.8 8.47 -0.137 -0.133687 -0.839949 0.521859 0.0653918
325 -12.9 8.51 -0.116 -0.147913 -0.841426 0.513788 0.0783924
326 -13 8.53 -0.0972 -0.14546 -0.842393 0.515372 0.0600576
327 -13.1 8.55 -0.0767 -0.144134 -0.836836 0.525554 0.0521828
328 -13.3 8.57 -0.0481 -0.136772 -0.841343 0.521295 0.0410812
329 -13.4 8.61 -0.0474 -0.133785 -0.839138 0.525498 0.0424279
330 -13.5 8.64 -0.0595 -0.132654 -0.832073 0.537888 0.0270902
331 -13.7 8.66 -0.0422 -0.144115 -0.827732 0.541867 0.0216934
332 -13.8 8.67 0.000581 -0.163247 -0.828124 0.536077 -0.0134809
333 -13.9 8.69 0.0414 -0.179311 -0.833373 0.522636 -0.0137185
334 -14 8.72 0.0429 -0.195559 -0.828886 0.523563 -0.024225
335 -14.1 8.77 -0.00606 -0.211416 -0.829157 0.51721 -0.0171759
336 -14.2 8.82 -0.0425 -0.2191 -0.824469 0.520903 -0.0301097
337 -14.3 8.86 -0.0715 -0.237272 -0.811985 0.532225 -0.0334381
338 -14.4 8.9 -0.0931 -0.244914 -0.805663 0.537587 -0.0438679
339 -14.6 8.95 -0.118 -0.267321 -0.798345 0.536073 -0.061738
340 -14.7 8.99 -0.166 -0.271964 -0.794609 0.538212 -0.0704356
341 -14.8 9.05 -0.244 -0.267112 -0.79723 0.536433 -0.072902
342 -14.9 9.09 -0.298 -0.265588 -0.792007 0.545715 -0.0662068
343 -15 9.13 -0.355 -0.280485 -0.789206 0.543226 -0.0582048
344 -15.1 9.16 -0.373 -0.286535 -0.780931 0.549707 -0.076598
345 -15.2 9.17 -0.388 -0.298109 -0.77923 0.54417 -0.0883817
346 -14.6 9.05 -0.315 -0.236224 -0.793284 0.560728 0.0219754
347 -14.5 9 -0.297 -0.240087 -0.796059 0.55423 0.0384325
348 -14.4 8.93 -0.247 -0.231961 -0.790899 0.56563 0.027136
349 -14.3 8.9 -0.173 -0.216832 -0.805233 0.550666 0.0367457
350 -14.2 8.88 -0.13 -0.224315 -0.805358 0.546359 0.0507322
351 -14.2 8.82 -0.114 -0.201022 -0.805979 0.555871 0.0315481
352 -14.1 8.79 -0.128 -0.19187 -0.801553 0.562734 0.0634666
353 -13.9 8.77 -0.0886 -0.158851 -0.810218 0.559012 0.0762816
354 -13.9 8.73 -0.0479 -0.134252 -0.822318 0.547295 0.0789769
355 -13.8 8.69 0.0463 -0.181852 -0.81775 0.54192 0.067361
356 -13.7 8.63 0.0923 -0.178832 -0.813217 0.550966 0.0559766
357 -13.6 8.59 0.0909 -0.153337 -0.828922 0.5331 0.07198
358 -13.5 8.58 0.0636 -0.114014 -0.833866 0.528513 0.111094
359 -13.4 8.53 0.105 -0.0744403 -0.830266 0.541714 0.107996
360 -13.3 8.45 0.148 -0.0507001 -0.831344 0.532583 0.150505
361 -13.2 8.43 0.154 -0.029948 -0.827235 0.53749 0.160905
362 -13 8.37 0.0886 -0.018419 -0.822394 0.53749 0.185564
363 -12.9 8.34 0.0725 -0.0172419 -0.826978 0.541636 0.149801
364 -12.8 8.28 0.121 -0.0317939 -0.820164 0.556909 0.127172
365 -12.8 8.21 0.187 -0.0386314 -0.822154 0.5618 0.0833671
366 -12.7 8.17 0.23 -0.0316215 -0.822366 0.562476 0.0795951
367 -12.6 8.12 0.21 -0.00845653 -0.8276 0.552798 0.097061
368 -12.4 8.09 0.201 -0.0198351 -0.827368 0.53575 0.167454
369 -12.3 8.06 0.223 -0.00577257 -0.826465 0.534757 0.175946
370 -12.2 7.99 0.305 -0.0355779 -0.825639 0.550142 0.11999
371 -12.1 7.97 0.256 -0.0205298 -0.831752 0.539088 0.130963
372 -12 7.98 0.202 0.014097 -0.826994 0.543581 0.142839
373 -12 7.98 0.157 0.013425 -0.817954 0.557253 0.142265
374 -11.9 7.93 0.197 -0.152259 -0.786136 0.598936 0.00908307
375 -11.9 7.92 0.215 -0.231958 -0.772471 0.588542 -0.0556961
376 -11.9 7.91 0.223 -0.301133 -0.744592 0.583323 -0.120979
377 -11.8 7.92 0.219 -0.358544 -0.71554 0.577573 -0.160808
378 -11.8 7.92 0.186 -0.429588 -0.687589 0.547623 -0.206844
379 -11.8 7.95 0.176 -0.491644 -0.637591 0.531175 -0.26385
380 -11.8 7.97 0.185 -0.538293 -0.59224 0.505206 -0.322893
381 -11.9 7.97 0.188 -0.590117 -0.527294 0.467198 -0.39427
382 -11.8 7.94 0.19 -0.644233 -0.458603 0.405612 -0.458396
383 -11.8 7.91 0.233 -0.681116 -0.386686 0.378094 -0.493559
384 -11.7 7.9 0.271 -0.716717 -0.324638 0.321708 -0.526716
385 -11.7 7.92 0.32 -0.744422 -0.248243 0.271607 -0.557173
386 -11.6 7.89 0.364 -0.760237 -0.172975 0.230709 -0.582145
387 -11.6 7.88 0.395 -0.777885 -0.098222 0.183399 -0.592969
388 -11.5 7.85 0.477 -0.795247 -0.0240504 0.115866 -0.594625
389 -11.3 7.83 0.423 -0.784434 -0.0851311 0.144907 -0.597007
390 -11.2 7.81 0.375 -0.789153 -0.0792469 0.164955 -0.5863
391 -11.1 7.81 0.337 -0.783225 -0.075158 0.170894 -0.593048
392 -11 7.79 0.307 -0.769702 -0.0886153 0.186149 -0.604197
393 -10.9 7.75 0.293 -0.77375 -0.116505 0.198005 -0.590365
394 -10.8 7.75 0.275 -0.775262 -0.134925 0.195521 -0.585265
395 -10.7 7.75 0.217 -0.769238 -0.151533 0.206738 -0.585295
396 -10.6 7.74 0.115 -0.764325 -0.127428 0.219094 -0.592931
397 -10.5 7.75 0.0514 -0.76095 -0.123113 0.215679 -0.599401
398 -10.4 7.74 -0.0118 -0.761922 -0.130558 0.225004 -0.593129
399 -10.3 7.73 -0.0561 -0.756952 -0.134022 0.244402 -0.591041
400 -10.2 7.71 -0.0958 -0.76482 -0.152767 0.250091 -0.573732
401 -10.1 7.72 -0.172 -0.765264 -0.144104 0.256643 -0.572486
402 -10 7.72 -0.253 -0.760527 -0.125596 0.264579 -0.579502
403 -9.93 7.71 -0.34 -0.753004 -0.105049 0.277703 -0.587223
404 -9.87 7.71 -0.401 -0.747251 -0.102879 0.286965 -0.590494
405 -9.78 7.7 -0.477 -0.742936 -0.132624 0.302114 -0.582395
406 -9.67 7.67 -0.504 -0.736492 -0.169903 0.329605 -0.565751
407 -9.61 7.66 -0.526 -0.748033 -0.161862 0.320175 -0.558333
408 -9.65 7.78 -0.729 -0.712389 -0.287108 0.410411 -0.491562
409 -9.7 7.82 -0.823 -0.683828 -0.345552 0.43532 -0.472726
410 -9.68 7.86 -0.89 -0.66006 -0.389573 0.460519 -0.447745
411 -9.62 7.9 -0.959 -0.61747 -0.465594 0.496059 -0.394815
412 -9.58 7.93 -0.982 -0.579044 -0.534728 0.510806 -0.343295
413 -9.68 8.05 -1.28 -0.566236 -0.540886 0.513503 -0.350905
414 -9.71 8.07 -1.38 -0.559767 -0.544341 0.513494 -0.355919
415 -9.73 8.11 -1.48 -0.562074 -0.542548 0.51338 -0.355185
416 -9.73 8.16 -1.62 -0.554619 -0.536975 0.530904 -0.349566
417 -9.71 8.17 -1.73 -0.554224 -0.527588 0.54594 -0.341229
418 -9.71 8.2 -1.82 -0.563994 -0.5414 0.533292 -0.323104
419 -9.74 8.25 -1.95 -0.565219 -0.54064 0.534385 -0.320418
420 -9.77 8.3 -2.06 -0.55405 -0.536372 0.546256 -0.327014
421 -9.8 8.33 -2.17 -0.564013 -0.541406 0.532383 -0.324557
422 -9.83 8.36 -2.28 -0.577616 -0.540688 0.518769 -0.323875
423 -9.83 8.41 -2.41 -0.582125 -0.546743 0.511014 -0.317911
424 -9.84 8.45 -2.54 -0.560652 -0.551264 0.531845 -0.314515
425 -9.84 8.49 -2.69 -0.559548 -0.551981 0.537977 -0.304636
426 -9.84 8.55 -2.84 -0.568874 -0.552851 0.524248 -0.309681
427 -9.86 8.61 -3 -0.567207 -0.534629 0.535666 -0.324823
428 -9.89 8.64 -3.16 -0.58012 -0.533454 0.527604 -0.317052
429 -9.91 8.69 -3.33 -0.588549 -0.539835 0.512825 -0.314958
430 -9.91 8.76 -3.48 -0.581612 -0.542678 0.518379 -0.313865
431 -9.92 8.82 -3.64 -0.573927 -0.539211 0.5343 -0.307217
432 -9.94 8.88 -3.78 -0.583476 -0.538296 0.531556 -0.295365
433 -9.96 8.95 -3.91 -0.583053 -0.531128 0.5284 -0.314237
434 -10 9 -4.05 -0.588912 -0.526031 0.524462 -0.318457
435 -10 9.05 -4.17 -0.597336 -0.528068 0.516765 -0.31191
436 -10 9.11 -4.3 -0.591355 -0.531724 0.517221 -0.316308
437 -10.1 9.16 -4.43 -0.58677 -0.543055 0.515541 -0.308235
438 -10.1 9.22 -4.55 -0.591454 -0.538026 0.524072 -0.293356
439 -10.1 9.28 -4.66 -0.595793 -0.532797 0.519058 -0.302881
440 -10.1 9.32 -4.77 -0.609506 -0.52362 0.508557 -0.309344
441 -10.1 9.37 -4.86 -0.615368 -0.527089 0.494034 -0.315325
442 -10.1 9.43 -4.98 -0.608708 -0.53017 0.501969 -0.310517
443 -10.1 9.48 -5.09 -0.585514 -0.542049 0.521916 -0.301596
444 -10.1 9.49 -5.17 -0.577127 -0.556369 0.529864 -0.276805
445 -10.2 9.52 -5.17 -0.473354 -0.661829 0.53717 -0.222184
446 -10.3 9.51 -5.13 -0.40384 -0.71045 0.552497 -0.164077
447 -10.3 9.52 -5.1 -0.358057 -0.738179 0.556121 -0.132726
448 -10.4 9.54 -5.05 -0.270018 -0.767255 0.572773 -0.10169
449 -10.5 9.52 -4.96 -0.196688 -0.791717 0.575021 -0.0620422
450 -10.9 9.68 -5.11 -0.222117 -0.797363 0.560744 -0.0210358
451 -11 9.73 -5.17 -0.212936 -0.796514 0.565441 -0.0223725
452 -11.1 9.79 -5.24 -0.219397 -0.798998 0.559707 -0.0139743
453 -11.2 9.84 -5.27 -0.228328 -0.797066 0.55904 -0.00511839
454 -11.3 9.89 -5.3 -0.234868 -0.79994 0.552202 0.00234609
455 -11.5 9.94 -5.32 -0.235525 -0.794446 0.559671 -0.0123571
456 -11.6 9.99 -5.34 -0.235444 -0.802031 0.548781 -0.0122925
457 -11.7 10 -5.36 -0.23672 -0.803813 0.545747 0.00274328
458 -11.8 10.1 -5.41 -0.225722 -0.810148 0.541024 0.00132554
459 -11.9 10.2 -5.46 -0.224307 -0.812677 0.53771 0.0104645
460 -12.1 10.2 -5.5 -0.224975 -0.809103 0.542372 0.0238906
461 -12.2 10.3 -5.53 -0.232376 -0.808897 0.53979 0.0177149
462 -12.3 10.3 -5.56 -0.236299 -0.801129 0.549784 -0.00966676
463 -12.4 10.4 -5.58 -0.248513 -0.803471 0.540727 -0.0170209
464 -12.6 10.4 -5.62 -0.240349 -0.804717 0.542539 -0.0176899
465 -12.7 10.5 -5.67 -0.221468 -0.807733 0.545792 -0.0251118
466 -12.8 10.6 -5.74 -0.221187 -0.812117 0.539931 -0.00403761
467 -12.9 10.6 -5.79 -0.225462 -0.808487 0.543476 0.0121992
468 -13 10.7 -5.82 -0.228532 -0.809869 0.540205 0.00798045
469 -13.2 10.8 -5.84 -0.228033 -0.802229 0.551706 -0.00700034
470 -13.3 10.8 -5.87 -0.226054 -0.807159 0.545165 -0.013718
471 -13.4 10.9 -5.9 -0.216875 -0.809739 0.545196 -0.00708418
472 -13.5 10.9 -5.94 -0.198502 -0.814159 0.545656 0.00108314
473 -13.6 11 -5.98 -0.188708 -0.814651 0.548325 0.00855072
474 -13.7 11 -6 -0.195855 -0.811677 0.549441 0.03058
475 -13.8 11.1 -6.01 -0.20663 -0.812962 0.543824 0.0255214
476 -13.9 11.1 -6.01 -0.218775 -0.811046 0.542461 0.00882995
477 -14 11.2 -6.01 -0.22481 -0.811311 0.53929 0.02003
478 -14.1 11.2 -6.03 -0.210269 -0.814327 0.539861 0.0347639
479 -14.2 11.3 -6.1 -0.189303 -0.814477 0.545775 0.0540453
480 -14.2 11.3 -6.08 -0.156902 -0.828104 0.532991 0.074467
481 -14.3 11.3 -5.97 -0.0719938 -0.842993 0.519253 0.120649
482 -14.6 11.3 -5.85 -0.0525039 -0.807209 0.535186 0.243379
483 -14.8 11.4 -5.76 -0.0642852 -0.794613 0.55489 0.237812
484 -14.9 11.4 -5.72 -0.0621303 -0.803633 0.551884 0.213865
485 -15 11.5 -5.68 -0.0669523 -0.805415 0.549458 0.211945
486 -15.1 11.5 -5.65 -0.0572015 -0.809296 0.54484 0.211934
487 -15.2 11.6 -5.63 -0.0516746 -0.806769 0.550114 0.209351
488 -15.4 11.6 -5.6 -0.0609065 -0.799297 0.556194 0.219231
489 -15.5 11.7 -5.55 -0.066451 -0.797918 0.558621 0.216458
490 -15.6 11.7 -5.5 -0.0728355 -0.805527 0.552989 0.200061
491 -15.7 11.8 -5.46 -0.0785121 -0.811754 0.549518 0.18144
492 -15.8 11.8 -5.43 -0.0750636 -0.814747 0.545436 0.181804
493 -15.9 11.9 -5.42 -0.0631115 -0.812214 0.548707 0.187739
494 -16.1 11.9 -5.42 -0.0517111 -0.808256 0.551614 0.199423
495 -16.2 12 -5.41 -0.048333 -0.804901 0.554758 0.205041
496 -16.3 12 -5.38 -0.0451784 -0.809034 0.54739 0.209254
497 -16.4 12.1 -5.34 -0.0351958 -0.810243 0.550036 0.199317
498 -16.5 12.1 -5.31 -0.0384746 -0.809774 0.552283 0.194345
499 -16.6 12.1 -5.28 -0.0426431 -0.80826 0.551616 0.201537
500 -16.7 12.2 -5.25 -0.0384563 -0.812204 0.544473 0.205899
501 -16.8 12.2 -5.23 -0.0371926 -0.808248 0.544173 0.221874
502 -16.9 12.3 -5.21 -0.0224714 -0.808454 0.549926 0.208515
503 -17 12.3 -5.18 -0.0209341 -0.809088 0.549897 0.20628
504 -17.1 12.3 -5.13 -0.0240373 -0.812257 0.550464 0.19144
505 -17.2 12.4 -5.07 -0.0264964 -0.8149 0.545902 0.192942
506 -17.3 12.4 -5.01 -0.0331007 -0.818234 0.535856 0.205561
507 -17.4 12.4 -4.98 -0.0305929 -0.815979 0.538678 0.20753
508 -17.6 12.5 -4.96 -0.0153674 -0.816543 0.539068 0.205978
509 -17.7 12.5 -4.95 -0.0200047 -0.810897 0.545758 0.210225
510 -17.7 12.6 -4.93 -0.0234727 -0.801508 0.551974 0.22882
511 -17.8 12.6 -4.91 -0.0799045 -0.807886 0.54818 0.201083
512 -17.9 12.6 -4.93 -0.151579 -0.787208 0.582422 0.134582
513 -17.9 12.5 -5 -0.229794 -0.755975 0.60851 0.0735601
514 -17.9 12.6 -5.02 -0.301205 -0.729544 0.613624 0.0225082
515 -17.8 12.6 -5.07 -0.358927 -0.703738 0.612573 -0.0260516
516 -17.8 12.6 -5.14 -0.409428 -0.658116 0.626635 -0.0811136
517 -17.8 12.6 -5.23 -0.465609 -0.609049 0.624554 -0.148996
518 -17.8 12.7 -5.28 -0.52193 -0.549989 0.624995 -0.185692
519 -17.8 12.7 -5.28 -0.56562 -0.503312 0.60447 -0.247723
520 -17.9 12.8 -5.4 -0.579167 -0.505085 0.58621 -0.256541
521 -17.9 12.8 -5.54 -0.569636 -0.50682 0.593643 -0.257362
522 -17.9 12.8 -5.7 -0.581311 -0.508044 0.583177 -0.252734
523 -17.9 12.9 -5.8 -0.575979 -0.504395 0.59369 -0.247721
524 -17.9 12.9 -5.9 -0.573189 -0.503737 0.597385 -0.246645
525 -17.9 13 -6.02 -0.569571 -0.501723 0.602355 -0.247045
526 -18 13 -6.13 -0.571914 -0.505594 0.594648 -0.252354
527 -18 13 -6.26 -0.57421 -0.504321 0.590266 -0.259865
528 -18 13.1 -6.39 -0.573858 -0.503142 0.590203 -0.263052
529 -18 13.1 -6.54 -0.568121 -0.503868 0.594474 -0.264492
530 -18.1 13.2 -6.68 -0.570702 -0.498663 0.597567 -0.261817
531 -18.1 13.2 -6.82 -0.574683 -0.497691 0.593705 -0.263737
532 -18.1 13.3 -6.96 -0.56705 -0.492223 0.600959 -0.273898
533 -18.2 13.3 -7.11 -0.570966 -0.487725 0.599048 -0.277961
534 -18.2 13.4 -7.25 -0.576574 -0.498412 0.58615 -0.274912
535 -18.2 13.4 -7.39 -0.568267 -0.500061 0.590481 -0.2799
536 -18.2 13.4 -7.54 -0.580407 -0.505235 0.579919 -0.267506
537 -18.2 13.5 -7.68 -0.575936 -0.510538 0.585489 -0.254659
538 -18.2 13.5 -7.82 -0.576011 -0.511042 0.583166 -0.258774
539 -18.3 13.6 -7.94 -0.584509 -0.490992 0.583164 -0.277841
540 -18.3 13.6 -8.06 -0.587126 -0.486253 0.577002 -0.293103
541 -18.3 13.7 -8.19 -0.580927 -0.493358 0.578548 -0.290522
542 -18.3 13.7 -8.33 -0.570457 -0.496794 0.590141 -0.281972
543 -18.3 13.7 -8.47 -0.577431 -0.499199 0.587711 -0.268272
544 -18.3 13.7 -8.59 -0.582632 -0.496026 0.587679 -0.262926
545 -18.3 13.8 -8.72 -0.589365 -0.502393 0.577308 -0.258776
546 -18.3 13.8 -8.84 -0.582448 -0.496065 0.58796 -0.262635
547 -18.4 13.9 -8.96 -0.571564 -0.496843 0.591904 -0.275884
548 -18.4 13.9 -9.09 -0.56814 -0.502126 0.593225 -0.270501
549 -18.3 13.9 -9.23 -0.5596 -0.502247 0.601908 -0.268893
550 -18.3 14 -9.36 -0.572598 -0.497854 0.601704 -0.249448
551 -18.3 14 -9.49 -0.586962 -0.498516 0.592328 -0.236866
552 -18.4 14.1 -9.62 -0.592764 -0.500418 0.582975 -0.241563
553 -18.4 14.1 -9.75 -0.580377 -0.486913 0.599716 -0.257718
554 -18.4 14.2 -9.88 -0.577269 -0.477643 0.602554 -0.274858
555 -18.4 14.2 -9.99 -0.581812 -0.486272 0.596459 -0.263194
556 -18.4 14.2 -10.1 -0.568399 -0.488748 0.609244 -0.258589
557 -18.4 14.2 -10.2 -0.570082 -0.492936 0.609456 -0.246138
558 -18.4 14.3 -10.4 -0.57849 -0.492953 0.601942 -0.244975
559 -18.4 14.3 -10.5 -0.57466 -0.48002 0.605345 -0.270007
560 -18.4 14.4 -10.5 -0.587843 -0.485714 0.596068 -0.251448
561 -18.3 14.3 -10.4 -0.567498 -0.489592 0.619601 -0.233109
562 -18.3 14.2 -10.3 -0.555104 -0.498446 0.624755 -0.230417
563 -18.3 14.2 -10.2 -0.585507 -0.483433 0.610512 -0.225276
564 -18.3 14.2 -10.1 -0.59231 -0.461374 0.623097 -0.21921
565 -18.2 14.1 -9.96 -0.59341 -0.484342 0.61076 -0.200623
566 -18.2 14 -9.87 -0.590178 -0.494875 0.612122 -0.179153
567 -18.1 14 -9.78 -0.600374 -0.516418 0.592347 -0.148286
568 -18.1 13.9 -9.68 -0.609173 -0.49125 0.598898 -0.170005
569 -18.1 13.9 -9.56 -0.617149 -0.494472 0.583334 -0.185328
570 -18 13.8 -9.46 -0.621546 -0.488288 0.586421 -0.177106
571 -18 13.8 -9.4 -0.612254 -0.483455 0.599953 -0.177405
572 -17.9 13.7 -9.24 -0.619688 -0.483646 0.59197 -0.17789
573 -17.9 13.6 -9.14 -0.604485 -0.499357 0.597536 -0.167903
574 -17.9 13.6 -9.05 -0.592786 -0.493015 0.614324 -0.167771
575 -17.9 13.5 -8.93 -0.601938 -0.484998 0.610005 -0.174189
576 -17.9 13.5 -8.82 -0.601106 -0.477732 0.616794 -0.173232
577 -17.9 13.5 -8.74 -0.600666 -0.474297 0.617623 -0.181064
578 -17.8 13.4 -8.65 -0.606594 -0.472815 0.613747 -0.178338
579 -17.7 13.3 -8.55 -0.615205 -0.48345 0.600417 -0.165224
580 -17.7 13.2 -8.47 -0.604886 -0.484592 0.610065 -0.164633
581 -17.7 13.2 -8.34 -0.614425 -0.477704 0.598794 -0.189013
582 -17.7 13.2 -8.22 -0.624982 -0.48077 0.585952 -0.186862
583 -17.6 13.1 -8.13 -0.625726 -0.472188 0.587442 -0.201042
584 -17.6 13 -8.07 -0.633705 -0.502656 0.56402 -0.16624
585 -17.5 13 -7.99 -0.639751 -0.513787 0.550633 -0.153444
586 -17.5 12.9 -7.86 -0.649481 -0.501988 0.547541 -0.162425
587 -17.6 12.8 -7.76 -0.649971 -0.496763 0.549558 -0.169557
588 -17.6 12.8 -7.66 -0.667815 -0.483641 0.539947 -0.169033
589 -17.5 12.7 -7.59 -0.664094 -0.487416 0.535579 -0.185904
590 -17.5 12.7 -7.48 -0.656749 -0.510404 0.527969 -0.171517
591 -17.4 12.6 -7.4 -0.655345 -0.520081 0.520944 -0.169283
592 -17.4 12.5 -7.31 -0.650146 -0.526349 0.519483 -0.174369
593 -17.5 12.5 -7.18 -0.682808 -0.54244 0.459124 -0.16952
594 -17.5 12.4 -7.09 -0.693536 -0.549252 0.430904 -0.177909
595 -17.4 12.3 -7.01 -0.625859 -0.553793 0.520459 -0.175317
596 -17.4 12.2 -6.95 -0.608031 -0.591805 0.498206 -0.178484
597 -17.4 12.2 -6.88 -0.585888 -0.577877 0.522458 -0.223229
598 -17.4 12.1 -6.71 -0.612344 -0.566635 0.501173 -0.22975
599 -17.4 12.1 -6.59 -0.630298 -0.549087 0.494656 -0.237789
600 -17.4 12 -6.53 -0.614225 -0.573204 0.490376 -0.231725
601 -17.3 11.9 -6.44 -0.590008 -0.576312 0.520047 -0.222051
602 -17.3 11.9 -6.36 -0.594542 -0.567049 0.522438 -0.22811
603 -17.3 11.9 -6.21 -0.620265 -0.555772 0.49718 -0.243313
604 -17.3 11.8 -6.11 -0.64265 -0.549868 0.486943 -0.218019
605 -17.2 11.8 -6.03 -0.612131 -0.587521 0.489197 -0.201993
606 -17.1 11.7 -5.95 -0.595981 -0.593432 0.506179 -0.190858
607 -17.1 11.6 -5.89 -0.58264 -0.596351 0.523406 -0.175905
608 -17.2 11.6 -5.77 -0.609463 -0.57748 0.503404 -0.204101
609 -17.2 11.5 -5.67 -0.618574 -0.574578 0.494782 -0.205953
610 -17.1 11.4 -5.64 -0.583186 -0.591509 0.520872 -0.196731
611 -17.1 11.4 -5.63 -0.559651 -0.617188 0.522071 -0.182516
612 -17.2 11.4 -5.59 -0.449184 -0.702215 0.542307 -0.105029
613 -17.3 11.4 -5.54 -0.375672 -0.744195 0.551102 -0.0364911
614 -17.3 11.4 -5.49 -0.31387 -0.778064 0.544061 0.00993529
615 -17.3 11.4 -5.44 -0.253377 -0.804248 0.536127 0.0394054
616 -17.3 11.4 -5.47 -0.17687 -0.834159 0.511902 0.104169
617 -17.3 11.4 -5.48 -0.12578 -0.852376 0.485289 0.148756
618 -17.3 11.4 -5.5 -0.0530138 -0.868052 0.459223 0.181078
619 -17.3 11.3 -5.5 0.0173131 -0.873712 0.42039 0.244129
620 -17.4 11.3 -5.34 0.0114119 -0.875567 0.426901 0.22585
621 -17.4 11.2 -5.25 -0.029249 -0.871869 0.438716 0.21568
622 -17.6 11.3 -5.19 -0.0227266 -0.875057 0.437208 0.206416
623 -17.8 11.3 -5.16 -0.0154798 -0.870951 0.438586 0.221012
624 -17.9 11.4 -5.13 -0.0121764 -0.873837 0.43199 0.222814
625 -18 11.4 -5.06 -0.0197864 -0.872696 0.434981 0.22091
626 -18.1 11.4 -4.98 -0.0328609 -0.867459 0.44147 0.227023
627 -18.2 11.4 -4.92 -0.0547276 -0.869511 0.436714 0.224133
628 -18.3 11.5 -4.86 -0.0515114 -0.86939 0.437145 0.224526
629 -18.5 11.6 -4.83 -0.0401639 -0.865737 0.443537 0.228387
630 -18.6 11.6 -4.79 -0.0315575 -0.862543 0.450329 0.228533
631 -18.7 11.7 -4.72 -0.0423465 -0.8629 0.444624 0.236476
632 -18.8 11.7 -4.63 -0.0426926 -0.864732 0.449895 0.219114
633 -18.8 11.7 -4.56 -0.063688 -0.865982 0.44552 0.218013
634 -18.9 11.8 -4.52 -0.0468194 -0.871579 0.434104 0.222964
635 -19 11.8 -4.51 -0.040107 -0.864979 0.431802 0.252488
636 -19 11.9 -4.33 0.0818322 -0.876173 0.371615 0.295848
637 -19 11.8 -4.28 0.183353 -0.869124 0.325584 0.324037
638 -19 11.8 -4.17 0.262473 -0.839203 0.280931 0.384608
639 -19 11.7 -4.09 0.317833 -0.819573 0.234011 0.415356
640 -18.9 11.7 -4.04 0.385613 -0.792213 0.151157 0.448166
641 -19 11.6 -3.77 0.367173 -0.781239 0.154242 0.480685
642 -19 11.6 -3.65 0.362188 -0.78031 0.161251 0.483667
643 -19 11.5 -3.51 0.364385 -0.787914 0.156497 0.471088
644 -19.1 11.5 -3.38 0.368035 -0.78473 0.156589 0.473529
645 -19.1 11.4 -3.27 0.371519 -0.783081 0.152214 0.474961
646 -19.1 11.4 -3.16 0.379958 -0.778647 0.15124 0.475886
647 -19.2 11.4 -3.05 0.380291 -0.779921 0.154642 0.472427
648 -19.2 11.3 -2.92 0.376056 -0.792187 0.143355 0.458772
649 -19.2 11.3 -2.82 0.370235 -0.796792 0.152226 0.452632
650 -19.2 11.3 -2.73 0.364653 -0.801808 0.153191 0.447956
651 -19.3 11.2 -2.6 0.358499 -0.794923 0.151122 0.465552
652 -19.3 11.2 -2.44 0.369759 -0.783634 0.142477 0.478431
653 -19.3 11.1 -2.33 0.377379 -0.773774 0.148321 0.486683
654 -19.4 11.1 -2.23 0.383901 -0.757398 0.162779 0.502466
655 -19.4 11.1 -2.13 0.382672 -0.748842 0.166937 0.514713
656 -19.4 11 -2.03 0.379844 -0.751416 0.163148 0.514272
657 -19.4 11 -1.92 0.375027 -0.755789 0.16224 0.51168
658 -19.4 10.9 -1.82 0.366175 -0.759553 0.164065 0.511935
659 -19.4 10.9 -1.72 0.370849 -0.752851 0.164146 0.518404
660 -19.5 10.8 -1.61 0.377952 -0.750479 0.155343 0.519425
661 -19.5 10.8 -1.48 0.392546 -0.741222 0.143665 0.525222
662 -19.5 10.7 -1.36 0.412806 -0.740706 0.142701 0.510473
663 -19.5 10.7 -1.25 0.405346 -0.747645 0.140454 0.506946
664 -19.5 10.6 -1.13 0.396156 -0.761756 0.144085 0.491964
665 -19.5 10.6 -1.03 0.380621 -0.756566 0.147643 0.51082
666 -19.6 10.5 -0.938 0.378525 -0.754367 0.149336 0.51512
667 -19.6 10.5 -0.813 0.396576 -0.753783 0.140527 0.504767
668 -19.7 10.5 -0.717 0.410798 -0.737704 0.142136 0.516561
669 -19.7 10.5 -0.646 0.406749 -0.735954 0.146437 0.521041
670 -19.7 10.4 -0.533 0.356966 -0.77099 0.182351 0.494871
671 -19.7 10.3 -0.385 0.347194 -0.766859 0.184106 0.507433
672 -19.8 10.3 -0.273 0.36475 -0.758686 0.190237 0.505136
673 -19.8 10.3 -0.208 0.39201 -0.745007 0.179061 0.509145
674 -19.8 10.3 -0.169 0.43504 -0.728833 0.127183 0.513193
675 -19.8 10.2 -0.138 0.503429 -0.674197 0.0641775 0.536562
676 -19.8 10.1 0.0355 0.488737 -0.652101 0.0950964 0.571714
677 -19.8 10 0.19 0.495191 -0.644426 0.0974793 0.574455
678 -19.8 10 0.307 0.509528 -0.623886 0.103637 0.583444
679 -19.8 9.98 0.401 0.518552 -0.620679 0.100666 0.57942
680 -19.8 9.9 0.513 0.518335 -0.611097 0.0970676 0.590311
681 -19.8 9.83 0.614 0.518188 -0.620467 0.0924187 0.581343
682 -19.7 9.78 0.688 0.509217 -0.638009 0.0953512 0.569693
683 -19.7 9.73 0.781 0.503833 -0.637057 0.101618 0.574443
684 -19.7 9.67 0.909 0.509177 -0.634698 0.08669 0.574788
685 -19.7 9.65 1.03 0.517436 -0.636593 0.0865955 0.565253
686 -19.7 9.62 1.11 0.507952 -0.64066 0.0976076 0.567461
687 -19.6 9.55 1.21 0.497153 -0.663095 0.11203 0.548263
688 -19.6 9.52 1.28 0.474081 -0.674434 0.119385 0.553293
689 -19.6 9.63 1.34 0.366746 -0.765894 0.249974 0.465206
690 -19.6 9.74 1.44 0.287142 -0.796553 0.30213 0.437917
691 -19.7 9.78 1.41 0.203422 -0.827748 0.351619 0.387061
692 -19.8 9.82 1.4 0.147066 -0.838283 0.373694 0.368789
693 -19.9 9.87 1.36 0.0724345 -0.851903 0.418388 0.30654
694 -19.9 9.89 1.4 0.00980408 -0.86327 0.433835 0.25779
695 -19.9 9.89 1.38 -0.0723826 -0.852457 0.477298 0.20066
696 -19.9 9.88 1.39 -0.158379 -0.829161 0.514771 0.149727
697 -19.9 9.89 1.4 -0.225132 -0.808077 0.533618 0.107608
698 -19.9 9.97 1.33 -0.291572 -0.788395 0.539687 0.0464376
699 -20 10.1 1.21 -0.289885 -0.786619 0.542048 0.0581453
700 -20.1 10.2 1.17 -0.277306 -0.794931 0.533599 0.0803668
701 -20.2 10.3 1.17 -0.273054 -0.794602 0.537948 0.0682753
702 -20.3 10.3 1.17 -0.277325 -0.803366 0.52094 0.0794742
703 -20.4 10.4 1.16 -0.261893 -0.811073 0.515278 0.0897902
704 -20.6 10.5 1.13 -0.243979 -0.81745 0.510626 0.107292
705 -20.6 10.6 1.11 -0.225238 -0.816138 0.520223 0.112051
706 -20.7 10.7 1.1 -0.23086 -0.815799 0.5155 0.124243
707 -20.8 10.7 1.12 -0.227007 -0.815617 0.517348 0.124849
708 -20.9 10.8 1.13 -0.228264 -0.817386 0.514437 0.123007
709 -21.1 10.9 1.14 -0.231122 -0.8233 0.505981 0.112887
710 -21.2 10.9 1.16 -0.232378 -0.823546 0.504547 0.114909
711 -21.3 11 1.14 -0.221821 -0.825535 0.505717 0.116354
712 -21.4 11.1 1.12 -0.216835 -0.824822 0.50637 0.127437
713 -21.5 11.2 1.12 -0.227906 -0.817379 0.50947 0.142794
714 -21.6 11.2 1.14 -0.23356 -0.815238 0.510097 0.143657
715 -21.7 11.3 1.16 -0.240517 -0.818723 0.50462 0.131162
716 -21.8 11.3 1.18 -0.238838 -0.824648 0.499675 0.115056
717 -21.9 11.4 1.18 -0.231859 -0.82691 0.498695 0.117317
718 -22 11.5 1.17 -0.224437 -0.828407 0.498348 0.12255
719 -22.1 11.5 1.15 -0.216724 -0.827575 0.50112 0.130495
720 -22.2 11.6 1.14 -0.214086 -0.826161 0.504384 0.131231
721 -22.3 11.7 1.17 -0.235318 -0.819253 0.505447 0.134064
722 -22.4 11.7 1.21 -0.244565 -0.817177 0.507823 0.120521
723 -22.5 11.8 1.23 -0.25782 -0.818312 0.498401 0.124463
724 -22.6 11.8 1.25 -0.262532 -0.816757 0.496426 0.132461
725 -22.7 11.9 1.26 -0.24517 -0.82048 0.497995 0.136764
726 -22.8 12 1.25 -0.219962 -0.828417 0.497854 0.132222
727 -22.9 12 1.24 -0.208492 -0.826623 0.507723 0.124268
728 -23 12.1 1.23 -0.226829 -0.823181 0.511128 0.0983287
729 -23.1 12.2 1.24 -0.255273 -0.811487 0.522168 0.0605401
730 -23.2 12.3 1.24 -0.281768 -0.795971 0.535657 0.0104034
731 -23.2 12.3 1.22 -0.294964 -0.787104 0.541663 0.00804085
732 -23.3 12.5 1.12 -0.306595 -0.77791 0.54809 -0.0212856
733 -23.3 12.5 1.06 -0.35606 -0.742382 0.565525 -0.0476584
734 -23.3 12.6 1.04 -0.41582 -0.707649 0.560811 -0.108708
735 -23.3 12.6 1.04 -0.457078 -0.675116 0.559522 -0.149104
736 -23.5 12.8 0.895 -0.444562 -0.715035 0.530268 -0.0995308
737 -23.5 12.9 0.804 -0.435019 -0.71957 0.533487 -0.0914782
738 -23.6 13 0.733 -0.434251 -0.716697 0.539701 -0.0805873
739 -23.6 13 0.664 -0.428025 -0.719583 0.540545 -0.0824989
740 -23.7 13.1 0.6 -0.421831 -0.725096 0.538832 -0.077165
741 -23.8 13.2 0.533 -0.423661 -0.719875 0.543939 -0.0801308
742 -23.9 13.2 0.466 -0.428718 -0.717555 0.543163 -0.0793126
743 -23.9 13.3 0.394 -0.43979 -0.716029 0.536537 -0.077558
744 -24 13.4 0.326 -0.434443 -0.720337 0.534632 -0.0808867
745 -24 13.5 0.24 -0.42302 -0.72416 0.53854 -0.0813656
746 -24.1 13.5 0.155 -0.425801 -0.722283 0.539446 -0.0774523
747 -24.2 13.6 0.0866 -0.427972 -0.720424 0.541232 -0.0699808
748 -24.2 13.7 0.0187 -0.437909 -0.719551 0.534871 -0.0662973
749 -24.3 13.8 -0.0523 -0.439238 -0.708824 0.547386 -0.0707644
750 -24.4 13.9 -0.132 -0.439539 -0.704383 0.549666 -0.0922943
751 -24.5 13.9 -0.207 -0.441298 -0.706341 0.546688 -0.0864391
752 -24.5 14 -0.289 -0.42252 -0.7173 0.547285 -0.0862408
753 -24.6 14.1 -0.39 -0.427878 -0.717531 0.544315 -0.0761006
754 -24.7 14.2 -0.467 -0.434583 -0.715891 0.543431 -0.0576288
755 -24.7 14.3 -0.527 -0.43804 -0.709022 0.547807 -0.0729177
756 -24.8 14.3 -0.587 -0.455921 -0.700516 0.544647 -0.069089
757 -24.9 14.4 -0.642 -0.456012 -0.702156 0.540829 -0.08083
758 -24.9 14.5 -0.696 -0.45038 -0.705475 0.541009 -0.0822914
759 -25 14.5 -0.789 -0.439575 -0.713537 0.54131 -0.0679888
760 -25 14.6 -0.831 -0.451572 -0.718765 0.526681 -0.0454539
761 -24.9 14.7 -0.976 -0.533873 -0.635378 0.540939 -0.136598
762 -24.9 14.7 -1.03 -0.595041 -0.559799 0.54122 -0.199081
763 -24.9 14.7 -1.03 -0.644358 -0.494384 0.5346 -0.233648
764 -24.9 14.7 -1.04 -0.677947 -0.448254 0.515696 -0.271134
765 -24.9 14.6 -1.02 -0.714703 -0.375746 0.491739 -0.325896
766 -24.9 14.6 -1 -0.742173 -0.297968 0.477313 -0.364098
767 -24.9 14.5 -0.991 -0.769585 -0.23174 0.454779 -0.383681
768 -24.8 14.4 -0.935 -0.806303 -0.157837 0.395496 -0.410543
769 -24.6 14.2 -0.799 -0.822326 -0.0870433 0.343922 -0.444883
770 -24.5 14.1 -0.697 -0.821877 0.00904529 0.315058 -0.474526
771 -24.6 14.1 -0.663 -0.815428 0.0750579 0.278839 -0.50169
772 -24.5 14 -0.621 -0.802024 0.151171 0.251265 -0.520356
773 -24.6 14 -0.598 -0.785185 0.242336 0.220037 -0.525682
774 -24.6 14 -0.586 -0.763965 0.314989 0.165843 -0.538178
775 -24.7 14 -0.582 -0.731087 0.408423 0.0960901 -0.538023
776 -24.7 14 -0.533 -0.70956 0.450695 0.0410351 -0.540106
777 -24.7 13.9 -0.392 -0.686664 0.501101 0.0146257 -0.526475
778 -24.7 13.9 -0.245 -0.681534 0.501597 -0.00186013 -0.53283
779 -24.7 13.8 -0.121 -0.657606 0.520531 -0.0295407 -0.54381
780 -24.6 13.7 -0.063 -0.645335 0.53807 -0.0412708 -0.540666
781 -24.5 13.7 0.03 -0.644906 0.545083 -0.029755 -0.534878
782 -24.5 13.6 0.138 -0.640196 0.546368 -0.039124 -0.53861
783 -24.5 13.5 0.236 -0.640164 0.542576 -0.0414451 -0.542295
784 -24.4 13.5 0.333 -0.641794 0.538433 -0.0417898 -0.544467
785 -24.4 13.4 0.422 -0.655356 0.523297 -0.0367052 -0.543434
786 -24.3 13.3 0.516 -0.659677 0.523048 -0.0306958 -0.538799
787 -24.2 13.2 0.606 -0.65893 0.535441 -0.0198207 -0.52794
788 -24.1 13.1 0.694 -0.652728 0.533873 -0.0277962 -0.536799
789 -24.1 13 0.786 -0.650939 0.527622 -0.0317266 -0.544874
790 -24 12.9 0.897 -0.654182 0.522315 -0.0292053 -0.546243
791 -24 12.8 1.01 -0.663877 0.504692 -0.0277082 -0.551167
792 -23.9 12.8 1.1 -0.673335 0.491294 -0.0283446 -0.551767
793 -23.8 12.7 1.21 -0.670218 0.490898 -0.0251911 -0.556051
794 -23.7 12.6 1.3 -0.66255 0.509272 -0.0229778 -0.548765
795 -23.7 12.5 1.39 -0.653858 0.519723 -0.0142719 -0.549685
796 -23.6 12.4 1.48 -0.661195 0.51422 -0.00441763 -0.546241
797 -23.6 12.3 1.57 -0.679936 0.502315 0.021933 -0.533747
798 -23.5 12.2 1.63 -0.689338 0.486354 0.0354812 -0.535737
799 -23.5 12.2 1.69 -0.694384 0.472393 0.0297322 -0.542026
800 -23.4 12.1 1.78 -0.682878 0.487199 0.0296602 -0.543539
801 -23.3 12 1.82 -0.676978 0.502928 0.0226783 -0.536889
802 -23.2 12 1.85 -0.67615 0.500393 0.0214797 -0.54034
803 -23.2 11.9 1.92 -0.685078 0.47598 0.0179188 -0.551171
804 -23.1 11.8 1.97 -0.73758 0.374387 0.100556 -0.5529
805 -23.2 11.8 1.96 -0.756654 0.325552 0.141284 -0.549117
806 -23.2 11.8 2.04 -0.776313 0.230716 0.201796 -0.550806
807 -23 11.7 2.02 -0.775862 0.260275 0.193932 -0.541004
808 -22.9 11.7 1.99 -0.773491 0.270719 0.191347 -0.540194
809 -22.7 11.6 1.97 -0.77612 0.277284 0.190458 -0.533363
810 -22.6 11.5 2 -0.784815 0.264649 0.207204 -0.520666
811 -22.6 11.5 2.02 -0.787732 0.253242 0.209756 -0.520912
812 -22.4 11.4 2.02 -0.78971 0.256061 0.203487 -0.519022
813 -22.3 11.3 1.99 -0.780562 0.2823 0.211731 -0.515946
814 -22.2 11.2 1.98 -0.771856 0.29015 0.209491 -0.525514
815 -22.1 11.2 1.97 -0.766346 0.298203 0.209572 -0.529025
816 -22 11.1 1.97 -0.762805 0.302702 0.21345 -0.530036
817 -21.9 11.1 1.97 -0.763989 0.30121 0.219855 -0.526552
818 -21.8 11 1.98 -0.767758 0.310738 0.21659 -0.516795
819 -21.7 10.9 1.98 -0.768866 0.310669 0.201573 -0.521246
820 -21.6 10.8 1.97 -0.763383 0.321834 0.192839 -0.525816
821 -21.5 10.8 1.96 -0.753734 0.339888 0.194361 -0.527812
822 -21.4 10.7 1.95 -0.745518 0.348243 0.189833 -0.535624
823 -21.3 10.6 1.95 -0.748132 0.348266 0.191125 -0.531488
824 -21.2 10.6 1.97 -0.754874 0.338981 0.207375 -0.521778
825 -21.1 10.5 1.98 -0.76033 0.33287 0.211481 -0.516111
826 -21.1 10.4 2 -0.770325 0.313899 0.202646 -0.516723
827 -20.9 10.4 1.98 -0.766763 0.319848 0.197951 -0.52018
828 -20.8 10.3 1.95 -0.757802 0.330405 0.205818 -0.523649
829 -20.8 10.2 1.95 -0.754866 0.331549 0.210325 -0.525371
830 -20.7 10.2 1.95 -0.752888 0.324185 0.210755 -0.532585
831 -20.5 10.1 1.99 -0.75951 0.317999 0.234443 -0.516776
832 -20.5 9.97 2 -0.764918 0.31241 0.238038 -0.510528
833 -20.4 9.9 1.96 -0.757102 0.327742 0.230196 -0.516132
834 -20.3 9.87 1.94 -0.758276 0.322598 0.232547 -0.516594
835 -20.3 9.85 2.03 -0.778927 0.205296 0.298879 -0.511662
836 -20.3 9.8 2.02 -0.776807 0.125317 0.354791 -0.504966
837 -20.3 9.81 1.96 -0.781558 0.0462657 0.400217 -0.476291
838 -20.4 9.85 1.88 -0.776414 -0.0392072 0.442624 -0.44691
839 -20.4 9.89 1.83 -0.770189 -0.125213 0.470099 -0.412477
840 -20.4 9.93 1.81 -0.762722 -0.202672 0.484067 -0.377967
841 -20.2 10 1.54 -0.773101 -0.22215 0.468536 -0.365293
842 -20.2 10 1.44 -0.773916 -0.23028 0.467226 -0.360174
843 -20.1 10 1.33 -0.776237 -0.240741 0.452087 -0.367583
844 -20.1 10 1.22 -0.783687 -0.242255 0.444421 -0.360051
845 -20 10 1.1 -0.779015 -0.237626 0.452354 -0.36338
846 -19.9 10 0.966 -0.785839 -0.246848 0.446572 -0.349425
847 -19.8 10 0.845 -0.785583 -0.242987 0.450082 -0.348199
848 -19.7 10.1 0.707 -0.78949 -0.235329 0.447916 -0.347415
849 -19.6 10.1 0.549 -0.794725 -0.241623 0.439954 -0.341278
850 -19.5 10.1 0.406 -0.795773 -0.253446 0.425504 -0.348507
851 -19.4 10.1 0.276 -0.789245 -0.250216 0.437423 -0.350921
852 -19.3 10.1 0.136 -0.803441 -0.262668 0.414818 -0.336768
853 -19.2 10.1 0.00466 -0.811695 -0.260568 0.40945 -0.324972
854 -19 10.2 -0.127 -0.808862 -0.25827 0.410007 -0.333066
855 -18.9 10.2 -0.278 -0.817057 -0.265932 0.391171 -0.329672
856 -18.8 10.3 -0.422 -0.819677 -0.269628 0.378389 -0.33504
857 -18.7 10.3 -0.537 -0.812587 -0.275894 0.385993 -0.338518
858 -18.6 10.3 -0.656 -0.810449 -0.291002 0.385766 -0.331173
859 -18.5 10.4 -0.774 -0.8178 -0.291509 0.377424 -0.322143
860 -18.4 10.4 -0.883 -0.817569 -0.280387 0.377708 -0.332114
861 -18.3 10.5 -1.01 -0.829147 -0.266099 0.361177 -0.333552
862 -18.2 10.5 -1.12 -0.831231 -0.24563 0.347123 -0.358087
863 -18 10.5 -1.22 -0.828661 -0.236099 0.351511 -0.366086
864 -17.9 10.5 -1.33 -0.838292 -0.25101 0.333945 -0.350344
865 -17.8 10.6 -1.41 -0.841347 -0.267931 0.32422 -0.339456
866 -17.7 10.6 -1.5 -0.84181 -0.248089 0.325622 -0.351821
867 -17.6 10.7 -1.59 -0.846228 -0.216719 0.316138 -0.370119
868 -17.6 10.7 -1.67 -0.846534 -0.200049 0.309451 -0.384188
869 -17.5 10.7 -1.72 -0.840676 -0.215587 0.328095 -0.373014
870 -17.4 10.7 -1.73 -0.85163 -0.217314 0.309768 -0.362692
871 -17.4 10.7 -1.73 -0.860502 -0.125808 0.30692 -0.386663
872 -17.4 10.7 -1.7 -0.870803 -0.0417047 0.282053 -0.40051
873 -17.3 10.7 -1.67 -0.870374 0.0486016 0.255606 -0.418034
874 -17.3 10.6 -1.63 -0.869199 0.123884 0.217185 -0.426588
875 -17.2 10.6 -1.65 -0.862249 0.158048 0.207847 -0.43399
876 -17 10.5 -1.65 -0.852792 0.140999 0.234582 -0.444788
877 -16.9 10.4 -1.67 -0.865606 0.135858 0.217738 -0.429953
878 -16.8 10.4 -1.69 -0.865541 0.134763 0.215421 -0.431592
879 -16.6 10.3 -1.73 -0.865334 0.138337 0.209742 -0.433668
880 -16.5 10.3 -1.77 -0.865929 0.141589 0.210552 -0.43103
881 -16.4 10.2 -1.82 -0.863742 0.154945 0.208839 -0.431657
882 -16.2 10.2 -1.84 -0.862111 0.147625 0.211185 -0.436317
883 -16.1 10.1 -1.85 -0.869568 0.127448 0.205402 -0.430603
884 -15.9 10 -1.88 -0.86757 0.128975 0.216031 -0.428974
885 -15.8 9.94 -1.91 -0.867004 0.135197 0.216694 -0.427867
886 -15.6 9.89 -1.97 -0.863636 0.146624 0.207974 -0.43518
887 -15.5 9.82 -2.03 -0.858976 0.155133 0.212779 -0.439112
888 -15.3 9.75 -2.05 -0.85491 0.14334 0.223841 -0.445508
889 -15.1 9.67 -2.07 -0.856059 0.129354 0.250408 -0.433275
890 -15 9.59 -2.1 -0.856604 0.128395 0.260628 -0.426401
891 -14.9 9.52 -2.14 -0.852923 0.133715 0.263828 -0.43016
892 -14.7 9.44 -2.18 -0.851167 0.145978 0.255852 -0.434449
893 -14.6 9.35 -2.22 -0.838736 0.165199 0.271595 -0.442118
894 -14.4 9.27 -2.24 -0.843079 0.162928 0.266876 -0.437548
895 -14.3 9.17 -2.24 -0.844039 0.153091 0.282478 -0.42938
896 -14.1 9.07 -2.27 -0.851405 0.137243 0.284579 -0.418676
897 -14 9 -2.29 -0.85178 0.131057 0.280701 -0.422494
898 -13.8 8.91 -2.32 -0.847158 0.13995 0.281981 -0.428047
899 -13.7 8.81 -2.37 -0.834842 0.162835 0.29543 -0.435023
900 -13.5 8.74 -2.41 -0.837641 0.163972 0.294575 -0.429763
901 -13.4 8.66 -2.44 -0.834403 0.159725 0.314835 -0.423248
902 -13.3 8.57 -2.49 -0.831824 0.161362 0.321574 -0.422635
903 -13.1 8.52 -2.53 -0.832879 0.167233 0.320941 -0.418739
904 -13 8.45 -2.58 -0.82899 0.177861 0.308746 -0.431065
905 -12.9 8.41 -2.63 -0.819431 0.195836 0.312486 -0.438786
906 -12.9 8.36 -2.66 -0.820323 0.200875 0.313596 -0.434025
907 -12.7 8.29 -2.67 -0.822097 0.203166 0.315552 -0.428144
908 -12.7 8.23 -2.66 -0.825502 0.21531 0.311126 -0.418793
909 -12.6 8.17 -2.68 -0.811479 0.245613 0.296099 -0.439887
910 -12.5 8.12 -2.63 -0.803039 0.295897 0.255572 -0.449729
911 -12.4 8.05 -2.6 -0.768308 0.376087 0.205666 -0.475356
912 -12.3 7.87 -2.49 -0.757927 0.398838 0.179035 -0.484171
913 -12.2 7.76 -2.43 -0.758451 0.408036 0.165973 -0.480324
914 -12.1 7.66 -2.38 -0.764662 0.402535 0.161564 -0.476608
915 -12 7.55 -2.34 -0.766822 0.390256 0.159801 -0.483887
916 -11.9 7.46 -2.31 -0.763633 0.397967 0.168232 -0.479776
917 -11.8 7.36 -2.29 -0.762228 0.396441 0.155898 -0.487379
918 -11.7 7.26 -2.28 -0.766793 0.390106 0.145609 -0.488511
919 -11.6 7.17 -2.23 -0.765005 0.389912 0.156512 -0.488099
920 -11.5 7.05 -2.17 -0.766236 0.388715 0.147769 -0.489844
921 -11.4 6.96 -2.14 -0.77029 0.382098 0.144071 -0.489794
922 -11.3 6.87 -2.11 -0.772957 0.378518 0.128564 -0.492679
923 -11.2 6.77 -2.09 -0.765861 0.387943 0.131947 -0.495526
924 -11.1 6.68 -2.08 -0.756428 0.399845 0.137483 -0.499039
925 -11 6.58 -2.05 -0.755838 0.401421 0.147521 -0.495789
926 -10.9 6.48 -1.99 -0.761959 0.393786 0.163308 -0.487525
927 -10.8 6.37 -1.97 -0.770643 0.381679 0.162928 -0.483617
928 -10.7 6.29 -1.94 -0.773003 0.374219 0.142075 -0.492179
929 -10.7 6.21 -1.91 -0.771703 0.376213 0.137762 -0.493922
930 -10.5 6.11 -1.9 -0.771412 0.379271 0.136374 -0.492421
931 -10.5 6.03 -1.89 -0.767879 0.382776 0.142851 -0.493394
932 -10.4 5.96 -1.85 -0.768529 0.374971 0.145627 -0.497547
933 -10.3 5.89 -1.81 -0.775387 0.362184 0.161212 -0.491536
934 -10.3 5.81 -1.77 -0.778958 0.355146 0.169522 -0.488219
935 -10.2 5.74 -1.73 -0.782779 0.35193 0.155827 -0.488999
936 -10.1 5.66 -1.74 -0.766765 0.389333 0.166611 -0.482423
937 -9.99 5.6 -1.73 -0.76065 0.392187 0.159391 -0.492135
938 -9.92 5.54 -1.72 -0.761379 0.378469 0.16878 -0.498574
939 -9.87 5.46 -1.68 -0.77315 0.34919 0.183771 -0.496522
940 -9.79 5.48 -1.76 -0.796502 0.29148 0.215142 -0.484085
941 -9.75 5.51 -1.84 -0.831586 0.197657 0.26955 -0.443553
942 -9.7 5.57 -1.96 -0.836863 0.124937 0.311637 -0.432359
943 -9.68 5.6 -2.03 -0.840381 0.049121 0.340048 -0.419183
944 -9.67 5.67 -2.12 -0.820163 -0.00898627 0.377396 -0.429912
945 -9.62 5.68 -2.19 -0.821673 -0.12585 0.40404 -0.381794
946 -9.62 5.7 -2.21 -0.80022 -0.230382 0.42856 -0.350584
947 -9.62 5.73 -2.24 -0.772282 -0.299986 0.462696 -0.315439
948 -9.6 5.74 -2.24 -0.73069 -0.377884 0.492493 -0.284158
949 -9.61 5.81 -2.33 -0.707055 -0.439401 0.493886 -0.251149
950 -9.63 5.9 -2.43 -0.689809 -0.464519 0.499578 -0.242502
951 -9.63 5.99 -2.55 -0.689712 -0.480004 0.497673 -0.214977
952 -9.58 6.08 -2.7 -0.677698 -0.500038 0.486681 -0.232009
953 -9.56 6.14 -2.8 -0.669688 -0.513017 0.493876 -0.210755
954 -9.54 6.21 -2.91 -0.674442 -0.524001 0.486663 -0.183604
955 -9.53 6.3 -3.02 -0.683477 -0.525187 0.474278 -0.179159
956 -9.53 6.38 -3.15 -0.683246 -0.513331 0.483449 -0.189587
957 -9.53 6.45 -3.28 -0.683226 -0.508758 0.485073 -0.197664
958 -9.52 6.53 -3.41 -0.683244 -0.514354 0.47784 -0.200716
959 -9.49 6.62 -3.56 -0.673203 -0.512963 0.496024 -0.193977
960 -9.46 6.68 -3.71 -0.682629 -0.515965 0.485479 -0.179189
961 -9.43 6.76 -3.84 -0.679071 -0.516001 0.491503 -0.176157
962 -9.4 6.86 -3.98 -0.67864 -0.511406 0.494893 -0.181638
963 -9.39 6.95 -4.13 -0.691953 -0.514837 0.475459 -0.173442
964 -9.37 7.03 -4.27 -0.690034 -0.514814 0.474847 -0.182595
965 -9.34 7.12 -4.4 -0.682329 -0.513624 0.485653 -0.186437
966 -9.3 7.2 -4.53 -0.689099 -0.519134 0.476755 -0.168368
967 -9.27 7.28 -4.67 -0.689098 -0.519891 0.477884 -0.16274
968 -9.24 7.4 -4.79 -0.699805 -0.518561 0.465955 -0.155735
969 -9.23 7.5 -4.92 -0.706124 -0.506043 0.466699 -0.165836
970 -9.22 7.58 -5.05 -0.716851 -0.499339 0.456771 -0.167767
971 -9.19 7.69 -5.19 -0.710153 -0.510501 0.451795 -0.175935
972 -9.16 7.8 -5.32 -0.706254 -0.517692 0.452263 -0.169288
973 -9.14 7.9 -5.45 -0.698089 -0.519621 0.46356 -0.166666
974 -9.13 8.03 -5.58 -0.70568 -0.51569 0.458305 -0.161355
975 -9.12 8.14 -5.71 -0.705768 -0.50012 0.468397 -0.179933
976 -9.11 8.24 -5.83 -0.704491 -0.492753 0.470916 -0.1978
977 -9.1 8.34 -5.97 -0.708181 -0.495208 0.465091 -0.192194
978 -9.06 8.44 -6.11 -0.687072 -0.504289 0.484206 -0.197915
979 -9.05 8.52 -6.26 -0.693866 -0.510566 0.474989 -0.179606
980 -9.02 8.62 -6.39 -0.702958 -0.510282 0.467567 -0.16384
981 -9 8.73 -6.53 -0.702792 -0.50708 0.467383 -0.174661
982 -8.99 8.83 -6.68 -0.705981 -0.502595 0.465963 -0.178517
983 -8.98 8.93 -6.82 -0.715503 -0.504015 0.449998 -0.177555
984 -8.93 9.05 -6.95 -0.712319 -0.503121 0.455152 -0.179739
985 -8.89 9.14 -7.1 -0.712194 -0.514714 0.447288 -0.166683
986 -8.85 9.25 -7.24 -0.722054 -0.520971 0.433887 -0.137728
987 -8.8 9.37 -7.36 -0.725352 -0.521996 0.425316 -0.143145
988 -8.78 9.49 -7.49 -0.735857 -0.514899 0.416084 -0.142363
989 -8.75 9.59 -7.63 -0.748501 -0.508054 0.400649 -0.145282
990 -8.7 9.71 -7.76 -0.743487 -0.508786 0.409183 -0.144687
991 -8.65 9.83 -7.89 -0.734048 -0.521623 0.411276 -0.141189
992 -8.61 9.95 -8.02 -0.741197 -0.528422 0.397477 -0.115798
993 -8.57 10.1 -8.13 -0.745877 -0.522016 0.397176 -0.115833
994 -8.54 10.2 -8.26 -0.754842 -0.515482 0.388022 -0.118024
995 -8.52 10.3 -8.38 -0.757807 -0.512257 0.38326 -0.128189
996 -8.46 10.5 -8.49 -0.759897 -0.519536 0.369906 -0.125732
997 -8.41 10.6 -8.62 -0.751986 -0.529718 0.374614 -0.116532
998 -8.36 10.7 -8.74 -0.745499 -0.541142 0.37527 -0.102804
999 -8.31 10.9 -8.84 -0.747935 -0.537085 0.374911 -0.107588
1000 -8.29 11 -8.96 -0.753421 -0.520014 0.384686 -0.118149
1001 -8.26 11.2 -9.08 -0.763326 -0.509126 0.376882 -0.126824
1002 -8.21 11.3 -9.19 -0.759913 -0.514637 0.373144 -0.13581
1003 -8.16 11.4 -9.32 -0.747927 -0.527893 0.380646 -0.130548
1004 -8.13 11.6 -9.45 -0.74102 -0.530584 0.390675 -0.129391
1005 -8.08 11.7 -9.57 -0.746891 -0.520654 0.392464 -0.13056
1006 -8.05 11.8 -9.69 -0.755147 -0.507207 0.391148 -0.139634
1007 -8.02 12 -9.82 -0.757637 -0.505612 0.384964 -0.148814
1008 -7.97 12.1 -9.94 -0.753852 -0.508345 0.386539 -0.154531
1009 -7.91 12.2 -10.1 -0.742326 -0.521842 0.395188 -0.143039
1010 -7.87 12.3 -10.2 -0.74016 -0.527857 0.393651 -0.136268
1011 -7.83 12.5 -10.3 -0.753293 -0.532136 0.369092 -0.11468
1012 -7.81 12.6 -10.4 -0.747179 -0.53245 0.377243 -0.126127
1013 -7.78 12.7 -10.5 -0.748717 -0.529732 0.37827 -0.125375
1014 -7.73 12.8 -10.6 -0.751755 -0.526956 0.375059 -0.128499
1015 -7.68 12.9 -10.7 -0.741878 -0.537208 0.382078 -0.122642
1016 -7.65 13 -10.8 -0.735283 -0.545487 0.387108 -0.109315
1017 -7.62 13.2 -10.9 -0.716453 -0.551702 0.404175 -0.137702
1018 -7.59 13.3 -11 -0.730586 -0.54483 0.387956 -0.137459
1019 -7.58 13.4 -11.1 -0.738417 -0.533886 0.392046 -0.126515
1020 -7.55 13.5 -11.3 -0.736706 -0.52854 0.403074 -0.124262
1021 -7.51 13.6 -11.4 -0.722629 -0.54273 0.409472 -0.12484
1022 -7.48 13.8 -11.5 -0.721877 -0.546526 0.406545 -0.122166
1023 -7.46 13.9 -11.6 -0.732541 -0.538487 0.39945 -0.117713
1024 -7.45 14 -11.7 -0.731626 -0.528698 0.406081 -0.14248
1025 -7.44 14.1 -11.8 -0.728539 -0.515189 0.420079 -0.165363
1026 -7.4 14.2 -11.9 -0.727721 -0.511577 0.42506 -0.167437
1027 -7.36 14.3 -12.1 -0.712421 -0.521065 0.440485 -0.164077
1028 -7.34 14.4 -12.2 -0.708889 -0.528612 0.437496 -0.163225
1029 -7.33 14.5 -12.3 -0.707963 -0.529398 0.436363 -0.167673
1030 -7.32 14.6 -12.4 -0.70615 -0.514602 0.450894 -0.182296
1031 -7.31 14.7 -12.5 -0.709872 -0.510318 0.447575 -0.187973
1032 -7.3 14.8 -12.6 -0.714307 -0.521763 0.432628 -0.174249
1033 -7.27 14.8 -12.7 -0.701651 -0.529842 0.444596 -0.171134
1034 -7.26 14.9 -12.8 -0.710882 -0.538668 0.424099 -0.15692
1035 -7.26 15 -12.8 -0.716735 -0.547615 0.405902 -0.147147
1036 -7.27 15.1 -12.9 -0.726157 -0.532516 0.413899 -0.133455
1037 -7.27 15.2 -13 -0.740244 -0.515019 0.408844 -0.140148
1038 -7.23 15.2 -13 -0.758559 -0.527195 0.359598 -0.131692
1039 -7.12 15.4 -13.1 -0.732462 -0.551218 0.384328 -0.109314
1040 -7.07 15.4 -13.2 -0.742032 -0.563004 0.353382 -0.0868076
1041 -7.03 15.6 -13.3 -0.75147 -0.557076 0.334883 -0.113195
1042 -7 15.7 -13.4 -0.758386 -0.54831 0.335071 -0.109246
1043 -6.97 15.8 -13.5 -0.761411 -0.546711 0.331407 -0.107378
1044 -6.94 15.9 -13.5 -0.77231 -0.546883 0.308559 -0.0961651
1045 -6.89 16 -13.6 -0.767616 -0.553446 0.308011 -0.0979403
1046 -6.85 16.1 -13.7 -0.761355 -0.566803 0.304242 -0.080682
1047 -6.81 16.2 -13.8 -0.75714 -0.574273 0.305574 -0.0597804
1048 -6.78 16.4 -13.9 -0.765275 -0.572273 0.288909 -0.0582183
1049 -6.77 16.5 -14 -0.770796 -0.557418 0.300835 -0.0682425
1050 -6.74 16.7 -14 -0.782629 -0.538226 0.300822 -0.0854987
1051 -6.7 16.8 -14.1 -0.78442 -0.534672 0.30091 -0.0909017
1052 -6.65 16.9 -14.2 -0.768779 -0.544682 0.321857 -0.0933147
1053 -6.6 17 -14.3 -0.757084 -0.552107 0.336732 -0.092811
1054 -6.55 17.2 -14.4 -0.751595 -0.549268 0.346931 -0.114228
1055 -6.51 17.3 -14.5 -0.767041 -0.53838 0.335284 -0.096847
1056 -6.48 17.4 -14.6 -0.766942 -0.529839 0.343024 -0.115779
1057 -6.44 17.5 -14.7 -0.775701 -0.530037 0.323863 -0.111632
1058 -6.37 17.7 -14.8 -0.763004 -0.540326 0.337037 -0.11081
1059 -6.32 17.8 -14.9 -0.745794 -0.551543 0.360324 -0.0987869
1060 -6.28 17.9 -15 -0.746438 -0.554843 0.354606 -0.0960918
1061 -6.26 18 -15 -0.749929 -0.544701 0.361103 -0.102527
1062 -6.25 18.1 -15.1 -0.758937 -0.538925 0.349524 -0.106806
1063 -6.23 18.3 -15.2 -0.768118 -0.537637 0.331269 -0.105839
1064 -6.2 18.4 -15.3 -0.764777 -0.539471 0.33462 -0.110077
1065 -6.15 18.5 -15.4 -0.753299 -0.547465 0.348035 -0.108139
1066 -6.11 18.6 -15.5 -0.74755 -0.556847 0.347033 -0.10324
1067 -6.08 18.8 -15.6 -0.749477 -0.558175 0.342073 -0.0985396
1068 -6.05 18.9 -15.7 -0.747179 -0.549076 0.357497 -0.111512
1069 -6.03 19.1 -15.8 -0.757299 -0.530166 0.360551 -0.124196
1070 -6 19.2 -15.9 -0.755555 -0.533957 0.357298 -0.127923
1071 -5.95 19.3 -16 -0.737411 -0.547454 0.368157 -0.144841
1072 -5.9 19.4 -16.1 -0.7353 -0.549359 0.373861 -0.133289
1073 -5.87 19.6 -16.2 -0.737685 -0.54506 0.377245 -0.12813
1074 -5.85 19.7 -16.3 -0.738665 -0.533098 0.390458 -0.133128
1075 -5.82 19.8 -16.4 -0.738077 -0.529689 0.39082 -0.148092
1076 -5.8 19.9 -16.5 -0.75091 -0.529135 0.368912 -0.141612
1077 -5.74 20.1 -16.6 -0.738411 -0.538188 0.381407 -0.140113
1078 -5.68 20.2 -16.7 -0.732017 -0.544077 0.389035 -0.129547
1079 -5.65 20.3 -16.8 -0.731776 -0.548881 0.381668 -0.132525
1080 -5.62 20.4 -16.9 -0.741423 -0.540536 0.37662 -0.127555
1081 -5.62 20.5 -17 -0.743331 -0.535224 0.376518 -0.138667
1082 -5.6 20.6 -17 -0.749392 -0.524896 0.374979 -0.149287
1083 -5.57 20.7 -17.1 -0.750289 -0.527397 0.371034 -0.145782
1084 -5.54 20.8 -17.2 -0.736799 -0.541766 0.378815 -0.141835
1085 -5.51 20.8 -17.3 -0.728583 -0.544088 0.392094 -0.139277
1086 -5.5 20.9 -17.3 -0.737311 -0.531404 0.386833 -0.15602
1087 -5.51 21 -17.4 -0.757244 -0.500292 0.382729 -0.17265
1088 -5.51 21.1 -17.4 -0.760675 -0.501016 0.375971 -0.170303
1089 -5.46 21.1 -17.5 -0.737766 -0.551424 0.364208 -0.137791
1090 -5.49 21.1 -17.5 -0.671837 -0.63395 0.369536 -0.100927
1091 -5.56 21.1 -17.4 -0.609025 -0.694048 0.377559 -0.0695406
1092 -5.62 21.1 -17.4 -0.531337 -0.759358 0.373764 -0.0368261
1093 -5.65 21.1 -17.4 -0.481083 -0.796765 0.365483 -0.0121007
1094 -5.77 21.1 -17.3 -0.373197 -0.850457 0.369789 0.026516
1095 -5.91 21 -17.3 -0.307115 -0.875589 0.371071 0.0364878
1096 -5.98 21.1 -17.3 -0.225475 -0.897824 0.371786 0.0696297
1097 -5.99 21 -17.3 -0.157627 -0.918673 0.346314 0.106113
1098 -6.31 21.1 -17.1 -0.136955 -0.925803 0.332695 0.115955
1099 -6.45 21.2 -17.1 -0.135733 -0.926552 0.341227 0.0814988
1100 -6.55 21.2 -17.1 -0.148087 -0.925648 0.336805 0.0883601
1101 -6.66 21.2 -17 -0.156057 -0.924737 0.330853 0.105089
1102 -6.77 21.3 -17 -0.149893 -0.92517 0.33261 0.104704
1103 -6.89 21.4 -17 -0.143979 -0.92461 0.333004 0.11608
1104 -7.01 21.4 -17 -0.136966 -0.924814 0.329141 0.13276
1105 -7.13 21.5 -16.9 -0.146315 -0.924757 0.32201 0.140451
1106 -7.27 21.5 -16.9 -0.141331 -0.925957 0.32815 0.122258
1107 -7.4 21.6 -16.9 -0.149544 -0.926436 0.32749 0.110019
1108 -7.53 21.6 -16.8 -0.156845 -0.926776 0.315671 0.129758
1109 -7.67 21.7 -16.8 -0.146786 -0.929559 0.314353 0.124728
1110 -7.8 21.8 -16.8 -0.129175 -0.927283 0.323366 0.137455
1111 -7.92 21.8 -16.8 -0.136193 -0.928899 0.313952 0.141532
1112 -8.04 21.9 -16.7 -0.145603 -0.927031 0.312976 0.146492
1113 -8.18 22 -16.7 -0.16606 -0.917905 0.328026 0.149243
1114 -8.31 22 -16.6 -0.175976 -0.918871 0.325028 0.13808
1115 -8.44 22.1 -16.6 -0.173625 -0.920144 0.32082 0.14235
1116 -8.58 22.2 -16.5 -0.160175 -0.926195 0.312026 0.138371
1117 -8.72 22.2 -16.5 -0.155016 -0.924228 0.324217 0.129059
1118 -8.85 22.3 -16.5 -0.165411 -0.919661 0.325007 0.145714
1119 -8.98 22.4 -16.4 -0.172006 -0.918309 0.32921 0.136903
1120 -9.11 22.4 -16.4 -0.189048 -0.916596 0.327614 0.129548
1121 -9.22 22.5 -16.3 -0.19323 -0.91641 0.320389 0.142148
1122 -9.34 22.5 -16.3 -0.188572 -0.917909 0.31363 0.153362
1123 -9.46 22.6 -16.3 -0.171771 -0.922698 0.30965 0.152445
1124 -9.59 22.7 -16.3 -0.16823 -0.921646 0.314529 0.152773
1125 -9.69 22.8 -16.2 -0.17569 -0.917316 0.313785 0.170887
1126 -9.81 22.8 -16.2 -0.180354 -0.915382 0.309786 0.183252
1127 -9.95 22.9 -16.1 -0.184753 -0.916458 0.317623 0.15839
1128 -10.1 23 -16.1 -0.186295 -0.917326 0.314607 0.157573
1129 -10.2 23 -16 -0.183541 -0.917892 0.30888 0.16846
1130 -10.3 23.1 -16 -0.179106 -0.920341 0.304697 0.16749
1131 -10.5 23.2 -16 -0.174193 -0.917586 0.31449 0.169672
1132 -10.6 23.3 -15.9 -0.177467 -0.915223 0.311819 0.183419
1133 -10.7 23.3 -15.9 -0.181386 -0.912047 0.31024 0.197537
1134 -10.8 23.4 -15.8 -0.183828 -0.912016 0.316593 0.184938
1135 -11 23.5 -15.8 -0.195162 -0.912684 0.31146 0.178641
1136 -11.1 23.5 -15.7 -0.195634 -0.9139 0.310299 0.173865
1137 -11.2 23.6 -15.7 -0.178902 -0.919967 0.305658 0.168012
1138 -11.3 23.7 -15.7 -0.164492 -0.923077 0.307615 0.162003
1139 -11.4 23.8 -15.6 -0.162773 -0.924357 0.307668 0.156236
1140 -11.6 23.9 -15.6 -0.177855 -0.918447 0.315824 0.158362
1141 -11.7 23.9 -15.5 -0.191968 -0.915369 0.314308 0.162661
1142 -11.8 24 -15.5 -0.196669 -0.915066 0.309064 0.168685
1143 -11.9 24.1 -15.4 -0.192329 -0.916581 0.303673 0.175134
1144 -12 24.1 -15.4 -0.175332 -0.920464 0.300542 0.177986
1145 -12.1 24.2 -15.3 -0.154499 -0.92288 0.313471 0.161736
1146 -12.3 24.3 -15.3 -0.14974 -0.923689 0.319475 0.149373
1147 -12.4 24.3 -15.2 -0.161021 -0.921487 0.326536 0.135306
1148 -12.5 24.4 -15.2 -0.173029 -0.919317 0.328995 0.129145
1149 -12.6 24.4 -15.2 -0.171206 -0.920495 0.323191 0.13757
1150 -12.7 24.5 -15.1 -0.162299 -0.922923 0.316322 0.14769
1151 -12.8 24.6 -15.1 -0.144919 -0.92833 0.310278 0.144668
1152 -12.9 24.6 -15 -0.125809 -0.927754 0.319458 0.14626
1153 -13 24.7 -15 -0.138119 -0.928821 0.309808 0.149112
1154 -13.1 24.7 -14.9 -0.158965 -0.926426 0.318361 0.122928
1155 -13.2 24.8 -14.9 -0.172991 -0.925955 0.315583 0.114408
1156 -13.4 24.8 -14.8 -0.163668 -0.926875 0.313286 0.126362
1157 -13.4 24.9 -14.8 -0.140632 -0.929808 0.318641 0.118942
1158 -13.5 24.9 -14.8 -0.118343 -0.930403 0.320645 0.132408
1159 -13.6 25 -14.7 -0.110843 -0.930855 0.317749 0.142336
1160 -13.8 25 -14.7 -0.105915 -0.928951 0.32456 0.143154
1161 -13.9 25.1 -14.6 -0.11559 -0.929879 0.323055 0.132666
1162 -14 25.1 -14.6 -0.124357 -0.931163 0.3192 0.124829
1163 -14.1 25.2 -14.5 -0.123384 -0.93113 0.315998 0.133857
1164 -14.2 25.2 -14.5 -0.0988434 -0.936299 0.316321 0.116251
1165 -14.3 25.3 -14.5 -0.0897368 -0.936912 0.316615 0.117887
1166 -14.4 25.3 -14.5 -0.095843 -0.935405 0.310692 0.138934
1167 -14.5 25.3 -14.4 -0.104756 -0.93381 0.306906 0.151107
1168 -14.6 25.4 -14.4 -0.108115 -0.933345 0.314788 0.134485
1169 -14.7 25.4 -14.4 -0.10714 -0.936657 0.310472 0.121661
1170 -14.8 25.4 -14.3 -0.104628 -0.938513 0.30377 0.12637
1171 -15 25.5 -14.3 -0.0777889 -0.943379 0.3015 0.114378
1172 -15.1 25.6 -14.3 -0.0661385 -0.944216 0.303488 0.109441
1173 -15.2 25.6 -14.2 -0.0854912 -0.939152 0.302845 0.137734
1174 -15.3 25.6 -14.2 -0.0743219 -0.939103 0.313152 0.120406
1175 -15.4 25.7 -14.1 -0.0699936 -0.941847 0.308098 0.114459
1176 -15.5 25.7 -14.1 -0.0762847 -0.946528 0.295478 0.104681
1177 -15.7 25.7 -14.1 -0.0773286 -0.947139 0.289705 0.114099
1178 -15.8 25.8 -14.1 -0.0545035 -0.951313 0.290823 0.0863412
1179 -15.8 25.8 -14.1 -0.0530702 -0.94658 0.302733 0.0975808
1180 -15.9 25.9 -14 -0.0698069 -0.945942 0.297866 0.107687
1181 -16.1 25.9 -14 -0.0994962 -0.941762 0.308453 0.0896699
1182 -16.2 25.9 -13.9 -0.136088 -0.933241 0.326537 0.0625709
1183 -16.2 26 -14 -0.141034 -0.928224 0.33019 0.0973863
1184 -16.2 26.1 -14 -0.267764 -0.89368 0.356601 0.0497307
1185 -16.1 26.1 -14.1 -0.342917 -0.862839 0.370728 0.0218533
1186 -16.1 26.2 -14.1 -0.493222 -0.792752 0.338169 0.117976
1187 -15.9 26.2 -14.2 -0.561442 -0.734013 0.356138 0.138465
1188 -15.9 26.2 -14.2 -0.628706 -0.671808 0.381328 0.0893937
1189 -15.9 26.2 -14.2 -0.704357 -0.581686 0.403905 0.0488108
1190 -15.8 26.2 -14.2 -0.741556 -0.528883 0.412199 0.0216649
1191 -15.8 26.2 -14.3 -0.794632 -0.445281 0.412316 -0.0167576
1192 -15.7 26.1 -14.3 -0.837367 -0.359588 0.409687 -0.0408485
1193 -15.4 26.3 -14.6 -0.778641 -0.417486 0.465824 -0.0493215
1194 -15.4 26.4 -14.7 -0.771559 -0.430386 0.466751 -0.0400969
1195 -15.3 26.5 -14.8 -0.775073 -0.428863 0.461921 -0.0443585
1196 -15.3 26.6 -14.9 -0.768837 -0.416604 0.48087 -0.0639955
1197 -15.3 26.7 -15 -0.775953 -0.401941 0.478575 -0.0854815
1198 -15.3 26.7 -15.1 -0.780049 -0.395071 0.477358 -0.0870206
1199 -15.2 26.8 -15.2 -0.769173 -0.401733 0.4894 -0.0864339
1200 -15.2 26.9 -15.3 -0.761994 -0.403936 0.499845 -0.0797182
1201 -15.1 26.9 -15.4 -0.762127 -0.404413 0.499302 -0.0794329
1202 -15.1 27 -15.5 -0.764476 -0.391469 0.504778 -0.0867627
1203 -15.1 27.1 -15.6 -0.764295 -0.382179 0.510587 -0.0953542
1204 -15 27.2 -15.7 -0.769285 -0.371041 0.509685 -0.103686
1205 -15 27.2 -15.8 -0.771282 -0.375282 0.505382 -0.094213
1206 -14.9 27.3 -15.9 -0.752988 -0.390719 0.520954 -0.0946302
1207 -14.9 27.3 -16 -0.746615 -0.388997 0.532169 -0.0896807
1208 -14.9 27.4 -16.1 -0.755024 -0.387837 0.522058 -0.0835237
1209 -14.9 27.5 -16.2 -0.748269 -0.359344 0.546101 -0.112865
1210 -14.9 27.6 -16.3 -0.744757 -0.335451 0.558137 -0.145921
1211 -14.8 27.6 -16.4 -0.738677 -0.348614 0.561314 -0.133233
1212 -14.8 27.6 -16.4 -0.744702 -0.372517 0.543698 -0.105085
1213 -14.7 27.1 -15.8 -0.728748 -0.484348 0.483722 0.0186066
1214 -14.7 27 -15.8 -0.718215 -0.495807 0.487483 0.0265308
1215 -14.7 26.9 -15.7 -0.705419 -0.487583 0.514131 0.0177852
1216 -14.7 26.8 -15.6 -0.729951 -0.463266 0.501958 -0.0243828
1217 -14.8 26.7 -15.5 -0.741086 -0.453365 0.494321 -0.029981
1218 -14.8 26.6 -15.5 -0.731454 -0.466494 0.496957 -0.019781
1219 -14.7 26.5 -15.4 -0.73389 -0.478446 0.482146 -0.00544878
1220 -14.7 26.4 -15.3 -0.726858 -0.482725 0.488517 0.00236409
1221 -14.8 26.3 -15.3 -0.71946 -0.480751 0.501176 -0.00888641
1222 -14.8 26.2 -15.2 -0.715382 -0.467999 0.518826 -0.00501024
1223 -14.8 26.2 -15.1 -0.723717 -0.462919 0.5118 0.0005563
1224 -14.7 26 -15.1 -0.733977 -0.480213 0.480278 0.00253026
1225 -14.7 25.9 -15 -0.733753 -0.504132 0.455043 0.0198371
1226 -14.7 25.8 -14.9 -0.719193 -0.495796 0.486631 0.0117349
1227 -14.7 25.7 -14.8 -0.755345 -0.47492 0.451521 0.0058417
1228 -14.8 25.6 -14.8 -0.757889 -0.473587 0.448668 -0.00412292
1229 -14.7 25.4 -14.8 -0.733793 -0.487243 0.47143 -0.0435454
1230 -14.7 25.4 -14.7 -0.730525 -0.506705 0.457109 -0.0251859
1231 -14.7 25.3 -14.6 -0.711091 -0.529768 0.45948 -0.050727
1232 -14.7 25.2 -14.6 -0.705412 -0.545126 0.446661 -0.075663
1233 -14.7 25.1 -14.6 -0.710924 -0.54236 0.443044 -0.0643792
1234 -14.7 25.2 -14.6 -0.617411 -0.657366 0.432038 -0.00415706
1235 -14.8 25.1 -14.5 -0.53408 -0.718332 0.444816 0.0299352
1236 -14.8 25.2 -14.5 -0.489914 -0.754796 0.43276 0.054636
1237 -14.9 25.1 -14.5 -0.427769 -0.792902 0.421834 0.101862
1238 -15 25.1 -14.4 -0.362283 -0.832955 0.391084 0.14829
1239 -15 25.1 -14.4 -0.253657 -0.878142 0.363789 0.179394
1240 -15 25.2 -14.4 -0.130655 -0.899623 0.358771 0.211875
1241 -14.9 25.2 -14.4 -0.0651019 -0.904625 0.332929 0.258019
1242 -14.9 25.2 -14.4 0.0234848 -0.901766 0.298313 0.311892
1243 -14.9 25.2 -14.3 0.123135 -0.889241 0.259602 0.355943
1244 -14.9 25.1 -14.3 0.216693 -0.867644 0.208821 0.395767
1245 -14.8 25.1 -14.2 0.270562 -0.851654 0.161624 0.41876
1246 -14.8 25 -14.1 0.335546 -0.821103 0.124484 0.444636
1247 -14.8 25 -14 0.374968 -0.81401 0.0981389 0.432615
1248 -14.8 24.9 -13.9 0.397604 -0.802043 0.0615517 0.441418
1249 -14.9 24.9 -13.8 0.42483 -0.806087 0.0459045 0.409432
1250 -15 24.9 -13.7 0.42567 -0.805831 0.0543082 0.408034
1251 -15 24.8 -13.6 0.375372 -0.832851 0.0680851 0.401023
1252 -15 24.7 -13.5 0.34361 -0.858334 0.0746785 0.373654
1253 -15.1 24.6 -13.4 0.333858 -0.870774 0.070251 0.354056
1254 -15.1 24.6 -13.3 0.322217 -0.870245 0.0897576 0.361653
1255 -15.1 24.6 -13.2 0.305903 -0.876404 0.095214 0.359547
1256 -15.2 24.6 -13.1 0.273982 -0.888599 0.100705 0.353814
1257 -15.2 24.5 -13 0.263629 -0.88264 0.11872 0.37061
1258 -15.3 24.4 -12.9 0.255133 -0.88906 0.105511 0.365167
1259 -15.3 24.4 -12.8 0.24054 -0.898457 0.0955429 0.354666
1260 -15.4 24.4 -12.7 0.231395 -0.90559 0.0941437 0.342784
1261 -15.5 24.4 -12.7 0.193887 -0.921445 0.116315 0.31594
1262 -15.6 24.3 -12.6 0.0743545 -0.915385 0.221556 0.327803
1263 -15.6 24.3 -12.6 -0.0023661 -0.915458 0.258696 0.308234
1264 -15.7 24.4 -12.5 -0.100049 -0.91197 0.280254 0.282416
1265 -15.8 24.4 -12.6 -0.17636 -0.902756 0.305564 0.246088
1266 -15.8 24.5 -12.6 -0.231643 -0.882293 0.338352 0.231126
1267 -16 24.6 -12.5 -0.314788 -0.855913 0.372065 0.172886
1268 -16 24.7 -12.5 -0.341025 -0.842137 0.387998 0.154802
1269 -16.1 24.8 -12.5 -0.34726 -0.843275 0.380431 0.153524
1270 -16.2 24.9 -12.5 -0.341096 -0.845856 0.381662 0.150052
1271 -16.2 25 -12.5 -0.363168 -0.833463 0.389416 0.147659
1272 -16.3 25.1 -12.5 -0.403583 -0.814877 0.394923 0.130886
1273 -16.4 25.2 -12.4 -0.40651 -0.812501 0.402337 0.112772
1274 -16.4 25.3 -12.4 -0.408397 -0.815765 0.395221 0.107419
1275 -16.4 25.4 -12.5 -0.417989 -0.808234 0.401358 0.104663
1276 -16.4 25.5 -12.5 -0.424139 -0.797803 0.419389 0.0879152
1277 -16.5 25.6 -12.6 -0.441231 -0.786929 0.424798 0.0748621
1278 -16.6 25.7 -12.6 -0.428705 -0.782044 0.448644 0.057779
1279 -16.7 25.7 -12.6 -0.407227 -0.794421 0.444506 0.0739905
1280 -16.7 25.8 -12.7 -0.375721 -0.820741 0.416975 0.106537
1281 -16.8 25.9 -12.8 -0.364606 -0.823486 0.426089 0.0859134
1282 -16.9 25.9 -12.8 -0.392074 -0.80755 0.434927 0.0705683
1283 -17 25.9 -12.9 -0.396642 -0.798755 0.449713 0.0492248
1284 -17 26 -12.9 -0.302775 -0.851664 0.421373 0.0737548
1285 -17.1 26.1 -12.9 -0.262763 -0.857012 0.419324 0.143714
1286 -17.2 26.1 -12.9 -0.194436 -0.875983 0.395677 0.195673
1287 -17.3 26.1 -12.8 -0.142224 -0.890087 0.367178 0.229559
1288 -17.5 26.2 -12.7 -0.0725845 -0.906794 0.321745 0.262558
1289 -17.6 26.2 -12.7 -0.0387016 -0.913654 0.317504 0.250858
1290 -17.7 26.3 -12.7 -0.0429229 -0.914154 0.31914 0.246231
1291 -17.8 26.3 -12.6 -0.0720678 -0.918763 0.307272 0.237203
1292 -17.9 26.4 -12.5 -0.0752947 -0.918332 0.308191 0.236676
1293 -18 26.4 -12.5 -0.0726197 -0.917959 0.302304 0.246352
1294 -18.1 26.5 -12.5 -0.038223 -0.915789 0.311831 0.250261
1295 -18.2 26.6 -12.4 -0.0449994 -0.91526 0.320519 0.239878
1296 -18.4 26.6 -12.3 -0.0661802 -0.909267 0.329092 0.246075
1297 -18.5 26.7 -12.3 -0.0851757 -0.905207 0.330407 0.253332
1298 -18.6 26.7 -12.2 -0.0653794 -0.911965 0.318132 0.250674
1299 -18.7 26.8 -12.2 -0.0417116 -0.906533 0.319012 0.273293
1300 -18.8 26.8 -12.1 -0.0673764 -0.905812 0.333013 0.253116
1301 -18.9 26.8 -12.1 -0.090147 -0.900771 0.342175 0.251797
1302 -18.9 26.9 -12.1 -0.0824072 -0.912031 0.29281 0.275083
1303 -18.6 26.6 -12.1 -0.210753 -0.896904 0.325583 0.212466
1304 -18.5 26.6 -12.1 -0.207021 -0.895545 0.319522 0.230321
1305 -18.4 26.5 -12.2 -0.169046 -0.910482 0.323559 0.194306
1306 -18.3 26.5 -12.3 -0.176968 -0.904234 0.327238 0.209663
1307 -18.2 26.4 -12.3 -0.195668 -0.898806 0.33915 0.197076
1308 -18.2 26.3 -12.2 -0.213726 -0.894136 0.341696 0.195154
1309 -18 26.3 -12.2 -0.172511 -0.906698 0.329151 0.199495
1310 -17.9 26.2 -12.3 -0.184106 -0.903228 0.3212 0.217059
1311 -17.9 26.1 -12.3 -0.200474 -0.896194 0.340386 0.201951
1312 -17.8 26.1 -12.3 -0.220115 -0.89294 0.331676 0.210236
1313 -17.7 26 -12.3 -0.207731 -0.901412 0.3163 0.210379
1314 -17.6 26 -12.4 -0.194323 -0.907412 0.31866 0.193127
1315 -17.5 25.9 -12.4 -0.215792 -0.900944 0.324059 0.191625
1316 -17.4 25.9 -12.4 -0.26366 -0.880199 0.358279 0.165437
1317 -17.3 25.8 -12.4 -0.262924 -0.88008 0.345063 0.193032
1318 -17.3 25.7 -12.5 -0.22725 -0.89301 0.343291 0.181776
1319 -17.2 25.7 -12.5 -0.286841 -0.872245 0.351035 0.183537
1320 -17.1 25.6 -12.5 -0.35242 -0.840105 0.387141 0.141935
1321 -17 25.6 -12.5 -0.365735 -0.834854 0.384411 0.146577
1322 -17 25.5 -12.5 -0.358185 -0.838362 0.385458 0.142392
1323 -16.9 25.5 -12.5 -0.41807 -0.811913 0.38946 0.119728
1324 -16.8 25.4 -12.4 -0.460072 -0.785004 0.40589 0.085764
1325 -16.7 25.3 -12.5 -0.435842 -0.803162 0.399434 0.0736589
1326 -16.6 25.3 -12.4 -0.50189 -0.761799 0.405512 0.0576941
1327 -16.6 25.2 -12.3 -0.532412 -0.740021 0.410036 0.0278715
1328 -16.5 25.1 -12.3 -0.513249 -0.762781 0.392269 0.0294138
1329 -16.4 25 -12.2 -0.462909 -0.784547 0.405448 0.0762511
1330 -16.4 24.9 -12.2 -0.469177 -0.785205 0.398474 0.0674145
1331 -16.3 24.8 -12.1 -0.459704 -0.791305 0.394606 0.0824373
1332 -16.3 24.7 -12.1 -0.32909 -0.843324 0.403884 0.131839
1333 -16.3 24.6 -12.1 -0.370341 -0.821926 0.420999 0.100226
1334 -16.3 24.5 -12 -0.324876 -0.848538 0.413136 0.0612936
1335 -16.2 24.4 -12.1 -0.291825 -0.859359 0.408517 0.0972289
1336 -16.1 24.3 -12 -0.289118 -0.85524 0.424059 0.0717577
1337 -16.1 24.2 -12 -0.260028 -0.872826 0.398897 0.106968
1338 -16 24.2 -11.9 -0.158511 -0.896629 0.386947 0.145612
1339 -16 24.1 -11.9 -0.109637 -0.907048 0.367574 0.17359
1340 -15.9 24 -11.9 -0.0991398 -0.908159 0.370911 0.166864
1341 -15.8 23.9 -11.8 -0.0137079 -0.915225 0.350177 0.198877
1342 -15.7 23.9 -11.8 0.037503 -0.919437 0.328069 0.213541
1343 -15.6 23.9 -11.8 0.0443968 -0.922353 0.326392 0.201897
1344 -15.5 23.9 -11.8 0.0600477 -0.924232 0.304142 0.222907
1345 -15.4 23.9 -11.9 0.130591 -0.920734 0.305565 0.20451
1346 -15.3 23.9 -12 0.0770772 -0.91877 0.335958 0.192493
1347 -15.2 23.8 -12 0.0405834 -0.921838 0.323094 0.210188
1348 -15.1 23.8 -12.1 0.106638 -0.924948 0.3016 0.205272
1349 -15 23.8 -12.1 0.117634 -0.925072 0.296472 0.206174
1350 -15 23.8 -12.2 0.111621 -0.928812 0.295676 0.193452
1351 -14.9 23.8 -12.3 0.100629 -0.920739 0.320032 0.199228
1352 -14.9 23.7 -12.4 0.128413 -0.923278 0.305867 0.193686
1353 -14.8 23.7 -12.5 0.112453 -0.925503 0.300866 0.200696
1354 -14.8 23.7 -12.5 0.0734188 -0.938643 0.294544 0.163716
1355 -14.7 23.7 -12.7 0.0254465 -0.926985 0.317258 0.198491
1356 -14.6 23.7 -12.8 0.0354572 -0.932606 0.31254 0.176937
1357 -14.5 23.6 -12.8 -0.0531597 -0.933804 0.322489 0.14555
1358 -14.5 23.6 -12.9 -0.130862 -0.921517 0.336389 0.14326
1359 -14.4 23.7 -13 -0.0599922 -0.923627 0.346106 0.153379
1360 -14.3 23.7 -13 0.000358365 -0.919326 0.337497 0.202327
1361 -14.2 23.6 -13.1 -0.0111206 -0.926874 0.31519 0.203557
1362 -14.1 23.5 -13.1 0.00485661 -0.923012 0.314835 0.221143
1363 -14 23.5 -13.2 -0.0520118 -0.909055 0.331905 0.246481
1364 -13.9 23.5 -13.2 -0.123412 -0.898674 0.36286 0.213278
1365 -13.8 23.4 -13.3 -0.143805 -0.892234 0.372155 0.211516
1366 -13.7 23.4 -13.3 -0.11608 -0.898777 0.365435 0.21256
1367 -13.7 23.4 -13.4 -0.125567 -0.891266 0.376115 0.220034
1368 -13.6 23.3 -13.4 -0.159998 -0.88527 0.393584 0.18918
1369 -13.5 23.2 -13.5 -0.194835 -0.884466 0.378705 0.190635
1370 -13.4 23.2 -13.5 -0.175018 -0.888659 0.376997 0.193721
1371 -13.3 23.2 -13.6 -0.122072 -0.903678 0.355203 0.205659
1372 -13.2 23.1 -13.6 -0.128719 -0.899353 0.354728 0.220824
1373 -13.1 23 -13.7 -0.154331 -0.89296 0.370538 0.203729
1374 -13 23 -13.7 -0.180298 -0.891338 0.366954 0.19584
1375 -12.9 23 -13.8 -0.180554 -0.894679 0.355838 0.200824
1376 -12.8 22.9 -13.8 -0.161946 -0.899842 0.348465 0.206469
1377 -12.8 22.9 -13.9 -0.180233 -0.897176 0.357257 0.186971
1378 -12.7 22.8 -13.9 -0.217731 -0.87908 0.389226 0.168271
1379 -12.6 22.8 -14 -0.207457 -0.879879 0.387811 0.179938
1380 -12.5 22.8 -14 -0.144096 -0.896443 0.370452 0.195939
1381 -12.4 22.7 -14.1 -0.139231 -0.892102 0.3664 0.224767
1382 -12.3 22.6 -14.1 -0.163511 -0.892404 0.367717 0.204114
1383 -12.2 22.5 -14.1 -0.19085 -0.889859 0.353607 0.216079
1384 -12.1 22.5 -14.2 -0.201962 -0.889583 0.351543 0.210405
1385 -12 22.5 -14.2 -0.194115 -0.885743 0.359779 0.21986
1386 -12 22.5 -14.3 -0.180964 -0.883539 0.365651 0.230024
1387 -11.9 22.4 -14.3 -0.178429 -0.886164 0.357514 0.234648
1388 -11.8 22.4 -14.4 -0.166654 -0.887561 0.358643 0.2363
1389 -11.7 22.3 -14.4 -0.133946 -0.898527 0.353214 0.223487
1390 -11.6 22.3 -14.5 -0.101421 -0.902057 0.346054 0.237179
1391 -11.5 22.3 -14.6 -0.108211 -0.899297 0.347491 0.2425
1392 -11.5 22.2 -14.6 -0.12941 -0.895781 0.361539 0.223873
1393 -11.4 22.1 -14.6 -0.153119 -0.893842 0.355428 0.226432
1394 -11.3 22.1 -14.7 -0.15229 -0.901163 0.345428 0.213053
1395 -11.2 22.1 -14.8 -0.144671 -0.892754 0.361116 0.227279
1396 -11.1 22 -14.8 -0.138931 -0.888982 0.36186 0.243858
1397 -11 21.9 -14.8 -0.150325 -0.891475 0.363889 0.224186
1398 -11 21.9 -14.9 -0.158128 -0.886191 0.373307 0.224282
1399 -10.9 21.8 -14.9 -0.140094 -0.893919 0.358281 0.230037
1400 -10.8 21.8 -15 -0.117165 -0.893408 0.36923 0.227515
1401 -10.7 21.7 -15 -0.11717 -0.892192 0.372405 0.227111
1402 -10.6 21.7 -15 -0.128915 -0.891715 0.384952 0.200093
1403 -10.5 21.6 -15.1 -0.149852 -0.882945 0.393281 0.208042
1404 -10.4 21.5 -15.1 -0.147732 -0.884858 0.383939 0.218614
1405 -10.3 21.5 -15.1 -0.123015 -0.89548 0.359521 0.231791
1406 -10.2 21.4 -15.2 -0.130534 -0.88794 0.359768 0.255129
1407 -10.1 21.4 -15.2 -0.149083 -0.886014 0.382441 0.215623
1408 -10.1 21.3 -15.2 -0.165289 -0.885147 0.371895 0.225585
1409 -9.99 21.2 -15.3 -0.132638 -0.890299 0.375911 0.220148
1410 -9.89 21.2 -15.3 -0.0856493 -0.901713 0.345564 0.245281
1411 -9.8 21.1 -15.4 -0.0748285 -0.899434 0.347695 0.254023
1412 -9.71 21 -15.4 -0.108402 -0.8934 0.36708 0.235238
1413 -9.64 20.9 -15.4 -0.109039 -0.890865 0.364081 0.248828
1414 -9.53 20.8 -15.4 -0.0804634 -0.898749 0.355762 0.24333
1415 -9.42 20.8 -15.5 -0.0677906 -0.896744 0.362335 0.244882
1416 -9.32 20.7 -15.5 -0.0704063 -0.891367 0.366413 0.25739
1417 -9.23 20.7 -15.6 -0.0952464 -0.89397 0.37234 0.230455
1418 -9.13 20.6 -15.6 -0.104566 -0.893994 0.377396 0.217743
1419 -9.04 20.5 -15.6 -0.108223 -0.897631 0.357629 0.23377
1420 -8.93 20.5 -15.7 -0.0820354 -0.904929 0.35954 0.21238
1421 -8.84 20.4 -15.8 -0.0810928 -0.89683 0.373806 0.222237
1422 -8.75 20.4 -15.8 -0.0944655 -0.899117 0.377344 0.200688
1423 -8.63 20.3 -15.8 -0.128395 -0.8919 0.384629 0.200224
1424 -8.53 20.2 -15.9 -0.133581 -0.888013 0.384087 0.214629
1425 -8.43 20.2 -15.9 -0.111494 -0.894027 0.383982 0.202097
1426 -8.33 20.2 -16 -0.12241 -0.887786 0.38701 0.216968
1427 -8.25 20.1 -16 -0.12865 -0.888821 0.389667 0.203976
1428 -8.12 20 -16 -0.14126 -0.878796 0.408757 0.201695
1429 -8.02 20 -16 -0.157794 -0.875682 0.404044 0.212204
1430 -7.95 19.9 -16.1 -0.147328 -0.883939 0.394975 0.20234
1431 -7.84 19.9 -16.1 -0.118003 -0.881736 0.400005 0.220481
1432 -7.75 19.8 -16.2 -0.127729 -0.879996 0.406194 0.210475
1433 -7.66 19.8 -16.2 -0.131204 -0.882665 0.405971 0.197169
1434 -7.56 19.7 -16.2 -0.148771 -0.883284 0.39986 0.194394
1435 -7.48 19.7 -16.2 -0.136635 -0.887764 0.39745 0.18772
1436 -7.35 19.6 -16.3 -0.0975441 -0.896228 0.387496 0.192634
1437 -7.26 19.6 -16.3 -0.101161 -0.892728 0.38283 0.215044
1438 -7.16 19.5 -16.4 -0.108178 -0.894497 0.391121 0.187607
1439 -7.06 19.5 -16.4 -0.130086 -0.889776 0.39732 0.183068
1440 -6.97 19.4 -16.4 -0.131037 -0.888482 0.400081 0.182658
1441 -6.86 19.4 -16.4 -0.108637 -0.896673 0.388074 0.183234
1442 -6.75 19.3 -16.5 -0.103935 -0.885337 0.405759 0.201831
1443 -6.66 19.3 -16.5 -0.123035 -0.881985 0.413725 0.189199
1444 -6.56 19.3 -16.5 -0.145139 -0.879806 0.412419 0.186509
1445 -6.46 19.2 -16.6 -0.144877 -0.878184 0.417314 0.183447
1446 -6.34 19.2 -16.7 -0.116843 -0.882206 0.414866 0.189594
1447 -6.26 19.1 -16.7 -0.132612 -0.877706 0.420361 0.187999
1448 -6.16 19.1 -16.7 -0.171702 -0.872823 0.42985 0.154683
1449 -6.05 19 -16.8 -0.170105 -0.879288 0.413592 0.163885
1450 -5.95 19 -16.8 -0.143806 -0.886708 0.407154 0.165207
1451 -5.85 18.9 -16.9 -0.129712 -0.886881 0.409542 0.169975
1452 -5.76 18.9 -16.9 -0.134208 -0.883697 0.413727 0.172907
1453 -5.66 18.8 -16.9 -0.143038 -0.882201 0.422251 0.151542
1454 -5.56 18.8 -16.9 -0.16798 -0.872573 0.429374 0.161359
1455 -5.52 18.8 -16.9 -0.154038 -0.867539 0.447601 0.152649
1456 -5.48 18.8 -17 -0.133543 -0.87592 0.427103 0.180314
1457 -5.55 18.7 -16.9 -0.434191 -0.763911 0.477401 0.00270244
1458 -5.56 18.7 -16.9 -0.509088 -0.707733 0.487772 -0.0449715
1459 -5.57 18.7 -16.9 -0.556915 -0.665385 0.491777 -0.0725466
1460 -5.54 18.7 -16.9 -0.621033 -0.606869 0.484486 -0.106315
1461 -5.45 18.7 -17 -0.6634 -0.54686 0.491661 -0.138257
1462 -5.33 18.7 -17 -0.718273 -0.472415 0.470761 -0.198223
1463 -5.29 18.7 -17.1 -0.762836 -0.388111 0.463821 -0.228737
1464 -5.3 18.7 -17.1 -0.80418 -0.298796 0.438963 -0.26707
1465 -5.32 18.8 -17 -0.833389 -0.208414 0.41178 -0.304078
1466 -5.32 18.8 -17 -0.849616 -0.125964 0.392938 -0.328459
1467 -5.29 18.7 -17 -0.861734 -0.0444482 0.36708 -0.347407
1468 -5.25 18.6 -17 -0.861559 0.0319984 0.347335 -0.368851
1469 -5.23 18.5 -16.9 -0.857194 0.120545 0.310444 -0.392825
1470 -5.22 18.3 -16.8 -0.843489 0.198865 0.277978 -0.414375
1471 -5.26 18.2 -16.7 -0.829517 0.273607 0.246629 -0.41978
1472 -5.29 18.2 -16.7 -0.797115 0.373014 0.189091 -0.43556
1473 -5.29 18.2 -16.6 -0.761717 0.444674 0.15079 -0.446447
1474 -5.32 18.2 -16.6 -0.717422 0.522379 0.10487 -0.448808
1475 -5.36 18.2 -16.6 -0.677541 0.581814 0.0729847 -0.443964
1476 -5.45 18.2 -16.5 -0.614065 0.65806 0.0132906 -0.43555
1477 -5.53 18.2 -16.4 -0.585864 0.685172 -0.00829802 -0.432705
1478 -5.63 18.2 -16.2 -0.546036 0.721553 -0.0378414 -0.423999
1479 -5.72 18.2 -16.1 0.486908 -0.768273 0.0778747 0.408183
1480 -5.8 18.2 -16 0.406466 -0.813716 0.129471 0.394827
1481 -5.82 18.1 -15.9 0.378456 -0.837481 0.150904 0.364176
1482 -5.86 18.1 -15.8 0.356444 -0.853328 0.154731 0.347616
1483 -5.9 18 -15.7 0.365451 -0.849772 0.154184 0.347218
1484 -5.95 18 -15.6 0.398478 -0.841261 0.127866 0.342266
1485 -6.01 17.9 -15.5 0.424452 -0.83137 0.116337 0.339308
1486 -6.04 17.9 -15.4 0.431837 -0.820838 0.112478 0.356497
1487 -6.02 17.8 -15.3 0.406685 -0.834025 0.130732 0.34917
1488 -6.04 17.7 -15.3 0.387974 -0.844449 0.130151 0.345604
1489 -6.06 17.7 -15.3 0.458101 -0.804287 0.0655887 0.372779
1490 -5.98 17.7 -15.3 -0.527821 0.75855 -0.00654975 -0.382053
1491 -5.91 17.7 -15.4 -0.598967 0.698793 0.033631 -0.38961
1492 -5.84 17.7 -15.4 -0.659444 0.630211 0.101636 -0.397036
1493 -5.83 17.7 -15.4 -0.700156 0.576973 0.125704 -0.401349
1494 -5.74 17.6 -15.5 -0.753911 0.487961 0.174661 -0.403739
1495 -5.65 17.5 -15.5 -0.776995 0.440655 0.193682 -0.405697
1496 -5.54 17.5 -15.5 -0.761774 0.451374 0.193229 -0.422639
1497 -5.47 17.3 -15.4 -0.762481 0.442019 0.190995 -0.43216
1498 -5.37 17.2 -15.4 -0.772623 0.429404 0.202179 -0.421651
1499 -5.3 17.1 -15.3 -0.778476 0.425265 0.215988 -0.408013
1500 -5.21 17 -15.3 -0.777192 0.421308 0.219456 -0.412687
1501 -5.09 16.9 -15.3 -0.771372 0.433331 0.225346 -0.407957
1502 -4.99 16.7 -15.3 -0.769447 0.431236 0.232427 -0.409835
1503 -4.89 16.6 -15.3 -0.770782 0.428164 0.240357 -0.405955
1504 -4.78 16.4 -15.3 -0.773105 0.416084 0.259176 -0.402504
1505 -4.69 16.3 -15.2 -0.777358 0.409115 0.257977 -0.402227
1506 -4.58 16.1 -15.2 -0.777017 0.41531 0.255294 -0.39823
1507 -4.46 16 -15.2 -0.76701 0.440016 0.237509 -0.402084
1508 -4.35 15.9 -15.2 -0.75951 0.460919 0.222481 -0.401497
1509 -4.25 15.8 -15.2 -0.756045 0.45935 0.220746 -0.410687
1510 -4.15 15.7 -15.1 -0.760248 0.450149 0.221689 -0.412606
1511 -4.06 15.5 -15.1 -0.768331 0.435839 0.231741 -0.40744
1512 -3.97 15.4 -15.1 -0.77331 0.432305 0.232318 -0.401413
1513 -3.87 15.3 -15.1 -0.770252 0.434259 0.223589 -0.410048
1514 -3.76 15.2 -15 -0.759923 0.455215 0.22398 -0.406361
1515 -3.68 15.1 -15 -0.753625 0.463625 0.215154 -0.413291
1516 -3.6 15 -15 -0.753848 0.460148 0.207214 -0.420759
1517 -3.52 15 -15 -0.759549 0.450723 0.212613 -0.418008
1518 -3.46 14.9 -14.9 -0.771429 0.439144 0.224911 -0.401827
1519 -3.38 14.8 -14.9 -0.771973 0.431047 0.230405 -0.40641
1520 -3.28 14.7 -14.9 -0.759689 0.457273 0.218518 -0.407459
1521 -3.21 14.7 -14.9 -0.750165 0.468682 0.216893 -0.412973
1522 -3.17 14.6 -14.9 -0.780059 0.404347 0.237328 -0.414351
1523 -3.05 14.6 -15 -0.816259 0.2629 0.304631 -0.414493
1524 -3.01 14.7 -15.1 -0.822042 0.191635 0.347839 -0.408081
1525 -3 14.8 -15.1 -0.833889 0.0995444 0.390688 -0.376939
1526 -3.01 14.9 -15.2 -0.831179 0.0249654 0.424716 -0.35796
1527 -3.04 15.1 -15.3 -0.829238 -0.0237812 0.447553 -0.333909
1528 -3.02 15.2 -15.4 -0.817187 -0.127293 0.465293 -0.315442
1529 -3.02 15.1 -15.4 -0.790825 -0.224512 0.500806 -0.270895
1530 -3.05 15.1 -15.4 -0.770101 -0.290935 0.514432 -0.240128
1531 -2.94 15.2 -15.6 -0.783882 -0.337609 0.46946 -0.226176
1532 -2.85 15.2 -15.7 -0.78396 -0.326985 0.474804 -0.230321
1533 -2.81 15.3 -15.8 -0.781027 -0.31888 0.482834 -0.23491
1534 -2.75 15.3 -15.9 -0.779851 -0.313077 0.483981 -0.244085
1535 -2.69 15.4 -16 -0.779382 -0.314103 0.484867 -0.242503
1536 -2.63 15.4 -16.1 -0.776407 -0.31827 0.48717 -0.241997
1537 -2.56 15.4 -16.2 -0.776416 -0.320329 0.491643 -0.229901
1538 -2.5 15.5 -16.3 -0.783468 -0.32402 0.48322 -0.218374
1539 -2.43 15.5 -16.5 -0.786574 -0.323373 0.47829 -0.219021
1540 -2.36 15.6 -16.6 -0.786634 -0.303317 0.489409 -0.222902
1541 -2.31 15.7 -16.7 -0.793443 -0.297418 0.477181 -0.233001
1542 -2.23 15.7 -16.8 -0.794371 -0.300322 0.47312 -0.234389
1543 -2.15 15.8 -16.9 -0.782932 -0.316106 0.481072 -0.235932
1544 -2.08 15.8 -17.1 -0.777341 -0.314812 0.49423 -0.228848
1545 -2 15.9 -17.2 -0.776646 -0.311508 0.498118 -0.227293
1546 -1.94 15.9 -17.3 -0.775638 -0.295906 0.506847 -0.232232
1547 -1.89 16 -17.4 -0.777329 -0.29074 0.504074 -0.239039
1548 -1.84 16 -17.5 -0.780042 -0.288954 0.49955 -0.241845
1549 -1.78 16.1 -17.6 -0.778282 -0.294558 0.499564 -0.240723
1550 -1.71 16.1 -17.8 -0.773282 -0.303482 0.504819 -0.234716
1551 -1.65 16.2 -17.9 -0.769072 -0.30284 0.515356 -0.226327
1552 -1.59 16.2 -18 -0.770519 -0.3008 0.514573 -0.225906
1553 -1.53 16.3 -18.1 -0.765686 -0.276519 0.530294 -0.23675
1554 -1.49 16.3 -18.2 -0.772447 -0.264713 0.521663 -0.247226
1555 -1.44 16.3 -18.3 -0.782299 -0.258011 0.508688 -0.250351
1556 -1.37 16.3 -18.4 -0.779079 -0.256312 0.511987 -0.255361
1557 -1.3 16.4 -18.4 -0.774613 -0.252754 0.523158 -0.24979
1558 -1.25 16.4 -18.5 -0.784614 -0.247377 0.51641 -0.237709
1559 -1.22 16.4 -18.6 -0.800519 -0.192174 0.502038 -0.264945
1560 -1.19 16.4 -18.6 -0.822445 -0.064413 0.478101 -0.30142
1561 -1.2 16.4 -18.6 -0.828602 0.020184 0.455398 -0.324999
1562 -1.2 16.4 -18.6 -0.821673 0.0922665 0.439667 -0.350762
1563 -1.16 16.3 -18.6 -0.818965 0.159158 0.416967 -0.360699
1564 -1.14 16.3 -18.5 -0.808129 0.236982 0.376635 -0.385893
1565 -1.1 16.1 -18.4 -0.799362 0.294857 0.354853 -0.384914
1566 -0.982 16 -18.5 -0.789383 0.342945 0.31882 -0.397011
1567 -0.867 15.9 -18.5 -0.787842 0.348099 0.330158 -0.386171
1568 -0.778 15.9 -18.6 -0.7854 0.353415 0.325873 -0.389939
1569 -0.672 15.7 -18.6 -0.785115 0.353054 0.330583 -0.386863
1570 -0.6 15.6 -18.6 -0.781888 0.351389 0.349293 -0.378379
1571 -0.529 15.5 -18.6 -0.783542 0.350114 0.359545 -0.366346
1572 -0.442 15.5 -18.6 -0.787234 0.346829 0.355374 -0.365624
1573 -0.339 15.3 -18.7 -0.784416 0.347057 0.355929 -0.370887
1574 -0.255 15.2 -18.7 -0.789043 0.341797 0.349056 -0.372486
1575 -0.166 15.1 -18.8 -0.787916 0.341671 0.342069 -0.381362
1576 -0.0539 15 -18.8 -0.789107 0.336838 0.344471 -0.381039
1577 0.0289 14.9 -18.8 -0.793498 0.333759 0.33955 -0.37904
1578 0.128 14.8 -18.8 -0.797675 0.339123 0.334624 -0.369781
1579 0.245 14.6 -18.8 -0.792039 0.356337 0.327066 -0.372459
1580 0.337 14.5 -18.9 -0.782447 0.370179 0.328932 -0.377555
1581 0.43 14.4 -18.9 -0.780639 0.370358 0.320349 -0.388347
1582 0.552 14.3 -18.9 -0.786071 0.360691 0.325686 -0.381999
1583 0.64 14.2 -19 -0.79256 0.349872 0.324954 -0.379266
1584 0.737 14.1 -19 -0.799516 0.350111 0.324234 -0.364785
1585 0.848 13.9 -19 -0.797781 0.354653 0.317479 -0.370099
1586 0.95 13.8 -19 -0.791705 0.371666 0.310186 -0.372628
1587 1.04 13.7 -19.1 -0.783013 0.381736 0.308227 -0.382315
1588 1.14 13.6 -19.1 -0.784159 0.373372 0.308152 -0.388241
1589 1.22 13.5 -19 -0.790993 0.357257 0.316021 -0.383183
1590 1.29 13.4 -19.1 -0.796716 0.345333 0.323929 -0.375577
1591 1.38 13.3 -19.1 -0.79851 0.344904 0.320126 -0.375424
1592 1.48 13.2 -19.1 -0.793359 0.356481 0.314465 -0.380283
1593 1.57 13.1 -19.1 -0.790835 0.362579 0.309448 -0.383873
1594 1.65 13.1 -19.1 -0.787312 0.365198 0.302757 -0.393837
1595 1.73 13 -19.1 -0.785183 0.363902 0.296985 -0.403564
1596 1.82 12.9 -19.1 -0.785647 0.355658 0.306844 -0.402632
1597 1.89 12.8 -19.1 -0.78682 0.362029 0.309802 -0.392265
1598 1.96 12.7 -19.2 -0.788089 0.36807 0.298808 -0.392625
1599 2.06 12.6 -19.2 -0.785336 0.379624 0.294311 -0.39053
1600 2.15 12.5 -19.2 -0.779551 0.391474 0.292028 -0.392132
1601 2.23 12.4 -19.2 -0.767629 0.402031 0.285256 -0.409568
1602 2.32 12.3 -19.2 -0.766877 0.399752 0.274422 -0.420464
1603 2.4 12.2 -19.2 -0.76651 0.40076 0.280098 -0.416412
1604 2.48 12.1 -19.2 -0.769138 0.40422 0.284456 -0.405114
1605 2.55 12 -19.2 -0.768462 0.411771 0.27289 -0.406746
1606 2.64 11.9 -19.2 -0.761841 0.421095 0.268167 -0.412751
1607 2.72 11.8 -19.2 -0.755447 0.434799 0.25993 -0.415555
1608 2.8 11.7 -19.2 -0.748954 0.438555 0.256716 -0.425247
1609 2.87 11.6 -19.1 -0.756417 0.423837 0.251671 -0.429951
1610 2.95 11.5 -19.1 -0.75735 0.41285 0.267906 -0.429189
1611 3.01 11.4 -19.1 -0.766602 0.402855 0.27349 -0.418607
1612 3.06 11.3 -19.1 -0.77258 0.395539 0.264853 -0.420144
1613 3.19 11.2 -19.1 -0.769526 0.404586 0.251135 -0.425524
1614 3.27 11.1 -19.1 -0.757473 0.424099 0.250522 -0.428502
1615 3.36 11 -19 -0.758417 0.428877 0.236454 -0.430068
1616 3.44 10.9 -19 -0.7651 0.414557 0.245325 -0.427293
1617 3.5 10.8 -19 -0.76758 0.414856 0.25693 -0.415574
1618 3.56 10.7 -18.9 -0.762657 0.43092 0.236218 -0.420551
1619 3.61 10.7 -18.9 -0.74375 0.470386 0.196717 -0.43229
1620 3.65 10.6 -18.9 -0.693118 0.556008 0.14662 -0.434677
1621 3.65 10.6 -18.8 -0.657566 0.600325 0.116427 -0.440071
1622 3.75 10.3 -18.5 -0.628115 0.621187 0.131501 -0.449784
1623 3.75 10.2 -18.4 -0.633648 0.615678 0.118488 -0.453201
1624 3.8 10.1 -18.3 -0.624203 0.623752 0.119086 -0.455108
1625 3.86 9.99 -18.2 -0.602451 0.648919 0.127447 -0.446893
1626 3.89 9.9 -18.2 -0.583852 0.665442 0.123729 -0.448324
1627 3.92 9.82 -18.1 -0.585288 0.666515 0.118353 -0.446305
1628 3.97 9.69 -18 -0.594398 0.659559 0.15313 -0.433848
1629 3.99 9.6 -18 -0.594058 0.660042 0.156542 -0.432358
1630 4.03 9.49 -17.9 -0.590402 0.656998 0.152434 -0.443331
1631 4.1 9.37 -17.9 -0.566035 0.683943 0.144662 -0.43692
1632 4.13 9.31 -17.8 -0.547311 0.696498 0.135816 -0.44373
1633 4.13 9.26 -17.7 -0.584006 0.671068 0.14566 -0.432883
1634 4.15 9.22 -17.7 -0.643018 0.601479 0.218876 -0.420528
1635 4.17 9.2 -17.7 -0.692347 0.52542 0.263617 -0.418445
1636 4.22 9.18 -17.8 -0.736598 0.446645 0.312176 -0.400597
1637 4.29 9.17 -17.9 -0.777823 0.374575 0.341846 -0.371249
1638 4.38 9.09 -17.9 -0.787017 0.368013 0.332935 -0.366504
1639 4.48 9.01 -18 -0.800957 0.337273 0.335187 -0.363821
1640 4.58 8.9 -18 -0.803006 0.319989 0.348859 -0.362057
1641 4.65 8.81 -18 -0.813579 0.303664 0.342908 -0.358178
1642 4.72 8.72 -18 -0.817737 0.299087 0.338431 -0.356815
1643 4.81 8.64 -18.1 -0.811601 0.303228 0.341833 -0.364014
1644 4.89 8.56 -18.1 -0.804819 0.322872 0.340687 -0.363253
1645 4.97 8.48 -18.1 -0.808768 0.326402 0.326082 -0.364729
1646 5.08 8.4 -18.1 -0.806358 0.325362 0.327797 -0.369425
1647 5.19 8.31 -18.1 -0.800085 0.318623 0.356185 -0.362597
1648 5.26 8.22 -18.1 -0.798722 0.323871 0.345542 -0.37115
1649 5.33 8.14 -18.2 -0.809676 0.313673 0.335004 -0.365796
1650 5.42 8.06 -18.2 -0.81478 0.309891 0.32051 -0.370642
1651 5.52 7.96 -18.2 -0.812487 0.318185 0.318384 -0.370479
1652 5.61 7.86 -18.3 -0.800991 0.328826 0.333174 -0.373205
1653 5.71 7.75 -18.3 -0.79997 0.331849 0.33179 -0.373952
1654 5.82 7.63 -18.3 -0.795967 0.3278 0.348275 -0.371065
1655 5.9 7.51 -18.3 -0.798349 0.323868 0.342293 -0.374945
1656 5.99 7.41 -18.4 -0.80699 0.320792 0.327758 -0.372067
1657 6.1 7.31 -18.4 -0.810079 0.326936 0.315781 -0.37036
1658 6.21 7.23 -18.4 -0.804077 0.34099 0.315485 -0.371018
1659 6.31 7.14 -18.5 -0.807672 0.330759 0.308326 -0.378417
1660 6.42 7.05 -18.5 -0.808726 0.322548 0.304412 -0.38634
1661 6.52 6.96 -18.5 -0.809766 0.315373 0.316893 -0.379997
1662 6.61 6.85 -18.5 -0.815649 0.299354 0.315582 -0.381459
1663 6.7 6.76 -18.6 -0.821765 0.300459 0.312867 -0.369515
1664 6.8 6.67 -18.6 -0.825442 0.303487 0.292927 -0.375147
1665 6.9 6.58 -18.6 -0.822082 0.315091 0.28838 -0.376477
1666 6.99 6.49 -18.6 -0.814854 0.32385 0.297774 -0.377446
1667 7.08 6.42 -18.7 -0.812145 0.325894 0.288424 -0.38862
1668 7.18 6.33 -18.7 -0.818472 0.314008 0.286466 -0.386574
1669 7.29 6.23 -18.7 -0.819181 0.30317 0.298687 -0.38447
1670 7.38 6.14 -18.8 -0.822165 0.305811 0.29835 -0.376181
1671 7.48 6.05 -18.8 -0.820185 0.311057 0.29993 -0.374943
1672 7.59 5.98 -18.8 -0.816371 0.317171 0.295693 -0.381453
1673 7.68 5.9 -18.9 -0.810501 0.323921 0.294871 -0.388863
1674 7.77 5.83 -18.9 -0.80607 0.326366 0.288559 -0.400587
1675 7.86 5.75 -18.9 -0.811713 0.319025 0.283067 -0.399021
1676 7.95 5.66 -19 -0.815813 0.306382 0.292758 -0.393538
1677 8.03 5.57 -19 -0.818282 0.303526 0.297903 -0.386705
1678 8.11 5.48 -19 -0.81518 0.313009 0.292917 -0.389497
1679 8.19 5.41 -19 -0.817108 0.311331 0.283323 -0.393873
1680 8.29 5.34 -19 -0.812899 0.318082 0.282311 -0.397893
1681 8.38 5.26 -19.1 -0.810113 0.319902 0.288456 -0.39771
1682 8.46 5.18 -19.1 -0.809986 0.312037 0.280995 -0.409387
1683 8.55 5.1 -19.1 -0.81238 0.311579 0.274994 -0.409066
1684 8.64 5.01 -19.1 -0.811854 0.313126 0.295515 -0.394357
1685 8.71 4.92 -19.1 -0.809219 0.31201 0.320072 -0.381272
1686 8.79 4.84 -19.1 -0.805534 0.315277 0.320374 -0.386104
1687 8.88 4.77 -19.1 -0.802402 0.322433 0.314658 -0.391381
1688 8.98 4.71 -19.2 -0.801611 0.326536 0.310553 -0.392875
1689 9.06 4.63 -19.2 -0.798242 0.324639 0.31129 -0.400646
1690 9.14 4.56 -19.3 -0.801622 0.319927 0.308108 -0.400148
1691 9.22 4.49 -19.3 -0.805843 0.313528 0.305621 -0.398638
1692 9.3 4.41 -19.3 -0.803276 0.317106 0.307799 -0.399314
1693 9.37 4.33 -19.3 -0.805456 0.322576 0.311157 -0.387772
1694 9.45 4.26 -19.3 -0.807326 0.319971 0.305376 -0.390625
1695 9.55 4.18 -19.4 -0.809271 0.318558 0.289478 -0.399754
1696 9.64 4.09 -19.4 -0.804983 0.328 0.301552 -0.391771
1697 9.71 4.02 -19.5 -0.788194 0.338751 0.322154 -0.400268
1698 9.79 3.94 -19.5 -0.792646 0.336672 0.319865 -0.395032
1699 9.87 3.85 -19.5 -0.799296 0.330031 0.319466 -0.387488
1700 9.93 3.76 -19.5 -0.813106 0.318786 0.300375 -0.383418
1701 10 3.68 -19.5 -0.81406 0.325636 0.299831 -0.375992
1702 10.1 3.6 -19.5 -0.813593 0.326521 0.289685 -0.3841
1703 10.2 3.52 -19.5 -0.806988 0.34558 0.286323 -0.383881
1704 10.3 3.45 -19.6 -0.805452 0.352473 0.278624 -0.386494
1705 10.4 3.39 -19.6 -0.80617 0.346591 0.271906 -0.395009
1706 10.5 3.31 -19.6 -0.808647 0.336099 0.271571 -0.399221
1707 10.5 3.22 -19.6 -0.813601 0.330137 0.280722 -0.387632
1708 10.6 3.11 -19.7 -0.813251 0.321593 0.283134 -0.393746
1709 10.7 3.03 -19.7 -0.819775 0.323241 0.269378 -0.388484
1710 10.8 2.94 -19.7 -0.821805 0.317027 0.254192 -0.399395
1711 10.9 2.85 -19.7 -0.816131 0.332386 0.25556 -0.397668
1712 11 2.76 -19.7 -0.813829 0.342611 0.250144 -0.39715
1713 11.1 2.68 -19.7 -0.811715 0.346813 0.255008 -0.394728
1714 11.2 2.6 -19.7 -0.811489 0.341164 0.25611 -0.399375
1715 11.3 2.5 -19.7 -0.813357 0.327153 0.271219 -0.397318
1716 11.4 2.4 -19.7 -0.813996 0.330144 0.289405 -0.380343
1717 11.5 2.31 -19.7 -0.815977 0.33222 0.282556 -0.379439
1718 11.6 2.22 -19.8 -0.811811 0.341828 0.2748 -0.385489
1719 11.7 2.14 -19.8 -0.804267 0.349186 0.27138 -0.39696
1720 11.8 2.05 -19.8 -0.809591 0.34368 0.264085 -0.395862
1721 11.9 1.97 -19.8 -0.815174 0.330716 0.264791 -0.394973
1722 11.9 1.87 -19.8 -0.814122 0.320195 0.284522 -0.392082
1723 12 1.78 -19.9 -0.817284 0.317825 0.295996 -0.37871
1724 12.1 1.69 -19.9 -0.818352 0.318071 0.294279 -0.377532
1725 12.2 1.61 -19.9 -0.817535 0.320808 0.284322 -0.384552
1726 12.3 1.52 -19.9 -0.815194 0.323466 0.284498 -0.387156
1727 12.4 1.44 -20 -0.81231 0.325507 0.279497 -0.39507
1728 12.5 1.37 -20 -0.814519 0.32083 0.273071 -0.398822
1729 12.5 1.29 -20 -0.818356 0.311574 0.277446 -0.395271
1730 12.6 1.2 -20 -0.819882 0.301275 0.293044 -0.388784
1731 12.7 1.12 -20 -0.824661 0.29579 0.289229 -0.385733
1732 12.8 1.05 -20 -0.826278 0.29816 0.27462 -0.391086
1733 12.9 0.985 -20 -0.830316 0.290435 0.267509 -0.39327
1734 13 0.924 -20.1 -0.821967 0.302141 0.279169 -0.393886
1735 13 0.863 -20.1 -0.819205 0.306647 0.287698 -0.39
1736 13.1 0.766 -20.1 -0.818607 0.304939 0.287248 -0.392916
1737 13.2 0.69 -20.1 -0.821478 0.298646 0.285706 -0.392881
1738 13.3 0.604 -20.1 -0.825686 0.285996 0.283997 -0.394707
1739 13.4 0.527 -20.1 -0.829739 0.287146 0.285452 -0.384184
1740 13.5 0.442 -20.1 -0.828347 0.287065 0.279702 -0.391409
1741 13.6 0.378 -20.1 -0.82187 0.303352 0.285393 -0.388662
1742 13.7 0.306 -20.1 -0.819388 0.304269 0.291516 -0.38864
1743 13.8 0.223 -20.2 -0.813552 0.31068 0.300899 -0.388679
1744 13.9 0.13 -20.2 -0.825531 0.28286 0.300657 -0.384829
1745 13.9 0.0154 -20.2 -0.811894 0.291686 0.336281 -0.377708
1746 14 -0.0538 -20.2 -0.80687 0.284683 0.335706 -0.393977
1747 14.1 -0.116 -20.2 -0.801812 0.311325 0.30062 -0.41207
1748 14.2 -0.186 -20.2 -0.79792 0.318698 0.296957 -0.41662
1749 14.3 -0.25 -20.2 -0.798373 0.316372 0.317277 -0.4023
1750 14.4 -0.304 -20.2 -0.802934 0.310328 0.301469 -0.410013
1751 14.5 -0.366 -20.3 -0.809301 0.288809 0.286588 -0.42366
1752 14.5 -0.437 -20.3 -0.814696 0.25475 0.288507 -0.433747
1753 14.7 -0.518 -20.3 -0.82238 0.26467 0.285725 -0.414732
1754 14.7 -0.592 -20.3 -0.816502 0.270794 0.300545 -0.411907
1755 14.8 -0.659 -20.3 -0.817096 0.281546 0.289118 -0.411701
1756 14.9 -0.724 -20.3 -0.814148 0.289355 0.268559 -0.425808
1757 15 -0.806 -20.4 -0.790546 0.333146 0.280526 -0.430531
1758 15.1 -0.89 -20.4 -0.793013 0.328368 0.256163 -0.444618
1759 15.2 -1 -20.4 -0.798155 0.320512 0.27584 -0.429108
1760 15.3 -1.09 -20.4 -0.80567 0.297706 0.288588 -0.423066
1761 15.4 -1.17 -20.4 -0.810845 0.295619 0.292828 -0.411573
1762 15.5 -1.25 -20.4 -0.813248 0.292839 0.287708 -0.412429
1763 15.6 -1.34 -20.5 -0.815391 0.295655 0.278523 -0.412493
1764 15.7 -1.42 -20.5 -0.811539 0.305397 0.271313 -0.417764
1765 15.7 -1.49 -20.5 -0.799148 0.3212 0.270747 -0.429987
1766 15.8 -1.56 -20.5 -0.8008 0.319837 0.258327 -0.435535
1767 15.9 -1.65 -20.5 -0.802596 0.311691 0.267346 -0.432684
1768 16 -1.74 -20.5 -0.813989 0.301123 0.26735 -0.418654
1769 16.1 -1.82 -20.5 -0.816995 0.29759 0.273178 -0.4115
1770 16.2 -1.91 -20.6 -0.820096 0.28739 0.264055 -0.418478
1771 16.3 -1.97 -20.6 -0.813744 0.295156 0.273188 -0.419609
1772 16.3 -2.03 -20.6 -0.809418 0.301654 0.272837 -0.423565
1773 16.4 -2.08 -20.7 -0.813159 0.292904 0.271152 -0.423623
1774 16.5 -2.19 -20.6 -0.825998 0.258126 0.289273 -0.409169
1775 16.6 -2.26 -20.6 -0.836801 0.237806 0.291533 -0.39777
1776 16.6 -2.25 -20.6 -0.854087 0.117281 0.339139 -0.376517
1777 16.6 -2.22 -20.6 -0.862042 0.0359905 0.361989 -0.352921
1778 16.6 -2.17 -20.7 -0.852084 -0.0533563 0.378407 -0.357652
1779 16.7 -2.15 -20.8 -0.851298 -0.128924 0.394246 -0.32131
1780 16.8 -2.15 -20.9 -0.839381 -0.17441 0.412565 -0.307915
1781 16.9 -2.14 -20.9 -0.837605 -0.170788 0.416616 -0.309322
1782 17 -2.13 -21 -0.839261 -0.180657 0.409401 -0.30886
1783 17.1 -2.12 -21.1 -0.822995 -0.195517 0.436498 -0.306465
1784 17.2 -2.13 -21.2 -0.826228 -0.20581 0.430378 -0.299609
1785 17.3 -2.11 -21.3 -0.826812 -0.210911 0.434931 -0.287635
1786 17.4 -2.09 -21.4 -0.828581 -0.215782 0.426614 -0.291362
1787 17.5 -2.05 -21.5 -0.821978 -0.212241 0.438084 -0.295615
1788 17.5 -2.02 -21.6 -0.822804 -0.19964 0.43346 -0.308627
1789 17.6 -2.02 -21.7 -0.829734 -0.198843 0.420517 -0.308494
1790 17.7 -1.99 -21.8 -0.834795 -0.209601 0.409776 -0.302107
1791 17.8 -1.97 -21.9 -0.827739 -0.229194 0.412972 -0.302941
1792 17.8 -1.97 -22 -0.822122 -0.230819 0.427428 -0.296888
1793 17.9 -1.96 -22.1 -0.817235 -0.230089 0.438688 -0.294514
1794 18 -1.91 -22.2 -0.825377 -0.235955 0.422667 -0.29057
1795 18.1 -1.84 -22.3 -0.829082 -0.220186 0.413081 -0.305786
1796 18.1 -1.8 -22.4 -0.822862 -0.200164 0.427716 -0.316055
1797 18.2 -1.75 -22.5 -0.820875 -0.204676 0.423043 -0.32451
1798 18.3 -1.71 -22.6 -0.823183 -0.213278 0.421301 -0.315257
1799 18.4 -1.69 -22.7 -0.822748 -0.232135 0.41758 -0.30794
1800 18.4 -1.68 -22.8 -0.819138 -0.233168 0.42775 -0.302779
1801 18.5 -1.67 -22.9 -0.819724 -0.232359 0.436742 -0.288651
1802 18.6 -1.63 -23 -0.820165 -0.231312 0.434885 -0.291032
1803 18.7 -1.59 -23.1 -0.814698 -0.218856 0.443907 -0.302184
1804 18.8 -1.56 -23.2 -0.808895 -0.214875 0.452693 -0.307549
1805 18.8 -1.53 -23.3 -0.812856 -0.217904 0.447661 -0.302295
1806 18.9 -1.51 -23.4 -0.804768 -0.229723 0.455443 -0.303559
1807 19 -1.5 -23.5 -0.798412 -0.239239 0.468829 -0.292409
1808 19.1 -1.48 -23.6 -0.790094 -0.243125 0.48413 -0.286808
1809 19.1 -1.45 -23.7 -0.792415 -0.24344 0.482725 -0.282477
1810 19.2 -1.4 -23.8 -0.791498 -0.228689 0.48269 -0.297058
1811 19.2 -1.37 -23.8 -0.796914 -0.222559 0.469453 -0.308236
1812 19.3 -1.32 -24 -0.802207 -0.233882 0.459303 -0.301338
1813 19.3 -1.3 -24.1 -0.800616 -0.242463 0.460379 -0.297115
1814 19.4 -1.29 -24.1 -0.792858 -0.256352 0.475091 -0.282753
1815 19.5 -1.27 -24.2 -0.779131 -0.287192 0.489765 -0.265718
1816 19.5 -1.25 -24.3 -0.767249 -0.31429 0.494692 -0.260443
1817 19.5 -1.2 -24.4 -0.762114 -0.34623 0.487982 -0.247349
1818 19.5 -1.15 -24.4 -0.724902 -0.425079 0.506162 -0.193971
1819 19.5 -1.14 -24.4 -0.689532 -0.464725 0.531412 -0.161795
1820 19.5 -1.09 -24.5 -0.628591 -0.553474 0.5357 -0.107542
1821 19.5 -0.898 -24.6 -0.635432 -0.557345 0.527015 -0.0885844
1822 19.5 -0.796 -24.7 -0.641444 -0.533397 0.543345 -0.0938774
1823 19.5 -0.685 -24.8 -0.661331 -0.518405 0.531495 -0.106824
1824 19.5 -0.596 -24.9 -0.66247 -0.517196 0.531174 -0.107215
1825 19.5 -0.523 -25 -0.65261 -0.527158 0.535036 -0.0997051
1826 19.5 -0.447 -25.1 -0.641734 -0.533384 0.54348 -0.0911544
1827 19.5 -0.336 -25.2 -0.642027 -0.539763 0.537726 -0.0854927
1828 19.5 -0.221 -25.3 -0.639203 -0.537613 0.542272 -0.0912868
1829 19.4 -0.117 -25.4 -0.639973 -0.536871 0.541378 -0.0954638
1830 19.4 -0.00416 -25.6 -0.641899 -0.538921 0.535867 -0.101861
1831 19.4 0.117 -25.7 -0.634911 -0.548185 0.535186 -0.0997813
1832 19.4 0.217 -25.8 -0.630571 -0.557254 0.532775 -0.0894356
1833 19.4 0.339 -25.9 -0.632224 -0.553415 0.536973 -0.075389
1834 19.4 0.49 -26 -0.641539 -0.548884 0.530529 -0.0754603
1835 19.4 0.626 -26.2 -0.641767 -0.545607 0.532821 -0.0809263
1836 19.4 0.762 -26.3 -0.646822 -0.548419 0.523657 -0.0814872
1837 19.4 0.908 -26.4 -0.648519 -0.56278 0.506503 -0.0784559
1838 19.4 1.05 -26.5 -0.636335 -0.577412 0.507585 -0.063489
1839 19.3 1.19 -26.7 -0.631181 -0.578027 0.513791 -0.0592749
1840 19.3 1.36 -26.8 -0.639417 -0.5718 0.511351 -0.0520661
1841 19.3 1.5 -26.9 -0.65307 -0.558002 0.510483 -0.0392402
1842 19.3 1.65 -27 -0.6632 -0.555778 0.499153 -0.046076
1843 19.3 1.81 -27.1 -0.65974 -0.562381 0.496383 -0.0455481
1844 19.3 1.94 -27.2 -0.660378 -0.567406 0.490904 -0.0310672
1845 19.3 2.09 -27.3 -0.659092 -0.563538 0.497464 -0.0234909
1846 19.3 2.25 -27.4 -0.668306 -0.555759 0.494038 -0.0206233
1847 19.3 2.4 -27.5 -0.682703 -0.541208 0.490086 -0.0287326
1848 19.2 2.55 -27.6 -0.703938 -0.527268 0.474704 -0.0334167
1849 19.3 2.7 -27.7 -0.710141 -0.522111 0.471285 -0.0314767
1850 19.3 2.83 -27.8 -0.708771 -0.52108 0.474778 -0.0265492
1851 19.3 2.95 -27.9 -0.705523 -0.517516 0.483681 -0.0216121
1852 19.3 3.09 -27.9 -0.709585 -0.510353 0.485429 -0.0196889
1853 19.3 3.25 -28 -0.717139 -0.491941 0.492266 -0.0371369
1854 19.3 3.39 -28.1 -0.71971 -0.49267 0.486709 -0.0490829
1855 19.3 3.52 -28.2 -0.714838 -0.501061 0.485429 -0.0479803
1856 19.3 3.64 -28.3 -0.702712 -0.521634 0.4823 -0.0384721
1857 19.3 3.74 -28.4 -0.69462 -0.532646 0.482828 -0.0258465
1858 19.3 3.86 -28.4 -0.691037 -0.536041 0.48451 -0.0194588
1859 19.3 4 -28.5 -0.698285 -0.529913 0.480528 -0.0261477
1860 19.3 4.14 -28.6 -0.699518 -0.520431 0.488572 -0.0335056
1861 19.3 4.26 -28.7 -0.709309 -0.519072 0.475645 -0.0347311
1862 19.4 4.39 -28.7 -0.710112 -0.526631 0.466523 -0.0275171
1863 19.4 4.52 -28.8 -0.694351 -0.545723 0.468506 -0.0237635
1864 19.4 4.65 -28.9 -0.687249 -0.553279 0.470476 -0.0149437
1865 19.4 4.79 -29 -0.691114 -0.552049 0.466348 -0.0110997
1866 19.4 4.95 -29.1 -0.69053 -0.541378 0.479387 -0.0163305
1867 19.4 5.09 -29.2 -0.69088 -0.537027 0.482734 -0.0354142
1868 19.4 5.24 -29.3 -0.692621 -0.535964 0.48109 -0.03963
1869 19.5 5.38 -29.4 -0.682076 -0.546967 0.484095 -0.0353689
1870 19.5 5.52 -29.5 -0.675196 -0.549564 0.491183 -0.0287974
1871 19.5 5.66 -29.6 -0.681024 -0.54282 0.490783 -0.0261582
1872 19.5 5.81 -29.7 -0.690832 -0.525448 0.49512 -0.0388733
1873 19.5 5.95 -29.7 -0.702101 -0.516924 0.487338 -0.0484375
1874 19.5 6.08 -29.8 -0.720082 -0.506605 0.471625 -0.0490176
1875 19.5 6.22 -29.9 -0.719582 -0.507134 0.471985 -0.0473907
1876 19.5 6.35 -30 -0.717838 -0.509819 0.471669 -0.0481729
1877 19.5 6.49 -30.1 -0.723242 -0.505188 0.469125 -0.0403391
1878 19.6 6.63 -30.2 -0.727118 -0.497839 0.471119 -0.0387717
1879 19.6 6.79 -30.3 -0.730354 -0.485575 0.478482 -0.0430759
1880 19.6 6.93 -30.4 -0.738786 -0.476036 0.473375 -0.0591788
1881 19.6 7.07 -30.5 -0.734163 -0.478017 0.478714 -0.057766
1882 19.7 7.21 -30.6 -0.720617 -0.493614 0.483931 -0.0535413
1883 19.7 7.34 -30.7 -0.717657 -0.493847 0.489432 -0.0392402
1884 19.7 7.48 -30.8 -0.721 -0.49036 0.487782 -0.0421148
1885 19.8 7.64 -30.9 -0.729555 -0.469565 0.493832 -0.0582077
1886 19.8 7.78 -31 -0.733297 -0.449086 0.503968 -0.0813241
1887 19.8 7.92 -31.1 -0.733075 -0.443309 0.508237 -0.0881683
1888 19.8 8.06 -31.2 -0.719664 -0.450068 0.520093 -0.0949986
1889 19.9 8.19 -31.4 -0.720314 -0.447277 0.522851 -0.0878549
1890 19.9 8.33 -31.5 -0.726183 -0.440076 0.520818 -0.0879762
1891 19.9 8.48 -31.6 -0.725632 -0.419227 0.533895 -0.112529
1892 19.9 8.59 -31.7 -0.72848 -0.404416 0.538783 -0.124413
1893 19.9 8.71 -31.9 -0.735229 -0.39247 0.537484 -0.128518
1894 19.9 8.8 -32 -0.727505 -0.403059 0.541787 -0.121431
1895 19.9 8.88 -32.2 -0.717578 -0.402815 0.555262 -0.120444
1896 19.9 8.98 -32.3 -0.716208 -0.402595 0.556845 -0.122015
1897 20 9.1 -32.4 -0.717748 -0.40134 0.556196 -0.12004
1898 20 9.21 -32.6 -0.717043 -0.394047 0.557885 -0.139072
1899 20 9.3 -32.7 -0.730985 -0.388253 0.543782 -0.13864
1900 20 9.41 -32.8 -0.738156 -0.389455 0.532136 -0.142416
1901 20 9.5 -33 -0.728139 -0.394082 0.542831 -0.140881
1902 20.1 9.57 -33.1 -0.72657 -0.392241 0.548265 -0.132845
1903 20.1 9.66 -33.2 -0.730047 -0.387923 0.54612 -0.135275
1904 20.1 9.76 -33.3 -0.725146 -0.372513 0.558509 -0.153181
1905 20.1 9.83 -33.4 -0.732114 -0.365874 0.552037 -0.159375
1906 20.1 9.9 -33.5 -0.728246 -0.366031 0.558017 -0.155872
1907 20.2 9.96 -33.6 -0.722701 -0.378184 0.558658 -0.150272
1908 20.2 10 -33.7 -0.703915 -0.399335 0.570733 -0.138925
1909 20.2 10 -33.8 -0.69408 -0.415323 0.574337 -0.126084
1910 20.2 10.1 -33.9 -0.692748 -0.423786 0.569603 -0.126723
1911 20.2 10.2 -34 -0.694513 -0.427752 0.565062 -0.124031
1912 20.2 10.3 -34.1 -0.70018 -0.42666 0.559416 -0.121506
1913 20.2 10.3 -34.2 -0.696454 -0.422764 0.566192 -0.125096
1914 20.2 10.4 -34.3 -0.705543 -0.417421 0.559392 -0.122675
1915 20.2 10.4 -34.4 -0.704853 -0.42379 0.557925 -0.110925
1916 20.2 10.4 -34.5 -0.683339 -0.457956 0.560398 -0.0963235
1917 20.2 10.5 -34.6 -0.66984 -0.473988 0.563843 -0.0934385
1918 20.2 10.5 -34.7 -0.675918 -0.475464 0.55656 -0.0855009
1919 20.2 10.6 -34.8 -0.678003 -0.467721 0.559105 -0.0946081
1920 20.2 10.7 -34.9 -0.698499 -0.445312 0.551167 -0.100055
1921 20.2 10.7 -35 -0.714657 -0.424922 0.544263 -0.11173
1922 20.2 10.8 -35.1 -0.705905 -0.424852 0.555145 -0.114072
1923 20.2 10.8 -35.2 -0.690059 -0.43356 0.568161 -0.114179
1924 20.3 10.9 -35.3 -0.686889 -0.435882 0.571708 -0.106485
1925 20.3 11 -35.4 -0.700835 -0.429531 0.559631 -0.105578
1926 20.3 11 -35.5 -0.704275 -0.4112 0.566568 -0.117952
1927 20.3 11.1 -35.6 -0.705489 -0.401537 0.569417 -0.129682
1928 20.3 11.2 -35.7 -0.710355 -0.400975 0.563207 -0.131956
1929 20.3 11.3 -35.8 -0.706109 -0.414423 0.560404 -0.124943
1930 20.3 11.3 -35.9 -0.69263 -0.432613 0.564934 -0.118154
1931 20.4 11.4 -36 -0.678653 -0.444732 0.574904 -0.105491
1932 20.4 11.5 -36.1 -0.684458 -0.443424 0.567913 -0.11121
1933 20.4 11.6 -36.2 -0.687838 -0.428683 0.571962 -0.126367
1934 20.4 11.6 -36.3 -0.694962 -0.423385 0.564594 -0.137863
1935 20.4 11.7 -36.3 -0.678664 -0.451799 0.567815 -0.113485
1936 20.4 11.7 -36.4 -0.647359 -0.502372 0.568321 -0.0745657
1937 20.4 11.8 -36.4 -0.599589 -0.564839 0.566048 -0.0322445
1938 20.4 11.8 -36.4 -0.55271 -0.622137 0.554389 0.0104713
1939 20.4 11.8 -36.4 -0.50276 -0.680806 0.529657 0.0565616
1940 20.3 11.9 -36.3 -0.468015 -0.708554 0.520147 0.0914356
1941 20.1 12 -36.2 -0.407861 -0.766106 0.479411 0.129985
1942 20.1 12 -36.2 -0.375337 -0.789569 0.465748 0.137045
1943 20 12 -36.1 -0.281078 -0.838421 0.43187 0.177581
1944 20 12.1 -36.1 -0.204872 -0.864783 0.404724 0.215352
1945 19.8 12.2 -36.1 -0.189355 -0.870443 0.379699 0.249606
1946 19.7 12.3 -36 -0.191459 -0.867982 0.381185 0.254262
1947 19.6 12.3 -35.9 -0.201526 -0.866968 0.372695 0.262399
1948 19.6 12.4 -35.9 -0.204467 -0.866385 0.369432 0.266627
1949 19.5 12.5 -35.8 -0.194374 -0.869058 0.364275 0.272507
1950 19.4 12.6 -35.8 -0.172489 -0.876014 0.360591 0.269855
1951 19.3 12.7 -35.7 -0.164117 -0.877164 0.35996 0.27217
1952 19.2 12.7 -35.7 -0.174347 -0.872656 0.357802 0.282937
1953 19.1 12.8 -35.6 -0.182468 -0.871079 0.367532 0.2699
1954 19 12.9 -35.5 -0.193299 -0.870911 0.367597 0.262722
1955 18.9 12.9 -35.5 -0.197913 -0.867666 0.372707 0.262821
1956 18.8 13 -35.4 -0.200559 -0.869343 0.370482 0.258383
1957 18.7 13.1 -35.4 -0.192733 -0.870776 0.372484 0.256629
1958 18.6 13.2 -35.3 -0.185054 -0.864932 0.383423 0.265771
1959 18.5 13.3 -35.2 -0.192254 -0.861412 0.383825 0.271452
1960 18.4 13.3 -35.1 -0.207182 -0.858799 0.392556 0.255814
1961 18.3 13.4 -35.1 -0.224859 -0.856539 0.392088 0.249089
1962 18.2 13.5 -35 -0.227357 -0.855813 0.391811 0.249754
1963 18.2 13.6 -35 -0.228727 -0.856182 0.39219 0.246625
1964 18.1 13.7 -34.9 -0.217965 -0.859013 0.393477 0.244466
1965 18 13.8 -34.9 -0.218713 -0.857549 0.397523 0.242386
1966 17.9 13.8 -34.8 -0.229992 -0.852748 0.402597 0.240501
1967 17.8 13.9 -34.8 -0.24002 -0.849742 0.413873 0.221445
1968 17.7 14 -34.7 -0.252782 -0.848511 0.414166 0.211177
1969 17.6 14.1 -34.6 -0.256194 -0.846103 0.412863 0.219129
1970 17.5 14.2 -34.6 -0.247194 -0.850182 0.410681 0.21778
1971 17.4 14.3 -34.6 -0.236377 -0.851323 0.408418 0.229282
1972 17.3 14.4 -34.5 -0.243067 -0.842909 0.418512 0.235098
1973 17.2 14.5 -34.5 -0.260779 -0.835129 0.423135 0.235606
1974 17.1 14.6 -34.4 -0.272437 -0.832717 0.430342 0.217176
1975 17 14.7 -34.4 -0.286582 -0.831252 0.427877 0.209313
1976 16.9 14.8 -34.3 -0.291168 -0.82841 0.426534 0.216858
1977 16.8 14.9 -34.3 -0.287432 -0.832023 0.421055 0.218707
1978 16.7 15 -34.3 -0.288218 -0.825898 0.42549 0.231906
1979 16.6 15.1 -34.3 -0.290207 -0.818432 0.436068 0.236206
1980 16.5 15.2 -34.2 -0.302981 -0.812692 0.441705 0.229415
1981 16.4 15.4 -34.2 -0.315525 -0.806758 0.44852 0.220033
1982 16.3 15.5 -34.1 -0.33549 -0.802242 0.445428 0.213186
1983 16.2 15.6 -34.1 -0.332681 -0.806232 0.438508 0.216853
1984 16.1 15.7 -34.1 -0.313791 -0.81564 0.438321 0.210099
1985 16.1 15.9 -34.1 -0.295777 -0.819299 0.445649 0.206547
1986 16 16 -34 -0.306253 -0.814947 0.448346 0.202622
1987 15.9 16.1 -34 -0.327741 -0.802869 0.462069 0.185689
1988 15.8 16.2 -34 -0.341603 -0.795115 0.468735 0.177164
1989 15.7 16.3 -34 -0.342502 -0.795289 0.466826 0.179673
1990 15.6 16.4 -33.9 -0.33232 -0.801452 0.461957 0.183942
1991 15.5 16.5 -33.9 -0.325292 -0.802355 0.458433 0.200625
1992 15.4 16.6 -33.9 -0.322111 -0.798763 0.461983 0.211647
1993 15.4 16.7 -33.9 -0.339439 -0.793394 0.460731 0.207444
1994 15.3 16.9 -33.9 -0.349172 -0.78866 0.469244 0.189483
1995 15.2 17 -33.8 -0.362126 -0.786552 0.470451 0.169932
1996 15.1 17.1 -33.8 -0.365791 -0.786407 0.467316 0.171398
1997 15.1 17.2 -33.9 -0.362148 -0.792382 0.458928 0.174255
1998 15 17.3 -33.9 -0.351909 -0.794526 0.460942 0.180057
1999 14.9 17.4 -33.9 -0.351424 -0.792399 0.463781 0.183067
2000 14.9 17.5 -33.9 -0.362361 -0.788575 0.461767 0.183347
2001 14.8 17.6 -33.9 -0.363283 -0.782691 0.475224 0.171997
2002 14.7 17.7 -33.9 -0.363441 -0.78022 0.482093 0.163565
2003 14.7 17.8 -33.9 -0.366325 -0.781783 0.477894 0.161984
2004 14.6 18 -33.9 -0.36217 -0.785919 0.474246 0.162031
2005 14.5 18.1 -33.9 -0.352804 -0.791349 0.470092 0.168254
2006 14.5 18.2 -33.9 -0.339576 -0.791788 0.478562 0.169526
2007 14.4 18.3 -33.9 -0.340826 -0.789881 0.481966 0.166236
2008 14.4 18.4 -33.9 -0.353566 -0.781827 0.485733 0.166734
2009 14.3 18.5 -33.9 -0.370458 -0.774306 0.484211 0.169562
2010 14.2 18.6 -33.9 -0.384464 -0.773204 0.47465 0.170444
2011 14.2 18.7 -33.9 -0.388243 -0.77609 0.464556 0.176462
2012 14.1 18.8 -33.9 -0.373178 -0.784372 0.465159 0.170661
2013 14.1 18.9 -34 -0.36581 -0.78589 0.466304 0.17641
2014 14 19 -34 -0.368172 -0.780649 0.470479 0.183536
2015 13.9 19.1 -34 -0.389292 -0.767456 0.474206 0.18599
2016 13.9 19.3 -34 -0.393302 -0.764215 0.479874 0.176097
2017 13.8 19.4 -34 -0.395445 -0.762135 0.480133 0.179572
2018 13.8 19.5 -34 -0.366302 -0.776052 0.4805 0.180791
2019 13.8 19.6 -34.1 -0.356476 -0.77543 0.483724 0.194021
2020 13.7 19.7 -34 -0.346631 -0.784702 0.469993 0.207838
2021 13.6 19.8 -34 -0.330128 -0.791438 0.468545 0.212384
2022 13.6 19.9 -34 -0.264173 -0.81745 0.446668 0.24995
2023 13.5 20.3 -33.9 -0.408582 -0.730938 0.521107 0.165035
2024 13.4 20.5 -34 -0.395935 -0.743149 0.515849 0.157688
2025 13.4 20.6 -34 -0.447203 -0.703461 0.538569 0.122865
2026 13.4 20.6 -34.1 -0.518024 -0.643901 0.558097 0.0746396
2027 13.4 20.7 -34.1 -0.56589 -0.585265 0.579767 0.033228
2028 13.4 20.7 -34.1 -0.611238 -0.513964 0.601711 -0.0131233
2029 13.5 20.7 -34.1 -0.654361 -0.442707 0.609628 -0.0646202
2030 13.5 20.7 -34.2 -0.68115 -0.382846 0.614765 -0.107363
2031 13.5 20.6 -34.2 -0.712566 -0.322492 0.609613 -0.128917
2032 13.6 20.6 -34.2 -0.730276 -0.266779 0.608352 -0.159481
2033 13.6 20.9 -34.7 -0.723837 -0.337571 0.579491 -0.162159
2034 13.6 20.9 -34.8 -0.715117 -0.35333 0.581245 -0.160995
2035 13.6 21 -34.9 -0.718874 -0.356879 0.579721 -0.140644
2036 13.7 21.1 -35 -0.7183 -0.354095 0.583078 -0.13668
2037 13.7 21.1 -35.1 -0.716007 -0.350694 0.58564 -0.146196
2038 13.7 21.2 -35.2 -0.720462 -0.341228 0.582403 -0.159077
2039 13.7 21.3 -35.3 -0.721221 -0.337202 0.584418 -0.156815
2040 13.7 21.4 -35.4 -0.708606 -0.345589 0.594248 -0.159107
2041 13.7 21.4 -35.5 -0.701288 -0.331378 0.612555 -0.152183
2042 13.8 21.4 -35.6 -0.725699 -0.260606 0.607235 -0.191602
2043 13.8 21.5 -35.6 -0.760836 -0.184626 0.578763 -0.2282
2044 13.8 21.5 -35.6 -0.797153 -0.083037 0.536335 -0.264569
2045 13.8 21.4 -35.6 -0.809446 -0.0310916 0.519381 -0.272166
2046 13.8 21.5 -35.6 -0.7383 -0.311273 0.583371 -0.133046
2047 13.7 21.5 -35.5 -0.700136 -0.391073 0.590858 -0.0880826
2048 13.7 21.5 -35.5 -0.662258 -0.462816 0.587408 -0.0465611
2049 13.7 21.5 -35.5 -0.61215 -0.52894 0.58777 -0.00462642
2050 13.6 21.5 -35.4 -0.565132 -0.564185 0.601189 0.0298707
2051 13.5 21.6 -35.3 -0.513686 -0.614521 0.594414 0.0718456
2052 13.5 21.6 -35.2 -0.467837 -0.672551 0.559871 0.12389
2053 13.4 21.6 -35.1 -0.435561 -0.705747 0.532997 0.167698
2054 13.4 21.6 -35 -0.352516 -0.759616 0.507582 0.202674
2055 13.4 21.6 -35 -0.299619 -0.790878 0.470089 0.2525
2056 13.5 21.5 -35 -0.205312 -0.837141 0.406015 0.303634
2057 13.4 21.5 -35 -0.145081 -0.853083 0.359931 0.348783
2058 13.4 21.5 -34.8 -0.0754315 -0.86429 0.324906 0.376497
2059 13.3 21.5 -34.7 -0.0629139 -0.873638 0.303648 0.374963
2060 13.3 21.4 -34.6 -0.0375237 -0.871311 0.287099 0.396212
2061 13.2 21.5 -34.5 -0.0130849 -0.873235 0.273556 0.403059
2062 13.1 21.5 -34.4 0.00270146 -0.878685 0.263114 0.398343
2063 13.1 21.5 -34.3 0.0204388 -0.879143 0.259217 0.399371
2064 13 21.5 -34.2 0.0208915 -0.877837 0.260783 0.401195
2065 13 21.5 -34.1 0.020373 -0.875388 0.265373 0.403556
2066 12.9 21.5 -34 0.00280112 -0.878598 0.265725 0.396797
2067 12.9 21.5 -33.9 -0.014606 -0.878458 0.262688 0.398864
2068 12.8 21.5 -33.7 -0.00618498 -0.874878 0.258263 0.409695
2069 12.8 21.5 -33.6 -0.00148447 -0.87603 0.248747 0.413151
2070 12.7 21.6 -33.5 0.0060381 -0.877719 0.234646 0.417749
2071 12.6 21.6 -33.4 0.00989454 -0.880712 0.239519 0.408508
2072 12.6 21.6 -33.3 -0.00086561 -0.877183 0.25359 0.407727
2073 12.5 21.6 -33.2 -0.0216245 -0.878267 0.273157 0.391874
2074 12.4 21.6 -33 -0.0388329 -0.878725 0.283406 0.38212
2075 12.4 21.7 -32.9 -0.0482999 -0.875494 0.289743 0.3837
2076 12.3 21.7 -32.8 -0.0516549 -0.875952 0.285228 0.385598
2077 12.2 21.8 -32.7 -0.0423838 -0.875599 0.281479 0.390255
2078 12.1 21.8 -32.6 -0.0375635 -0.872253 0.291197 0.391111
2079 12.1 21.8 -32.5 -0.0532079 -0.867417 0.298379 0.394623
2080 12 21.9 -32.4 -0.0686823 -0.868975 0.315921 0.374646
2081 11.9 21.9 -32.3 -0.0887111 -0.87097 0.318759 0.363228
2082 11.9 21.9 -32.2 -0.089983 -0.869259 0.320477 0.365494
2083 11.8 22 -32.1 -0.0893129 -0.869547 0.316071 0.368796
2084 11.7 22 -32 -0.08922 -0.867486 0.322403 0.368191
2085 11.7 22.1 -31.9 -0.0888058 -0.859643 0.336843 0.373717
2086 11.6 22.2 -31.8 -0.108688 -0.852894 0.347887 0.373809
2087 11.5 22.2 -31.7 -0.139106 -0.850088 0.366349 0.351835
2088 11.5 22.2 -31.6 -0.1693 -0.84686 0.372773 0.339419
2089 11.4 22.3 -31.6 -0.185125 -0.840851 0.380008 0.338071
2090 11.3 22.4 -31.5 -0.179613 -0.843225 0.379676 0.335494
2091 11.3 22.5 -31.5 -0.170443 -0.841479 0.385042 0.338535
2092 11.2 22.6 -31.4 -0.186797 -0.8315 0.395217 0.342809
2093 11.1 22.7 -31.3 -0.206823 -0.826966 0.408984 0.325705
2094 11.1 22.7 -31.2 -0.222707 -0.824908 0.41282 0.315449
2095 11 22.8 -31.2 -0.242261 -0.820457 0.41737 0.306533
2096 10.9 22.9 -31.1 -0.250314 -0.817426 0.41918 0.305689
2097 10.9 23 -31.1 -0.249474 -0.821632 0.412234 0.304542
2098 10.8 23.2 -31 -0.254991 -0.817879 0.417638 0.302709
2099 10.7 23.3 -31 -0.277818 -0.805739 0.427544 0.301343
2100 10.7 23.3 -30.9 -0.291298 -0.800447 0.442032 0.281138
2101 10.6 23.4 -30.9 -0.313259 -0.791638 0.444212 0.279024
2102 10.6 23.6 -30.9 -0.328382 -0.781526 0.446632 0.286187
2103 10.5 23.7 -30.9 -0.310668 -0.790596 0.446259 0.281595
2104 10.5 23.8 -31 -0.329283 -0.775087 0.465745 0.271836
2105 10.5 23.9 -31 -0.378256 -0.743588 0.495348 0.242137
2106 10.5 24 -31 -0.432732 -0.698413 0.528363 0.213995
2107 10.4 24.2 -31 -0.435564 -0.700605 0.516268 0.23001
2108 10.4 24.3 -31.1 -0.415614 -0.708728 0.520937 0.231504
2109 10.4 24.4 -31.1 -0.387413 -0.717929 0.540652 0.205389
2110 10.3 24.5 -31.1 -0.399529 -0.705948 0.54856 0.20272
2111 10.3 24.7 -31.1 -0.403517 -0.692559 0.564322 0.197678
2112 10.2 24.8 -31.1 -0.412012 -0.682504 0.569741 0.199574
2113 10.2 24.9 -31.2 -0.415634 -0.688545 0.559295 0.200855
2114 10.1 25 -31.2 -0.381137 -0.704687 0.570462 0.180898
2115 10.1 25.1 -31.3 -0.374646 -0.714254 0.553332 0.208102
2116 10 25.2 -31.3 -0.360466 -0.724126 0.540322 0.231858
2117 9.95 25.3 -31.3 -0.345763 -0.726109 0.549985 0.225232
2118 9.89 25.4 -31.3 -0.341505 -0.727903 0.555987 0.210735
2119 9.81 25.5 -31.3 -0.346864 -0.725827 0.55355 0.215507
2120 9.73 25.7 -31.3 -0.320924 -0.740113 0.550611 0.214634
2121 9.67 25.8 -31.4 -0.294782 -0.749872 0.552177 0.214234
2122 9.6 25.9 -31.4 -0.30797 -0.746093 0.547768 0.220115
2123 9.51 26 -31.4 -0.307037 -0.740588 0.552896 0.227073
2124 9.44 26.1 -31.3 -0.311927 -0.742192 0.554784 0.209922
2125 9.38 26.2 -31.3 -0.314593 -0.740108 0.559035 0.201867
2126 9.32 26.3 -31.3 -0.315318 -0.738346 0.557241 0.2119
2127 9.24 26.5 -31.4 -0.280918 -0.753485 0.558505 0.203512
2128 9.17 26.6 -31.4 -0.267706 -0.753263 0.564177 0.206477
2129 9.1 26.7 -31.4 -0.264115 -0.759908 0.560229 0.197299
2130 9.01 26.8 -31.4 -0.256746 -0.75914 0.562657 0.20299
2131 8.92 26.9 -31.4 -0.266698 -0.754545 0.570308 0.185157
2132 8.83 27 -31.3 -0.282472 -0.750718 0.56543 0.192147
2133 8.76 27.1 -31.4 -0.268464 -0.754942 0.562381 0.204247
2134 8.69 27.2 -31.4 -0.242709 -0.765535 0.557357 0.210717
2135 8.64 27.3 -31.4 -0.242123 -0.765032 0.550867 0.229452
2136 8.57 27.4 -31.4 -0.255522 -0.762142 0.543307 0.242211
2137 8.47 27.5 -31.4 -0.241892 -0.758437 0.565183 0.216401
2138 8.4 27.6 -31.3 -0.243006 -0.757232 0.567324 0.213758
2139 8.33 27.7 -31.3 -0.240726 -0.763036 0.557336 0.221819
2140 8.24 27.8 -31.3 -0.223074 -0.771492 0.55194 0.224498
2141 8.18 27.9 -31.4 -0.205383 -0.775079 0.5478 0.238716
2142 8.14 28 -31.4 -0.211911 -0.776089 0.532252 0.263603
2143 8.07 28.1 -31.3 -0.208116 -0.779118 0.523051 0.275827
2144 7.98 28.2 -31.3 -0.188457 -0.779311 0.527905 0.280133
2145 7.93 28.2 -31.3 -0.195547 -0.780209 0.517546 0.291858
2146 7.87 28.3 -31.2 -0.184275 -0.785515 0.505347 0.305996
2147 7.79 28.4 -31.2 -0.162313 -0.791135 0.501826 0.309726
2148 7.75 28.5 -31.2 -0.15228 -0.79645 0.495001 0.312174
2149 7.67 28.6 -31.2 -0.154495 -0.796339 0.484413 0.327597
2150 7.58 28.7 -31.1 -0.164058 -0.78491 0.501309 0.3251
2151 7.52 28.8 -31 -0.169151 -0.783013 0.503323 0.323952
2152 7.47 28.8 -31 -0.188235 -0.771544 0.505905 0.336671
2153 7.4 28.9 -31 -0.196061 -0.77119 0.502966 0.337418
2154 7.32 29 -30.9 -0.181994 -0.771621 0.499681 0.348996
2155 7.26 29.1 -30.9 -0.179921 -0.763249 0.498655 0.369355
2156 7.21 29.2 -30.9 -0.183068 -0.766181 0.498323 0.362114
2157 7.11 29.3 -30.8 -0.200621 -0.75944 0.514244 0.344318
2158 7.06 29.4 -30.7 -0.20795 -0.755897 0.518699 0.341067
2159 7 29.5 -30.7 -0.20867 -0.755767 0.517814 0.342261
2160 6.93 29.6 -30.7 -0.189927 -0.761655 0.509113 0.353006
2161 6.88 29.7 -30.7 -0.201537 -0.752661 0.511076 0.362885
2162 6.81 29.8 -30.7 -0.224784 -0.743762 0.525328 0.346872
2163 6.73 30 -30.6 -0.241627 -0.731747 0.54936 0.323059
2164 6.68 30 -30.6 -0.242262 -0.73769 0.552222 0.303601
2165 6.62 30.1 -30.6 -0.253336 -0.734765 0.537326 0.327448
2166 6.56 30.2 -30.6 -0.237964 -0.743069 0.530735 0.330971
2167 6.54 30.3 -30.7 -0.245739 -0.736346 0.534186 0.334742
2168 6.54 30.3 -30.6 -0.320286 -0.692573 0.608685 0.217399
2169 6.55 30.4 -30.6 -0.384306 -0.644883 0.640299 0.162641
2170 6.53 30.4 -30.7 -0.436353 -0.589955 0.670888 0.107039
2171 6.54 30.4 -30.7 -0.48274 -0.537896 0.689406 0.0484731
2172 6.54 30.4 -30.7 -0.509908 -0.492202 0.705434 -0.00968193
2173 6.53 30.5 -30.9 -0.478992 -0.510144 0.71387 -0.0266463
2174 6.5 30.6 -31 -0.467574 -0.509604 0.721548 -0.0323468
2175 6.45 30.7 -31.1 -0.468634 -0.487334 0.735724 -0.0399647
2176 6.38 30.7 -31.2 -0.468674 -0.467888 0.746964 -0.0589142
2177 6.34 30.8 -31.3 -0.490014 -0.461316 0.737482 -0.056517
2178 6.29 30.9 -31.4 -0.476743 -0.480146 0.735307 -0.0387286
2179 6.26 30.9 -31.5 -0.465896 -0.493486 0.733892 -0.0285453
2180 6.22 31 -31.6 -0.47597 -0.499671 0.723404 -0.0216177
2181 6.17 31 -31.7 -0.485018 -0.498486 0.71823 -0.0203835
2182 6.12 31.1 -31.8 -0.478693 -0.495874 0.723552 -0.0378635
2183 6.07 31.2 -31.9 -0.480386 -0.486083 0.727288 -0.0632834
2184 6.02 31.3 -32 -0.478215 -0.488929 0.726138 -0.0705838
2185 5.97 31.3 -32.1 -0.455919 -0.502412 0.732603 -0.0548856
2186 5.94 31.4 -32.2 -0.449746 -0.505155 0.735667 -0.0366175
2187 5.89 31.4 -32.3 -0.46439 -0.499343 0.730852 -0.029199
2188 5.81 31.5 -32.4 -0.457875 -0.480655 0.746367 -0.0475155
2189 5.76 31.6 -32.5 -0.449546 -0.470545 0.756356 -0.066489
2190 5.7 31.6 -32.5 -0.464285 -0.474086 0.743349 -0.0843368
2191 5.68 31.6 -32.6 -0.468204 -0.474946 0.744056 -0.0399029
2192 5.87 31.4 -32.4 -0.423596 -0.645602 0.635352 0.00961388
2193 5.96 31.3 -32.4 -0.395956 -0.676261 0.620418 0.0311619
2194 6.01 31.2 -32.3 -0.406324 -0.694544 0.590189 0.0647084
2195 6.03 31.1 -32.3 -0.399256 -0.689357 0.602851 0.0441913
2196 6.07 31 -32.2 -0.404053 -0.679697 0.612064 0.0114514
2197 6.11 31 -32.1 -0.414881 -0.669413 0.616166 0.00996415
2198 6.22 30.8 -32.1 -0.377034 -0.677467 0.631572 -0.000501833
2199 6.32 30.7 -32.1 -0.384217 -0.683637 0.620195 0.0193701
2200 6.38 30.6 -32 -0.402963 -0.677751 0.614291 0.030337
2201 6.41 30.6 -32 -0.414595 -0.660996 0.625436 0.00514564
2202 6.46 30.5 -31.9 -0.432284 -0.660553 0.613568 0.0182834
2203 6.55 30.4 -31.9 -0.417961 -0.673337 0.609702 0.0137704
2204 6.66 30.3 -31.9 -0.421696 -0.672323 0.607681 0.0296271
2205 6.7 30.3 -31.9 -0.411533 -0.681275 0.604843 0.0258728
2206 6.66 30.2 -31.8 -0.326715 -0.714445 0.615216 0.0658441
2207 6.66 30.2 -31.7 -0.240952 -0.756508 0.597849 0.11052
2208 6.66 30.1 -31.6 -0.181748 -0.767285 0.598898 0.139866
2209 6.73 30.1 -31.6 -0.127925 -0.783885 0.589108 0.148696
2210 6.84 30 -31.6 -0.111888 -0.78278 0.580867 0.193211
2211 6.92 29.9 -31.6 -0.0973165 -0.772732 0.605858 0.162326
2212 7.03 29.8 -31.6 -0.136023 -0.762994 0.618039 0.13178
2213 7.1 29.8 -31.6 -0.128895 -0.758942 0.622474 0.141136
2214 7.21 29.7 -31.7 -0.0744928 -0.754215 0.629057 0.172909
2215 7.28 29.7 -31.8 -0.0565259 -0.758571 0.616001 0.204738
2216 7.42 29.6 -31.6 -0.0734305 -0.75695 0.618716 0.197041
2217 7.5 29.6 -31.6 -0.0872135 -0.746716 0.624911 0.210465
2218 7.63 29.5 -31.7 -0.0884044 -0.77115 0.603407 0.182791
2219 7.69 29.5 -31.7 0.0181442 -0.785694 0.565866 0.249302
2220 7.69 29.4 -31.7 0.0829888 -0.788719 0.535856 0.289644
2221 7.8 29.4 -31.7 0.0288029 -0.781407 0.552792 0.28809
2222 7.89 29.4 -31.8 0.0520592 -0.768228 0.531178 0.353504
2223 7.95 29.3 -31.8 0.0606333 -0.759859 0.521152 0.383847
2224 8.04 29.2 -31.8 0.00821694 -0.756792 0.571783 0.316644
2225 8.13 29.2 -31.8 -0.0589812 -0.744889 0.604745 0.27558
2226 8.26 29.1 -32 -0.00720914 -0.745308 0.588676 0.312929
2227 8.34 29.1 -32 -0.0015597 -0.748345 0.563451 0.349999
2228 8.4 29 -32.1 -0.0246504 -0.753339 0.581862 0.305466
2229 8.51 28.9 -32.1 -0.0749287 -0.748238 0.591583 0.290785
2230 8.58 28.9 -32.2 -0.0566861 -0.772634 0.543926 0.322441
2231 8.66 28.8 -32.2 -0.0601236 -0.769298 0.537872 0.339498
2232 8.75 28.8 -32.3 -0.153059 -0.744983 0.590284 0.270439
2233 8.76 28.8 -32.4 -0.117519 -0.761658 0.576249 0.272037
2234 8.86 28.7 -32.4 -0.114211 -0.758958 0.560871 0.310424
2235 8.95 28.6 -32.5 -0.15673 -0.739087 0.58598 0.292939
2236 9.06 28.5 -32.6 -0.115495 -0.737146 0.573409 0.338347
2237 9.09 28.5 -32.6 -0.12266 -0.742602 0.569777 0.329927
2238 9.22 28.4 -32.6 -0.171603 -0.728972 0.584779 0.311747
2239 9.26 28.3 -32.6 -0.194314 -0.729187 0.597336 0.271511
2240 9.42 28.2 -32.7 -0.204706 -0.726864 0.585373 0.295132
2241 9.47 28.1 -32.7 -0.220858 -0.712313 0.619321 0.245507
2242 9.55 28 -32.7 -0.237354 -0.704109 0.622579 0.245539
2243 9.62 27.9 -32.7 -0.253574 -0.701465 0.630542 0.214627
2244 9.71 27.8 -32.8 -0.223321 -0.713736 0.616408 0.246475
2245 9.76 27.8 -32.8 -0.227343 -0.720262 0.599208 0.265493
2246 9.71 27.8 -32.8 -0.285139 -0.690889 0.635307 0.194301
2247 9.71 27.8 -32.8 -0.354215 -0.65314 0.656901 0.128145
2248 9.7 27.8 -32.8 -0.419521 -0.61019 0.668697 0.0671943
2249 9.75 27.8 -32.9 -0.478368 -0.55503 0.680278 -0.018119
2250 9.77 27.8 -32.9 -0.504835 -0.520109 0.685913 -0.0644303
2251 9.83 27.7 -33 -0.537816 -0.457059 0.696238 -0.130783
2252 9.82 27.7 -33 -0.561049 -0.360514 0.715682 -0.207494
2253 9.85 27.7 -33.1 -0.591411 -0.264601 0.710817 -0.273786
2254 9.81 27.7 -33.1 -0.620809 -0.181253 0.689335 -0.326437
2255 9.81 27.6 -33 -0.638975 -0.0890811 0.659273 -0.386179
2256 9.85 27.6 -33 -0.64999 -0.0228626 0.62297 -0.434624
2257 9.87 27.6 -33 -0.656048 0.0385804 0.584794 -0.47553
2258 9.98 27.5 -32.9 -0.65986 0.126515 0.511298 -0.535868
2259 10 27.4 -32.9 -0.651582 0.192987 0.46691 -0.565855
2260 10.1 27.3 -32.8 -0.647316 0.266835 0.409464 -0.58491
2261 10.1 27.3 -32.8 -0.620028 0.316759 0.373583 -0.612915
2262 10.3 27.1 -32.8 -0.619737 0.32877 0.348943 -0.62135
2263 10.4 27 -32.8 -0.599253 0.37682 0.349864 -0.613594
2264 10.4 26.9 -32.8 -0.59057 0.392285 0.331446 -0.622481
2265 10.5 26.8 -32.8 -0.587043 0.406246 0.315789 -0.624997
2266 10.6 26.7 -32.7 -0.58161 0.412627 0.315775 -0.625903
2267 10.7 26.6 -32.7 -0.582124 0.42248 0.319882 -0.616699
2268 10.8 26.5 -32.6 -0.582954 0.422662 0.31887 -0.616315
2269 10.9 26.4 -32.6 -0.585679 0.424266 0.299286 -0.62242
2270 11 26.3 -32.5 -0.577353 0.446674 0.299795 -0.614222
2271 11.1 26.1 -32.4 -0.574024 0.462907 0.301012 -0.604653
2272 11.2 26 -32.4 -0.571165 0.46412 0.29584 -0.608968
2273 11.2 25.9 -32.3 -0.573786 0.459894 0.316111 -0.599451
2274 11.3 25.8 -32.3 -0.579862 0.460032 0.331632 -0.584937
2275 11.4 25.7 -32.2 -0.584284 0.432575 0.334076 -0.599904
2276 11.5 25.7 -32.1 -0.586766 0.42042 0.327907 -0.60945
2277 11.6 25.5 -32 -0.578482 0.439461 0.330601 -0.602441
2278 11.6 25.4 -32 -0.564203 0.452344 0.33629 -0.603298
2279 11.7 25.3 -32 -0.564527 0.443967 0.333534 -0.610703
2280 11.8 25.2 -31.9 -0.569817 0.429543 0.353091 -0.605086
2281 11.9 25.1 -31.9 -0.57531 0.426181 0.375767 -0.588377
2282 11.9 25 -31.9 -0.593684 0.40253 0.383218 -0.581938
2283 12 24.9 -31.9 -0.6032 0.388977 0.369068 -0.590454
2284 12.1 24.8 -31.9 -0.596703 0.399464 0.378287 -0.584185
2285 12.2 24.7 -31.8 -0.587084 0.408472 0.375697 -0.589351
2286 12.2 24.6 -31.8 -0.58417 0.401194 0.377809 -0.595859
2287 12.3 24.5 -31.8 -0.599847 0.378339 0.381391 -0.592945
2288 12.4 24.4 -31.9 -0.608084 0.365527 0.407816 -0.574725
2289 12.5 24.3 -31.8 -0.61828 0.352417 0.421631 -0.561925
2290 12.5 24.2 -31.8 -0.624194 0.330577 0.430708 -0.561775
2291 12.6 24.1 -31.9 -0.631751 0.321132 0.43688 -0.553986
2292 12.7 24 -31.9 -0.618304 0.324051 0.451931 -0.555382
2293 12.7 23.9 -31.9 -0.628096 0.307043 0.445649 -0.559121
2294 12.8 23.8 -31.9 -0.657704 0.254895 0.483232 -0.518595
2295 12.9 23.7 -31.9 -0.673823 0.200378 0.513997 -0.491547
2296 13 23.6 -32 -0.675734 0.156178 0.531 -0.486858
2297 13.1 23.5 -32.1 -0.676028 0.150183 0.532155 -0.487076
2298 13.1 23.4 -32.1 -0.677238 0.149522 0.536735 -0.480529
2299 13.2 23.4 -32.2 -0.667028 0.151514 0.550126 -0.47904
2300 13.3 23.3 -32.3 -0.651203 0.15907 0.576639 -0.467032
2301 13.3 23.2 -32.3 -0.645945 0.150181 0.590883 -0.45941
2302 13.4 23.1 -32.3 -0.659973 0.140014 0.590355 -0.443071
2303 13.5 23 -32.4 -0.679059 0.111304 0.570406 -0.448471
2304 13.5 23 -32.4 -0.693255 0.0854389 0.558927 -0.446876
2305 13.6 22.9 -32.5 -0.674948 0.0887956 0.579287 -0.448316
2306 13.7 22.8 -32.6 -0.67515 0.0891782 0.577512 -0.450222
2307 13.7 22.7 -32.7 -0.680861 0.0841142 0.567688 -0.455064
2308 13.8 22.7 -32.8 -0.680668 0.0650492 0.56154 -0.465974
2309 13.9 22.5 -32.9 -0.673947 0.0641283 0.592653 -0.436401
2310 14 22.5 -33 -0.679463 0.0496593 0.584548 -0.440644
2311 14.1 22.4 -33.1 -0.699076 0.0358261 0.565816 -0.435732
2312 14.1 22.3 -33.2 -0.693033 0.0475262 0.577796 -0.428484
2313 14.2 22.2 -33.3 -0.687853 0.0414679 0.565985 -0.452548
2314 14.2 22.2 -33.4 -0.700556 0.0458369 0.54198 -0.461928
2315 14.3 22.1 -33.5 -0.69358 0.0433518 0.557116 -0.454632
2316 14.4 22 -33.6 -0.704891 0.0280262 0.561049 -0.433091
2317 14.5 21.9 -33.7 -0.720647 0.0103314 0.551226 -0.42037
2318 14.6 21.8 -33.8 -0.716289 0.0121942 0.557607 -0.419351
2319 14.6 21.7 -34 -0.707093 0.0321564 0.56619 -0.422391
2320 14.7 21.7 -34.1 -0.698817 0.0448429 0.565318 -0.435959
2321 14.8 21.6 -34.2 -0.699194 0.0499403 0.554156 -0.448938
2322 14.9 21.5 -34.3 -0.690404 0.052789 0.554042 -0.462162
2323 14.9 21.4 -34.4 -0.695581 0.062633 0.545021 -0.463892
2324 15 21.4 -34.6 -0.702427 0.0794553 0.529533 -0.468911
2325 15.1 21.3 -34.7 -0.695127 0.119297 0.516338 -0.485759
2326 15.2 21.2 -34.8 -0.700356 0.144068 0.474607 -0.513316
2327 15.2 21.1 -34.9 -0.700305 0.159075 0.456403 -0.525323
2328 15.3 21 -35 -0.697693 0.156776 0.452821 -0.53254
2329 15.4 20.9 -35 -0.696104 0.156129 0.470193 -0.519598
2330 15.5 20.8 -35.1 -0.699247 0.162927 0.463488 -0.519314
2331 15.7 20.7 -35.2 -0.703354 0.173974 0.45404 -0.51853
2332 15.8 20.6 -35.2 -0.70157 0.193174 0.44594 -0.521173
2333 15.9 20.4 -35.3 -0.688967 0.207282 0.442329 -0.535448
2334 16 20.3 -35.4 -0.691774 0.198699 0.445742 -0.532242
2335 16.1 20.2 -35.4 -0.68703 0.184979 0.468136 -0.524043
2336 16.2 20.1 -35.5 -0.693005 0.174763 0.479234 -0.509448
2337 16.3 20 -35.5 -0.686215 0.174942 0.494743 -0.503719
2338 16.4 19.9 -35.6 -0.680516 0.194289 0.503995 -0.495115
2339 16.5 19.7 -35.7 -0.689256 0.191814 0.486908 -0.501054
2340 16.6 19.6 -35.8 -0.700017 0.17501 0.467373 -0.510793
2341 16.7 19.5 -35.8 -0.692639 0.171672 0.485411 -0.50513
2342 16.8 19.4 -35.9 -0.709106 0.151555 0.481166 -0.492625
2343 16.9 19.2 -36 -0.711868 0.14262 0.477453 -0.494917
2344 17 19.1 -36.1 -0.705739 0.162067 0.475871 -0.499214
2345 17.1 19 -36.2 -0.71611 0.162692 0.448716 -0.509285
2346 17.3 18.9 -36.3 -0.716247 0.15589 0.446542 -0.513116
2347 17.4 18.8 -36.3 -0.710514 0.139687 0.468758 -0.505888
2348 17.5 18.7 -36.4 -0.712456 0.129721 0.480067 -0.495091
2349 17.5 18.6 -36.4 -0.719749 0.115052 0.479344 -0.488829
2350 17.6 18.5 -36.5 -0.720906 0.111403 0.483827 -0.483524
2351 17.8 18.4 -36.6 -0.713384 0.129725 0.489355 -0.484548
2352 17.9 18.3 -36.7 -0.70839 0.143525 0.491937 -0.485368
2353 18 18.2 -36.8 -0.696849 0.144693 0.510377 -0.482681
2354 18.1 18.1 -36.9 -0.690323 0.126558 0.537156 -0.467869
2355 18.2 17.9 -37 -0.697565 0.1095 0.539581 -0.458547
2356 18.3 17.8 -37.2 -0.70351 0.106192 0.533317 -0.457569
2357 18.3 17.7 -37.3 -0.701102 0.117286 0.527301 -0.465461
2358 18.4 17.6 -37.4 -0.688783 0.133417 0.529045 -0.477377
2359 18.5 17.5 -37.5 -0.679995 0.130711 0.538418 -0.480237
2360 18.6 17.4 -37.6 -0.691296 0.104768 0.542677 -0.465441
2361 18.7 17.3 -37.6 -0.712121 0.0926998 0.525575 -0.456138
2362 18.8 17.2 -37.8 -0.71047 0.0960633 0.52609 -0.45742
2363 18.8 17.1 -37.9 -0.708921 0.102591 0.512089 -0.473995
2364 18.9 17 -38 -0.720019 0.0902572 0.487379 -0.485683
2365 19 17 -38 -0.720117 0.0803501 0.492777 -0.481815
2366 19.1 16.9 -38.1 -0.72478 0.0574327 0.505144 -0.465
2367 19.2 16.8 -38.2 -0.74274 0.0347294 0.488025 -0.457125
2368 19.3 16.8 -38.3 -0.748798 0.0322374 0.47962 -0.456319
2369 19.4 16.7 -38.4 -0.749269 0.0431567 0.482797 -0.451266
2370 19.4 16.7 -38.6 -0.735168 0.0516377 0.489807 -0.46578
2371 19.5 16.6 -38.7 -0.73291 0.0494863 0.49255 -0.466678
2372 19.6 16.6 -38.8 -0.736938 0.0238204 0.493654 -0.461152
2373 19.7 16.5 -38.9 -0.752337 0.00395273 0.490077 -0.440225
2374 19.8 16.4 -39 -0.751354 0.00629313 0.493448 -0.438106
2375 19.9 16.4 -39.1 -0.734875 0.0327248 0.507302 -0.448924
2376 19.9 16.3 -39.2 -0.735987 0.0412241 0.495064 -0.45993
2377 20 16.3 -39.4 -0.742204 0.0340392 0.478533 -0.467954
2378 20.1 16.2 -39.4 -0.733578 0.0297988 0.493532 -0.466264
2379 20.2 16.1 -39.5 -0.736821 0.0105802 0.49583 -0.459495
2380 20.3 16.1 -39.6 -0.749737 -0.000479621 0.486925 -0.448106
2381 20.4 16 -39.7 -0.758922 0.00283593 0.471218 -0.449424
2382 20.4 16 -39.8 -0.752193 0.0241678 0.469159 -0.462074
2383 20.5 16 -39.9 -0.74677 0.0414226 0.460789 -0.4778
2384 20.6 15.9 -40 -0.749559 0.0436329 0.454506 -0.479251
2385 20.7 15.9 -40.1 -0.738302 0.0541828 0.473521 -0.477234
2386 20.7 15.8 -40.1 -0.74382 0.0466771 0.470985 -0.471939
2387 20.8 15.7 -40.2 -0.754016 0.0452266 0.454974 -0.471606
2388 20.9 15.7 -40.3 -0.752063 0.0513529 0.442703 -0.48557
2389 21 15.6 -40.4 -0.739965 0.0758599 0.456553 -0.488115
2390 21.1 15.6 -40.4 -0.731854 0.0992574 0.457477 -0.49523
2391 21.2 15.5 -40.5 -0.741352 0.0996898 0.436527 -0.499904
2392 21.3 15.4 -40.6 -0.740778 0.099332 0.443576 -0.494593
2393 21.3 15.4 -40.6 -0.74533 0.0909561 0.442159 -0.490617
2394 21.4 15.3 -40.6 -0.751142 0.0858818 0.436449 -0.487772
2395 21.5 15.2 -40.7 -0.754224 0.093911 0.425046 -0.491593
2396 21.6 15.2 -40.8 -0.744628 0.116984 0.426486 -0.499954
2397 21.7 15.1 -40.8 -0.743211 0.129862 0.412761 -0.510296
2398 21.8 15 -40.9 -0.752403 0.126649 0.395951 -0.510952
2399 21.9 15 -40.9 -0.747749 0.122455 0.408276 -0.509104
2400 22 14.9 -40.9 -0.750282 0.112909 0.407284 -0.508377
2401 22.1 14.8 -41 -0.760807 0.116198 0.396597 -0.500381
2402 22.2 14.8 -41 -0.749558 0.162718 0.378017 -0.518449
2403 22.3 14.7 -41 -0.741179 0.198728 0.345808 -0.539979
2404 22.4 14.7 -41 -0.724863 0.263315 0.308752 -0.556696
2405 22.4 14.6 -40.9 -0.702207 0.343731 0.242872 -0.574253
2406 22.4 14.6 -40.8 -0.667083 0.416076 0.194909 -0.586423
2407 22.4 14.6 -40.8 -0.619901 0.483924 0.133368 -0.60312
2408 22.4 14.5 -40.7 0.58639 -0.531486 -0.086465 0.605139
2409 22.4 14.5 -40.6 0.564619 -0.567032 -0.0481841 0.597794
2410 22.5 14.4 -40.4 0.525138 -0.616494 -0.00299826 0.586649
2411 22.6 14.3 -40.3 0.484011 -0.651013 0.0147592 0.584549
2412 22.6 14.2 -40.2 0.460259 -0.665651 0.0246969 0.586907
2413 22.6 14.2 -40.1 0.455041 -0.666361 0.0424212 0.589153
2414 22.6 14.1 -40 0.466526 -0.66957 0.0396503 0.576591
2415 22.6 14.1 -39.9 0.477479 -0.668879 0.0351442 0.568665
2416 22.6 14 -39.8 0.47476 -0.664116 0.0369506 0.576358
2417 22.7 13.9 -39.7 0.473169 -0.660308 0.0532956 0.580745
2418 22.7 13.9 -39.6 0.474352 -0.647053 0.0679209 0.593042
2419 22.7 13.8 -39.5 0.45991 -0.645688 0.0666157 0.605915
2420 22.7 13.8 -39.4 0.457684 -0.641593 0.0627803 0.612326
2421 22.8 13.7 -39.2 0.469999 -0.629363 0.0532664 0.616575
2422 22.8 13.7 -39.1 0.482064 -0.619718 0.0418463 0.61791
2423 22.9 13.6 -39.1 0.481672 -0.623324 0.0435525 0.614461
2424 22.9 13.6 -38.9 0.470978 -0.643082 0.0504865 0.601727
2425 23 13.5 -38.8 0.461913 -0.641835 0.0618897 0.608978
2426 23 13.5 -38.7 0.462647 -0.645111 0.0424331 0.606622
2427 23.1 13.5 -38.6 0.473183 -0.638763 0.0427933 0.605185
2428 23.2 13.4 -38.5 0.487762 -0.632021 0.0446427 0.600537
2429 23.2 13.3 -38.3 0.47726 -0.648312 0.0429503 0.591667
2430 23.3 13.2 -38.2 0.499071 -0.668634 -0.00232664 0.551227
2431 23.3 13.1 -38.1 0.485545 -0.654063 0.0204716 0.579679
2432 23.3 13.1 -38 0.499207 -0.649758 0.00540386 0.573217
2433 23.3 13 -37.8 0.51006 -0.648224 0.000149795 0.56537
2434 23.3 12.9 -37.7 0.503178 -0.657887 -0.00589475 0.560322
2435 23.3 12.8 -37.6 0.492499 -0.680691 -0.00275832 0.542307
2436 23.3 12.7 -37.5 0.474543 -0.690297 0.0152231 0.545955
2437 23.4 12.6 -37.3 0.462456 -0.692359 0.0183343 0.553567
2438 23.4 12.6 -37.2 0.468351 -0.690437 0.00295301 0.551303
2439 23.4 12.5 -37.1 0.483831 -0.673922 -0.00176962 0.558331
2440 23.4 12.4 -37 0.495038 -0.657178 0.000733208 0.568378
2441 23.5 12.3 -36.9 0.47961 -0.656241 0.00281722 0.582507
2442 23.5 12.2 -36.8 0.463686 -0.675555 0.0131114 0.573104
2443 23.5 12.1 -36.7 0.441527 -0.687695 0.0177499 0.576033
2444 23.6 12.1 -36.6 0.448966 -0.682956 0.0293858 0.575446
2445 23.6 12 -36.5 0.454024 -0.681669 0.0176284 0.57348
2446 23.6 12 -36.4 0.452836 -0.671656 0.0125425 0.586226
2447 23.7 11.9 -36.3 0.457523 -0.66801 0.0218085 0.586481
2448 23.7 11.8 -36.2 0.468745 -0.679386 0.0266203 0.563918
2449 23.8 11.8 -36.1 0.458892 -0.703127 0.0205086 0.54278
2450 23.8 11.7 -36 0.444337 -0.692188 0.0487018 0.566629
2451 23.9 11.7 -36 0.472614 -0.666138 0.0293632 0.576224
2452 23.9 11.6 -35.9 0.486948 -0.651144 0.021107 0.581762
2453 23.9 11.6 -35.8 0.534951 -0.597833 -0.0261831 0.596438
2454 23.9 11.6 -35.8 0.58131 -0.540904 -0.0971073 0.60006
2455 24 11.5 -35.9 0.62748 -0.46632 -0.16744 0.600648
2456 24 11.5 -35.9 -0.651142 0.421517 0.21891 -0.591959
2457 24.1 11.4 -35.8 -0.669432 0.372546 0.274037 -0.581356
2458 24.1 11.4 -36 -0.69649 0.308095 0.301846 -0.573471
2459 24.2 11.3 -36 -0.710954 0.235168 0.370384 -0.549596
2460 24.3 11.2 -36 -0.718134 0.194257 0.404321 -0.532046
2461 24.4 11.1 -36 -0.732066 0.159453 0.419695 -0.512358
2462 24.5 11 -36.1 -0.72966 0.133821 0.427293 -0.516825
2463 24.6 10.9 -36.2 -0.730326 0.129774 0.435492 -0.510029
2464 24.7 10.9 -36.2 -0.730899 0.125605 0.435451 -0.510287
2465 24.8 10.8 -36.3 -0.738908 0.119668 0.41704 -0.515531
2466 25 10.7 -36.4 -0.735702 0.111441 0.423145 -0.516984
2467 25.1 10.6 -36.4 -0.74465 0.104759 0.433283 -0.496778
2468 25.2 10.5 -36.5 -0.752492 0.0934199 0.427044 -0.492607
2469 25.4 10.4 -36.6 -0.757078 0.0891135 0.419431 -0.49292
2470 25.5 10.3 -36.7 -0.757925 0.0895549 0.411817 -0.497932
2471 25.6 10.2 -36.8 -0.756208 0.0942819 0.401325 -0.508132
2472 25.8 10.1 -36.9 -0.751366 0.0873968 0.415746 -0.504941
2473 25.9 10 -37 -0.758176 0.0735299 0.416102 -0.49661
2474 26 9.95 -37.1 -0.764771 0.0675662 0.412142 -0.490611
2475 26.2 9.89 -37.2 -0.75787 0.0846515 0.410635 -0.499846
2476 26.3 9.81 -37.3 -0.768912 0.0791052 0.384688 -0.504511
2477 26.4 9.74 -37.4 -0.769106 0.0776365 0.36249 -0.520624
2478 26.6 9.67 -37.4 -0.7696 0.0788682 0.362181 -0.519923
2479 26.7 9.59 -37.5 -0.781786 0.0680631 0.357598 -0.506262
2480 26.9 9.52 -37.6 -0.787784 0.0667647 0.359282 -0.495839
2481 27 9.48 -37.7 -0.789769 0.0749569 0.350444 -0.49783
2482 27.2 9.42 -37.8 -0.788229 0.0834101 0.338969 -0.506791
2483 27.3 9.36 -37.8 -0.790627 0.083102 0.31857 -0.516252
2484 27.4 9.31 -37.9 -0.785217 0.08077 0.320702 -0.523508
2485 27.6 9.25 -38 -0.778371 0.0726253 0.349139 -0.516687
2486 27.7 9.19 -38 -0.776897 0.0677392 0.362175 -0.51056
2487 27.9 9.13 -38.1 -0.779264 0.0673496 0.365944 -0.504278
2488 28.1 9.07 -38.2 -0.775204 0.0858388 0.372053 -0.503257
2489 28.2 9 -38.3 -0.769752 0.0981334 0.367826 -0.512401
2490 28.3 8.93 -38.3 -0.763251 0.101651 0.372327 -0.518158
2491 28.5 8.85 -38.4 -0.767798 0.086324 0.376278 -0.511322
2492 28.6 8.78 -38.5 -0.763633 0.0824125 0.395234 -0.503848
2493 28.8 8.73 -38.6 -0.756782 0.085724 0.412395 -0.499862
2494 28.9 8.67 -38.7 -0.750108 0.107396 0.414782 -0.503745
2495 29 8.6 -38.8 -0.745695 0.120278 0.411194 -0.510286
2496 29.1 8.52 -38.9 -0.737647 0.119021 0.417776 -0.516889
2497 29.3 8.45 -38.9 -0.723236 0.11674 0.445937 -0.514239
2498 29.4 8.38 -39 -0.735074 0.101426 0.440459 -0.505347
2499 29.5 8.33 -39.1 -0.734294 0.0993709 0.447675 -0.500525
2500 29.6 8.28 -39.2 -0.724268 0.106629 0.454833 -0.507143
2501 29.7 8.23 -39.4 -0.728525 0.108844 0.440048 -0.513578
2502 29.8 8.18 -39.5 -0.735183 0.0972333 0.42585 -0.518365
2503 29.9 8.15 -39.5 -0.733171 0.0926984 0.432228 -0.516765
2504 30 8.13 -39.7 -0.731432 0.0841844 0.440808 -0.513428
2505 30.1 8.11 -39.8 -0.734717 0.0825809 0.447122 -0.503442
2506 30.2 8.09 -39.9 -0.733828 0.0862406 0.442305 -0.508355
2507 30.3 8.05 -40 -0.724588 0.112678 0.447242 -0.512105
2508 30.4 8.03 -40.1 -0.728437 0.113495 0.426836 -0.523746
2509 30.4 7.99 -40.1 -0.737017 0.100302 0.410032 -0.527844
2510 30.5 7.95 -40.2 -0.727437 0.0834056 0.438933 -0.520785
2511 30.5 7.98 -40.2 -0.750799 0.0119823 0.475992 -0.457809
2512 30.6 8.05 -40.3 -0.738485 -0.0802839 0.508579 -0.435364
2513 30.5 8.12 -40.4 -0.721475 -0.170021 0.541206 -0.397067
2514 30.4 8.21 -40.5 -0.704248 -0.221291 0.56228 -0.372701
2515 30.4 8.25 -40.5 -0.677899 -0.302287 0.581152 -0.333673
2516 30.4 8.29 -40.6 -0.657025 -0.370919 0.58471 -0.298079
2517 30.4 8.25 -40.7 -0.614476 -0.437884 0.605065 -0.254112
2518 30.4 8.24 -40.8 -0.568865 -0.490683 0.627378 -0.204988
2519 30.3 8.28 -40.9 -0.564345 -0.531773 0.602907 -0.187711
2520 30.3 8.36 -41 -0.56614 -0.536474 0.602856 -0.168065
2521 30.2 8.42 -41.1 -0.566468 -0.532416 0.60468 -0.173233
2522 30.2 8.46 -41.1 -0.573824 -0.526129 0.604672 -0.168184
2523 30.1 8.49 -41.2 -0.561803 -0.535894 0.605135 -0.176086
2524 30.1 8.54 -41.3 -0.553812 -0.545938 0.605576 -0.168886
2525 30.1 8.59 -41.4 -0.54611 -0.551054 0.610997 -0.157437
2526 30 8.64 -41.5 -0.531585 -0.560404 0.614345 -0.161074
2527 30 8.69 -41.6 -0.547381 -0.5574 0.605917 -0.150149
2528 29.9 8.77 -41.7 -0.565613 -0.556028 0.594073 -0.134135
2529 29.9 8.86 -41.8 -0.555876 -0.553501 0.603743 -0.14189
2530 29.8 8.95 -41.9 -0.561156 -0.549248 0.598991 -0.156972
2531 29.8 9.02 -42 -0.571629 -0.547684 0.591965 -0.151195
2532 29.7 9.1 -42 -0.571814 -0.550966 0.589243 -0.149187
2533 29.7 9.19 -42.1 -0.56742 -0.550948 0.592991 -0.151169
2534 29.7 9.25 -42.3 -0.541757 -0.545695 0.616751 -0.168331
2535 29.6 9.32 -42.4 -0.56059 -0.540084 0.607513 -0.158037
2536 29.6 9.4 -42.5 -0.578752 -0.535389 0.596021 -0.152197
2537 29.6 9.49 -42.6 -0.563967 -0.511713 0.621324 -0.18452
2538 29.5 9.56 -42.7 -0.561567 -0.50626 0.626829 -0.188223
2539 29.5 9.62 -42.7 -0.560412 -0.512135 0.623077 -0.188233
2540 29.5 9.68 -42.9 -0.5552 -0.528926 0.615128 -0.183323
2541 29.4 9.74 -43 -0.537206 -0.548288 0.617651 -0.171164
2542 29.4 9.79 -43.1 -0.518832 -0.546401 0.634321 -0.172903
2543 29.4 9.83 -43.2 -0.528468 -0.544167 0.628894 -0.170576
2544 29.4 9.89 -43.3 -0.540937 -0.53892 0.622081 -0.173113
2545 29.3 9.95 -43.4 -0.538268 -0.526326 0.632975 -0.18053
2546 29.3 9.99 -43.5 -0.525117 -0.525333 0.640722 -0.1943
2547 29.3 10 -43.6 -0.531357 -0.529371 0.634832 -0.185512
2548 29.3 10.1 -43.6 -0.509487 -0.539017 0.649255 -0.168382
2549 29.2 10.1 -43.7 -0.517524 -0.535696 0.647367 -0.161602
2550 29.2 10.1 -43.7 -0.522005 -0.512094 0.652996 -0.197148
2551 29.2 10.1 -43.8 -0.599271 -0.379118 0.636746 -0.302818
2552 29.3 10.1 -43.8 -0.614638 -0.351695 0.622294 -0.333589
2553 29.4 10 -43.8 -0.658636 -0.280347 0.581291 -0.386917
2554 29.4 9.95 -43.8 -0.682944 -0.224167 0.553834 -0.420244
2555 29.5 9.96 -43.8 -0.694727 -0.144962 0.513832 -0.481993
2556 29.5 9.95 -43.8 -0.70285 -0.0655653 0.472221 -0.52793
2557 29.5 9.94 -43.7 -0.726198 0.0346094 0.411808 -0.549411
2558 29.5 9.97 -43.7 -0.726514 0.110311 0.37209 -0.567061
2559 29.6 9.97 -43.7 -0.715899 0.177876 0.318837 -0.59514
2560 29.6 9.93 -43.6 -0.690029 0.240399 0.264763 -0.62926
2561 29.6 9.89 -43.5 -0.673951 0.304444 0.195087 -0.64424
2562 29.6 9.85 -43.4 -0.656606 0.361539 0.125977 -0.649837
2563 29.6 9.82 -43.3 -0.650003 0.406798 0.102325 -0.633672
2564 29.7 9.81 -43.1 -0.635634 0.476775 0.0641022 -0.603776
2565 29.6 9.79 -43.1 0.593618 -0.528704 -0.0120475 0.606584
2566 29.7 9.74 -43 0.551011 -0.569761 0.0405116 0.608373
2567 29.7 9.7 -42.9 0.535066 -0.596624 0.0635895 0.594727
2568 29.8 9.64 -42.8 0.532662 -0.60956 0.0684558 0.583114
2569 29.8 9.6 -42.7 0.52359 -0.611477 0.0896986 0.586434
2570 29.8 9.54 -42.6 0.509582 -0.622741 0.0951725 0.586056
2571 29.8 9.5 -42.5 0.506888 -0.620786 0.0998311 0.58968
2572 29.9 9.44 -42.3 0.516948 -0.621105 0.0904681 0.582072
2573 29.9 9.38 -42.2 0.519646 -0.624596 0.0868995 0.576451
2574 29.9 9.33 -42.1 0.517312 -0.630284 0.100109 0.570183
2575 30 9.26 -42 0.514199 -0.639681 0.107393 0.561136
2576 30 9.18 -41.9 0.503468 -0.64099 0.114029 0.568023
2577 30.1 9.12 -41.8 0.4915 -0.635813 0.128707 0.581037
2578 30.1 9.06 -41.7 0.491846 -0.633837 0.128489 0.582948
2579 30.2 9 -41.6 0.505419 -0.63545 0.108221 0.573622
2580 30.2 8.95 -41.4 0.516081 -0.626343 0.113395 0.573146
2581 30.2 8.9 -41.3 0.513999 -0.625531 0.112634 0.576047
2582 30.3 8.83 -41.2 0.506736 -0.630606 0.119097 0.575648
2583 30.3 8.76 -41 0.489322 -0.658176 0.119322 0.55958
2584 30.4 8.69 -40.9 0.474105 -0.646141 0.140373 0.581396
2585 30.4 8.64 -40.8 0.469665 -0.637409 0.145457 0.593269
2586 30.4 8.62 -40.6 0.482477 -0.639525 0.12863 0.584532
2587 30.4 8.57 -40.5 0.480481 -0.614035 0.140649 0.610178
2588 30.4 8.54 -40.4 0.48304 -0.599026 0.151313 0.620439
2589 30.5 8.52 -40.3 0.482955 -0.59074 0.166123 0.624648
2590 30.6 8.51 -40.2 0.476803 -0.604782 0.174224 0.613631
2591 30.6 8.48 -40 0.46954 -0.62492 0.162575 0.602143
2592 30.7 8.45 -39.9 0.452964 -0.617919 0.174821 0.618416
2593 30.7 8.43 -39.8 0.456013 -0.60634 0.180935 0.625833
2594 30.7 8.41 -39.6 0.480483 -0.595655 0.162675 0.622791
2595 30.7 8.38 -39.5 0.493708 -0.593589 0.148555 0.617929
2596 30.8 8.34 -39.4 0.49153 -0.589203 0.148072 0.623949
2597 30.8 8.31 -39.2 0.495567 -0.601927 0.140107 0.610301
2598 30.8 8.25 -39.1 0.489962 -0.61486 0.129359 0.604278
2599 30.9 8.21 -38.9 0.493303 -0.613732 0.121736 0.604289
2600 30.9 8.18 -38.8 0.501628 -0.606537 0.103003 0.608172
2601 31 8.12 -38.6 0.509106 -0.5804 0.104016 0.626999
2602 31 8.08 -38.5 0.50816 -0.565235 0.112471 0.640026
2603 31.1 8.05 -38.4 0.500902 -0.566799 0.117448 0.643461
2604 31.1 7.99 -38.2 0.494745 -0.5781 0.127134 0.63629
2605 31.2 7.95 -38.1 0.484874 -0.579447 0.150991 0.637448
2606 31.2 7.91 -37.9 0.481438 -0.582995 0.149697 0.637122
2607 31.3 7.87 -37.8 0.506857 -0.583487 0.121862 0.622726
2608 31.4 7.8 -37.7 0.512031 -0.576274 0.0989421 0.62924
2609 31.4 7.76 -37.6 0.510017 -0.582302 0.0784179 0.628218
2610 31.5 7.71 -37.4 0.509634 -0.595186 0.076137 0.616628
2611 31.5 7.65 -37.4 0.499887 -0.61855 0.0790249 0.601052
2612 31.6 7.61 -37.3 0.506529 -0.615995 0.0734915 0.598814
2613 31.6 7.56 -37.2 0.524401 -0.598429 0.0453538 0.604011
2614 31.7 7.5 -37.1 0.548348 -0.581638 0.00361017 0.600832
2615 31.7 7.47 -37.1 0.57466 -0.518261 -0.031591 0.632592
2616 31.8 7.41 -37.2 -0.621032 0.427895 0.110158 -0.647372
2617 31.8 7.39 -37.2 -0.639721 0.381691 0.166858 -0.645931
2618 31.8 7.38 -37.2 -0.664124 0.31041 0.253504 -0.631127
2619 31.8 7.36 -37.3 -0.673255 0.252309 0.315304 -0.619396
2620 31.9 7.31 -37.4 -0.685696 0.169934 0.357202 -0.611024
2621 32 7.23 -37.4 -0.688017 0.157459 0.36821 -0.605195
2622 32.2 7.13 -37.4 -0.681363 0.147637 0.39694 -0.596981
2623 32.2 7.05 -37.5 -0.685856 0.137259 0.399673 -0.592472
2624 32.3 6.99 -37.5 -0.698223 0.127902 0.385147 -0.589736
2625 32.5 6.92 -37.6 -0.703606 0.12002 0.379447 -0.588688
2626 32.6 6.83 -37.6 -0.701911 0.125775 0.393493 -0.580228
2627 32.7 6.74 -37.7 -0.694993 0.124414 0.394588 -0.588053
2628 32.8 6.66 -37.7 -0.688181 0.123432 0.396662 -0.594836
2629 33 6.57 -37.8 -0.674656 0.12469 0.424624 -0.590751
2630 33.1 6.47 -37.8 -0.682879 0.117803 0.427421 -0.580612
2631 33.2 6.39 -37.9 -0.670819 0.130547 0.445508 -0.578344
2632 33.3 6.31 -38 -0.680888 0.132184 0.432832 -0.575826
2633 33.5 6.22 -38.1 -0.66706 0.137522 0.444859 -0.581567
2634 33.6 6.12 -38.1 -0.654558 0.143469 0.455263 -0.586264
2635 33.7 6.02 -38.2 -0.650704 0.139131 0.47716 -0.57406
2636 33.8 5.91 -38.2 -0.653423 0.134477 0.488825 -0.562143
2637 33.9 5.81 -38.3 -0.651707 0.14237 0.495279 -0.556514
2638 34 5.7 -38.4 -0.648878 0.163154 0.496594 -0.55293
2639 34.1 5.59 -38.4 -0.645597 0.160463 0.486988 -0.565949
2640 34.2 5.5 -38.5 -0.651094 0.16044 0.459608 -0.58232
2641 34.3 5.4 -38.6 -0.64099 0.159585 0.466325 -0.588392
2642 34.4 5.28 -38.7 -0.653065 0.151605 0.473994 -0.570835
2643 34.5 5.19 -38.7 -0.667915 0.140208 0.460373 -0.567704
2644 34.6 5.1 -38.8 -0.674646 0.140981 0.451522 -0.56666
2645 34.7 5.01 -38.9 -0.669371 0.161633 0.455293 -0.564381
2646 34.8 4.92 -39 -0.659544 0.168329 0.450378 -0.577777
2647 34.9 4.84 -39.1 -0.652792 0.16343 0.44711 -0.589276
2648 35.1 4.74 -39.1 -0.646225 0.150429 0.472669 -0.579956
2649 35.2 4.63 -39.2 -0.647057 0.141823 0.482081 -0.573412
2650 35.3 4.55 -39.3 -0.651752 0.141753 0.475751 -0.573399
2651 35.4 4.45 -39.3 -0.647721 0.156508 0.485367 -0.566022
2652 35.5 4.34 -39.4 -0.64661 0.164423 0.479467 -0.570064
2653 35.6 4.25 -39.5 -0.650687 0.163738 0.467609 -0.575446
2654 35.7 4.15 -39.6 -0.644878 0.165152 0.477957 -0.573074
2655 35.8 4.03 -39.7 -0.649536 0.155677 0.48365 -0.565641
2656 36 3.94 -39.7 -0.659021 0.14643 0.474281 -0.565073
2657 36.1 3.85 -39.8 -0.665565 0.149067 0.467035 -0.562743
2658 36.2 3.74 -39.9 -0.663913 0.1682 0.461481 -0.563883
2659 36.3 3.64 -39.9 -0.661161 0.16882 0.441378 -0.582711
2660 36.4 3.56 -40 -0.662923 0.163137 0.44122 -0.582446
2661 36.6 3.47 -40 -0.673815 0.140015 0.462089 -0.559324
2662 36.7 3.39 -40.1 -0.68514 0.111088 0.45538 -0.557559
2663 36.8 3.34 -40.1 -0.689438 0.116431 0.434736 -0.56756
2664 36.9 3.28 -40.2 -0.683485 0.134399 0.439894 -0.566814
2665 37 3.22 -40.3 -0.679891 0.135186 0.426151 -0.581264
2666 37.1 3.16 -40.4 -0.684287 0.131169 0.417097 -0.583588
2667 37.2 3.1 -40.4 -0.68397 0.123541 0.422343 -0.58185
2668 37.3 3.03 -40.5 -0.672415 0.123392 0.4425 -0.580368
2669 37.4 2.96 -40.6 -0.685066 0.119508 0.436515 -0.570839
2670 37.5 2.89 -40.6 -0.687116 0.12173 0.430598 -0.572398
2671 37.6 2.83 -40.7 -0.667799 0.161443 0.438808 -0.579162
2672 37.7 2.79 -40.8 -0.65645 0.173121 0.43467 -0.591747
2673 37.7 2.75 -40.8 -0.646888 0.158954 0.447025 -0.597024
2674 37.9 2.76 -40.7 -0.708609 0.214859 0.341165 -0.579064
2675 38.2 2.67 -40 -0.44261 0.682064 0.110248 -0.571604
2676 38.2 2.67 -39.9 -0.36962 0.741887 0.0389011 -0.558096
2677 38.2 2.68 -39.9 -0.301979 0.771864 -0.0174066 -0.559224
2678 38.2 2.71 -39.9 -0.237655 0.795923 -0.0886162 -0.549704
2679 38.2 2.75 -39.9 0.181258 -0.808432 0.147732 0.540147
2680 38.3 2.75 -40 0.0526305 -0.805219 0.263457 0.528623
2681 38.2 2.87 -40 0.0290477 -0.811561 0.277062 0.513578
2682 38.2 2.92 -40 0.0532951 -0.813484 0.258484 0.518257
2683 38.4 2.75 -39.6 0.258457 -0.677254 -0.0839668 0.683722
2684 38.4 2.84 -39.5 0.149253 -0.712869 0.0952541 0.678578
2685 38.4 2.91 -39.5 0.092772 -0.725584 0.175258 0.658943
2686 38.4 2.92 -39.5 0.0732506 -0.73732 0.188342 0.644609
2687 38.4 2.85 -39.5 0.162963 -0.741651 0.0770529 0.646111
2688 38.4 2.79 -39.4 0.252428 -0.701442 -0.00687897 0.666492
2689 38.5 2.71 -39.5 0.293823 -0.675162 -0.097946 0.6695
2690 38.5 2.64 -39.4 0.352568 -0.635448 -0.171749 0.665134
2691 38.5 2.61 -39.4 -0.39748 0.596657 0.257154 -0.647983
2692 38.5 2.62 -39.5 -0.436173 0.549287 0.324899 -0.634411
2693 38.6 2.57 -39.6 -0.485106 0.527417 0.380742 -0.584414
2694 38.6 2.53 -39.6 -0.53488 0.444568 0.484857 -0.53026
2695 38.6 2.52 -39.7 -0.562385 0.393197 0.536315 -0.491411
2696 38.6 2.53 -39.6 -0.582267 0.336537 0.590958 -0.445508
2697 38.6 2.52 -39.6 -0.62236 0.2537 0.637525 -0.376651
2698 38.6 2.54 -39.6 -0.638227 0.192747 0.665291 -0.33601
2699 38.6 2.56 -39.7 -0.638337 0.115714 0.714154 -0.262906
2700 38.6 2.59 -39.8 -0.627807 0.0627341 0.748091 -0.205626
2701 38.6 2.64 -39.9 -0.615771 -0.0128287 0.776546 -0.132805
2702 38.6 2.63 -40 -0.598531 -0.0939157 0.793208 -0.061329
2703 38.6 2.68 -40.1 -0.589949 -0.151741 0.792982 -0.0107148
2704 38.6 2.63 -40.1 -0.574917 -0.1742 0.799151 -0.0219594
2705 38.6 2.71 -40.5 -0.650489 -0.13783 0.746544 0.023232
2706 38.6 2.76 -40.7 -0.644558 -0.156065 0.748406 0.00876416
2707 38.6 2.8 -40.8 -0.665767 -0.161597 0.728266 0.0164041
2708 38.6 2.82 -40.9 -0.661643 -0.169263 0.729951 0.0274033
2709 38.6 2.84 -41 -0.669729 -0.178703 0.720266 0.0272899
2710 38.6 2.84 -41.1 -0.638836 -0.194156 0.743904 0.0282582
2711 38.6 2.85 -41.3 -0.637872 -0.198072 0.743672 0.0289695
2712 38.6 2.87 -41.4 -0.650617 -0.198854 0.732316 0.0294623
2713 38.6 2.93 -41.6 -0.651094 -0.180655 0.736883 0.0210732
2714 38.5 2.96 -41.7 -0.652411 -0.167799 0.739019 0.00740493
2715 38.5 2.99 -41.9 -0.661427 -0.152132 0.734361 0.00914774
2716 38.6 3.01 -42 -0.663613 -0.165446 0.729543 0.00362208
2717 38.5 3.01 -42.2 -0.668432 -0.181559 0.72105 0.0179583
2718 38.6 3.02 -42.3 -0.684633 -0.181851 0.70507 0.0329271
2719 38.6 3.05 -42.4 -0.698987 -0.175835 0.69229 0.0351127
2720 38.6 3.1 -42.6 -0.689306 -0.163959 0.70496 0.031696
2721 38.6 3.15 -42.7 -0.678899 -0.161325 0.716032 0.0191741
2722 38.6 3.19 -42.9 -0.678367 -0.170473 0.714582 0.0114309
2723 38.6 3.23 -43 -0.676743 -0.18742 0.711487 0.0260621
2724 38.6 3.24 -43.2 -0.658013 -0.196865 0.725404 0.045309
2725 38.6 3.28 -43.3 -0.674564 -0.189737 0.711832 0.0475251
2726 38.6 3.35 -43.5 -0.67938 -0.178045 0.710616 0.0420475
2727 38.6 3.43 -43.7 -0.671131 -0.166023 0.722067 0.0252709
2728 38.6 3.47 -43.8 -0.670271 -0.163186 0.723629 0.0216404
2729 38.6 3.53 -43.9 -0.666987 -0.168862 0.725476 0.0172581
2730 38.6 3.59 -44.1 -0.657837 -0.188137 0.72914 0.0144781
2731 38.6 3.64 -44.3 -0.64723 -0.186845 0.738545 0.0270706
2732 38.6 3.7 -44.5 -0.637066 -0.184737 0.747832 0.0276707
2733 38.6 3.77 -44.7 -0.632108 -0.169179 0.756144 0.00796662
2734 38.6 3.82 -44.9 -0.630977 -0.162236 0.758641 -0.0032705
2735 38.6 3.87 -45 -0.623179 -0.163926 0.764662 -0.0082096
2736 38.5 3.91 -45.2 -0.619565 -0.178175 0.764436 0.00553773
2737 38.5 3.96 -45.4 -0.618096 -0.184708 0.763648 0.0261069
2738 38.5 4.03 -45.6 -0.598001 -0.18982 0.778482 0.0181227
2739 38.5 4.06 -45.7 -0.599774 -0.185389 0.778182 0.018296
2740 38.5 4.1 -45.8 -0.596965 -0.181104 0.781406 0.0154423
2741 38.5 4.13 -45.9 -0.593379 -0.179139 0.784585 0.0154241
2742 38.4 4.16 -46 -0.599407 -0.175622 0.780911 0.00682732
2743 38.4 4.22 -46.2 -0.591298 -0.179805 0.78615 0.00230702
2744 38.4 4.25 -46.3 -0.586663 -0.183766 0.788666 0.00791504
2745 38.4 4.28 -46.4 -0.591122 -0.189313 0.783866 0.017005
2746 38.4 4.31 -46.5 -0.591534 -0.1899 0.78321 0.0246589
2747 38.3 4.34 -46.6 -0.59642 -0.191278 0.778771 0.0348186
2748 38.3 4.38 -46.7 -0.594565 -0.192149 0.779686 0.040751
2749 38.3 4.43 -46.8 -0.593681 -0.189937 0.780893 0.0408987
2750 38.3 4.47 -46.9 -0.589309 -0.185548 0.785713 0.0306946
2751 38.3 4.52 -47 -0.593314 -0.184475 0.783115 0.0260587
2752 38.3 4.56 -47.1 -0.595922 -0.181685 0.781974 0.0195778
2753 38.2 4.6 -47.2 -0.600108 -0.183381 0.778403 0.0181944
2754 38.2 4.64 -47.3 -0.59445 -0.187468 0.781779 0.0174969
2755 38.2 4.69 -47.4 -0.591096 -0.193253 0.782851 0.0200831
2756 38.2 4.72 -47.5 -0.590125 -0.19897 0.781939 0.027092
2757 38.2 4.75 -47.6 -0.586028 -0.199916 0.78461 0.03149
2758 38.1 4.79 -47.6 -0.589903 -0.200373 0.781506 0.0333775
2759 38.1 4.84 -47.7 -0.586679 -0.199483 0.784252 0.0310297
2760 38.1 4.88 -47.9 -0.586509 -0.195922 0.78538 0.0283062
2761 38.1 4.93 -48 -0.581696 -0.184978 0.791849 0.0196861
2762 38.1 4.97 -48 -0.584403 -0.181059 0.790975 0.0069503
2763 38.1 5 -48.1 -0.587599 -0.174932 0.789992 -0.00618901
2764 38 5.04 -48.2 -0.597077 -0.176666 0.782432 -0.00944948
2765 38 5.08 -48.4 -0.597018 -0.178891 0.781967 -0.00976744
2766 38 5.11 -48.5 -0.591867 -0.185756 0.784301 -0.00775068
2767 38 5.14 -48.6 -0.592697 -0.192485 0.782085 0.00185662
2768 38 5.16 -48.7 -0.591833 -0.193389 0.782471 0.00857901
2769 37.9 5.2 -48.8 -0.590728 -0.192433 0.783407 0.0168199
2770 37.9 5.23 -48.9 -0.586524 -0.191632 0.786651 0.0211356
2771 37.9 5.27 -49 -0.587351 -0.188797 0.786749 0.0200046
2772 37.9 5.31 -49.1 -0.5873 -0.175777 0.789924 0.0141675
2773 37.9 5.34 -49.2 -0.584341 -0.174326 0.792534 0.00674411
2774 37.8 5.37 -49.3 -0.588548 -0.172287 0.789888 0.00206356
2775 37.8 5.4 -49.4 -0.590179 -0.174431 0.788201 -0.00147201
2776 37.8 5.43 -49.5 -0.588495 -0.177196 0.788844 -0.00100834
2777 37.8 5.46 -49.6 -0.580077 -0.179992 0.79442 0.00335459
2778 37.8 5.48 -49.7 -0.582323 -0.187133 0.791072 0.00925619
2779 37.8 5.5 -49.8 -0.577719 -0.190708 0.793489 0.0156841
2780 37.7 5.52 -49.9 -0.583855 -0.194474 0.787721 0.0280913
2781 37.7 5.55 -50 -0.581692 -0.193223 0.789568 0.0296918
2782 37.7 5.59 -50.1 -0.581691 -0.188585 0.790837 0.0254521
2783 37.7 5.63 -50.2 -0.578339 -0.180411 0.795386 0.0183744
2784 37.7 5.66 -50.3 -0.582819 -0.178661 0.792571 0.0152572
2785 37.7 5.69 -50.4 -0.586048 -0.178173 0.790319 0.0140668
2786 37.6 5.73 -50.5 -0.589834 -0.180499 0.786944 0.0153527
2787 37.6 5.76 -50.6 -0.586007 -0.184827 0.788876 0.010454
2788 37.6 5.8 -50.7 -0.580434 -0.190894 0.791572 0.00829264
2789 37.6 5.83 -50.8 -0.572538 -0.198447 0.795375 0.0140897
2790 37.6 5.85 -50.9 -0.58081 -0.202607 0.78816 0.020341
2791 37.6 5.88 -51 -0.580973 -0.200615 0.78835 0.0269785
2792 37.5 5.91 -51.1 -0.578318 -0.20159 0.78997 0.0292737
2793 37.5 5.95 -51.2 -0.579874 -0.199577 0.789368 0.0285309
2794 37.5 5.99 -51.3 -0.577483 -0.193374 0.792945 0.0189529
2795 37.5 6.02 -51.4 -0.577349 -0.190029 0.794028 0.00877861
2796 37.5 6.05 -51.5 -0.580967 -0.18097 0.793549 -0.00258499
2797 37.4 6.08 -51.6 -0.585104 -0.176151 0.791583 -0.00457455
2798 37.4 6.11 -51.7 -0.586149 -0.172881 0.791533 -0.00407246
2799 37.4 6.14 -51.8 -0.583143 -0.172398 0.79386 -0.00296662
2800 37.4 6.16 -51.9 -0.582152 -0.178831 0.793168 -0.00159629
2801 37.4 6.17 -52 -0.592808 -0.177122 0.785621 -0.0026042
2802 37.4 6.2 -52.1 -0.588061 -0.176232 0.789379 -0.0026081
2803 37.4 6.23 -52.2 -0.592545 -0.172498 0.786846 0.00287798
2804 37.4 6.26 -52.3 -0.589976 -0.170457 0.789205 0.00537384
2805 37.3 6.3 -52.4 -0.585689 -0.165079 0.793546 -0.00146277
2806 37.3 6.33 -52.5 -0.584914 -0.160431 0.794959 -0.0133341
2807 37.3 6.36 -52.6 -0.589722 -0.153509 0.792682 -0.017817
2808 37.3 6.38 -52.8 -0.592981 -0.147345 0.791383 -0.0193935
2809 37.3 6.41 -52.9 -0.593107 -0.146952 0.791401 -0.0177262
2810 37.3 6.44 -53 -0.591218 -0.150699 0.792123 -0.0171065
2811 37.2 6.46 -53.1 -0.582314 -0.159764 0.796909 -0.0179619
2812 37.2 6.48 -53.2 -0.583833 -0.163401 0.795107 -0.0155859
2813 37.2 6.5 -53.3 -0.584493 -0.164076 0.794584 -0.00909411
2814 37.2 6.53 -53.4 -0.586465 -0.164606 0.793046 -0.00637605
2815 37.2 6.56 -53.5 -0.586363 -0.164201 0.793197 -0.00739998
2816 37.2 6.59 -53.6 -0.580894 -0.155766 0.798823 -0.0134786
2817 37.2 6.63 -53.7 -0.572748 -0.149404 0.805825 -0.0168571
2818 37.1 6.65 -53.8 -0.578143 -0.143122 0.803003 -0.0212507
2819 37.1 6.68 -53.9 -0.587565 -0.142204 0.796274 -0.0222066
2820 37.1 6.71 -54 -0.588023 -0.144265 0.795503 -0.0243124
2821 37.1 6.74 -54.1 -0.585912 -0.147777 0.796386 -0.0252791
2822 37.1 6.77 -54.2 -0.580258 -0.155966 0.799136 -0.0188918
2823 37.1 6.8 -54.3 -0.587837 -0.163048 0.792294 -0.0115253
2824 37 6.83 -54.5 -0.576198 -0.168422 0.79976 -0.00379144
2825 37 6.86 -54.6 -0.583882 -0.172743 0.793213 0.00745209
2826 37 6.9 -54.7 -0.584563 -0.174172 0.792353 0.011234
2827 37 6.94 -54.8 -0.577705 -0.166813 0.79899 0.00672464
2828 37 6.97 -54.9 -0.575534 -0.163893 0.801186 -0.00102832
2829 36.9 7.01 -55 -0.579107 -0.162795 0.798808 -0.00625301
2830 36.9 7.04 -55.1 -0.58595 -0.162116 0.793932 -0.00732164
2831 36.9 7.07 -55.2 -0.584988 -0.163184 0.794418 -0.0078052
2832 36.9 7.11 -55.3 -0.585207 -0.167425 0.793385 -0.00646901
2833 36.9 7.14 -55.4 -0.573199 -0.176997 0.80007 -0.00156825
2834 36.9 7.17 -55.5 -0.578953 -0.179031 0.795441 0.00592301
2835 36.8 7.2 -55.6 -0.577923 -0.182476 0.795377 0.00905417
2836 36.8 7.23 -55.7 -0.578142 -0.183858 0.794871 0.0113232
2837 36.8 7.27 -55.8 -0.576348 -0.184042 0.796163 0.0087521
2838 36.8 7.31 -55.9 -0.568729 -0.178963 0.80282 -0.00070744
2839 36.8 7.35 -56 -0.569081 -0.172801 0.803889 -0.00703812
2840 36.8 7.38 -56.1 -0.573254 -0.166452 0.802228 -0.0101768
2841 36.7 7.41 -56.2 -0.578356 -0.164046 0.799042 -0.011204
2842 36.7 7.45 -56.3 -0.577738 -0.166231 0.79904 -0.0110463
2843 36.7 7.48 -56.4 -0.578109 -0.166753 0.798734 -0.00254356
2844 36.7 7.51 -56.5 -0.581092 -0.174013 0.795001 0.00503576
2845 36.7 7.55 -56.6 -0.584862 -0.176616 0.79156 0.0132702
2846 36.7 7.58 -56.7 -0.587723 -0.179951 0.788584 0.0183236
2847 36.6 7.62 -56.8 -0.589028 -0.181109 0.787251 0.0219389
2848 36.6 7.67 -56.9 -0.590688 -0.180235 0.786331 0.0169233
2849 36.6 7.71 -57 -0.591001 -0.170663 0.788359 0.0090496
2850 36.6 7.75 -57.1 -0.602379 -0.167278 0.780447 0.00765886
2851 36.6 7.79 -57.2 -0.602601 -0.160906 0.781653 -5.60546e-05
2852 36.5 7.82 -57.3 -0.616079 -0.158469 0.771579 -0.000360912
2853 36.5 7.86 -57.4 -0.614598 -0.160234 0.77239 -0.00267451
2854 36.5 7.89 -57.5 -0.615407 -0.166812 0.770351 0.00273489
2855 36.5 7.92 -57.6 -0.615039 -0.172682 0.769281 0.0107121
2856 36.5 7.95 -57.7 -0.60248 -0.180586 0.777343 0.0120154
2857 36.5 7.99 -57.8 -0.607976 -0.183397 0.772215 0.0203639
2858 36.5 8.03 -57.9 -0.609471 -0.185898 0.770418 0.0210584
2859 36.4 8.07 -58 -0.608971 -0.182694 0.771704 0.0158172
2860 36.4 8.11 -58.1 -0.605654 -0.171051 0.777095 0.00687167
2861 36.4 8.14 -58.2 -0.609365 -0.166682 0.775171 -0.000438229
2862 36.4 8.18 -58.3 -0.616831 -0.160062 0.770615 -0.00723399
2863 36.4 8.21 -58.4 -0.619877 -0.161222 0.767917 -0.00792859
2864 36.4 8.24 -58.5 -0.618666 -0.165061 0.768084 -0.00735832
2865 36.3 8.27 -58.6 -0.615372 -0.169495 0.769794 -0.00270059
2866 36.3 8.3 -58.7 -0.617295 -0.176876 0.766583 0.00344562
2867 36.3 8.33 -58.8 -0.611009 -0.180746 0.770684 0.00680278
2868 36.3 8.36 -58.9 -0.617594 -0.179269 0.765665 0.0140174
2869 36.3 8.39 -59.1 -0.61413 -0.179722 0.768375 0.011977
2870 36.3 8.43 -59.2 -0.614704 -0.177232 0.768527 0.00970465
2871 36.2 8.47 -59.3 -0.608026 -0.169745 0.775559 0.00048128
2872 36.2 8.5 -59.4 -0.609391 -0.168258 0.774773 -0.00771604
2873 36.2 8.52 -59.5 -0.617011 -0.165412 0.769238 -0.0144685
2874 36.2 8.55 -59.6 -0.615377 -0.166026 0.770365 -0.0168208
2875 36.2 8.58 -59.7 -0.615109 -0.166166 0.770581 -0.0153131
2876 36.1 8.6 -59.8 -0.608556 -0.167429 0.775526 -0.0136494
2877 36.1 8.62 -59.9 -0.609224 -0.16853 0.77482 -0.00981835
2878 36.1 8.64 -60 -0.607658 -0.172126 0.775315 -0.00331237
2879 36.1 8.66 -60.1 -0.612941 -0.170853 0.771433 0.00191439
2880 36.1 8.7 -60.2 -0.610837 -0.17022 0.773242 -0.000224123
2881 36.1 8.73 -60.3 -0.608193 -0.163487 0.776739 -0.00708267
2882 36.1 8.76 -60.4 -0.610279 -0.161748 0.775406 -0.0119714
2883 36 8.79 -60.5 -0.612541 -0.161069 0.773708 -0.0150742
2884 36 8.82 -60.6 -0.619053 -0.163222 0.768082 -0.0134822
2885 36 8.85 -60.7 -0.614665 -0.166477 0.770946 -0.0107494
2886 36 8.88 -60.8 -0.611834 -0.174725 0.771428 -0.00538509
2887 36 8.91 -60.9 -0.60041 -0.184434 0.778133 -0.000109645
2888 36 8.94 -61 -0.59962 -0.188447 0.777661 0.0136989
2889 35.9 8.96 -61.1 -0.602014 -0.199889 0.77277 0.0212425
2890 35.9 9 -61.2 -0.603102 -0.202335 0.771155 0.0254619
2891 35.9 9.04 -61.4 -0.604527 -0.204674 0.769504 0.0227912
2892 35.9 9.09 -61.5 -0.599183 -0.199051 0.775287 0.0169951
2893 35.9 9.12 -61.6 -0.600731 -0.193919 0.775455 0.0137002
2894 35.9 9.16 -61.7 -0.606071 -0.190051 0.772363 0.00364546
2895 35.8 9.19 -61.8 -0.616547 -0.18251 0.765872 1.32835e-05
2896 35.8 9.23 -61.9 -0.615906 -0.181944 0.766521 -0.00098067
2897 35.8 9.27 -62 -0.612503 -0.184673 0.768582 -0.00406563
2898 35.8 9.3 -62.1 -0.60549 -0.189903 0.772862 0.00197951
2899 35.8 9.33 -62.2 -0.607225 -0.189525 0.771509 0.0114684
2900 35.7 9.36 -62.3 -0.613577 -0.193671 0.765337 0.0165837
2901 35.7 9.4 -62.4 -0.606523 -0.190938 0.771513 0.0209911
2902 35.7 9.44 -62.6 -0.605861 -0.18809 0.772653 0.0237015
2903 35.7 9.48 -62.7 -0.595553 -0.178164 0.783118 0.0173244
2904 35.7 9.52 -62.8 -0.595405 -0.176494 0.783777 0.0060358
2905 35.7 9.56 -62.9 -0.602067 -0.171446 0.779803 -0.00545033
2906 35.6 9.6 -63 -0.607742 -0.169513 0.77578 -0.00897584
2907 35.6 9.64 -63.1 -0.604309 -0.172813 0.77772 -0.0098887
2908 35.6 9.68 -63.2 -0.598867 -0.17949 0.78045 -0.00630377
2909 35.6 9.71 -63.3 -0.592099 -0.190347 0.783062 -0.000734249
2910 35.6 9.74 -63.4 -0.596572 -0.195761 0.778295 0.00603641
2911 35.5 9.77 -63.5 -0.596992 -0.197357 0.777453 0.0147387
2912 35.5 9.81 -63.6 -0.601057 -0.194619 0.774831 0.0221337
2913 35.5 9.86 -63.7 -0.600752 -0.191249 0.775944 0.0207842
2914 35.5 9.9 -63.8 -0.599902 -0.181001 0.779265 0.0101437
2915 35.5 9.94 -64 -0.599963 -0.173861 0.780908 0.000234403
2916 35.5 9.97 -64.1 -0.605206 -0.163781 0.779008 -0.00689095
2917 35.4 10 -64.2 -0.6124 -0.16598 0.77287 -0.00944166
2918 35.4 10 -64.3 -0.610837 -0.16931 0.773351 -0.011867
2919 35.4 10.1 -64.4 -0.599108 -0.173687 0.781576 -0.00645972
2920 35.4 10.1 -64.5 -0.604634 -0.179366 0.776043 0.00153859
2921 35.4 10.1 -64.6 -0.601236 -0.187437 0.776775 0.00167362
2922 35.3 10.2 -64.7 -0.606502 -0.185652 0.77304 0.00989369
2923 35.3 10.2 -64.8 -0.60539 -0.184805 0.774067 0.013028
2924 35.3 10.2 -64.9 -0.606311 -0.178158 0.774932 0.0112566
2925 35.3 10.3 -65 -0.609073 -0.172353 0.774152 0.00365595
2926 35.3 10.3 -65.2 -0.608064 -0.170434 0.775375 -0.00230532
2927 35.2 10.3 -65.3 -0.61755 -0.16992 0.767909 -0.00863927
2928 35.2 10.4 -65.4 -0.616375 -0.17379 0.767983 -0.00900424
2929 35.2 10.4 -65.5 -0.615375 -0.177635 0.767931 -0.0063759
2930 35.2 10.4 -65.6 -0.602185 -0.185046 0.776614 -0.00132576
2931 35.2 10.4 -65.7 -0.602331 -0.188966 0.775537 0.00561309
2932 35.2 10.5 -65.8 -0.605231 -0.191466 0.772599 0.0112979
2933 35.2 10.5 -65.9 -0.605795 -0.185413 0.773561 0.0154206
2934 35.2 10.5 -66 -0.60474 -0.182144 0.775186 0.0141157
2935 35.1 10.6 -66.1 -0.602254 -0.172925 0.779327 0.00608133
2936 35.1 10.6 -66.2 -0.605959 -0.1707 0.776964 -0.00162758
2937 35.1 10.6 -66.3 -0.60906 -0.167377 0.775186 -0.0108405
2938 35.1 10.6 -66.4 -0.617746 -0.166281 0.768383 -0.0181376
2939 35.1 10.7 -66.5 -0.611691 -0.167563 0.772912 -0.019072
2940 35.1 10.7 -66.7 -0.60965 -0.173969 0.773127 -0.0183131
2941 35 10.7 -66.8 -0.603884 -0.181105 0.776153 -0.0105409
2942 35 10.7 -66.9 -0.604243 -0.182889 0.775519 -0.00360771
2943 35 10.8 -67 -0.609568 -0.186334 0.770509 0.00466981
2944 35 10.8 -67.1 -0.610072 -0.184181 0.770569 0.0106288
2945 35 10.8 -67.2 -0.609041 -0.181401 0.772055 0.00973438
2946 35 10.9 -67.3 -0.60714 -0.173973 0.7753 0.00496557
2947 34.9 10.9 -67.4 -0.607274 -0.169941 0.776103 0.00146611
2948 34.9 10.9 -67.5 -0.610429 -0.164334 0.774834 -0.0016229
2949 34.9 10.9 -67.6 -0.616806 -0.160852 0.770469 -0.0073499
2950 34.9 11 -67.7 -0.613433 -0.16418 0.772375 -0.0134776
2951 34.9 11 -67.8 -0.612526 -0.168779 0.772125 -0.0121799
2952 34.9 11 -67.9 -0.604042 -0.173226 0.77788 -0.00532613
2953 34.8 11.1 -68 -0.604899 -0.177199 0.776336 3.3078e-05
2954 34.8 11.1 -68.1 -0.608233 -0.182485 0.772425 0.0105802
2955 34.8 11.1 -68.2 -0.604854 -0.183561 0.774775 0.0134205
2956 34.8 11.2 -68.3 -0.606413 -0.181121 0.774139 0.012923
2957 34.8 11.2 -68.4 -0.604781 -0.174222 0.777065 0.00755556
2958 34.8 11.2 -68.5 -0.606682 -0.173718 0.775713 0.00536876
2959 34.7 11.3 -68.6 -0.605508 -0.172657 0.776881 -0.00216546
2960 34.7 11.3 -68.7 -0.616894 -0.173411 0.767653 -0.00884475
2961 34.7 11.3 -68.8 -0.611946 -0.172725 0.771782 -0.00635737
2962 34.7 11.4 -69 -0.610668 -0.176397 0.77199 7.67452e-05
2963 34.7 11.4 -69.1 -0.603555 -0.181311 0.776408 0.0062774
2964 34.7 11.4 -69.2 -0.604363 -0.181972 0.775523 0.0139781
2965 34.6 11.4 -69.3 -0.605258 -0.188059 0.773189 0.0217893
2966 34.6 11.5 -69.4 -0.601055 -0.190173 0.775955 0.021444
2967 34.6 11.5 -69.5 -0.602596 -0.193278 0.774103 0.0169324
2968 34.6 11.5 -69.6 -0.596545 -0.186319 0.780611 0.00812645
2969 34.6 11.6 -69.7 -0.599017 -0.181901 0.7798 0.00156284
2970 34.5 11.6 -69.8 -0.600995 -0.174948 0.779863 -0.00345175
2971 34.5 11.6 -69.9 -0.606441 -0.172218 0.776216 -0.00771406
2972 34.5 11.7 -70 -0.604198 -0.172472 0.777893 -0.00904753
2973 34.5 11.7 -70.1 -0.599715 -0.17703 0.780333 -0.00906842
2974 34.5 11.7 -70.2 -0.60477 -0.179723 0.775839 -0.00522814
2975 34.5 11.7 -70.3 -0.599123 -0.179253 0.780326 -0.00340836
2976 34.4 11.8 -70.4 -0.603062 -0.176591 0.777883 0.00552028
2977 34.4 11.8 -70.5 -0.601112 -0.171671 0.780476 0.00710701
2978 34.4 11.8 -70.6 -0.606237 -0.169963 0.776882 0.00652382
2979 34.4 11.9 -70.7 -0.604816 -0.166564 0.77875 -0.00162379
2980 34.4 11.9 -70.8 -0.607884 -0.166971 0.776264 -0.00348992
2981 34.4 11.9 -70.9 -0.608737 -0.164054 0.776189 -0.00754381
2982 34.3 12 -71 -0.616258 -0.162751 0.770504 -0.0078481
2983 34.3 12 -71.1 -0.618657 -0.16491 0.768126 -0.00705323
2984 34.3 12 -71.2 -0.611872 -0.169226 0.772636 -0.00284817
2985 34.3 12 -71.3 -0.614058 -0.175542 0.769488 0.0024697
2986 34.3 12.1 -71.4 -0.606496 -0.179808 0.774467 0.0057593
2987 34.3 12.1 -71.5 -0.610647 -0.179416 0.771177 0.0143831
2988 34.3 12.1 -71.7 -0.607371 -0.179054 0.773819 0.0156017
2989 34.2 12.1 -71.8 -0.60813 -0.174201 0.774317 0.0162893
2990 34.2 12.2 -71.9 -0.606238 -0.166722 0.777521 0.0118707
2991 34.2 12.2 -72 -0.605377 -0.170993 0.77731 0.00829743
2992 34.2 12.2 -72.1 -0.608406 -0.168982 0.775426 0.00132315
2993 34.2 12.3 -72.2 -0.615862 -0.16844 0.769635 0.00217029
2994 34.2 12.3 -72.3 -0.614182 -0.1695 0.770741 0.00291333
2995 34.1 12.3 -72.4 -0.610122 -0.17422 0.772904 0.00430442
2996 34.1 12.3 -72.5 -0.610214 -0.178225 0.771819 0.013067
2997 34.1 12.4 -72.6 -0.605118 -0.17724 0.775979 0.0165871
2998 34.1 12.4 -72.7 -0.602207 -0.180909 0.777153 0.0255432
2999 34.1 12.4 -72.8 -0.600634 -0.184167 0.777522 0.0279412
3000 34.1 12.4 -72.9 -0.602769 -0.18508 0.775686 0.0269596
3001 34.1 12.5 -73 -0.60258 -0.180426 0.777166 0.0189115
3002 34 12.5 -73.1 -0.601986 -0.178079 0.778322 0.0108008
3003 34 12.5 -73.2 -0.601741 -0.170822 0.780189 0.00580318
3004 34 12.6 -73.3 -0.606952 -0.168596 0.776649 -0.000110819
3005 34 12.6 -73.4 -0.603167 -0.168456 0.779609 -0.00470808
3006 34 12.6 -73.5 -0.60062 -0.173588 0.780455 -0.00343893
3007 33.9 12.7 -73.6 -0.591368 -0.179 0.786256 0.00667417
3008 33.9 12.7 -73.7 -0.59369 -0.180153 0.784138 0.0142814
3009 33.9 12.7 -73.8 -0.593421 -0.183271 0.783513 0.0192335
3010 33.9 12.8 -73.9 -0.595936 -0.186662 0.780761 0.0207283
3011 33.9 12.8 -74 -0.596427 -0.188171 0.780077 0.0186003
3012 33.9 12.8 -74.1 -0.590258 -0.183496 0.785989 0.0120768
3013 33.8 12.9 -74.2 -0.58655 -0.181877 0.789203 0.00619122
3014 33.8 12.9 -74.3 -0.593985 -0.177782 0.784577 -0.00373563
3015 33.8 13 -74.4 -0.599741 -0.178976 0.779858 -0.00999016
3016 33.8 13 -74.4 -0.598649 -0.180371 0.780305 -0.0144854
3017 33.8 13 -74.5 -0.592991 -0.185667 0.78343 -0.0112579
3018 33.8 13.1 -74.6 -0.59007 -0.193792 0.783743 -0.00292886
3019 33.7 13.1 -74.7 -0.59403 -0.194196 0.780642 0.00386188
3020 33.7 13.1 -74.8 -0.593213 -0.197918 0.780283 0.0092792
3021 33.7 13.2 -74.9 -0.594526 -0.197347 0.779417 0.0100921
3022 33.7 13.2 -75 -0.597583 -0.195997 0.777425 0.00948683
3023 33.7 13.3 -75.1 -0.594286 -0.191432 0.781131 0.00350548
3024 33.6 13.3 -75.2 -0.581474 -0.190212 0.790985 -0.00711117
3025 33.6 13.3 -75.3 -0.581192 -0.18747 0.791671 -0.0180962
3026 33.6 13.4 -75.5 -0.587276 -0.185496 0.787664 -0.0168143
3027 33.6 13.4 -75.6 -0.592054 -0.185868 0.784028 -0.0150179
3028 33.6 13.5 -75.7 -0.585002 -0.19394 0.787429 -0.0107284
3029 33.5 13.5 -75.8 -0.58948 -0.196441 0.783514 -0.00559315
3030 33.5 13.5 -76 -0.607224 -0.192371 0.77082 0.0103984
3031 33.5 13.6 -76.2 -0.614455 -0.18397 0.767137 0.0100234
3032 33.5 13.6 -76.3 -0.612493 -0.176348 0.770552 0.00177179
3033 33.5 13.7 -76.4 -0.605435 -0.173923 0.776515 -0.0149454
3034 33.5 13.7 -76.5 -0.60672 -0.166803 0.776783 -0.0260002
3035 33.4 13.8 -76.7 -0.602977 -0.165701 0.78003 -0.0226686
3036 33.4 13.8 -76.8 -0.6047 -0.171338 0.777483 -0.0224001
3037 33.4 13.8 -76.9 -0.598994 -0.182817 0.779408 -0.0175067
3038 33.4 13.8 -77 -0.598814 -0.183775 0.779423 -0.0122062
3039 33.4 13.9 -77.1 -0.598625 -0.186284 0.779034 -0.00731967
3040 33.4 13.9 -77.2 -0.602363 -0.184005 0.776715 0.00376646
3041 33.4 13.9 -77.3 -0.600538 -0.186037 0.777601 0.00898505
3042 33.4 14 -77.4 -0.594542 -0.183591 0.782798 0.00644149
3043 33.3 14 -77.5 -0.596337 -0.179239 0.782468 0.000272392
3044 33.3 14 -77.6 -0.59692 -0.174285 0.783141 -0.00106926
3045 33.3 14 -77.7 -0.604418 -0.168455 0.778648 -0.00316695
3046 33.3 14.1 -77.8 -0.606494 -0.167195 0.777305 -0.00293117
3047 33.3 14.1 -77.9 -0.605403 -0.170093 0.777521 -0.00400497
3048 33.3 14.1 -78 -0.598112 -0.17567 0.781921 -0.00124636
3049 33.2 14.2 -78.1 -0.592714 -0.18061 0.784887 0.00469876
3050 33.2 14.2 -78.2 -0.58891 -0.183724 0.786997 0.00816601
3051 33.2 14.2 -78.3 -0.596037 -0.182829 0.781717 0.0152575
3052 33.2 14.3 -78.4 -0.59074 -0.180484 0.786246 0.0163988
3053 33.2 14.3 -78.5 -0.59186 -0.17676 0.78625 0.0163864
3054 33.2 14.4 -78.6 -0.591398 -0.17244 0.787715 0.0042791
3055 33.1 14.4 -78.7 -0.593102 -0.170775 0.786794 -0.00463373
3056 33.1 14.4 -78.8 -0.60008 -0.166947 0.782222 -0.0127272
3057 33.1 14.5 -78.9 -0.602557 -0.168834 0.779889 -0.0139187
3058 33.1 14.5 -79 -0.600611 -0.172306 0.780603 -0.015349
3059 33.1 14.5 -79.1 -0.593642 -0.178935 0.7845 -0.0114416
3060 33.1 14.6 -79.2 -0.598147 -0.18451 0.779855 -0.00110595
3061 33.1 14.6 -79.3 -0.592256 -0.187742 0.783564 0.00363871
3062 33 14.6 -79.4 -0.597313 -0.188274 0.779528 0.0102963
3063 33 14.7 -79.5 -0.597868 -0.184767 0.779944 0.0100925
3064 33 14.7 -79.6 -0.598732 -0.181155 0.780156 0.007729
3065 33 14.7 -79.7 -0.593982 -0.173661 0.785509 -0.00138496
3066 33 14.8 -79.8 -0.59513 -0.168134 0.785823 -0.00575954
3067 33 14.8 -79.9 -0.602001 -0.164902 0.78124 -0.00810615
3068 32.9 14.8 -80 -0.607057 -0.165052 0.777301 -0.00655186
3069 32.9 14.9 -80.1 -0.606797 -0.166431 0.777217 -0.00559189
3070 32.9 14.9 -80.2 -0.600243 -0.172618 0.780967 -0.000969702
3071 32.9 14.9 -80.3 -0.60517 -0.176837 0.776175 0.0070689
3072 32.9 14.9 -80.4 -0.600689 -0.182097 0.778435 0.00719043
3073 32.9 15 -80.6 -0.608253 -0.182849 0.772299 0.012236
3074 32.9 15 -80.7 -0.604058 -0.183279 0.775533 0.00845745
3075 32.8 15.1 -80.8 -0.604894 -0.179051 0.775896 0.00547014
3076 32.8 15.1 -80.9 -0.596829 -0.17259 0.783586 -0.00113754
3077 32.8 15.1 -81 -0.596959 -0.169184 0.784207 -0.00600685
3078 32.8 15.2 -81.1 -0.602888 -0.165043 0.780481 -0.0116515
3079 32.8 15.2 -81.2 -0.604087 -0.167748 0.778971 -0.0120382
3080 32.8 15.2 -81.3 -0.601629 -0.16971 0.780487 -0.00905351
3081 32.7 15.2 -81.4 -0.595201 -0.176225 0.784 -0.00485305
3082 32.7 15.3 -81.5 -0.599218 -0.178342 0.780469 -0.000225361
3083 32.7 15.3 -81.6 -0.59427 -0.183366 0.783077 0.00324111
3084 32.7 15.3 -81.7 -0.598719 -0.182814 0.779768 0.0087706
3085 32.7 15.4 -81.8 -0.593952 -0.18352 0.783224 0.0100872
3086 32.7 15.4 -81.9 -0.592858 -0.178977 0.785151 0.00498266
3087 32.6 15.5 -82 -0.590784 -0.172385 0.788172 -0.0066005
3088 32.6 15.5 -82.1 -0.596654 -0.166572 0.784908 -0.0132962
3089 32.6 15.5 -82.2 -0.599804 -0.16621 0.782408 -0.021122
3090 32.6 15.6 -82.4 -0.594287 -0.169025 0.785969 -0.022507
3091 32.6 15.6 -82.5 -0.592653 -0.16737 0.787634 -0.0195696
3092 32.5 15.7 -82.7 -0.604912 -0.140894 0.783308 -0.0256681
3093 32.5 15.8 -82.8 -0.608723 -0.113139 0.784196 -0.0411383
3094 32.5 15.8 -82.9 -0.607273 -0.0970173 0.785876 -0.0648508
3095 32.5 15.9 -83 -0.611264 -0.0859444 0.782229 -0.0841847
3096 32.5 15.9 -83.1 -0.613724 -0.0870995 0.781128 -0.0748088
3097 32.5 15.9 -83.2 -0.606314 -0.101258 0.786451 -0.0602079
3098 32.4 16 -83.4 -0.598154 -0.119992 0.791143 -0.0436651
3099 32.4 16 -83.5 -0.601084 -0.124316 0.788938 -0.028654
3100 32.4 16.1 -83.6 -0.609074 -0.129847 0.782242 -0.0163356
3101 32.4 16.1 -83.8 -0.599369 -0.128161 0.789814 -0.0229131
3102 32.3 16.2 -83.9 -0.601067 -0.134698 0.787427 -0.0231024
3103 32.3 16.2 -84.1 -0.602479 -0.145845 0.784511 -0.0170505
3104 32.3 16.3 -84.2 -0.587062 -0.16988 0.791467 -0.00887555
3105 32.3 16.3 -84.4 -0.574514 -0.177933 0.798873 0.0086851
3106 32.3 16.4 -84.5 -0.579232 -0.176627 0.795794 0.0020777
3107 32.2 16.4 -84.7 -0.575743 -0.167553 0.800273 0.00298207
3108 32.2 16.5 -84.8 -0.582681 -0.166592 0.795418 0.00633125
3109 32.1 16.5 -84.9 -0.594482 -0.171229 0.785664 -0.00179632
3110 32.1 16.6 -85.1 -0.594966 -0.180295 0.783268 -0.000719829
3111 32.1 16.6 -85.2 -0.597407 -0.186952 0.779579 0.0202539
3112 32.1 16.7 -85.4 -0.599947 -0.189529 0.776699 0.0296779
3113 32.1 16.7 -85.5 -0.60523 -0.181171 0.774412 0.0340621
3114 32.1 16.8 -85.6 -0.582721 -0.163873 0.79588 0.0125098
3115 32 16.9 -85.7 -0.587852 -0.149764 0.794977 -0.00343869
3116 32 16.9 -85.8 -0.58619 -0.157696 0.794677 0.00121673
3117 32 17 -86 -0.574373 -0.182996 0.797672 0.0180751
3118 32 17 -86 -0.584417 -0.190412 0.787639 0.0427296
3119 32 17 -86.1 -0.579878 -0.185446 0.792885 0.0261531
3120 31.8 17.8 -87 -0.679705 0.0365259 0.725453 -0.101906
3121 31.8 17.8 -87.1 -0.671503 0.074303 0.728923 -0.110602
3122 31.8 17.8 -87.2 -0.682586 0.0786563 0.716524 -0.120347
3123 31.8 17.8 -87.4 -0.687181 0.053503 0.718196 -0.0954626
3124 31.8 17.8 -87.4 -0.682686 0.0380456 0.727184 -0.0607986
3125 31.8 17.8 -87.5 -0.685621 0.0531458 0.719239 -0.0989704
3126 31.7 17.7 -87.6 -0.537964 -0.187957 0.801979 0.179156
3127 31.7 17.9 -87.7 -0.517321 -0.314836 0.772801 0.18983
3128 31.6 18 -87.7 -0.563701 -0.244662 0.770277 0.170457
3129 31.6 17.7 -87.9 -0.317143 -0.577121 0.544382 0.519616
3130 31.6 17.7 -87.9 -0.268301 -0.617249 0.477488 0.564822
3131 31.6 17.7 -87.8 -0.230507 -0.627685 0.434721 0.603238
3132 31.7 17.7 -87.8 -0.187118 -0.657892 0.367661 0.630072
3133 31.7 17.7 -87.6 -0.137148 -0.654864 0.31164 0.674703
3134 31.8 17.7 -87.5 -0.116965 -0.64276 0.278924 0.703833
3135 31.8 17.8 -87.4 -0.096354 -0.643485 0.229107 0.723984
3136 31.8 17.9 -87.3 -0.0743741 -0.653213 0.202751 0.725723
3137 31.8 18 -87.2 -0.0761554 -0.637603 0.190401 0.74257
3138 31.9 18 -87.1 -0.0742528 -0.626064 0.182609 0.754443
3139 31.9 18.1 -86.9 -0.0752701 -0.627517 0.196491 0.749632
3140 32 18.1 -86.7 -0.0892275 -0.623224 0.200341 0.750663
3141 32 18.2 -86.6 -0.0943814 -0.626279 0.193662 0.749241
3142 32.1 18.3 -86.4 -0.102246 -0.622477 0.186627 0.753152
3143 32.1 18.4 -86.2 -0.0910955 -0.620802 0.182166 0.757048
3144 32.1 18.4 -86.1 -0.0829536 -0.622981 0.186926 0.755031
3145 32.2 18.5 -86 -0.0811674 -0.624171 0.187705 0.754049
3146 32.2 18.5 -85.9 -0.0798483 -0.620877 0.192457 0.755709
3147 32.2 18.6 -85.8 -0.0795201 -0.627142 0.203373 0.747669
3148 32.3 18.6 -85.7 -0.0885448 -0.621321 0.208933 0.749978
3149 32.3 18.6 -85.6 -0.0992688 -0.621784 0.213279 0.747022
3150 32.3 18.7 -85.4 -0.099149 -0.621786 0.206726 0.748876
3151 32.4 18.8 -85.3 -0.0964573 -0.62705 0.204986 0.745309
3152 32.4 18.8 -85.2 -0.0843944 -0.637695 0.201284 0.73872
3153 32.4 18.9 -85.2 -0.0768562 -0.63013 0.199981 0.746349
3154 32.4 18.9 -85.1 -0.0773826 -0.628346 0.194691 0.749192
3155 32.5 19 -85 -0.0775217 -0.633269 0.195269 0.74487
3156 32.5 19 -84.9 -0.0825932 -0.635307 0.197537 0.741986
3157 32.5 19.1 -84.8 -0.0830733 -0.635911 0.204591 0.739499
3158 32.5 19.1 -84.7 -0.0885552 -0.634765 0.214758 0.73696
3159 32.6 19.2 -84.6 -0.0952425 -0.635291 0.220981 0.733826
3160 32.6 19.2 -84.5 -0.101102 -0.627163 0.22942 0.737436
3161 32.6 19.3 -84.4 -0.103115 -0.625885 0.231849 0.737483
3162 32.6 19.3 -84.4 -0.105346 -0.625437 0.230272 0.738042
3163 32.7 19.4 -84.3 -0.0967299 -0.63446 0.224457 0.733296
3164 32.7 19.5 -84.2 -0.0913305 -0.631756 0.220334 0.737561
3165 32.7 19.5 -84.1 -0.0892067 -0.632875 0.218515 0.737403
3166 32.7 19.6 -84 -0.0853633 -0.628103 0.217349 0.742266
3167 32.8 19.6 -83.9 -0.0857571 -0.633061 0.219113 0.737475
3168 32.8 19.7 -83.8 -0.087982 -0.630485 0.225705 0.737432
3169 32.8 19.7 -83.7 -0.0911652 -0.632238 0.233361 0.733149
3170 32.8 19.8 -83.6 -0.094533 -0.63837 0.235017 0.726852
3171 32.9 19.8 -83.6 -0.097404 -0.631837 0.242013 0.72988
3172 32.9 19.9 -83.5 -0.0994861 -0.63011 0.23911 0.732045
3173 32.9 19.9 -83.4 -0.0987603 -0.633462 0.236169 0.730203
3174 32.9 20 -83.3 -0.0926524 -0.642932 0.230364 0.724559
3175 33 20 -83.2 -0.0881468 -0.642181 0.222662 0.728186
3176 33 20.2 -83 -0.0883369 -0.621505 0.22102 0.746377
3177 33.1 20.2 -83 -0.0856099 -0.619802 0.223942 0.747239
3178 33.1 20.3 -82.9 -0.0873444 -0.62076 0.229407 0.744581
3179 33.1 20.3 -82.8 -0.0938778 -0.619511 0.239337 0.741694
3180 33.2 20.4 -82.6 -0.110027 -0.595747 0.250513 0.755131
3181 33.3 20.5 -82.5 -0.109638 -0.592955 0.243235 0.75975
3182 33.3 20.5 -82.4 -0.109049 -0.600633 0.237202 0.7557
3183 33.3 20.6 -82.3 -0.104777 -0.605881 0.2308 0.754097
3184 33.4 20.6 -82.2 -0.098853 -0.601665 0.224987 0.760005
3185 33.4 20.7 -82.1 -0.0905852 -0.600348 0.221203 0.763182
3186 33.4 20.7 -82 -0.0857798 -0.602426 0.216175 0.76354
3187 33.5 20.8 -81.9 -0.0876915 -0.605738 0.213966 0.761322
3188 33.5 20.8 -81.8 -0.0850576 -0.60837 0.225232 0.756255
3189 33.5 20.9 -81.7 -0.0887843 -0.604964 0.231218 0.756752
3190 33.6 20.9 -81.6 -0.09176 -0.603571 0.237724 0.755493
3191 33.6 20.9 -81.5 -0.0987538 -0.595131 0.239675 0.760672
3192 33.6 21 -81.5 -0.103475 -0.597299 0.233009 0.760417
3193 33.7 21 -81.4 -0.105556 -0.604181 0.226579 0.756627
3194 33.7 21.1 -81.3 -0.0949811 -0.614205 0.218936 0.752196
3195 33.7 21.2 -81.2 -0.0959364 -0.61064 0.215152 0.756058
3196 33.8 21.2 -81.1 -0.0954477 -0.609524 0.209996 0.758466
3197 33.8 21.3 -81 -0.0887455 -0.606755 0.208733 0.761842
3198 33.9 21.3 -80.9 -0.0883422 -0.609777 0.207124 0.759913
3199 33.9 21.4 -80.8 -0.0847136 -0.610461 0.216562 0.757141
3200 33.9 21.4 -80.7 -0.0867548 -0.605263 0.222382 0.759392
3201 34 21.5 -80.6 -0.0895472 -0.606486 0.22582 0.757074
3202 34 21.5 -80.5 -0.0957088 -0.597359 0.226563 0.763329
3203 34 21.6 -80.4 -0.0945959 -0.602117 0.222891 0.760806
3204 34.1 21.6 -80.3 -0.094469 -0.609711 0.216729 0.756543
3205 34.1 21.7 -80.3 -0.0852293 -0.617473 0.207586 0.753904
3206 34.1 21.7 -80.2 -0.0789994 -0.616525 0.204006 0.756332
3207 34.2 21.8 -80.1 -0.073454 -0.614664 0.199362 0.759636
3208 34.2 21.8 -80 -0.0701885 -0.615975 0.199755 0.75878
3209 34.2 21.9 -79.9 -0.0753418 -0.614769 0.200056 0.759184
3210 34.3 21.9 -79.8 -0.0764284 -0.615462 0.209612 0.755929
3211 34.3 22 -79.7 -0.0831448 -0.614189 0.217357 0.754066
3212 34.4 22 -79.6 -0.0924053 -0.607079 0.226693 0.755994
3213 34.4 22.1 -79.5 -0.0945975 -0.599818 0.22735 0.761302
3214 34.4 22.1 -79.4 -0.0919221 -0.603329 0.223693 0.759938
3215 34.5 22.2 -79.3 -0.085784 -0.604186 0.216047 0.762184
3216 34.5 22.2 -79.3 -0.076849 -0.608249 0.207232 0.762353
3217 34.5 22.3 -79.2 -0.0726109 -0.609757 0.19644 0.764418
3218 34.6 22.3 -79.1 -0.0664001 -0.613153 0.187984 0.764392
3219 34.6 22.4 -79 -0.0639579 -0.607893 0.18178 0.77028
3220 34.7 22.4 -78.9 -0.0671002 -0.601561 0.179457 0.775511
3221 34.7 22.4 -78.8 -0.0673008 -0.61471 0.187242 0.763245
3222 34.7 22.5 -78.7 -0.0721494 -0.609707 0.189338 0.766292
3223 34.8 22.5 -78.6 -0.0765056 -0.603036 0.198042 0.768943
3224 34.8 22.6 -78.5 -0.0845019 -0.59439 0.201751 0.773858
3225 34.8 22.6 -78.4 -0.0901029 -0.597845 0.196631 0.77188
3226 34.9 22.7 -78.4 -0.0859838 -0.609564 0.187362 0.765463
3227 34.9 22.7 -78.3 -0.0784351 -0.610524 0.180812 0.767083
3228 34.9 22.8 -78.2 -0.0780686 -0.606877 0.178511 0.770545
3229 35 22.8 -78.1 -0.0732118 -0.604865 0.180873 0.772052
3230 35 22.9 -78 -0.0726501 -0.605169 0.182334 0.771522
3231 35 22.9 -77.9 -0.0734885 -0.602136 0.186247 0.77288
3232 35.1 23 -77.8 -0.0736742 -0.60952 0.194994 0.764875
3233 35.1 23 -77.7 -0.083053 -0.604813 0.197353 0.767043
3234 35.1 23.1 -77.6 -0.087926 -0.600398 0.206957 0.767437
3235 35.2 23.1 -77.5 -0.0926054 -0.594997 0.211142 0.769949
3236 35.2 23.1 -77.4 -0.0927361 -0.594661 0.20752 0.771177
3237 35.3 23.2 -77.3 -0.0904415 -0.600233 0.200496 0.768988
3238 35.3 23.2 -77.3 -0.084597 -0.610721 0.190506 0.763918
3239 35.3 23.3 -77.2 -0.0821811 -0.605268 0.183409 0.770233
3240 35.4 23.4 -77.1 -0.073245 -0.604532 0.178659 0.772824
3241 35.4 23.4 -77 -0.0696716 -0.605848 0.176986 0.772509
3242 35.4 23.5 -76.9 -0.0699792 -0.608284 0.17886 0.770131
3243 35.5 23.5 -76.8 -0.0701637 -0.612655 0.190355 0.763869
3244 35.5 23.5 -76.7 -0.0741107 -0.605418 0.198583 0.767164
3245 35.5 23.6 -76.6 -0.0777697 -0.605463 0.206025 0.764801
3246 35.6 23.6 -76.5 -0.0838772 -0.600814 0.207992 0.767285
3247 35.6 23.7 -76.4 -0.0881599 -0.602926 0.205011 0.76595
3248 35.7 23.7 -76.4 -0.0900819 -0.604959 0.199491 0.76558
3249 35.7 23.8 -76.3 -0.0853711 -0.607929 0.194479 0.765057
3250 35.7 23.8 -76.2 -0.080799 -0.604014 0.190923 0.769537
3251 35.8 23.9 -76.1 -0.0746447 -0.606293 0.187032 0.769322
3252 35.8 23.9 -76 -0.0752571 -0.605635 0.188484 0.769426
3253 35.8 24 -75.9 -0.0795924 -0.607409 0.192168 0.766675
3254 35.9 24 -75.8 -0.0820914 -0.612011 0.205135 0.759357
3255 35.9 24 -75.7 -0.0866921 -0.606669 0.210223 0.761737
3256 35.9 24.1 -75.6 -0.0914279 -0.603355 0.216085 0.762175
3257 36 24.1 -75.5 -0.099661 -0.597133 0.214546 0.766466
3258 36 24.2 -75.5 -0.102968 -0.604649 0.212009 0.760822
3259 36.1 24.2 -75.4 -0.0989308 -0.611569 0.210049 0.756357
3260 36.1 24.3 -75.3 -0.0886045 -0.614534 0.201603 0.757531
3261 36.1 24.3 -75.2 -0.0817283 -0.611485 0.19608 0.762207
3262 36.1 24.4 -75.1 -0.0734042 -0.604183 0.188862 0.770653
3263 36.2 24.4 -75 -0.0665689 -0.606769 0.183784 0.77047
3264 36.2 24.5 -74.9 -0.0645056 -0.604338 0.185529 0.772136
3265 36.3 24.5 -74.8 -0.0639839 -0.599708 0.196621 0.773043
3266 36.3 24.6 -74.7 -0.0689858 -0.594506 0.19639 0.776682
3267 36.3 24.6 -74.6 -0.0768985 -0.593882 0.202016 0.774971
3268 36.4 24.7 -74.5 -0.0814274 -0.588422 0.203717 0.778221
3269 36.4 24.7 -74.5 -0.0832993 -0.590484 0.202462 0.776787
3270 36.5 24.8 -74.4 -0.079013 -0.595775 0.198741 0.774152
3271 36.5 24.8 -74.3 -0.0742806 -0.591826 0.195381 0.778492
3272 36.5 24.9 -74.2 -0.067647 -0.603392 0.193308 0.770697
3273 36.6 24.9 -74.1 -0.0651404 -0.589632 0.194995 0.781069
3274 36.6 25 -74 -0.0687716 -0.596017 0.196113 0.775612
3275 36.6 25 -73.9 -0.0727141 -0.602546 0.200134 0.769154
3276 36.7 25.1 -73.8 -0.0756551 -0.606957 0.212051 0.762177
3277 36.7 25.1 -73.7 -0.0775832 -0.608955 0.21995 0.75814
3278 36.7 25.1 -73.6 -0.0848687 -0.598931 0.223736 0.764213
3279 36.8 25.2 -73.5 -0.0784365 -0.597411 0.206945 0.770793
3280 36.9 25.3 -73.4 -0.0710661 -0.607681 0.195552 0.766441
3281 36.9 25.3 -73.3 -0.070352 -0.610122 0.184612 0.767281
3282 36.9 25.4 -73.2 -0.0680468 -0.606398 0.175059 0.772661
3283 37 25.4 -73 -0.0663134 -0.609382 0.172055 0.771137
3284 37.1 25.5 -72.9 -0.0685533 -0.607208 0.176464 0.77166
3285 37.1 25.5 -72.8 -0.0710634 -0.612708 0.187023 0.764566
3286 37.1 25.6 -72.7 -0.078031 -0.610374 0.195596 0.763608
3287 37.2 25.6 -72.6 -0.0888853 -0.606712 0.20735 0.762238
3288 37.2 25.7 -72.6 -0.0935411 -0.607978 0.211088 0.759641
3289 37.2 25.7 -72.5 -0.095191 -0.605856 0.212692 0.760683
3290 37.3 25.8 -72.4 -0.0873518 -0.614515 0.206908 0.75626
3291 37.3 25.8 -72.3 -0.081719 -0.603812 0.203993 0.766238
3292 37.3 25.8 -72.2 -0.0722893 -0.613266 0.20185 0.760221
3293 37.4 25.9 -72.1 -0.069399 -0.606261 0.197745 0.767156
3294 37.4 25.9 -72 -0.0680349 -0.606373 0.196665 0.767467
3295 37.4 26 -71.9 -0.071427 -0.603371 0.200982 0.768406
3296 37.5 26 -71.8 -0.075505 -0.606741 0.208405 0.763369
3297 37.5 26.1 -71.7 -0.0779905 -0.60478 0.206744 0.765125
3298 37.5 26.1 -71.6 -0.0823097 -0.604457 0.207483 0.764727
3299 37.6 26.1 -71.5 -0.082533 -0.604402 0.203373 0.76585
3300 37.6 26.2 -71.5 -0.0800233 -0.607576 0.197623 0.765109
3301 37.7 26.2 -71.4 -0.0743897 -0.616421 0.189461 0.760655
3302 37.7 26.3 -71.3 -0.074179 -0.611082 0.184228 0.766248
3303 37.7 26.3 -71.2 -0.0693586 -0.615206 0.182018 0.763924
3304 37.7 26.4 -71.1 -0.0604757 -0.608834 0.182906 0.769551
3305 37.8 26.4 -71 -0.0574447 -0.612964 0.183711 0.766306
3306 37.8 26.4 -70.9 -0.0613851 -0.615065 0.189237 0.762966
3307 37.9 26.5 -70.8 -0.0663204 -0.621249 0.200239 0.754689
3308 37.9 26.5 -70.7 -0.0742142 -0.618512 0.206316 0.754565
3309 38 26.6 -70.6 -0.0819929 -0.607049 0.206254 0.763039
3310 38 26.6 -70.4 -0.0740431 -0.624678 0.188016 0.754285
3311 38.1 26.7 -70.3 -0.0738366 -0.628963 0.181824 0.752259
3312 38.1 26.7 -70.2 -0.0691287 -0.625421 0.178283 0.756496
3313 38.2 26.8 -70 -0.0721626 -0.625706 0.177964 0.756051
3314 38.2 26.8 -69.9 -0.0741186 -0.627349 0.182149 0.7535
3315 38.3 26.8 -69.8 -0.0769055 -0.633849 0.190983 0.745551
3316 38.3 26.9 -69.7 -0.0791288 -0.6335 0.195504 0.744443
3317 38.3 26.9 -69.7 -0.0841568 -0.628931 0.201343 0.746206
3318 38.3 27 -69.6 -0.0866699 -0.628435 0.202039 0.746148
3319 38.4 27 -69.5 -0.0861441 -0.629407 0.200755 0.745737
3320 38.4 27 -69.4 -0.0823358 -0.633353 0.194581 0.744461
3321 38.4 27.1 -69.3 -0.0786248 -0.634898 0.184771 0.746044
3322 38.5 27.1 -69.2 -0.0729995 -0.635084 0.179544 0.747732
3323 38.5 27.2 -69.1 -0.067611 -0.630702 0.176375 0.752685
3324 38.5 27.2 -69 -0.0652021 -0.63351 0.173932 0.751107
3325 38.6 27.3 -68.9 -0.0666548 -0.633145 0.175515 0.750918
3326 38.6 27.3 -68.8 -0.0694778 -0.635817 0.183075 0.746588
3327 38.6 27.4 -68.8 -0.0722619 -0.639268 0.189925 0.741649
3328 38.7 27.4 -68.7 -0.078473 -0.63328 0.196922 0.744326
3329 38.7 27.5 -68.6 -0.082467 -0.62655 0.198801 0.749074
3330 38.7 27.5 -68.5 -0.0809105 -0.629228 0.196563 0.747589
3331 38.8 27.6 -68.4 -0.0734624 -0.636346 0.191942 0.743522
3332 38.8 27.6 -68.3 -0.06814 -0.633374 0.184138 0.748523
3333 38.8 27.7 -68.1 -0.0551671 -0.627623 0.178059 0.755871
3334 38.9 27.8 -68 -0.0529975 -0.628324 0.17783 0.755498
3335 38.9 27.8 -68 -0.0524531 -0.628469 0.18146 0.754551
3336 39 27.8 -67.9 -0.0572029 -0.629089 0.188116 0.752056
3337 39 27.9 -67.8 -0.0617768 -0.626324 0.194374 0.75241
3338 39 27.9 -67.7 -0.0669996 -0.622346 0.201783 0.753313
3339 39.1 28 -67.5 -0.0737117 -0.622225 0.198 0.753789
3340 39.1 28 -67.4 -0.0713968 -0.625928 0.191057 0.752738
3341 39.2 28 -67.3 -0.0680768 -0.620363 0.184422 0.759278
3342 39.2 28.1 -67.2 -0.0629332 -0.629121 0.179983 0.753559
3343 39.2 28.1 -67.1 -0.0600641 -0.624477 0.173978 0.759047
3344 39.3 28.2 -67 -0.0592738 -0.624175 0.169038 0.760472
3345 39.3 28.2 -66.9 -0.0614877 -0.62524 0.173218 0.758479
3346 39.4 28.2 -66.8 -0.0649832 -0.627723 0.181774 0.754121
3347 39.4 28.3 -66.7 -0.0694421 -0.625097 0.184903 0.755144
3348 39.4 28.3 -66.6 -0.0775612 -0.620455 0.194868 0.755676
3349 39.4 28.3 -66.6 -0.0834498 -0.620277 0.194213 0.755364
3350 39.5 28.4 -66.5 -0.0867543 -0.624606 0.193796 0.751521
3351 39.5 28.4 -66.4 -0.082413 -0.629494 0.18895 0.749162
3352 39.5 28.5 -66.3 -0.0811027 -0.624669 0.185325 0.754232
3353 39.6 28.5 -66.2 -0.0760765 -0.631484 0.183414 0.749533
3354 39.6 28.6 -66.1 -0.0724922 -0.621717 0.182573 0.758208
3355 39.6 28.6 -66 -0.0704653 -0.626455 0.184703 0.753972
3356 39.7 28.7 -65.9 -0.0722948 -0.626757 0.193278 0.751394
3357 39.7 28.7 -65.8 -0.076095 -0.628371 0.202781 0.747154
3358 39.8 28.8 -65.7 -0.0827302 -0.626837 0.209579 0.74586
3359 39.8 28.8 -65.6 -0.0917379 -0.618199 0.21424 0.750676
3360 39.8 28.9 -65.5 -0.0915164 -0.615864 0.214555 0.752531
3361 39.9 28.9 -65.4 -0.0893495 -0.621514 0.213332 0.748483
3362 39.9 29 -65.3 -0.0812658 -0.633395 0.204355 0.74192
3363 39.9 29 -65.2 -0.0796437 -0.631072 0.200772 0.745047
3364 39.9 29.1 -65.1 -0.0747062 -0.627243 0.198609 0.749359
3365 40 29.1 -65 -0.0714744 -0.623643 0.196651 0.753186
3366 40 29.2 -64.9 -0.0699742 -0.620338 0.197471 0.755837
3367 40.1 29.2 -64.9 -0.0654126 -0.625515 0.20744 0.74928
3368 40.1 29.2 -64.8 -0.0695595 -0.626888 0.208704 0.747406
3369 40.1 29.3 -64.7 -0.0760669 -0.624104 0.210577 0.748576
3370 40.1 29.3 -64.6 -0.0805873 -0.616516 0.210464 0.754399
3371 40.2 29.4 -64.5 -0.0834604 -0.618476 0.208244 0.753098
3372 40.2 29.4 -64.4 -0.0813169 -0.622562 0.204073 0.751104
3373 40.3 29.4 -64.3 -0.0756853 -0.626104 0.19539 0.751058
3374 40.3 29.5 -64.2 -0.0770424 -0.623571 0.192449 0.753782
3375 40.3 29.5 -64.1 -0.072585 -0.624653 0.189367 0.754109
3376 40.3 29.6 -64 -0.0694496 -0.622583 0.187929 0.756472
3377 40.4 29.6 -63.9 -0.0682986 -0.62469 0.189852 0.754357
3378 40.4 29.6 -63.8 -0.0722809 -0.630817 0.199754 0.746287
3379 40.4 29.7 -63.7 -0.0854463 -0.627153 0.208325 0.745639
3380 40.5 29.7 -63.6 -0.0946774 -0.624848 0.217694 0.743781
3381 40.5 29.7 -63.5 -0.100133 -0.614685 0.221042 0.750517
3382 40.5 29.8 -63.4 -0.0954969 -0.617259 0.220441 0.749184
3383 40.6 29.8 -63.3 -0.0895047 -0.623299 0.213612 0.746898
3384 40.6 29.9 -63.2 -0.0819733 -0.632195 0.203651 0.743059
3385 40.6 29.9 -63.1 -0.0786628 -0.630411 0.195794 0.747033
3386 40.7 30 -63 -0.0746184 -0.630103 0.189332 0.74937
3387 40.7 30 -63 -0.0730912 -0.630034 0.187633 0.750006
3388 40.7 30 -62.9 -0.0719767 -0.630278 0.188776 0.749622
3389 40.8 30.1 -62.8 -0.0668607 -0.634918 0.195981 0.744312
3390 40.8 30.1 -62.7 -0.0668726 -0.638611 0.197636 0.740706
3391 40.8 30.1 -62.6 -0.0704579 -0.637167 0.197632 0.741617
3392 40.9 30.2 -62.5 -0.0762308 -0.632395 0.195484 0.745688
3393 40.9 30.2 -62.3 -0.0747096 -0.643402 0.18479 0.739125
3394 41 30.3 -62.2 -0.0630058 -0.6455 0.183206 0.73878
3395 41 30.3 -62.1 -0.062519 -0.638647 0.184531 0.744426
3396 41 30.3 -62 -0.0675815 -0.636573 0.196941 0.742578
3397 41.1 30.4 -61.9 -0.0737311 -0.643675 0.198256 0.735487
3398 41.1 30.4 -61.8 -0.071321 -0.632513 0.18258 0.749336
3399 41.1 30.4 -61.8 -0.0219013 -0.642884 0.0976855 0.759394
3400 41.1 30.4 -61.7 0.0200999 -0.634919 0.0229254 0.771977
3401 41.2 30.4 -61.7 0.0438549 -0.637932 -0.0661814 0.765989
3402 41.2 30.4 -61.7 0.0832746 -0.63005 -0.145126 0.758314
3403 41.2 30.3 -61.7 0.123511 -0.613956 -0.21643 0.748974
3404 41.3 30.2 -61.5 0.178784 -0.584573 -0.246246 0.752112
3405 41.4 30.1 -61.4 0.181462 -0.592741 -0.251528 0.743278
3406 41.4 30 -61.3 0.181908 -0.582934 -0.242331 0.753905
3407 41.4 29.9 -61.2 0.188814 -0.568439 -0.232989 0.766122
3408 41.5 29.8 -61 0.185576 -0.573723 -0.234474 0.762513
3409 41.6 29.7 -60.8 0.203626 -0.57045 -0.233749 0.760582
3410 41.6 29.7 -60.8 0.205231 -0.575098 -0.239652 0.754791
3411 41.6 29.6 -60.7 0.207701 -0.571915 -0.241097 0.756072
3412 41.7 29.6 -60.6 0.203933 -0.576896 -0.242607 0.752824
3413 41.7 29.5 -60.5 0.199373 -0.580305 -0.236282 0.753437
3414 41.8 29.4 -60.4 0.194837 -0.585675 -0.231166 0.752054
3415 41.8 29.4 -60.3 0.189365 -0.588525 -0.228274 0.75211
3416 41.8 29.3 -60.2 0.186641 -0.586895 -0.225039 0.755035
3417 41.9 29.2 -60.2 0.187336 -0.589518 -0.225996 0.752529
3418 41.9 29.1 -60.1 0.18769 -0.58808 -0.23206 0.75172
3419 42 29.1 -60 0.190958 -0.586646 -0.244253 0.748146
3420 42 29 -59.9 0.199662 -0.584096 -0.248947 0.746319
3421 42 28.9 -59.8 0.201251 -0.586738 -0.260062 0.740003
3422 42.1 28.8 -59.7 0.204361 -0.580824 -0.26165 0.743249
3423 42.1 28.8 -59.6 0.20405 -0.586623 -0.26139 0.738859
3424 42.2 28.7 -59.5 0.200785 -0.594322 -0.254666 0.735943
3425 42.2 28.6 -59.4 0.195276 -0.597042 -0.248936 0.737183
3426 42.2 28.5 -59.3 0.190332 -0.590328 -0.240957 0.746476
3427 42.3 28.5 -59.3 0.185376 -0.59574 -0.241554 0.743223
3428 42.3 28.4 -59.2 0.181566 -0.590371 -0.245155 0.747258
3429 42.4 28.3 -59.1 0.185391 -0.586753 -0.251151 0.747177
3430 42.4 28.3 -59 0.189653 -0.592427 -0.257737 0.739347
3431 42.4 28.2 -58.9 0.191863 -0.585281 -0.259942 0.743684
3432 42.5 28.1 -58.8 0.190722 -0.584018 -0.257534 0.745805
3433 42.5 28.1 -58.7 0.186923 -0.600182 -0.257774 0.733754
3434 42.5 28 -58.7 0.197858 -0.60051 -0.247443 0.734174
3435 42.6 27.9 -58.6 0.197328 -0.605185 -0.237454 0.733777
3436 42.6 27.9 -58.5 0.19051 -0.590557 -0.227824 0.750363
3437 42.6 27.8 -58.4 0.186542 -0.580123 -0.221031 0.761449
3438 42.7 27.7 -58.3 0.186804 -0.574149 -0.217404 0.766937
3439 42.7 27.7 -58.3 0.184543 -0.571688 -0.220106 0.76855
3440 42.7 27.6 -58.2 0.186915 -0.576302 -0.228276 0.762121
3441 42.8 27.5 -58.1 0.187565 -0.580087 -0.235107 0.756996
3442 42.8 27.5 -58 0.194574 -0.570098 -0.23503 0.762817
3443 42.8 27.4 -57.9 0.196466 -0.569866 -0.237922 0.761608
3444 42.9 27.3 -57.8 0.192961 -0.57898 -0.235593 0.756336
3445 42.9 27.2 -57.8 0.193854 -0.583718 -0.226766 0.755163
3446 42.9 27.2 -57.7 0.192959 -0.58237 -0.222713 0.757635
3447 43 27.1 -57.6 0.18655 -0.582259 -0.223807 0.759002
3448 43 27 -57.5 0.181403 -0.579056 -0.221656 0.763319
3449 43 27 -57.4 0.176993 -0.580134 -0.223365 0.763037
3450 43.1 26.9 -57.3 0.181989 -0.581266 -0.226087 0.760194
3451 43.1 26.9 -57.2 0.190554 -0.583367 -0.237467 0.752982
3452 43.1 26.8 -57.1 0.194615 -0.57669 -0.247074 0.753995
3453 43.2 26.7 -57.1 0.198667 -0.568603 -0.255364 0.756315
3454 43.2 26.7 -57 0.204206 -0.567746 -0.256263 0.755178
3455 43.3 26.6 -56.9 0.201499 -0.572482 -0.252092 0.753732
3456 43.3 26.5 -56.8 0.197677 -0.58408 -0.242037 0.749128
3457 43.3 26.4 -56.7 0.195219 -0.580258 -0.23773 0.754105
3458 43.3 26.4 -56.6 0.192364 -0.583102 -0.23387 0.753852
3459 43.4 26.3 -56.5 0.188504 -0.580405 -0.233068 0.75715
3460 43.4 26.2 -56.5 0.185472 -0.586495 -0.236834 0.75202
3461 43.5 26.2 -56.4 0.187142 -0.591978 -0.243204 0.745246
3462 43.5 26.1 -56.3 0.191493 -0.589769 -0.251085 0.743276
3463 43.5 26 -56.2 0.196661 -0.585016 -0.251933 0.745393
3464 43.5 26 -56.1 0.206514 -0.578773 -0.253093 0.747206
3465 43.6 25.9 -56 0.210785 -0.582287 -0.254118 0.742924
3466 43.6 25.8 -55.9 0.209624 -0.587174 -0.252412 0.739982
3467 43.7 25.8 -55.8 0.207579 -0.596551 -0.242696 0.736299
3468 43.7 25.7 -55.7 0.202999 -0.595662 -0.238763 0.739574
3469 43.7 25.6 -55.6 0.198729 -0.590174 -0.229854 0.74791
3470 43.8 25.5 -55.6 0.196326 -0.586927 -0.229939 0.751066
3471 43.8 25.5 -55.5 0.190757 -0.58845 -0.233715 0.750144
3472 43.9 25.4 -55.4 0.192212 -0.586436 -0.240046 0.74935
3473 43.9 25.3 -55.3 0.198394 -0.581326 -0.245893 0.749825
3474 43.9 25.2 -55.2 0.201845 -0.577973 -0.252111 0.74943
3475 44 25.2 -55.1 0.212623 -0.572879 -0.253689 0.749828
3476 44 25.1 -55 0.214003 -0.578808 -0.258779 0.743114
3477 44.1 25 -54.9 0.210118 -0.584676 -0.254212 0.741202
3478 44.1 24.9 -54.8 0.205976 -0.584628 -0.249194 0.744101
3479 44.1 24.9 -54.7 0.206195 -0.579357 -0.245745 0.749292
3480 44.2 24.8 -54.6 0.201933 -0.575734 -0.245795 0.753218
3481 44.2 24.7 -54.6 0.198536 -0.573109 -0.247962 0.75541
3482 44.3 24.7 -54.5 0.196427 -0.575712 -0.25478 0.751704
3483 44.3 24.6 -54.4 0.199306 -0.575892 -0.259732 0.749109
3484 44.3 24.5 -54.3 0.198818 -0.570381 -0.259638 0.753475
3485 44.3 24.4 -54.2 0.203606 -0.572284 -0.256903 0.751689
3486 44.4 24.4 -54.1 0.202576 -0.579269 -0.258598 0.746015
3487 44.4 24.3 -54 0.201521 -0.579404 -0.255971 0.7471
3488 44.5 24.2 -53.9 0.197988 -0.585331 -0.24919 0.745717
3489 44.5 24.2 -53.8 0.193276 -0.584775 -0.243116 0.749385
3490 44.5 24.1 -53.7 0.187867 -0.579908 -0.23448 0.757253
3491 44.6 24 -53.6 0.189441 -0.579693 -0.235539 0.756696
3492 44.6 23.9 -53.5 0.193463 -0.579252 -0.23938 0.754809
3493 44.7 23.9 -53.4 0.195131 -0.58247 -0.249114 0.748729
3494 44.7 23.8 -53.3 0.20169 -0.580698 -0.254943 0.746401
3495 44.7 23.7 -53.2 0.204643 -0.576016 -0.260538 0.747293
3496 44.8 23.7 -53.2 0.20782 -0.577681 -0.261431 0.744815
3497 44.8 23.6 -53.1 0.208881 -0.576814 -0.263181 0.744574
3498 44.8 23.5 -53 0.209515 -0.584188 -0.26044 0.739594
3499 44.9 23.5 -52.9 0.20929 -0.587568 -0.257106 0.738145
3500 44.9 23.4 -52.8 0.207079 -0.582907 -0.249839 0.744928
3501 44.9 23.3 -52.7 0.204516 -0.579394 -0.243431 0.750478
3502 45 23.3 -52.6 0.201861 -0.578988 -0.244137 0.75128
3503 45 23.2 -52.5 0.201729 -0.578981 -0.25395 0.748061
3504 45 23.1 -52.5 0.205593 -0.584397 -0.266677 0.738305
3505 45.1 23.1 -52.4 0.21344 -0.584758 -0.270505 0.73439
3506 45.1 23 -52.3 0.221445 -0.580681 -0.276966 0.732845
3507 45.1 23 -52.2 0.225026 -0.582734 -0.276685 0.730226
3508 45.2 22.9 -52.1 0.226781 -0.581438 -0.274823 0.731418
3509 45.2 22.8 -52 0.222471 -0.589548 -0.269225 0.728325
3510 45.3 22.7 -52 0.218903 -0.587358 -0.266285 0.732246
3511 45.3 22.7 -51.9 0.215831 -0.583412 -0.262629 0.737614
3512 45.3 22.5 -51.8 0.218129 -0.584811 -0.263022 0.735687
3513 45.4 22.5 -51.7 0.216074 -0.585981 -0.267479 0.733753
3514 45.4 22.4 -51.6 0.214839 -0.586029 -0.273884 0.731711
3515 45.4 22.3 -51.5 0.214805 -0.578473 -0.274349 0.737537
3516 45.5 22.2 -51.4 0.22621 -0.567972 -0.269692 0.743978
3517 45.5 22.2 -51.3 0.225228 -0.571223 -0.270922 0.741335
3518 45.6 22 -51.2 0.207598 -0.589383 -0.260656 0.735927
3519 45.6 21.9 -51.1 0.202259 -0.585045 -0.249475 0.744699
3520 45.7 21.8 -50.9 0.207874 -0.581526 -0.246232 0.746984
3521 45.7 21.7 -50.8 0.205165 -0.579469 -0.264433 0.743101
3522 45.8 21.6 -50.7 0.214578 -0.58219 -0.265601 0.737881
3523 45.8 21.6 -50.6 0.227061 -0.583385 -0.254444 0.737132
3524 45.9 21.5 -50.5 0.22061 -0.587896 -0.24318 0.739306
3525 45.9 21.4 -50.5 0.209574 -0.602465 -0.231622 0.734484
3526 45.9 21.3 -50.4 0.193431 -0.602114 -0.218777 0.743088
3527 45.9 21.4 -50.3 0.127221 -0.608512 -0.10184 0.776631
3528 46 21.5 -50.2 0.0698502 -0.627094 -0.0256082 0.775382
3529 46 21.5 -50.2 0.0203318 -0.628207 0.0574626 0.775655
3530 46 21.6 -50.2 -0.0410639 -0.614931 0.148112 0.773458
3531 46 21.7 -50.2 -0.0843164 -0.604293 0.203203 0.765787
3532 46 21.8 -50.1 -0.0643468 -0.598061 0.198678 0.773763
3533 46.1 21.9 -49.9 -0.0660671 -0.591889 0.183232 0.782131
3534 46.1 21.9 -49.7 -0.0636349 -0.605916 0.186874 0.770645
3535 46.2 22 -49.6 -0.0670171 -0.607331 0.187352 0.769128
3536 46.2 22.1 -49.4 -0.065855 -0.602714 0.18678 0.772989
3537 46.3 22.2 -49.3 -0.047985 -0.626842 0.176816 0.757299
3538 46.3 22.3 -49.1 -0.0376167 -0.630707 0.179853 0.753954
3539 46.4 22.4 -48.9 -0.0440537 -0.631412 0.181763 0.752555
3540 46.4 22.4 -48.8 -0.0543639 -0.63391 0.187074 0.748469
3541 46.4 22.5 -48.8 -0.0625509 -0.640661 0.198921 0.738966
3542 46.4 22.5 -48.7 -0.0723261 -0.634554 0.206902 0.741149
3543 46.5 22.6 -48.5 -0.0702889 -0.626403 0.213668 0.746341
3544 46.5 22.6 -48.3 -0.0765221 -0.629048 0.201706 0.746832
3545 46.5 22.7 -48.1 -0.0651548 -0.625807 0.189859 0.753707
3546 46.6 22.8 -48 -0.0634309 -0.619142 0.188063 0.759784
3547 46.6 22.8 -47.8 -0.0591426 -0.619372 0.20006 0.756873
3548 46.7 22.9 -47.7 -0.063121 -0.627048 0.209666 0.747574
3549 46.7 22.9 -47.6 -0.0696777 -0.629472 0.211421 0.744454
3550 46.7 22.9 -47.4 -0.0741983 -0.620772 0.211478 0.751275
3551 46.8 23 -47.2 -0.068111 -0.626993 0.201833 0.749336
3552 46.8 23 -47.1 -0.0626898 -0.631615 0.193435 0.748141
3553 46.9 23.1 -47 -0.0566484 -0.631034 0.190787 0.749792
3554 46.9 23.1 -46.9 -0.0532707 -0.63027 0.18649 0.75176
3555 46.9 23.1 -46.8 -0.0545875 -0.628569 0.186133 0.753178
3556 47 23.2 -46.8 -0.0587866 -0.630655 0.189081 0.750378
3557 47 23.2 -46.7 -0.0628426 -0.634476 0.20096 0.743711
3558 47 23.2 -46.6 -0.0707094 -0.632951 0.206804 0.742701
3559 47.1 23.3 -46.5 -0.075162 -0.632363 0.215689 0.740234
3560 47.1 23.3 -46.4 -0.078633 -0.627812 0.218705 0.742858
3561 47.1 23.4 -46.3 -0.0784386 -0.628391 0.218826 0.742352
3562 47.2 23.4 -46.2 -0.0740489 -0.632689 0.218077 0.739367
3563 47.2 23.5 -46.1 -0.0721585 -0.633999 0.214041 0.739611
3564 47.2 23.5 -46 -0.0700228 -0.63337 0.212688 0.740745
3565 47.2 23.5 -45.9 -0.0654807 -0.633447 0.211394 0.741465
3566 47.3 23.6 -45.8 -0.0663607 -0.630358 0.213503 0.743412
3567 47.3 23.6 -45.7 -0.0672634 -0.627651 0.218292 0.74423
3568 47.3 23.7 -45.6 -0.0713127 -0.63366 0.227765 0.735875
3569 47.4 23.7 -45.5 -0.0808572 -0.63076 0.235622 0.734905
3570 47.4 23.8 -45.4 -0.089679 -0.6284 0.242686 0.733604
3571 47.4 23.8 -45.3 -0.0926879 -0.62229 0.242957 0.738333
3572 47.4 23.8 -45.2 -0.0902055 -0.62263 0.240166 0.739267
3573 47.5 23.9 -45.1 -0.0885502 -0.627378 0.234447 0.737286
3574 47.5 23.9 -45 -0.0868946 -0.629406 0.230568 0.736977
3575 47.5 24 -44.9 -0.0842663 -0.631094 0.232322 0.735286
3576 47.5 24 -44.8 -0.0776807 -0.626382 0.228587 0.741188
3577 47.6 24.1 -44.7 -0.0749502 -0.617868 0.229844 0.748193
3578 47.6 24.1 -44.7 -0.0749909 -0.615748 0.234167 0.748596
3579 47.6 24.2 -44.6 -0.0807472 -0.617896 0.243111 0.743358
3580 47.7 24.2 -44.5 -0.0853701 -0.619631 0.25136 0.738639
3581 47.7 24.2 -44.4 -0.0900647 -0.620222 0.255031 0.736323
3582 47.7 24.3 -44.3 -0.0932024 -0.616892 0.252148 0.739715
3583 47.7 24.3 -44.2 -0.0892583 -0.619499 0.245064 0.740403
3584 47.8 24.4 -44.1 -0.084614 -0.621879 0.233337 0.742739
3585 47.8 24.4 -44 -0.0761219 -0.629106 0.223265 0.740664
3586 47.8 24.5 -43.9 -0.0707765 -0.625786 0.216296 0.746055
3587 47.9 24.6 -43.7 -0.0623653 -0.62683 0.21215 0.747119
3588 47.9 24.6 -43.7 -0.0619598 -0.625965 0.210795 0.748261
3589 47.9 24.7 -43.6 -0.0603553 -0.630125 0.216915 0.743134
3590 48 24.7 -43.5 -0.0640136 -0.63219 0.220879 0.739899
3591 48 24.8 -43.4 -0.0671408 -0.633529 0.22066 0.738541
3592 48 24.8 -43.3 -0.0689314 -0.630455 0.217964 0.7418
3593 48 24.8 -43.2 -0.0690857 -0.632472 0.216005 0.74064
3594 48 24.9 -43.1 -0.0722459 -0.634754 0.213604 0.739082
3595 48.1 24.9 -43 -0.0690859 -0.641572 0.20536 0.735826
3596 48.1 25 -42.9 -0.0600663 -0.637489 0.202317 0.740991
3597 48.1 25 -42.8 -0.0479072 -0.642568 0.197257 0.738851
3598 48.1 25.1 -42.7 -0.0456604 -0.634341 0.193452 0.747063
3599 48.2 25.1 -42.6 -0.0464118 -0.637355 0.193464 0.744444
3600 48.2 25.2 -42.5 -0.0478578 -0.641665 0.199488 0.739041
3601 48.2 25.2 -42.4 -0.0529644 -0.642092 0.206452 0.736403
3602 48.3 25.3 -42.3 -0.0653592 -0.634215 0.209765 0.741282
3603 48.3 25.4 -42.1 -0.0654377 -0.640236 0.204235 0.737634
3604 48.4 25.4 -42 -0.0609055 -0.645755 0.197921 0.734928
3605 48.4 25.5 -41.9 -0.0561737 -0.643842 0.190958 0.738814
3606 48.4 25.6 -41.8 -0.0543163 -0.646038 0.191281 0.736951
3607 48.4 25.6 -41.7 -0.050838 -0.642397 0.189527 0.740825
3608 48.4 25.7 -41.6 -0.0464762 -0.644956 0.191436 0.738393
3609 48.5 25.7 -41.5 -0.0434347 -0.643864 0.193208 0.739069
3610 48.5 25.7 -41.4 -0.0412156 -0.654355 0.201906 0.727568
3611 48.5 25.8 -41.3 -0.0465163 -0.654535 0.204178 0.726451
3612 48.5 25.8 -41.3 -0.0581327 -0.650309 0.20607 0.728872
3613 48.6 25.9 -41.2 -0.0652755 -0.645008 0.205169 0.733218
3614 48.6 25.9 -41.1 -0.0677267 -0.64456 0.204852 0.733479
3615 48.6 26 -41 -0.067041 -0.648218 0.20319 0.730775
3616 48.6 26 -40.9 -0.0580381 -0.648573 0.199838 0.732154
3617 48.6 26.1 -40.8 -0.055238 -0.646245 0.198651 0.734747
3618 48.7 26.1 -40.7 -0.0528947 -0.64313 0.201734 0.73681
3619 48.7 26.2 -40.5 -0.0574401 -0.642912 0.209598 0.734461
3620 48.7 26.3 -40.5 -0.0516136 -0.654225 0.217122 0.722623
3621 48.8 26.3 -40.4 -0.0544057 -0.651392 0.218424 0.724582
3622 48.8 26.4 -40.2 -0.0695283 -0.633801 0.218661 0.738681
3623 48.9 26.5 -40 -0.0634307 -0.636972 0.208727 0.739375
3624 48.9 26.5 -39.9 -0.0571954 -0.643418 0.200446 0.736589
3625 48.9 26.6 -39.8 -0.0478233 -0.642117 0.199853 0.738551
3626 49 26.7 -39.6 -0.0478173 -0.648095 0.199276 0.733468
3627 49 26.8 -39.4 -0.0633045 -0.662083 0.214705 0.715221
3628 49.1 26.8 -39.3 -0.0675189 -0.662864 0.217071 0.713396
3629 49.1 26.9 -39.2 -0.0782789 -0.660779 0.218189 0.713889
3630 49.1 27 -39 -0.0747469 -0.664054 0.208359 0.714165
3631 49.2 27.1 -38.9 -0.0618972 -0.661223 0.207677 0.718208
3632 49.2 27.1 -38.8 -0.0629076 -0.65056 0.212082 0.726523
3633 49.2 27.2 -38.7 -0.0721148 -0.656116 0.230602 0.714936
3634 49.3 27.2 -38.5 -0.0867845 -0.652039 0.250484 0.710332
3635 49.3 27.3 -38.5 -0.104082 -0.650549 0.268876 0.702608
3636 49.3 27.4 -38.4 -0.108033 -0.646099 0.277734 0.702672
3637 49.3 27.4 -38.3 -0.118535 -0.628519 0.291495 0.711297
3638 49.3 27.5 -38.3 -0.1473 -0.618728 0.331659 0.696765
3639 49.4 27.7 -38.1 -0.15308 -0.601108 0.333849 0.709775
3640 49.4 27.8 -37.9 -0.145882 -0.611807 0.338282 0.699983
3641 49.4 27.9 -37.8 -0.154879 -0.608309 0.34062 0.699965
3642 49.5 28 -37.7 -0.157616 -0.593581 0.343515 0.710504
3643 49.5 28.1 -37.6 -0.158753 -0.588404 0.348128 0.71231
3644 49.5 28.3 -37.4 -0.148585 -0.577528 0.349467 0.722673
3645 49.6 28.4 -37.3 -0.143899 -0.574102 0.347511 0.72728
3646 49.6 28.5 -37.2 -0.14399 -0.575501 0.347788 0.726023
3647 49.6 28.6 -37.1 -0.150887 -0.578109 0.358376 0.717349
3648 49.7 28.6 -37.1 -0.158341 -0.580846 0.370049 0.707537
3649 49.7 28.7 -37 -0.165499 -0.576731 0.375224 0.70654
3650 49.7 28.9 -36.8 -0.166934 -0.578092 0.370273 0.7077
3651 49.8 28.9 -36.8 -0.167805 -0.581086 0.369354 0.70552
3652 49.8 29 -36.7 -0.161753 -0.589303 0.360875 0.704505
3653 49.8 29.1 -36.7 -0.155501 -0.586739 0.355483 0.710766
3654 49.8 29.2 -36.6 -0.148844 -0.579073 0.35185 0.720223
3655 49.9 29.4 -36.4 -0.15106 -0.583253 0.361436 0.711591
3656 49.9 29.5 -36.3 -0.162571 -0.586914 0.375163 0.698825
3657 49.9 29.6 -36.2 -0.164709 -0.580094 0.378639 0.702136
3658 50 29.7 -36.2 -0.158399 -0.589377 0.373767 0.698458
3659 50 29.9 -36.1 -0.150203 -0.591885 0.364818 0.702864
3660 50 29.9 -36.1 -0.139715 -0.581013 0.365186 0.713823
3661 50 30 -36 -0.148694 -0.575463 0.378307 0.709659
3662 50.1 30.1 -35.9 -0.17769 -0.563684 0.401403 0.699687
3663 50.1 30.1 -35.9 -0.22156 -0.517309 0.484052 0.670072
3664 50.1 30.2 -35.9 -0.266517 -0.485288 0.564491 0.612221
3665 50 30.2 -36 -0.30167 -0.44654 0.622794 0.567209
3666 50 30.3 -36 -0.314116 -0.412051 0.65659 0.548119
3667 50 30.5 -36.1 -0.324566 -0.408036 0.66733 0.531822
3668 50 30.6 -36.1 -0.315178 -0.416276 0.670644 0.52689
3669 49.9 30.7 -36.1 -0.297292 -0.416185 0.674875 0.531931
3670 49.9 30.9 -36.1 -0.293758 -0.418349 0.68279 0.522004
3671 49.9 31.1 -36.1 -0.286045 -0.421924 0.705065 0.492992
3672 49.9 31.2 -36.1 -0.30272 -0.413463 0.720139 0.467771
3673 49.8 31.4 -36.1 -0.300501 -0.410746 0.72722 0.460585
3674 49.8 31.6 -36.1 -0.290205 -0.424305 0.717491 0.470057
3675 49.8 31.8 -36.1 -0.272503 -0.439872 0.712052 0.474591
3676 49.7 31.9 -36.1 -0.264047 -0.441726 0.711798 0.478017
3677 49.7 32.2 -36.1 -0.258774 -0.436497 0.728215 0.460662
3678 49.7 32.2 -36.1 -0.264065 -0.434398 0.731373 0.4546
3679 49.6 32.4 -36.1 -0.270895 -0.431841 0.732587 0.451049
3680 49.6 32.5 -36.1 -0.272335 -0.434039 0.732379 0.448401
3681 49.5 32.7 -36.1 -0.252219 -0.450991 0.725612 0.454401
3682 49.4 32.9 -36.1 -0.243039 -0.449049 0.72277 0.465715
3683 49.4 33.1 -36.1 -0.243034 -0.449419 0.722801 0.465312
3684 49.4 33.3 -36.1 -0.248438 -0.449521 0.725601 0.457944
3685 49.3 33.4 -36.1 -0.268718 -0.443843 0.721031 0.459247
3686 49.3 33.6 -36.2 -0.260909 -0.45252 0.717645 0.460584
3687 49.2 33.7 -36.2 -0.273174 -0.438899 0.704049 0.486886
3688 49.2 33.8 -36.2 -0.284604 -0.429325 0.695936 0.500353
3689 49.2 34 -36.2 -0.296607 -0.418076 0.694126 0.505397
3690 49.2 34.1 -36.2 -0.275522 -0.425255 0.710123 0.488847
3691 49.1 34.3 -36.2 -0.276419 -0.430195 0.710916 0.482829
3692 49.1 34.4 -36.2 -0.285792 -0.432706 0.709934 0.476532
3693 49.1 34.5 -36.3 -0.265688 -0.443709 0.705936 0.483929
3694 49 34.6 -36.3 -0.257914 -0.448652 0.700678 0.491165
3695 49 34.7 -36.2 -0.251474 -0.444967 0.701381 0.49682
3696 49 34.8 -36.2 -0.264901 -0.441711 0.700943 0.493354
3697 49 34.9 -36.2 -0.255316 -0.458287 0.677061 0.516116
3698 49 34.9 -36.1 -0.248513 -0.477722 0.626835 0.563117
3699 49 35 -36.1 -0.190039 -0.505985 0.565417 0.623031
3700 49 35.1 -36.1 -0.154321 -0.539954 0.497513 0.661147
3701 49.1 35.1 -36.1 -0.109692 -0.558083 0.421144 0.706505
3702 49.1 35.1 -36 -0.0791377 -0.572033 0.343355 0.740691
3703 49.1 35.1 -36 -0.0387593 -0.595518 0.271031 0.755247
3704 49.2 35 -35.9 -0.00880004 -0.591718 0.229849 0.772633
3705 49.3 35.5 -35.5 -0.0467234 -0.66934 0.230606 0.704714
3706 49.3 35.6 -35.4 -0.0450807 -0.654695 0.217771 0.722439
3707 49.3 35.7 -35.3 -0.0427563 -0.638932 0.202283 0.740958
3708 49.3 35.7 -35.2 -0.0461125 -0.626829 0.198505 0.752034
3709 49.3 35.8 -35.1 -0.0509303 -0.634434 0.211844 0.741634
3710 49.4 35.9 -35 -0.0568217 -0.642891 0.223793 0.730328
3711 49.4 35.9 -34.9 -0.0597786 -0.644835 0.227104 0.72735
3712 49.4 36 -34.7 -0.0433999 -0.675777 0.200248 0.708055
3713 49.4 36.1 -34.6 -0.0348246 -0.679567 0.194917 0.706388
3714 49.4 36.2 -34.5 -0.0406693 -0.687016 0.19169 0.699721
3715 49.4 36.2 -34.3 -0.0266952 -0.680532 0.197529 0.705086
3716 49.4 36.3 -34.2 -0.0288546 -0.709976 0.195727 0.675865
3717 49.4 36.3 -34.1 -0.0349002 -0.710547 0.189381 0.676787
3718 49.5 36.4 -33.9 -0.0275305 -0.692139 0.18499 0.697111
3719 49.5 36.4 -33.8 -0.0095485 -0.759897 0.18341 0.623559
3720 49.5 36.5 -33.7 -0.00871782 -0.74225 0.18381 0.644362
3721 49.5 36.6 -33.5 -0.00781727 -0.735815 0.18892 0.650249
3722 49.5 36.6 -33.4 0.00621397 -0.741556 0.195415 0.64177
3723 49.5 36.6 -33.2 -0.00660911 -0.742017 0.195917 0.64108
3724 49.5 36.7 -33.1 -0.023525 -0.720051 0.196664 0.665054
3725 49.5 36.7 -33 -0.0155703 -0.718299 0.186247 0.670161
3726 49.5 36.8 -32.8 0.00191861 -0.721909 0.165802 0.671829
3727 49.5 36.9 -32.7 0.00327986 -0.693379 0.157777 0.70308
3728 49.6 36.9 -32.6 -0.00665357 -0.68284 0.158554 0.713124
3729 49.6 37 -32.4 0.00294023 -0.689261 0.172743 0.703612
3730 49.6 37 -32.2 -0.00797329 -0.696498 0.177862 0.69512
3731 49.6 37 -32.1 -0.017372 -0.694774 0.182525 0.695465
3732 49.7 37.1 -32 -0.0169281 -0.696252 0.175445 0.69582
3733 49.7 37.2 -31.8 -0.00329556 -0.708303 0.170683 0.684956
3734 49.7 37.2 -31.7 0.00139721 -0.687745 0.173366 0.704946
3735 49.7 37.2 -31.5 -0.000324833 -0.687628 0.177975 0.703912
3736 49.7 37.3 -31.3 -0.0191073 -0.705241 0.190628 0.682592
3737 49.7 37.3 -31.2 -0.0338402 -0.68421 0.197186 0.701306
3738 49.8 37.3 -31.1 -0.0441173 -0.678344 0.199056 0.705889
3739 49.8 37.4 -31 -0.0348171 -0.692179 0.192023 0.69484
3740 49.8 37.4 -30.9 -0.0202589 -0.688764 0.189303 0.699541
3741 49.8 37.5 -30.7 -0.0334755 -0.671153 0.193995 0.714702
3742 49.9 37.5 -30.6 -0.0340005 -0.674745 0.198375 0.710078
3743 49.9 37.4 -30.6 -0.0148228 -0.677132 0.164868 0.717001
3744 49.9 37.4 -30.5 0.0464463 -0.681414 0.0721921 0.726847
3745 49.9 37.4 -30.5 0.117899 -0.670968 -0.00990242 0.731986
3746 50 37.4 -30.4 0.17311 -0.656557 -0.080971 0.729664
3747 50.1 37.3 -30.2 0.169593 -0.653993 -0.113349 0.72848
3748 50.1 37.2 -30 0.174085 -0.684844 -0.124601 0.696532
3749 50.2 37.2 -29.9 0.166883 -0.682025 -0.12194 0.701514
3750 50.2 37.1 -29.8 0.170198 -0.668581 -0.118468 0.714141
3751 50.2 37.1 -29.6 0.169934 -0.667969 -0.120025 0.714517
3752 50.3 37 -29.5 0.168232 -0.692306 -0.129459 0.689675
3753 50.3 37 -29.3 0.176035 -0.689376 -0.121816 0.69205
3754 50.3 36.9 -29.2 0.170929 -0.680688 -0.108805 0.703995
3755 50.4 36.8 -29 0.157307 -0.700299 -0.101088 0.688925
3756 50.4 36.7 -28.8 0.157536 -0.6895 -0.0967608 0.700293
3757 50.5 36.7 -28.7 0.157654 -0.68077 -0.097389 0.70867
3758 50.5 36.6 -28.5 0.156449 -0.695204 -0.107578 0.693283
3759 50.5 36.6 -28.4 0.167157 -0.693777 -0.108057 0.692139
3760 50.6 36.5 -28.2 0.16302 -0.688291 -0.0959966 0.700332
3761 50.6 36.5 -28.1 0.135262 -0.714827 -0.0743312 0.682057
3762 50.6 36.4 -27.9 0.122725 -0.721114 -0.0538435 0.679731
3763 50.6 36.3 -27.8 0.111126 -0.722184 -0.0419496 0.681426
3764 50.7 36.3 -27.7 0.107463 -0.726096 -0.0445408 0.677682
3765 50.7 36.3 -27.5 0.112455 -0.727838 -0.0536453 0.674335
3766 50.7 36.3 -27.4 0.124086 -0.712953 -0.0475204 0.688508
3767 50.7 36.3 -27.3 0.106136 -0.703647 -0.0258859 0.702101
3768 50.8 36.2 -27.1 0.0994779 -0.717365 -0.0079343 0.689513
3769 50.8 36.2 -27 0.0844194 -0.727117 0.00767096 0.68126
3770 50.8 36.2 -26.9 0.0734593 -0.723329 0.0115396 0.686488
3771 50.8 36.2 -26.8 0.0770319 -0.718205 0.00331501 0.691546
3772 50.8 36.2 -26.7 0.0857413 -0.721925 -0.00954876 0.686572
3773 50.9 36.2 -26.6 0.0967936 -0.728535 -0.0146228 0.677978
3774 50.9 36.2 -26.5 0.085812 -0.716919 0.00399155 0.691844
3775 50.9 36.1 -26.3 0.0622677 -0.736809 0.0327847 0.672429
3776 50.9 36.1 -26.3 0.0454715 -0.731733 0.0537095 0.677949
3777 50.9 36.2 -26.1 0.0832896 -0.744253 0.00520501 0.662664
3778 50.9 36.1 -26.1 0.062754 -0.750245 -0.00910306 0.658112
3779 51 36 -26.1 0.130797 -0.672594 -0.111369 0.719796
3780 51 35.9 -26.1 0.177556 -0.626015 -0.211949 0.729147
3781 51 35.9 -26.1 0.211256 -0.616794 -0.300871 0.695998
3782 51 35.9 -26.1 0.264713 -0.579315 -0.406821 0.654842
3783 51 35.9 -26.1 0.303679 -0.555935 -0.491546 0.597576
3784 51.1 35.9 -26.1 0.349272 -0.517407 -0.528736 0.575098
3785 51.1 36 -26.4 0.354598 -0.278385 -0.811781 0.37118
3786 51 35.9 -26.5 0.342117 -0.182488 -0.871457 0.300361
3787 51 36 -26.5 -0.346529 0.142105 0.901886 -0.215233
3788 51 36.1 -26.6 -0.345577 0.0371441 0.932838 -0.0949195
3789 51 36.2 -26.6 -0.362582 -0.0144421 0.931232 -0.0336604
3790 51 36.2 -26.6 -0.350996 -0.106517 0.928268 0.0614371
3791 51 36.3 -26.5 -0.305029 -0.164427 0.924008 0.161649
3792 51 36.5 -26.5 -0.269205 -0.266537 0.879812 0.287084
3793 51 36.6 -26.4 -0.264343 -0.291806 0.865497 0.309657
3794 50.9 36.4 -26.7 -0.244099 -0.332561 0.822931 0.390645
3795 50.9 36.4 -26.6 -0.218549 -0.351203 0.79817 0.43797
3796 51 36.5 -26.7 -0.27142 -0.340142 0.757591 0.486508
3797 50.9 36.5 -26.8 -0.283817 -0.378207 0.733738 0.487889
3798 50.9 36.6 -26.9 -0.325315 -0.365804 0.708616 0.508156
3799 51 36.8 -26.8 -0.344349 -0.342438 0.714787 0.503229
3800 51 37 -26.8 -0.34292 -0.357349 0.709963 0.500659
3801 50.9 37.1 -26.8 -0.340206 -0.376834 0.696339 0.507315
3802 50.9 37.2 -26.8 -0.329295 -0.391585 0.694236 0.506224
3803 50.9 37.3 -26.8 -0.301475 -0.410513 0.697844 0.503593
3804 50.8 37.4 -26.9 -0.293702 -0.379914 0.703145 0.524396
3805 50.8 37.6 -26.9 -0.340292 -0.30093 0.711338 0.536321
3806 50.8 37.7 -26.9 -0.331856 -0.368168 0.720207 0.485413
3807 50.8 37.8 -26.9 -0.312019 -0.380843 0.734915 0.466371
3808 50.8 37.9 -26.9 -0.308294 -0.357335 0.723436 0.503891
3809 50.7 38 -27 -0.289948 -0.373879 0.735928 0.484308
3810 50.7 38.1 -27 -0.295395 -0.372362 0.732347 0.487602
3811 50.7 38.3 -27 -0.31456 -0.350891 0.733421 0.48992
3812 50.7 38.4 -27 -0.297391 -0.362725 0.752064 0.463021
3813 50.7 38.5 -27 -0.30972 -0.362895 0.752245 0.454432
3814 50.6 38.6 -27 -0.321198 -0.354987 0.753834 0.450055
3815 50.6 38.7 -27.1 -0.322846 -0.35869 0.752582 0.44803
3816 50.6 38.9 -27.1 -0.301333 -0.373943 0.751255 0.452748
3817 50.5 39 -27.1 -0.298899 -0.374631 0.750312 0.455349
3818 50.5 39.1 -27.2 -0.305186 -0.373699 0.748293 0.455268
3819 50.5 39.3 -27.2 -0.285324 -0.376327 0.762936 0.441471
3820 50.4 39.5 -27.2 -0.308892 -0.361866 0.765838 0.432585
3821 50.4 39.6 -27.2 -0.337648 -0.338173 0.765077 0.431614
3822 50.4 39.7 -27.3 -0.338797 -0.342425 0.764578 0.428232
3823 50.3 39.9 -27.4 -0.324239 -0.345242 0.767866 0.431346
3824 50.3 40 -27.4 -0.318136 -0.345101 0.772089 0.428456
3825 50.3 40.2 -27.5 -0.32675 -0.336021 0.777024 0.420187
3826 50.2 40.3 -27.5 -0.322941 -0.324325 0.794562 0.39899
3827 50.2 40.4 -27.5 -0.33131 -0.327116 0.806015 0.365472
3828 50.2 40.5 -27.5 -0.330699 -0.314892 0.81405 0.358893
3829 50.2 40.6 -27.6 -0.316052 -0.324025 0.813675 0.364763
3830 50.1 40.7 -27.6 -0.313294 -0.318302 0.808374 0.383487
3831 50.1 40.8 -27.6 -0.321706 -0.304602 0.835124 0.326023
3832 50.1 40.8 -27.6 -0.349073 -0.242463 0.86448 0.26839
3833 50.1 40.8 -27.6 -0.361348 -0.192525 0.88978 0.201628
3834 50 40.9 -27.9 -0.399976 -0.201529 0.867961 0.214589
3835 49.9 41 -28 -0.393204 -0.21022 0.866905 0.222876
3836 49.9 41.1 -28.1 -0.391541 -0.20914 0.864109 0.237219
3837 49.8 41.2 -28.1 -0.389332 -0.208514 0.86301 0.245265
3838 49.8 41.3 -28.2 -0.385499 -0.213968 0.864492 0.241376
3839 49.7 41.4 -28.3 -0.37937 -0.205269 0.87218 0.23075
3840 49.6 41.5 -28.4 -0.380776 -0.211039 0.874448 0.214041
3841 49.5 41.6 -28.6 -0.378081 -0.210429 0.875684 0.214365
3842 49.5 41.7 -28.7 -0.35925 -0.218705 0.879336 0.223329
3843 49.4 41.8 -28.8 -0.347443 -0.219976 0.880349 0.236387
3844 49.3 41.9 -28.9 -0.331544 -0.224797 0.886551 0.231457
3845 49.2 42 -29 -0.335652 -0.223239 0.887495 0.223282
3846 49.2 42 -29.1 -0.33235 -0.216333 0.893224 0.211885
3847 49.2 42.1 -29.1 -0.343092 -0.21024 0.892592 0.203388
3848 49.1 42.2 -29.2 -0.367021 -0.195078 0.886154 0.20487
3849 49 42.3 -29.3 -0.367897 -0.195256 0.885758 0.204842
3850 49 42.3 -29.4 -0.361599 -0.199965 0.886325 0.209019
3851 48.9 42.4 -29.5 -0.355203 -0.206894 0.886046 0.214358
3852 48.8 42.5 -29.6 -0.352781 -0.210601 0.886394 0.213302
3853 48.7 42.6 -29.7 -0.352999 -0.2049 0.887704 0.213049
3854 48.7 42.7 -29.8 -0.346516 -0.201698 0.892855 0.205074
3855 48.7 42.7 -29.8 -0.354635 -0.194857 0.89207 0.201185
3856 48.6 42.8 -30 -0.363165 -0.193053 0.891558 0.189648
3857 48.5 42.9 -30.1 -0.353297 -0.193668 0.89306 0.200293
3858 48.4 43 -30.2 -0.358873 -0.193384 0.887826 0.213488
3859 48.4 43.1 -30.3 -0.366274 -0.18973 0.885685 0.21309
3860 48.3 43.2 -30.4 -0.357267 -0.174136 0.896455 0.195975
3861 48.3 43.2 -30.4 -0.347708 -0.167029 0.906899 0.169512
3862 48.2 43.3 -30.5 -0.376815 -0.151903 0.898106 0.168348
3863 48.1 43.4 -30.6 -0.371648 -0.159768 0.898124 0.172412
3864 48.1 43.4 -30.7 -0.36938 -0.152399 0.899689 0.175765
3865 48 43.4 -30.7 -0.373127 -0.0971474 0.918346 0.089328
3866 48 43.3 -30.8 -0.410112 0.0152289 0.910543 -0.0498726
3867 48 43.3 -30.8 -0.402332 0.0619685 0.90627 -0.113856
3868 48 43.2 -30.7 -0.411872 0.105601 0.884375 -0.19259
3869 47.9 43 -31 0.350641 -0.107089 -0.904783 0.216683
3870 47.8 42.9 -31.1 0.327851 -0.106415 -0.914186 0.2132
3871 47.8 42.9 -31.1 0.3401 -0.105225 -0.910153 0.211852
3872 47.7 42.8 -31.2 0.338738 -0.105634 -0.909961 0.214639
3873 47.6 42.7 -31.3 0.325292 -0.129613 -0.909616 0.223573
3874 47.5 42.7 -31.4 0.320912 -0.130691 -0.90571 0.244181
3875 47.4 42.6 -31.5 0.31525 -0.130769 -0.905369 0.252633
3876 47.3 42.4 -31.7 0.290902 -0.138524 -0.915361 0.241457
3877 47.2 42.3 -31.7 0.288574 -0.148676 -0.917548 0.229624
3878 47.1 42.2 -31.9 0.278124 -0.150286 -0.920417 0.229986
3879 47 42.1 -32 0.261721 -0.160689 -0.921088 0.239326
3880 46.9 42 -32.1 0.276661 -0.157378 -0.913945 0.251784
3881 46.8 41.9 -32.2 0.265022 -0.153963 -0.919142 0.247459
3882 46.7 41.8 -32.3 0.258019 -0.148925 -0.926908 0.228231
3883 46.6 41.7 -32.3 0.251143 -0.144726 -0.932855 0.213924
3884 46.5 41.6 -32.4 0.252238 -0.140747 -0.933669 0.211728
3885 46.3 41.4 -32.5 0.243808 -0.157754 -0.93172 0.218103
3886 46.2 41.3 -32.6 0.22816 -0.164996 -0.930832 0.23296
3887 46.1 41.2 -32.7 0.227385 -0.156794 -0.931489 0.23673
3888 46 41.1 -32.8 0.214401 -0.153845 -0.941134 0.211261
3889 45.9 41 -32.9 0.229517 -0.147951 -0.941492 0.197548
3890 45.7 40.9 -33 0.224432 -0.145015 -0.943699 0.19502
3891 45.6 40.8 -33.1 0.231067 -0.150485 -0.938758 0.206631
3892 45.5 40.8 -33.2 0.237191 -0.14795 -0.935063 0.217964
3893 45.3 40.7 -33.3 0.225356 -0.14552 -0.939922 0.211151
3894 45.2 40.5 -33.3 -0.212218 0.143199 0.948525 -0.186433
3895 45.1 40.5 -33.4 -0.248518 0.13144 0.94124 -0.18716
3896 44.9 40.4 -33.6 -0.256934 0.122872 0.938795 -0.193784
3897 44.8 40.4 -33.7 0.257128 -0.124341 -0.935186 0.209409
3898 44.7 40.3 -33.7 0.262501 -0.120342 -0.932192 0.218242
3899 44.6 40.2 -33.8 0.257914 -0.114609 -0.935599 0.212131
3900 44.5 40.1 -33.9 -0.235396 0.109488 0.94664 -0.190983
3901 44.4 40.1 -34 -0.250934 0.108856 0.945308 -0.177693
3902 44.3 40 -34 -0.259526 0.105045 0.938962 -0.199905
3903 44.3 40 -34.1 -0.2553 0.109856 0.936964 -0.211785
3904 44.2 40 -34.2 0.256854 -0.102631 -0.932737 0.231287
3905 44.1 40 -34.2 0.271418 -0.101024 -0.931281 0.221002
3906 44.1 39.9 -34.2 -0.315962 0.0768626 0.925615 -0.193642
3907 44.1 40 -34.2 -0.330279 0.0303579 0.936568 -0.11329
3908 44.1 40 -34.1 -0.363457 -0.0202362 0.930939 -0.0290035
3909 44.2 40 -34.1 -0.412789 -0.0555203 0.908363 0.0374238
3910 44.2 40.1 -34 -0.41256 -0.107422 0.898265 0.106653
3911 44.2 40.2 -34.1 -0.488945 -0.0426832 0.862689 0.12198
3912 44.1 40.2 -34.2 -0.499637 -0.0407644 0.856233 0.124764
3913 44.1 40.3 -34.3 -0.476606 -0.0542518 0.858869 0.179573
3914 44 40.3 -34.4 -0.425942 -0.0719341 0.881501 0.19067
3915 43.9 40.3 -34.5 -0.434793 -0.0583171 0.879603 0.183991
3916 43.8 40.3 -34.6 -0.433539 -0.0701692 0.879956 0.181099
3917 43.8 40.4 -34.7 -0.437265 -0.0809007 0.877648 0.178852
3918 43.7 40.4 -34.8 -0.41623 -0.0867556 0.889943 0.165006
3919 43.7 40.5 -34.9 -0.409651 -0.0763004 0.89517 0.158228
3920 43.6 40.5 -35 -0.438457 -0.0736391 0.882777 0.151781
3921 43.5 40.5 -35.2 -0.439958 -0.0898865 0.875745 0.177281
3922 43.5 40.5 -35.2 -0.439022 -0.0798136 0.875867 0.183704
3923 43.4 40.5 -35.3 -0.444396 -0.0907483 0.877345 0.156661
3924 43.4 40.6 -35.4 -0.484626 -0.108181 0.854205 0.154174
3925 43.3 40.7 -35.5 -0.462459 -0.110301 0.86682 0.150297
3926 43.3 40.7 -35.6 -0.49242 -0.0761703 0.853461 0.152725
3927 43.2 40.7 -35.7 -0.502682 -0.122658 0.833519 0.193679
3928 43.2 40.7 -35.8 -0.508398 -0.128066 0.822024 0.222275
3929 43.2 40.7 -35.9 -0.507558 -0.117155 0.827301 0.210316
3930 43.1 40.8 -36 -0.514279 -0.083797 0.831669 0.191889
3931 43.1 40.9 -36.1 -0.444339 -0.0985652 0.876494 0.15686
3932 43 41 -36.1 -0.461673 -0.0938948 0.867751 0.158272
3933 43 41 -36.2 -0.478025 -0.0944604 0.858097 0.161981
3934 42.9 41 -36.3 -0.452038 -0.106666 0.866967 0.1807
3935 42.8 41.1 -36.4 -0.447753 -0.108341 0.86609 0.194084
3936 42.7 41.1 -36.6 -0.46327 -0.102968 0.857194 0.199991
3937 42.7 41.2 -36.7 -0.455705 -0.10225 0.864703 0.18484
3938 42.6 41.3 -36.8 -0.456585 -0.111749 0.866968 0.165557
3939 42.5 41.4 -37 -0.471964 -0.107766 0.859379 0.164635
3940 42.4 41.4 -37.1 -0.47512 -0.108622 0.856992 0.167414
3941 42.3 41.5 -37.3 -0.491724 -0.110968 0.842106 0.191704
3942 42.2 41.5 -37.4 -0.490636 -0.113043 0.841687 0.19509
3943 42.2 41.6 -37.6 -0.488561 -0.0988655 0.844362 0.196434
3944 42.1 41.7 -37.7 -0.513438 -0.0854637 0.831359 0.19473
3945 42 41.7 -37.9 -0.518505 -0.0965473 0.82798 0.190472
3946 42 41.8 -38.1 -0.508747 -0.101507 0.831973 0.196707
3947 41.9 41.8 -38.2 -0.509589 -0.108745 0.827499 0.209137
3948 41.8 41.9 -38.4 -0.508706 -0.109103 0.826064 0.216642
3949 41.8 42 -38.5 -0.505156 -0.109268 0.828329 0.216218
3950 41.7 42 -38.6 -0.500119 -0.106537 0.833272 0.210212
3951 41.7 42.1 -38.6 -0.510244 -0.105014 0.827789 0.208297
3952 41.6 42.1 -38.7 -0.505373 -0.11014 0.831011 0.204665
3953 41.6 42.1 -38.8 -0.513123 -0.111551 0.826286 0.203744
3954 41.5 42.2 -39 -0.514598 -0.106328 0.823462 0.213995
3955 41.5 42.3 -39.1 -0.50893 -0.111772 0.823529 0.22427
3956 41.4 42.3 -39.1 -0.506444 -0.112151 0.822896 0.231902
3957 41.4 42.3 -39.2 -0.507689 -0.114814 0.820781 0.235346
3958 41.4 42.4 -39.3 -0.503675 -0.116743 0.823941 0.231954
3959 41.3 42.4 -39.4 -0.504565 -0.117707 0.825081 0.225388
3960 41.3 42.5 -39.5 -0.510076 -0.109805 0.825039 0.21697
3961 41.3 42.5 -39.6 -0.519549 -0.0964186 0.823191 0.207673
3962 41.2 42.6 -39.7 -0.539037 -0.0883452 0.812997 0.201668
3963 41.1 42.7 -39.9 -0.533176 -0.0999399 0.816444 0.197876
3964 41.1 42.7 -40 -0.523573 -0.108558 0.818461 0.210256
3965 41 42.8 -40.1 -0.511441 -0.112137 0.82117 0.227009
3966 41 42.9 -40.2 -0.514511 -0.111885 0.820318 0.223245
3967 40.9 42.9 -40.4 -0.524556 -0.0894123 0.818491 0.216609
3968 40.8 43 -40.6 -0.5312 -0.0906753 0.821235 0.187556
3969 40.8 43.1 -40.7 -0.540095 -0.0944643 0.812582 0.197697
3970 40.7 43.2 -40.9 -0.536779 -0.106346 0.812549 0.200806
3971 40.7 43.2 -41 -0.536405 -0.109166 0.809922 0.210663
3972 40.7 43.3 -41.1 -0.537449 -0.109904 0.806658 0.219935
3973 40.6 43.3 -41.2 -0.543738 -0.119095 0.800285 0.222955
3974 40.6 43.4 -41.3 -0.541633 -0.121537 0.801522 0.222316
3975 40.6 43.4 -41.3 -0.54499 -0.115505 0.799525 0.224511
3976 40.6 43.5 -41.4 -0.537521 -0.110061 0.805668 0.223284
3977 40.5 43.5 -41.5 -0.540144 -0.106024 0.804475 0.223211
3978 40.5 43.6 -41.6 -0.541597 -0.104773 0.804116 0.221568
3979 40.4 43.6 -41.7 -0.556101 -0.103237 0.794666 0.220452
3980 40.4 43.7 -41.9 -0.545245 -0.105401 0.799925 0.227416
3981 40.4 43.7 -42 -0.540344 -0.108334 0.799594 0.238623
3982 40.3 43.8 -42 -0.546085 -0.109263 0.792925 0.247229
3983 40.3 43.8 -42.2 -0.550811 -0.108835 0.785249 0.261047
3984 40.2 43.9 -42.4 -0.53501 -0.104594 0.798412 0.255663
3985 40.2 44 -42.5 -0.536471 -0.100483 0.800194 0.248579
3986 40.2 44 -42.5 -0.540585 -0.102303 0.798264 0.245104
3987 40.1 44.1 -42.6 -0.545874 -0.102737 0.796618 0.238469
3988 40.1 44.1 -42.7 -0.545112 -0.104026 0.796487 0.240086
3989 40.1 44.2 -42.8 -0.541396 -0.107161 0.79789 0.242442
3990 40 44.2 -42.9 -0.532476 -0.113329 0.800227 0.251521
3991 40 44.3 -43 -0.541102 -0.112844 0.793079 0.255931
3992 40 44.4 -43 -0.547679 -0.113603 0.789413 0.252922
3993 39.9 44.4 -43.1 -0.547745 -0.108104 0.788589 0.257713
3994 39.9 44.5 -43.2 -0.542612 -0.103517 0.792259 0.259196
3995 39.9 44.5 -43.3 -0.542194 -0.0972634 0.795656 0.251987
3996 39.9 44.6 -43.4 -0.534522 -0.0923268 0.806159 0.236366
3997 39.8 44.7 -43.5 -0.546131 -0.0776208 0.802243 0.228303
3998 39.7 44.8 -43.7 -0.548442 -0.0907235 0.799337 0.228125
3999 39.7 44.8 -43.8 -0.542731 -0.0984297 0.801771 0.23004
4000 39.7 44.9 -43.9 -0.542629 -0.102895 0.798522 0.239434
4001 39.6 44.9 -43.9 -0.548966 -0.103052 0.792642 0.244408
4002 39.6 45 -44 -0.546936 -0.102533 0.791949 0.251326
4003 39.6 45.1 -44.2 -0.54057 -0.106126 0.795564 0.25219
4004 39.5 45.1 -44.3 -0.536755 -0.104598 0.800173 0.246325
4005 39.5 45.2 -44.4 -0.534919 -0.10589 0.803234 0.239719
4006 39.5 45.2 -44.5 -0.543425 -0.0994688 0.799632 0.235336
4007 39.4 45.3 -44.5 -0.553367 -0.0915544 0.794898 0.231386
4008 39.4 45.3 -44.6 -0.553365 -0.0908608 0.795993 0.227874
4009 39.3 45.4 -44.8 -0.529832 -0.105746 0.804716 0.246024
4010 39.3 45.4 -44.9 -0.532417 -0.107354 0.80061 0.253041
4011 39.2 45.5 -45 -0.523931 -0.102795 0.806415 0.254213
4012 39.2 45.6 -45.2 -0.509078 -0.102692 0.819166 0.243436
4013 39.1 45.7 -45.3 -0.508804 -0.100137 0.821702 0.236426
4014 39 45.8 -45.5 -0.50931 -0.109674 0.818502 0.242135
4015 39 45.9 -45.6 -0.488517 -0.116797 0.822793 0.265933
4016 38.9 45.9 -45.8 -0.492447 -0.118009 0.814828 0.282181
4017 38.8 46 -45.9 -0.497136 -0.120607 0.81138 0.282793
4018 38.8 46.1 -46 -0.492325 -0.122536 0.817746 0.271833
4019 38.7 46.2 -46.1 -0.501367 -0.126817 0.814606 0.262613
4020 38.7 46.3 -46.3 -0.49152 -0.129733 0.817007 0.27217
4021 38.6 46.4 -46.4 -0.491048 -0.136389 0.815102 0.275461
4022 38.5 46.5 -46.5 -0.512262 -0.124086 0.800831 0.284359
4023 38.5 46.6 -46.6 -0.500874 -0.128656 0.809797 0.277132
4024 38.5 46.7 -46.7 -0.522884 -0.129199 0.805217 0.248043
4025 38.4 46.8 -46.8 -0.53825 -0.125486 0.797776 0.241026
4026 38.4 46.8 -46.9 -0.539452 -0.125191 0.797903 0.238054
4027 38.3 46.9 -47 -0.507088 -0.135126 0.810912 0.258891
4028 38.2 47 -47.1 -0.509182 -0.140109 0.805316 0.269387
4029 38.2 47.1 -47.3 -0.522314 -0.138847 0.796716 0.27047
4030 38.1 47.2 -47.4 -0.497648 -0.138188 0.813612 0.266994
4031 38.1 47.2 -47.5 -0.508824 -0.125994 0.809839 0.263407
4032 38 47.3 -47.6 -0.510411 -0.12915 0.809043 0.261247
4033 37.9 47.4 -47.7 -0.483437 -0.142288 0.819739 0.272159
4034 37.9 47.4 -47.8 -0.47347 -0.141449 0.822454 0.281759
4035 37.8 47.5 -47.9 -0.479036 -0.137507 0.818957 0.284474
4036 37.8 47.6 -48 -0.463146 -0.142599 0.832589 0.268248
4037 37.7 47.6 -48.1 -0.456714 -0.139838 0.840495 0.255784
4038 37.7 47.7 -48.1 -0.464394 -0.138333 0.83938 0.246259
4039 37.6 47.7 -48.2 -0.453872 -0.147813 0.835885 0.271011
4040 37.6 47.8 -48.3 -0.45635 -0.142007 0.832814 0.279283
4041 37.6 47.8 -48.2 -0.377235 -0.2355 0.792706 0.416953
4042 37.6 47.8 -48.2 -0.370844 -0.271479 0.749593 0.476324
4043 37.7 47.9 -48.1 -0.350427 -0.304856 0.697114 0.546164
4044 37.8 48 -48 -0.28127 -0.36594 0.653892 0.5995
4045 37.7 48.2 -48 -0.244825 -0.392483 0.600242 0.652477
4046 37.7 48.3 -48 -0.213294 -0.403952 0.572076 0.681217
4047 37.7 48.4 -48 -0.20274 -0.417449 0.543449 0.699497
4048 37.7 48.5 -48 -0.201737 -0.421377 0.540918 0.699393
4049 37.7 48.7 -47.9 -0.184993 -0.427342 0.543873 0.69811
4050 37.7 48.8 -47.9 -0.200575 -0.407771 0.54092 0.707742
4051 37.7 49 -47.8 -0.208114 -0.400577 0.544194 0.707163
4052 37.7 49.2 -47.8 -0.198114 -0.417193 0.54089 0.70295
4053 37.7 49.4 -47.7 -0.19728 -0.395373 0.526954 0.726003
4054 37.7 49.5 -47.7 -0.180531 -0.398881 0.524957 0.729879
4055 37.7 49.7 -47.6 -0.174998 -0.411375 0.533918 0.717689
4056 37.7 49.8 -47.6 -0.184481 -0.406132 0.538407 0.714941
4057 37.8 50 -47.5 -0.197797 -0.392778 0.547542 0.711899
4058 37.8 50.1 -47.5 -0.201912 -0.386534 0.546573 0.714899
4059 37.8 50.2 -47.5 -0.201805 -0.390517 0.548053 0.711624
4060 37.8 50.3 -47.4 -0.192209 -0.399657 0.54612 0.710692
4061 37.8 50.5 -47.4 -0.188704 -0.39045 0.536281 0.724115
4062 37.8 50.6 -47.3 -0.191598 -0.387448 0.535041 0.725883
4063 37.8 50.7 -47.3 -0.18278 -0.397508 0.538035 0.720484
4064 37.8 50.8 -47.3 -0.176353 -0.402506 0.543321 0.715326
4065 37.8 50.9 -47.3 -0.180846 -0.403171 0.553727 0.705786
4066 37.8 51 -47.2 -0.187477 -0.40506 0.553116 0.70345
4067 37.8 51.1 -47.2 -0.196063 -0.402387 0.556327 0.700103
4068 37.8 51.2 -47.2 -0.202568 -0.402589 0.559791 0.695358
4069 37.8 51.3 -47.2 -0.198377 -0.412168 0.561543 0.689517
4070 37.8 51.4 -47.1 -0.182799 -0.42681 0.55783 0.687927
4071 37.8 51.5 -47.1 -0.182145 -0.423727 0.547009 0.698613
4072 37.9 51.6 -47.1 -0.180404 -0.427829 0.541685 0.70071
4073 37.9 51.7 -47 -0.182613 -0.42073 0.543498 0.703028
4074 37.9 51.8 -47 -0.180553 -0.419491 0.548966 0.700046
4075 37.9 51.9 -47 -0.179252 -0.425724 0.555532 0.691384
4076 37.9 52 -46.9 -0.179453 -0.434678 0.564712 0.678198
4077 37.9 52.1 -46.9 -0.189395 -0.432165 0.569029 0.673476
4078 37.9 52.2 -46.9 -0.1955 -0.427272 0.57382 0.670782
4079 38 52.3 -46.8 -0.201831 -0.422613 0.57447 0.671302
4080 38 52.4 -46.8 -0.202198 -0.421173 0.572903 0.673433
4081 38 52.5 -46.8 -0.186528 -0.427593 0.570481 0.67596
4082 38 52.6 -46.8 -0.185553 -0.421255 0.566438 0.683566
4083 38 52.7 -46.7 -0.190091 -0.423742 0.560091 0.686008
4084 38 52.8 -46.7 -0.190961 -0.416753 0.564158 0.686715
4085 38 52.9 -46.6 -0.193675 -0.405301 0.568589 0.68915
4086 38.1 53 -46.6 -0.193156 -0.408727 0.578612 0.678853
4087 38.1 53.1 -46.6 -0.202682 -0.406966 0.58145 0.674696
4088 38.1 53.2 -46.5 -0.207739 -0.401785 0.585249 0.672976
4089 38.1 53.3 -46.5 -0.206155 -0.403732 0.583327 0.673967
4090 38.1 53.4 -46.5 -0.203006 -0.407465 0.583953 0.672131
4091 38.1 53.5 -46.4 -0.193435 -0.416221 0.57903 0.673845
4092 38.1 53.6 -46.4 -0.188007 -0.414615 0.572055 0.682277
4093 38.1 53.8 -46.4 -0.193518 -0.412057 0.562433 0.690238
4094 38.1 53.9 -46.4 -0.201824 -0.402679 0.556876 0.697858
4095 38.1 54 -46.3 -0.196094 -0.404437 0.559948 0.696014
4096 38.1 54.1 -46.3 -0.188797 -0.409811 0.567342 0.688864
4097 38.2 54.2 -46.3 -0.191175 -0.408841 0.574857 0.682525
4098 38.2 54.3 -46.2 -0.187699 -0.414463 0.576863 0.678394
4099 38.2 54.4 -46.2 -0.196167 -0.410233 0.578761 0.676951
4100 38.2 54.5 -46.2 -0.206769 -0.409556 0.573074 0.679041
4101 38.2 54.6 -46.2 -0.209103 -0.409002 0.569859 0.681362
4102 38.2 54.7 -46.1 -0.198305 -0.414919 0.565108 0.684959
4103 38.2 54.8 -46.1 -0.200506 -0.40348 0.560688 0.694716
4104 38.2 54.9 -46.1 -0.204724 -0.398002 0.558217 0.698625
4105 38.2 55 -46.1 -0.199796 -0.39715 0.563423 0.696353
4106 38.2 55.2 -46 -0.196352 -0.395555 0.56726 0.695125
4107 38.2 55.3 -46 -0.19599 -0.394374 0.577496 0.687427
4108 38.2 55.4 -46 -0.199839 -0.394579 0.581878 0.682487
4109 38.2 55.5 -46 -0.212855 -0.385783 0.581839 0.683614
4110 38.2 55.6 -45.9 -0.221715 -0.380333 0.580904 0.684646
4111 38.2 55.7 -45.9 -0.220823 -0.387412 0.580047 0.681685
4112 38.2 55.8 -45.9 -0.21205 -0.397656 0.577211 0.680979
4113 38.2 55.9 -45.9 -0.210061 -0.400795 0.568152 0.687343
4114 38.2 56 -45.8 -0.200959 -0.405438 0.566709 0.688532
4115 38.2 56.1 -45.8 -0.200443 -0.399228 0.564502 0.694101
4116 38.2 56.2 -45.8 -0.201539 -0.387577 0.565737 0.699362
4117 38.3 56.3 -45.8 -0.200799 -0.39013 0.567239 0.696935
4118 38.3 56.4 -45.7 -0.195464 -0.390521 0.581687 0.686242
4119 38.3 56.5 -45.7 -0.198342 -0.389733 0.585813 0.682343
4120 38.3 56.6 -45.7 -0.200188 -0.393813 0.589339 0.676399
4121 38.3 56.7 -45.7 -0.216538 -0.388998 0.584128 0.678665
4122 38.3 56.8 -45.6 -0.223127 -0.381476 0.57939 0.684834
4123 38.3 56.9 -45.6 -0.210086 -0.388853 0.575936 0.687717
4124 38.3 57 -45.6 -0.212274 -0.385594 0.564857 0.697993
4125 38.3 57.2 -45.5 -0.218007 -0.361489 0.555851 0.71612
4126 38.3 57.3 -45.5 -0.215163 -0.357506 0.557262 0.717881
4127 38.3 57.4 -45.5 -0.21317 -0.359577 0.561129 0.714421
4128 38.4 57.5 -45.5 -0.208119 -0.36571 0.571906 0.704178
4129 38.4 57.6 -45.4 -0.209913 -0.363494 0.577188 0.700474
4130 38.4 57.7 -45.4 -0.217989 -0.363663 0.581799 0.694075
4131 38.4 57.8 -45.4 -0.230434 -0.356074 0.577377 0.697673
4132 38.4 57.9 -45.3 -0.236534 -0.355637 0.572025 0.700258
4133 38.5 58 -45.3 -0.228317 -0.369924 0.567357 0.699381
4134 38.5 58.1 -45.3 -0.223177 -0.373786 0.563053 0.702458
4135 38.5 58.2 -45.3 -0.220755 -0.371637 0.564435 0.703255
4136 38.5 58.3 -45.3 -0.220502 -0.36354 0.562619 0.708998
4137 38.5 58.4 -45.2 -0.223104 -0.358057 0.561157 0.712125
4138 38.5 58.6 -45.2 -0.231107 -0.355224 0.583032 0.693166
4139 38.5 58.7 -45.2 -0.23315 -0.35931 0.588746 0.685504
4140 38.5 58.8 -45.1 -0.242373 -0.358794 0.590554 0.681006
4141 38.5 58.9 -45.1 -0.251408 -0.358094 0.589034 0.679413
4142 38.5 59.1 -45.1 -0.242634 -0.366133 0.587419 0.679717
4143 38.5 59.2 -45.1 -0.237809 -0.361031 0.580364 0.690132
4144 38.5 59.4 -45 -0.231719 -0.353628 0.57337 0.701784
4145 38.6 59.6 -45 -0.231389 -0.355719 0.578573 0.696546
4146 38.6 59.7 -45 -0.225813 -0.364049 0.591036 0.683487
4147 38.6 59.8 -45 -0.222663 -0.36775 0.601829 0.67304
4148 38.6 59.9 -45 -0.228094 -0.366164 0.606482 0.667889
4149 38.6 60.1 -44.9 -0.238361 -0.368536 0.601965 0.667086
4150 38.6 60.3 -44.9 -0.220306 -0.378584 0.596228 0.672794
4151 38.6 60.4 -44.8 -0.205543 -0.395387 0.594172 0.669613
4152 38.6 60.6 -44.8 -0.208235 -0.388912 0.601148 0.666338
4153 38.6 60.8 -44.7 -0.227099 -0.392437 0.606237 0.653372
4154 38.6 61 -44.6 -0.238734 -0.388528 0.604771 0.65292
4155 38.7 61.1 -44.6 -0.240119 -0.38708 0.602891 0.655007
4156 38.6 61.3 -44.6 -0.221666 -0.386244 0.597089 0.667206
4157 38.6 61.4 -44.6 -0.224017 -0.377653 0.598773 0.669825
4158 38.6 61.6 -44.6 -0.233386 -0.367642 0.613885 0.658419
4159 38.6 61.7 -44.5 -0.249529 -0.357042 0.633109 0.639866
4160 38.6 61.8 -44.5 -0.260242 -0.365346 0.641457 0.622358
4161 38.6 61.9 -44.5 -0.270784 -0.358766 0.637098 0.626154
4162 38.6 62.1 -44.5 -0.241889 -0.366208 0.635695 0.635038
4163 38.6 62.1 -44.6 -0.232501 -0.354584 0.642212 0.638574
4164 38.6 62.2 -44.6 -0.257451 -0.364316 0.654208 0.610741
4165 38.6 62.3 -44.6 -0.282519 -0.315356 0.720635 0.549017
4166 38.6 62.3 -44.6 -0.303589 -0.29601 0.76841 0.47933
4167 38.6 62.3 -44.6 -0.319683 -0.25697 0.818642 0.401987
4168 38.6 62.3 -44.6 -0.328114 -0.246869 0.845415 0.34157
4169 38.6 62.3 -44.7 -0.310207 -0.247275 0.864756 0.307935
4170 38.5 62 -44.6 -0.0841343 -0.421443 0.890312 0.150503
4171 38.1 62.3 -44.6 -0.289839 -0.319437 0.883038 0.184923
4172 37.9 62.4 -44.6 -0.297749 -0.305304 0.887893 0.17257
4173 37.8 62.5 -44.7 -0.316229 -0.305259 0.882234 0.168761
4174 37.8 62.6 -44.7 -0.309676 -0.317772 0.881466 0.161678
4175 37.7 62.6 -44.8 -0.348029 -0.338344 0.856271 0.176631
4176 37.6 62.7 -44.9 -0.336708 -0.335819 0.859117 0.189132
4177 37.5 62.7 -44.9 -0.339284 -0.322282 0.860203 0.202661
4178 37.4 62.8 -45 -0.340521 -0.327432 0.861366 0.186767
4179 37.3 62.9 -45 -0.334632 -0.322856 0.869614 0.166
4180 37.2 63 -45.1 -0.339429 -0.320667 0.873931 0.13493
4181 37.1 63.1 -45.2 -0.324055 -0.322695 0.882209 0.112087
4182 37 63.2 -45.3 -0.329415 -0.326579 0.876819 0.126574
4183 36.8 63.3 -45.4 -0.320778 -0.327723 0.875667 0.151346
4184 36.7 63.4 -45.5 -0.307981 -0.322503 0.879621 0.165547
4185 36.6 63.5 -45.6 -0.324295 -0.305075 0.879228 0.169472
4186 36.5 63.6 -45.6 -0.342256 -0.304173 0.874644 0.159176
4187 36.4 63.7 -45.7 -0.323573 -0.311048 0.880807 0.150757
4188 36.3 63.8 -45.8 -0.326465 -0.322013 0.872948 0.166403
4189 36.1 63.9 -45.9 -0.337917 -0.332133 0.862003 0.180142
4190 36 64 -46 -0.333112 -0.326409 0.86172 0.199833
4191 35.9 64.1 -46 -0.326236 -0.321851 0.870487 0.17954
4192 35.8 64.2 -46.1 -0.328327 -0.312559 0.875689 0.166363
4193 35.7 64.2 -46.1 -0.332606 -0.306345 0.878564 0.15379
4194 35.6 64.3 -46.2 -0.341117 -0.300636 0.878719 0.145291
4195 35.5 64.4 -46.3 -0.331424 -0.311623 0.880667 0.132192
4196 35.4 64.5 -46.3 -0.333455 -0.317854 0.877366 0.134188
4197 35.4 64.5 -46.4 -0.332242 -0.322908 0.874772 0.141844
4198 35.3 64.6 -46.4 -0.333062 -0.32786 0.87108 0.150988
4199 35.2 64.6 -46.5 -0.328115 -0.324363 0.872208 0.162425
4200 35.1 64.7 -46.5 -0.311266 -0.325702 0.877449 0.164669
4201 35 64.7 -46.6 -0.307765 -0.32704 0.878602 0.162431
4202 35 64.8 -46.6 -0.302564 -0.32188 0.883346 0.156677
4203 34.9 64.9 -46.7 -0.2984 -0.321817 0.886044 0.149391
4204 34.8 64.9 -46.7 -0.311665 -0.317138 0.884843 0.13907
4205 34.7 65 -46.8 -0.317359 -0.316791 0.884776 0.126879
4206 34.6 65 -46.8 -0.318612 -0.316502 0.885488 0.119266
4207 34.6 65.1 -46.9 -0.31221 -0.317203 0.886996 0.123065
4208 34.5 65.1 -47 -0.313854 -0.319039 0.884231 0.133589
4209 34.4 65.2 -47 -0.323545 -0.31988 0.879682 0.138398
4210 34.3 65.2 -47.1 -0.318079 -0.321091 0.879753 0.147515
4211 34.2 65.3 -47.2 -0.310968 -0.319209 0.882059 0.152892
4212 34.1 65.3 -47.2 -0.313921 -0.317668 0.881085 0.155659
4213 34.1 65.4 -47.3 -0.309558 -0.315181 0.884988 0.147079
4214 34 65.5 -47.4 -0.315387 -0.314082 0.8833 0.14719
4215 33.9 65.5 -47.4 -0.322606 -0.311255 0.881676 0.147283
4216 33.8 65.6 -47.5 -0.317828 -0.316673 0.882047 0.143866
4217 33.7 65.6 -47.5 -0.311817 -0.323588 0.882156 0.14093
4218 33.6 65.7 -47.6 -0.308321 -0.329357 0.880182 0.14745
4219 33.5 65.7 -47.7 -0.306418 -0.334129 0.877826 0.154556
4220 33.4 65.8 -47.7 -0.303544 -0.33845 0.876379 0.158976
4221 33.4 65.8 -47.8 -0.308796 -0.336462 0.873851 0.166802
4222 33.3 65.9 -47.9 -0.29471 -0.332305 0.880097 0.167774
4223 33.2 65.9 -47.9 -0.298075 -0.318846 0.884049 0.167169
4224 33.1 66 -48 -0.301732 -0.311519 0.88699 0.158628
4225 33 66.1 -48 -0.320136 -0.315122 0.880956 0.148752
4226 32.9 66.1 -48.1 -0.334908 -0.316601 0.876214 0.140889
4227 32.9 66.2 -48.2 -0.32457 -0.321141 0.880186 0.129593
4228 32.8 66.2 -48.2 -0.324396 -0.32085 0.880768 0.12677
4229 32.7 66.3 -48.3 -0.321126 -0.322176 0.88062 0.132624
4230 32.6 66.3 -48.4 -0.323341 -0.32349 0.878182 0.140007
4231 32.5 66.4 -48.4 -0.323131 -0.319596 0.877739 0.151719
4232 32.4 66.4 -48.5 -0.312118 -0.323462 0.880054 0.153169
4233 32.4 66.5 -48.6 -0.31302 -0.327086 0.879475 0.146822
4234 32.3 66.6 -48.6 -0.308778 -0.317534 0.886656 0.132925
4235 32.2 66.6 -48.7 -0.289033 -0.316485 0.895737 0.118118
4236 32.1 66.7 -48.7 -0.290389 -0.313115 0.897205 0.112503
4237 32 66.7 -48.8 -0.300572 -0.316053 0.893374 0.107938
4238 31.9 66.8 -48.8 -0.292506 -0.322527 0.894889 0.0979313
4239 31.9 66.8 -48.9 -0.303526 -0.327828 0.889133 0.0992098
4240 31.8 66.9 -49 -0.315317 -0.33071 0.882542 0.111018
4241 31.7 66.9 -49 -0.318194 -0.331289 0.880099 0.120104
4242 31.6 67 -49.1 -0.311566 -0.330383 0.881588 0.12875
4243 31.5 67 -49.2 -0.30315 -0.333614 0.882947 0.131176
4244 31.5 67.1 -49.2 -0.310895 -0.326403 0.88215 0.136444
4245 31.4 67.2 -49.3 -0.314985 -0.320026 0.883159 0.13564
4246 31.3 67.2 -49.4 -0.324283 -0.316659 0.880261 0.140384
4247 31.2 67.2 -49.4 -0.328198 -0.319322 0.878397 0.136889
4248 31.1 67.3 -49.5 -0.338849 -0.32183 0.873789 0.134534
4249 31 67.3 -49.6 -0.330747 -0.324446 0.876616 0.129945
4250 30.9 67.4 -49.6 -0.327885 -0.327129 0.875596 0.137147
4251 30.8 67.4 -49.7 -0.326812 -0.326135 0.874749 0.147119
4252 30.7 67.5 -49.8 -0.319294 -0.329106 0.87541 0.15296
4253 30.7 67.5 -49.8 -0.324356 -0.32563 0.873127 0.162505
4254 30.6 67.6 -49.9 -0.307943 -0.328191 0.879044 0.157302
4255 30.5 67.7 -50 -0.298529 -0.320163 0.886349 0.15087
4256 30.4 67.7 -50 -0.302206 -0.310775 0.890049 0.141081
4257 30.3 67.8 -50.1 -0.306982 -0.310558 0.889761 0.132819
4258 30.2 67.8 -50.1 -0.311904 -0.311056 0.888847 0.126138
4259 30.2 67.9 -50.2 -0.314802 -0.313307 0.887397 0.123554
4260 30.1 67.9 -50.3 -0.323106 -0.314785 0.883078 0.129179
4261 30 68 -50.3 -0.313519 -0.322114 0.882645 0.137425
4262 29.9 68 -50.4 -0.317576 -0.324153 0.879311 0.144506
4263 29.8 68.1 -50.4 -0.313861 -0.327486 0.878646 0.149083
4264 29.7 68.2 -50.5 -0.299999 -0.325875 0.883419 0.152897
4265 29.6 68.2 -50.6 -0.304833 -0.317072 0.884399 0.156146
4266 29.6 68.3 -50.6 -0.305966 -0.305087 0.889137 0.150809
4267 29.5 68.4 -50.7 -0.310336 -0.304105 0.888859 0.145402
4268 29.4 68.4 -50.8 -0.321722 -0.301929 0.886498 0.139482
4269 29.3 68.5 -50.8 -0.331008 -0.305857 0.882179 0.136549
4270 29.2 68.5 -50.9 -0.330031 -0.311156 0.881336 0.132322
4271 29.1 68.6 -51 -0.323102 -0.317395 0.881733 0.131959
4272 29 68.6 -51 -0.318272 -0.320959 0.880765 0.141213
4273 28.9 68.7 -51.1 -0.32105 -0.323287 0.876822 0.15361
4274 28.9 68.7 -51.1 -0.316269 -0.321351 0.878413 0.158423
4275 28.8 68.8 -51.2 -0.301001 -0.32607 0.88287 0.153682
4276 28.7 68.9 -51.3 -0.308935 -0.3234 0.881616 0.150747
4277 28.6 68.9 -51.3 -0.310387 -0.31859 0.884189 0.142724
4278 28.5 69 -51.4 -0.31877 -0.316183 0.88272 0.138632
4279 28.4 69 -51.4 -0.326817 -0.313362 0.881279 0.135433
4280 28.4 69.1 -51.5 -0.321211 -0.313599 0.883856 0.131445
4281 28.3 69.2 -51.6 -0.318041 -0.318295 0.883112 0.132857
4282 28.2 69.2 -51.6 -0.3174 -0.321735 0.880584 0.142534
4283 28.1 69.3 -51.7 -0.330626 -0.318113 0.875416 0.15211
4284 28 69.3 -51.7 -0.320506 -0.31799 0.877851 0.159798
4285 27.9 69.4 -51.8 -0.322235 -0.310871 0.878027 0.169096
4286 27.9 69.5 -51.9 -0.317395 -0.313767 0.878606 0.169887
4287 27.8 69.5 -51.9 -0.319397 -0.310395 0.879907 0.16554
4288 27.7 69.6 -52 -0.306307 -0.312017 0.885789 0.155559
4289 27.6 69.6 -52 -0.312272 -0.309242 0.88608 0.147368
4290 27.5 69.7 -52.1 -0.332275 -0.310052 0.878914 0.144814
4291 27.4 69.8 -52.1 -0.332681 -0.313502 0.878238 0.140488
4292 27.4 69.8 -52.2 -0.32197 -0.314955 0.881774 0.140047
4293 27.3 69.9 -52.3 -0.317969 -0.315384 0.882103 0.146022
4294 27.2 69.9 -52.3 -0.312916 -0.317227 0.882853 0.148398
4295 27.1 70 -52.4 -0.310653 -0.319084 0.881618 0.156302
4296 27 70.1 -52.5 -0.309079 -0.317375 0.881947 0.160974
4297 26.9 70.1 -52.5 -0.308551 -0.31941 0.882141 0.156849
4298 26.8 70.2 -52.6 -0.302806 -0.31547 0.887433 0.145776
4299 26.7 70.3 -52.6 -0.311399 -0.308348 0.887633 0.141631
4300 26.6 70.3 -52.7 -0.322484 -0.30554 0.885894 0.133573
4301 26.6 70.4 -52.8 -0.326342 -0.307594 0.884497 0.128654
4302 26.5 70.4 -52.8 -0.320754 -0.31608 0.883893 0.126265
4303 26.4 70.5 -52.9 -0.30568 -0.3202 0.886815 0.132631
4304 26.3 70.5 -53 -0.312415 -0.319323 0.882906 0.14459
4305 26.2 70.6 -53 -0.320955 -0.317841 0.878918 0.153196
4306 26.1 70.7 -53.1 -0.311358 -0.316462 0.88283 0.153362
4307 26.1 70.7 -53.2 -0.311177 -0.317781 0.882965 0.150191
4308 26 70.8 -53.2 -0.304259 -0.309885 0.890356 0.136616
4309 25.9 70.8 -53.3 -0.308697 -0.304478 0.891946 0.128184
4310 25.8 70.9 -53.3 -0.320846 -0.300011 0.890179 0.120969
4311 25.7 70.9 -53.4 -0.323222 -0.30017 0.889512 0.119138
4312 25.6 71 -53.5 -0.316748 -0.30323 0.890927 0.118203
4313 25.5 71 -53.6 -0.310022 -0.306531 0.891115 0.125855
4314 25.5 71.1 -53.6 -0.314994 -0.306342 0.887624 0.138046
4315 25.4 71.1 -53.7 -0.306809 -0.31024 0.88836 0.142952
4316 25.3 71.2 -53.7 -0.313243 -0.31009 0.884551 0.152619
4317 25.2 71.2 -53.8 -0.309162 -0.310816 0.885796 0.152244
4318 25.1 71.3 -53.9 -0.313242 -0.308766 0.886392 0.144404
4319 25 71.3 -53.9 -0.316665 -0.304667 0.888467 0.13239
4320 24.9 71.4 -54 -0.320671 -0.300075 0.889725 0.124556
4321 24.9 71.4 -54.1 -0.332427 -0.298814 0.886731 0.117941
4322 24.8 71.5 -54.1 -0.328417 -0.303309 0.887533 0.111491
4323 24.7 71.5 -54.2 -0.331181 -0.304069 0.886777 0.107181
4324 24.6 71.6 -54.3 -0.321433 -0.306842 0.889005 0.110454
4325 24.5 71.6 -54.3 -0.319092 -0.304988 0.889502 0.118105
4326 24.4 71.7 -54.4 -0.317719 -0.305611 0.888292 0.12882
4327 24.4 71.7 -54.5 -0.318567 -0.304177 0.88725 0.137036
4328 24.3 71.8 -54.6 -0.315934 -0.305412 0.887836 0.136587
4329 24.2 71.8 -54.6 -0.318812 -0.301458 0.889089 0.130394
4330 24.1 71.9 -54.7 -0.310523 -0.297631 0.89485 0.119312
4331 24 71.9 -54.7 -0.308878 -0.298033 0.896351 0.111021
4332 24 71.9 -54.8 -0.325911 -0.297968 0.890102 0.112762
4333 23.9 72 -54.9 -0.316764 -0.303208 0.891934 0.110361
4334 23.8 72 -55 -0.313752 -0.30661 0.891543 0.112701
4335 23.7 72.1 -55 -0.302543 -0.314925 0.891482 0.120621
4336 23.6 72.1 -55.1 -0.307064 -0.316715 0.887471 0.133414
4337 23.5 72.2 -55.2 -0.317168 -0.319856 0.881194 0.143508
4338 23.5 72.2 -55.2 -0.31025 -0.318941 0.883718 0.145131
4339 23.4 72.3 -55.3 -0.31263 -0.31539 0.884127 0.145298
4340 23.3 72.3 -55.4 -0.310659 -0.310846 0.887762 0.136909
4341 23.2 72.4 -55.4 -0.302478 -0.310696 0.891761 0.12937
4342 23.1 72.4 -55.5 -0.317225 -0.304165 0.889578 0.124508
4343 23.1 72.5 -55.5 -0.32715 -0.307513 0.883932 0.130659
4344 23 72.5 -55.6 -0.314223 -0.313309 0.886855 0.128801
4345 22.9 72.6 -55.7 -0.310562 -0.317458 0.886348 0.13099
4346 22.8 72.6 -55.7 -0.305645 -0.323332 0.885219 0.135737
4347 22.7 72.7 -55.8 -0.303434 -0.322625 0.885357 0.141362
4348 22.6 72.7 -55.9 -0.312232 -0.322038 0.881198 0.149307
4349 22.6 72.8 -55.9 -0.308662 -0.32124 0.882273 0.152073
4350 22.5 72.8 -56 -0.294082 -0.32203 0.887838 0.14682
4351 22.4 72.9 -56.1 -0.295725 -0.315027 0.891135 0.138501
4352 22.3 73 -56.1 -0.302086 -0.312392 0.89048 0.134907
4353 22.2 73 -56.2 -0.317548 -0.311373 0.886554 0.127405
4354 22.2 73 -56.2 -0.316219 -0.317685 0.885686 0.121005
4355 22.1 73.1 -56.3 -0.308844 -0.318187 0.88878 0.115945
4356 22 73.1 -56.4 -0.307947 -0.315765 0.889326 0.120665
4357 21.9 73.2 -56.5 -0.305371 -0.310726 0.890342 0.132245
4358 21.8 73.2 -56.5 -0.295854 -0.31244 0.891866 0.139377
4359 21.8 73.3 -56.6 -0.302713 -0.311865 0.888077 0.149751
4360 21.7 73.3 -56.7 -0.298283 -0.312538 0.888926 0.152177
4361 21.6 73.4 -56.7 -0.297045 -0.31059 0.890427 0.14979
4362 21.5 73.4 -56.8 -0.303678 -0.303382 0.891466 0.145007
4363 21.4 73.5 -56.9 -0.312778 -0.301063 0.89035 0.137138
4364 21.3 73.5 -56.9 -0.325956 -0.297745 0.887575 0.131572
4365 21.3 73.6 -57 -0.328605 -0.301028 0.886393 0.125334
4366 21.2 73.6 -57.1 -0.326899 -0.303346 0.886629 0.122504
4367 21.1 73.7 -57.2 -0.323119 -0.307554 0.885664 0.128854
4368 21 73.7 -57.2 -0.328345 -0.307325 0.883503 0.131007
4369 20.9 73.7 -57.3 -0.326633 -0.306564 0.884194 0.132405
4370 20.9 73.8 -57.4 -0.324575 -0.30219 0.886181 0.13422
4371 20.8 73.8 -57.4 -0.323579 -0.301733 0.887633 0.127909
4372 20.7 73.9 -57.5 -0.315623 -0.300009 0.892993 0.113755
4373 20.6 73.9 -57.6 -0.324892 -0.296244 0.891897 0.105851
4374 20.6 74 -57.6 -0.334514 -0.291727 0.890838 0.0969682
4375 20.5 74 -57.7 -0.338156 -0.289306 0.89069 0.0928674
4376 20.4 74.1 -57.7 -0.334654 -0.293069 0.891433 0.0864009
4377 20.3 74.1 -57.8 -0.327555 -0.297058 0.892865 0.0851898
4378 20.3 74.2 -57.9 -0.332584 -0.296136 0.890698 0.0913706
4379 20.2 74.2 -57.9 -0.334257 -0.294693 0.890471 0.0921443
4380 20.1 74.2 -58 -0.33178 -0.291343 0.892054 0.0963386
4381 20 74.3 -58 -0.325609 -0.28685 0.895903 0.0951498
4382 20 74.3 -58.1 -0.32554 -0.284975 0.897241 0.0881613
4383 19.9 74.4 -58.1 -0.320215 -0.279625 0.902366 0.0707606
4384 19.8 74.4 -58.2 -0.330707 -0.28115 0.898928 0.0592986
4385 19.7 74.5 -58.3 -0.342343 -0.277956 0.896168 0.0492355
4386 19.6 74.6 -58.4 -0.335137 -0.28113 0.897778 0.0514114
4387 19.5 74.6 -58.5 -0.331978 -0.285638 0.897265 0.0558261
4388 19.5 74.6 -58.5 -0.323189 -0.287274 0.899379 0.0643391
4389 19.4 74.7 -58.6 -0.321204 -0.286195 0.900057 0.0694084
4390 19.3 74.7 -58.7 -0.324583 -0.286833 0.89829 0.073812
4391 19.2 74.7 -58.7 -0.322799 -0.288294 0.898347 0.0752336
4392 19.2 74.8 -58.8 -0.323313 -0.285874 0.899109 0.0731231
4393 19.1 74.8 -58.9 -0.31779 -0.279232 0.903955 0.0624899
4394 19 74.8 -58.9 -0.317849 -0.278658 0.904802 0.0515294
4395 18.9 74.9 -59 -0.329946 -0.271641 0.902871 0.0466041
4396 18.8 74.9 -59.1 -0.329988 -0.277331 0.900705 0.0540969
4397 18.7 75 -59.2 -0.318334 -0.286287 0.899412 0.0881007
4398 18.6 75 -59.3 -0.311581 -0.290553 0.896806 0.119313
4399 18.4 75.1 -59.5 -0.304872 -0.297319 0.897047 0.118156
4400 18.3 75.2 -59.6 -0.304713 -0.291973 0.899558 0.112683
4401 18.1 75.2 -59.7 -0.321129 -0.290255 0.894927 0.108325
4402 18 75.3 -59.8 -0.313869 -0.298234 0.894987 0.10743
4403 17.9 75.4 -59.9 -0.300126 -0.2971 0.899247 0.114069
4404 17.8 75.4 -60 -0.295404 -0.285034 0.902382 0.131148
4405 17.7 75.5 -60 -0.297218 -0.283172 0.902657 0.129172
4406 17.6 75.6 -60.1 -0.296782 -0.276484 0.907352 0.110409
4407 17.5 75.6 -60.2 -0.290127 -0.271689 0.912857 0.093293
4408 17.4 75.7 -60.2 -0.301129 -0.26455 0.913521 0.0693748
4409 17.4 75.7 -60.3 -0.331118 -0.248395 0.909178 0.0453491
4410 17.3 75.7 -60.4 -0.332826 -0.218637 0.917248 -0.00896389
4411 17.2 75.7 -60.5 -0.374834 -0.155438 0.908207 -0.102464
4412 17.2 75.7 -60.5 -0.379698 -0.130123 0.896124 -0.189364
4413 17.2 75.7 -60.5 -0.398836 -0.0779827 0.871189 -0.27546
4414 17.2 75.7 -60.5 0.403592 0.0301312 -0.843086 0.354134
4415 17.2 75.6 -60.6 0.407305 -0.00839479 -0.814438 0.413185
4416 17.2 75.5 -60.7 0.417587 -0.0560905 -0.811384 0.405132
4417 17.2 75.5 -60.8 0.415218 -0.0440148 -0.809476 0.412803
4418 17.1 75.4 -60.9 0.426615 -0.0348046 -0.80579 0.409257
4419 17.1 75.3 -61 0.42345 -0.0325194 -0.805342 0.413591
4420 17.1 75.1 -61.1 0.432322 -0.0281144 -0.803897 0.4075
4421 17 75 -61.3 0.414027 -0.040118 -0.804195 0.42455
4422 17 74.9 -61.4 0.410469 -0.047997 -0.802217 0.430883
4423 16.9 74.8 -61.4 0.410431 -0.0508411 -0.798062 0.438244
4424 16.9 74.7 -61.5 0.416205 -0.0526389 -0.788646 0.449489
4425 16.9 74.7 -61.6 0.423813 -0.0493575 -0.781376 0.45541
4426 16.9 74.6 -61.6 0.415759 -0.0521238 -0.78458 0.457015
4427 16.9 74.5 -61.7 0.406252 -0.0558647 -0.793624 0.449443
4428 16.8 74.4 -61.8 0.41553 -0.052458 -0.793655 0.441242
4429 16.8 74.3 -61.9 0.412591 -0.047817 -0.797711 0.437195
4430 16.7 74.2 -61.9 0.412112 -0.0506968 -0.799161 0.434666
4431 16.7 74.1 -62 0.41056 -0.0528205 -0.800304 0.433779
4432 16.7 74 -62.1 0.409173 -0.0615275 -0.79905 0.436247
4433 16.7 73.9 -62.2 0.410455 -0.064351 -0.79727 0.437888
4434 16.6 73.8 -62.3 0.407555 -0.0721346 -0.796272 0.441187
4435 16.6 73.7 -62.3 0.40523 -0.0718225 -0.792198 0.450614
4436 16.6 73.7 -62.4 0.398012 -0.0768768 -0.795119 0.451069
4437 16.6 73.6 -62.5 0.387137 -0.0802986 -0.803366 0.445286
4438 16.5 73.5 -62.6 0.386467 -0.0816245 -0.809597 0.434204
4439 16.5 73.4 -62.6 0.386305 -0.0821066 -0.81303 0.427796
4440 16.5 73.3 -62.7 0.396474 -0.0749983 -0.809468 0.42655
4441 16.5 73.2 -62.8 0.397079 -0.0746186 -0.809799 0.425424
4442 16.5 73.1 -62.9 0.394863 -0.0720123 -0.809175 0.429107
4443 16.4 73 -62.9 0.394842 -0.0751557 -0.805232 0.435951
4444 16.4 72.9 -63 0.401224 -0.082164 -0.800114 0.438276
4445 16.4 72.8 -63.1 0.399926 -0.0855143 -0.796291 0.445721
4446 16.3 72.7 -63.2 0.399954 -0.0863089 -0.793847 0.449882
4447 16.3 72.7 -63.2 0.395077 -0.0869856 -0.795952 0.450343
4448 16.3 72.6 -63.3 0.388996 -0.0860516 -0.802295 0.444522
4449 16.3 72.5 -63.4 0.39519 -0.0799238 -0.799835 0.444635
4450 16.2 72.4 -63.5 0.396508 -0.0767692 -0.80345 0.437442
4451 16.2 72.3 -63.6 0.406126 -0.0775671 -0.801195 0.432588
4452 16.2 72.2 -63.7 0.402942 -0.0805417 -0.802867 0.43192
4453 16.2 72.1 -63.7 0.396554 -0.0861427 -0.80179 0.438699
4454 16.1 72 -63.8 0.384562 -0.0886458 -0.802154 0.448112
4455 16.1 71.9 -63.9 0.387955 -0.0907307 -0.79569 0.456219
4456 16 71.8 -64 0.389837 -0.0900172 -0.7942 0.457351
4457 16 71.8 -64.1 0.385863 -0.0896485 -0.797006 0.45591
4458 16 71.7 -64.1 0.380672 -0.0884119 -0.804184 0.44784
4459 16 71.6 -64.2 0.386088 -0.0809869 -0.805708 0.441829
4460 15.9 71.5 -64.3 0.385822 -0.0725582 -0.810689 0.434351
4461 15.9 71.4 -64.4 0.392784 -0.071196 -0.809506 0.430525
4462 15.9 71.3 -64.5 0.388262 -0.0720093 -0.812424 0.428992
4463 15.9 71.2 -64.6 0.386759 -0.0756393 -0.810977 0.432449
4464 15.8 71.1 -64.6 0.379272 -0.0848329 -0.810026 0.439107
4465 15.8 71.1 -64.7 0.381446 -0.086005 -0.804028 0.447929
4466 15.8 71 -64.8 0.391118 -0.0828264 -0.794762 0.45664
4467 15.7 70.9 -64.9 0.388483 -0.0840784 -0.794676 0.458805
4468 15.7 70.8 -64.9 0.382458 -0.0873282 -0.799679 0.454548
4469 15.7 70.7 -65 0.376507 -0.0887136 -0.807794 0.444794
4470 15.7 70.6 -65.1 0.389382 -0.081996 -0.805408 0.439291
4471 15.6 70.5 -65.2 0.394125 -0.0756758 -0.807045 0.433148
4472 15.6 70.4 -65.2 0.397143 -0.0741956 -0.807443 0.429894
4473 15.6 70.3 -65.3 0.402288 -0.0731145 -0.804598 0.430629
4474 15.6 70.3 -65.4 0.393308 -0.0838771 -0.80617 0.434009
4475 15.5 70.2 -65.5 0.391877 -0.0860405 -0.805202 0.436668
4476 15.5 70.1 -65.6 0.391259 -0.0865888 -0.799087 0.448194
4477 15.5 70 -65.6 0.40007 -0.0810433 -0.791355 0.455119
4478 15.5 69.9 -65.7 0.400398 -0.0794513 -0.791731 0.454456
4479 15.4 69.8 -65.8 0.387611 -0.085008 -0.80281 0.445003
4480 15.4 69.7 -65.8 0.397212 -0.0815245 -0.800438 0.441447
4481 15.4 69.6 -65.9 0.396397 -0.0790314 -0.802248 0.439342
4482 15.4 69.5 -66 0.400837 -0.0792406 -0.801787 0.436106
4483 15.4 69.4 -66.1 0.400345 -0.0785294 -0.802253 0.435829
4484 15.3 69.3 -66.2 0.398165 -0.0846205 -0.799901 0.440978
4485 15.3 69.2 -66.2 0.396902 -0.0902086 -0.796952 0.446316
4486 15.3 69.1 -66.3 0.399476 -0.0917098 -0.790419 0.455242
4487 15.2 69 -66.4 0.402697 -0.0851368 -0.786424 0.46057
4488 15.2 69 -66.5 0.399877 -0.0832479 -0.788295 0.460173
4489 15.2 68.9 -66.5 0.396434 -0.0853179 -0.793954 0.452987
4490 15.2 68.8 -66.6 0.393116 -0.0847203 -0.801296 0.442952
4491 15.1 68.7 -66.7 0.397633 -0.077789 -0.803876 0.435454
4492 15.1 68.6 -66.8 0.400425 -0.069695 -0.805499 0.431247
4493 15.1 68.5 -66.9 0.401112 -0.0651177 -0.805017 0.432222
4494 15.1 68.4 -66.9 0.405119 -0.0658893 -0.80095 0.435908
4495 15 68.3 -67 0.401833 -0.0805939 -0.797998 0.441853
4496 15 68.2 -67.1 0.392413 -0.0879265 -0.79631 0.451853
4497 15 68.1 -67.2 0.401939 -0.0916361 -0.786003 0.460704
4498 14.9 68 -67.3 0.401878 -0.0891455 -0.784141 0.464404
4499 14.9 67.9 -67.3 0.392435 -0.0896526 -0.788106 0.465667
4500 14.9 67.8 -67.4 0.379539 -0.0930818 -0.799389 0.456359
4501 14.9 67.7 -67.5 0.378622 -0.093798 -0.805951 0.445298
4502 14.8 67.6 -67.6 0.386454 -0.0856338 -0.808119 0.436192
4503 14.8 67.5 -67.6 0.395126 -0.0796402 -0.807613 0.430459
4504 14.8 67.5 -67.7 0.392784 -0.0823962 -0.809386 0.42875
4505 14.8 67.4 -67.8 0.393066 -0.0889157 -0.804592 0.436147
4506 14.7 67.3 -67.9 0.395403 -0.089081 -0.800632 0.441258
4507 14.7 67.2 -68 0.403365 -0.0855788 -0.792062 0.450123
4508 14.7 67.1 -68 0.407839 -0.081718 -0.788099 0.45375
4509 14.7 67 -68.1 0.403242 -0.0804361 -0.790901 0.453212
4510 14.6 66.9 -68.2 0.397137 -0.0843692 -0.797876 0.445598
4511 14.6 66.8 -68.3 0.405315 -0.0786418 -0.79745 0.440009
4512 14.6 66.7 -68.3 0.395556 -0.0803309 -0.804094 0.43648
4513 14.6 66.6 -68.4 0.402048 -0.0810405 -0.80435 0.429896
4514 14.5 66.5 -68.5 0.401341 -0.0809015 -0.806271 0.426974
4515 14.5 66.4 -68.6 0.404356 -0.0810702 -0.80334 0.429615
4516 14.5 66.4 -68.7 0.391904 -0.0975847 -0.803705 0.436974
4517 14.5 66.3 -68.7 0.388631 -0.101323 -0.797075 0.450968
4518 14.4 66.2 -68.8 0.401308 -0.0988703 -0.783417 0.464149
4519 14.4 66.1 -68.9 0.394096 -0.100669 -0.785064 0.46715
4520 14.4 66 -69 0.395175 -0.0923645 -0.785338 0.467494
4521 14.4 65.9 -69 0.382628 -0.0941197 -0.797218 0.457362
4522 14.3 65.8 -69.1 0.389378 -0.0932485 -0.79986 0.447118
4523 14.3 65.7 -69.2 0.397518 -0.0788031 -0.801501 0.439734
4524 14.3 65.6 -69.3 0.404371 -0.0726569 -0.80097 0.435491
4525 14.3 65.5 -69.4 0.403163 -0.0712262 -0.801385 0.436084
4526 14.2 65.4 -69.4 0.396734 -0.0828722 -0.802387 0.438074
4527 14.2 65.3 -69.5 0.381011 -0.0971603 -0.805877 0.442665
4528 14.2 65.2 -69.6 0.39442 -0.0962061 -0.792334 0.455394
4529 14.2 65.1 -69.7 0.397231 -0.0913719 -0.788068 0.461311
4530 14.1 65 -69.7 0.390255 -0.0928953 -0.790717 0.462425
4531 14.1 64.9 -69.8 0.381755 -0.0960463 -0.800957 0.451116
4532 14.1 64.8 -69.9 0.387395 -0.0898761 -0.80548 0.439375
4533 14.1 64.7 -70 0.387381 -0.084114 -0.809755 0.432618
4534 14.1 64.6 -70 0.406924 -0.0719612 -0.804917 0.425844
4535 14 64.5 -70.1 0.403006 -0.070597 -0.808127 0.423712
4536 14 64.5 -70.2 0.399056 -0.079925 -0.80865 0.424795
4537 14 64.4 -70.3 0.394011 -0.0829242 -0.807611 0.430863
4538 14 64.3 -70.4 0.390491 -0.0879528 -0.805131 0.43766
4539 13.9 64.2 -70.4 0.398557 -0.086454 -0.797255 0.445043
4540 13.9 64.1 -70.5 0.395138 -0.0874536 -0.796825 0.44865
4541 13.9 64 -70.6 0.392003 -0.0887907 -0.799506 0.446363
4542 13.9 63.9 -70.7 0.388791 -0.0890131 -0.804804 0.439554
4543 13.8 63.8 -70.7 0.395281 -0.0799606 -0.805042 0.435048
4544 13.8 63.7 -70.8 0.40731 -0.0686334 -0.803018 0.429592
4545 13.8 63.6 -70.9 0.405744 -0.0691272 -0.806743 0.42398
4546 13.8 63.5 -71 0.406534 -0.0705308 -0.804796 0.426683
4547 13.8 63.4 -71 0.403361 -0.0768813 -0.80097 0.435702
4548 13.7 63.3 -71.1 0.395964 -0.0853543 -0.799423 0.443677
4549 13.7 63.2 -71.2 0.402778 -0.0900422 -0.789879 0.453601
4550 13.7 63.1 -71.3 0.405081 -0.0864368 -0.785962 0.459023
4551 13.7 63 -71.3 0.397634 -0.0860111 -0.789036 0.460338
4552 13.7 62.9 -71.4 0.387381 -0.0857448 -0.796705 0.455899
4553 13.6 62.8 -71.5 0.403486 -0.0794779 -0.791084 0.452845
4554 13.6 62.7 -71.5 0.413535 -0.0755475 -0.788654 0.448671
4555 13.6 62.7 -71.6 0.411219 -0.0805548 -0.790094 0.447394
4556 13.6 62.6 -71.7 0.405534 -0.0859877 -0.789455 0.45267
4557 13.5 62.5 -71.8 0.398021 -0.0977238 -0.786743 0.46159
4558 13.5 62.4 -71.9 0.402949 -0.097478 -0.779994 0.468763
4559 13.5 62.3 -71.9 0.410744 -0.0967769 -0.773891 0.472247
4560 13.5 62.2 -72 0.416327 -0.0919049 -0.77155 0.472161
4561 13.5 62.1 -72.1 0.416651 -0.0856123 -0.770579 0.474638
4562 13.4 62 -72.2 0.411165 -0.0826566 -0.774623 0.473362
4563 13.4 61.9 -72.2 0.406605 -0.0834507 -0.781653 0.465539
4564 13.4 61.8 -72.3 0.415967 -0.0755819 -0.781397 0.458997
4565 13.4 61.7 -72.4 0.42667 -0.0741603 -0.779986 0.451746
4566 13.3 61.6 -72.4 0.418119 -0.080242 -0.785821 0.448579
4567 13.3 61.5 -72.5 0.407798 -0.0904785 -0.787875 0.452512
4568 13.3 61.4 -72.6 0.401673 -0.0989602 -0.787033 0.457652
4569 13.3 61.3 -72.7 0.405774 -0.101414 -0.780098 0.465307
4570 13.2 61.3 -72.7 0.410302 -0.101109 -0.773559 0.472266
4571 13.2 61.2 -72.8 0.404221 -0.0993348 -0.775097 0.475355
4572 13.2 61.1 -72.9 0.40282 -0.0974468 -0.776547 0.474567
4573 13.2 61 -73 0.403399 -0.0955353 -0.782199 0.465088
4574 13.1 60.9 -73.1 0.405776 -0.0937116 -0.786097 0.456745
4575 13.1 60.8 -73.1 0.416995 -0.0821708 -0.785659 0.449559
4576 13.1 60.7 -73.2 0.41378 -0.0847995 -0.791099 0.442446
4577 13 60.6 -73.3 0.415762 -0.0867919 -0.788513 0.44481
4578 13 60.5 -73.4 0.41148 -0.102555 -0.784891 0.451788
4579 13 60.4 -73.5 0.404749 -0.110707 -0.782897 0.459341
4580 12.9 60.3 -73.6 0.41416 -0.106886 -0.77351 0.467685
4581 12.9 60.3 -73.6 0.408138 -0.101803 -0.775536 0.470748
4582 12.9 60.2 -73.7 0.403073 -0.0921887 -0.778614 0.47201
4583 12.9 60.1 -73.8 0.400949 -0.0901928 -0.78669 0.460678
4584 12.8 60 -73.9 0.399313 -0.0921358 -0.795151 0.446984
4585 12.8 59.9 -74 0.403993 -0.0807144 -0.799455 0.437202
4586 12.8 59.8 -74 0.409897 -0.0746383 -0.799542 0.432604
4587 12.8 59.7 -74.1 0.406799 -0.0759196 -0.80003 0.434399
4588 12.7 59.6 -74.2 0.408887 -0.0813149 -0.795817 0.439174
4589 12.7 59.5 -74.3 0.409987 -0.0762524 -0.794215 0.441949
4590 12.6 59.4 -74.4 0.406818 -0.0729727 -0.79156 0.450119
4591 12.6 59.4 -74.5 0.410242 -0.0687541 -0.786971 0.455688
4592 12.6 59.3 -74.5 0.40539 -0.0684631 -0.788999 0.456566
4593 12.6 59.2 -74.6 0.390646 -0.0736266 -0.803329 0.443439
4594 12.6 59.1 -74.7 0.397412 -0.0764808 -0.807489 0.429157
4595 12.5 59 -74.8 0.412686 -0.0618823 -0.801945 0.427488
4596 12.5 58.9 -74.8 0.417286 -0.0607976 -0.799789 0.427217
4597 12.5 58.8 -74.9 0.405752 -0.0707096 -0.806978 0.423264
4598 12.5 58.7 -75 0.40778 -0.0753052 -0.801479 0.430902
4599 12.4 58.6 -75.1 0.40073 -0.0851222 -0.798347 0.441376
4600 12.4 58.5 -75.2 0.40357 -0.0864715 -0.790715 0.452132
4601 12.4 58.4 -75.2 0.417339 -0.0838925 -0.780257 0.458246
4602 12.3 58.3 -75.3 0.41585 -0.0828061 -0.781113 0.45834
4603 12.3 58.2 -75.4 0.415568 -0.076535 -0.784129 0.454519
4604 12.3 58.1 -75.5 0.411293 -0.0717988 -0.791575 0.446198
4605 12.3 58 -75.5 0.413018 -0.065048 -0.7946 0.440222
4606 12.2 57.9 -75.6 0.426956 -0.0574518 -0.789521 0.43711
4607 12.2 57.8 -75.7 0.416251 -0.0645417 -0.795196 0.436157
4608 12.2 57.7 -75.8 0.418983 -0.0636589 -0.792764 0.438095
4609 12.2 57.7 -75.8 0.420724 -0.0732171 -0.790239 0.439491
4610 12.2 57.6 -75.9 0.419316 -0.0731269 -0.78717 0.446307
4611 12.1 57.5 -76 0.424014 -0.0726786 -0.778057 0.457774
4612 12.1 57.4 -76.1 0.422873 -0.075332 -0.776358 0.461273
4613 12.1 57.3 -76.1 0.418723 -0.0771575 -0.780261 0.45816
4614 12.1 57.2 -76.2 0.416044 -0.0745993 -0.788298 0.447133
4615 12.1 57.1 -76.3 0.424853 -0.072006 -0.787418 0.440781
4616 12 57 -76.4 0.431893 -0.0662705 -0.786462 0.436524
4617 12 56.9 -76.4 0.433033 -0.0670398 -0.788518 0.431541
4618 12 56.8 -76.5 0.433347 -0.0682004 -0.789049 0.430072
4619 12 56.7 -76.6 0.422992 -0.0801287 -0.791555 0.433703
4620 11.9 56.6 -76.7 0.410324 -0.0832893 -0.793607 0.441458
4621 11.9 56.5 -76.8 0.418747 -0.0809235 -0.783953 0.451133
4622 11.9 56.4 -76.8 0.418368 -0.078612 -0.782223 0.45488
4623 11.9 56.3 -76.9 0.41432 -0.0751134 -0.784008 0.456101
4624 11.8 56.2 -77 0.40349 -0.0780296 -0.792233 0.451082
4625 11.8 56.1 -77.1 0.409649 -0.0743601 -0.790303 0.449532
4626 11.8 56 -77.2 0.41339 -0.0750366 -0.789478 0.44744
4627 11.8 55.9 -77.2 0.419165 -0.0771615 -0.790007 0.440722
4628 11.7 55.8 -77.3 0.419291 -0.0745261 -0.791439 0.438482
4629 11.7 55.7 -77.4 0.410442 -0.0832942 -0.792072 0.444096
4630 11.7 55.6 -77.5 0.404469 -0.0873614 -0.792108 0.448706
4631 11.6 55.5 -77.6 0.412943 -0.0851722 -0.783635 0.456223
4632 11.6 55.4 -77.6 0.418203 -0.0809435 -0.780412 0.457723
4633 11.6 55.3 -77.7 0.406654 -0.0782404 -0.785386 0.460087
4634 11.6 55.2 -77.8 0.403568 -0.079807 -0.791949 0.451198
4635 11.6 55.1 -77.9 0.407949 -0.0749727 -0.794075 0.444298
4636 11.5 55 -78 0.41524 -0.0695207 -0.794 0.438527
4637 11.5 54.9 -78 0.429535 -0.0661606 -0.789217 0.433889
4638 11.5 54.8 -78.1 0.423517 -0.0695356 -0.79372 0.431053
4639 11.5 54.7 -78.2 0.417243 -0.0792498 -0.795803 0.431655
4640 11.4 54.6 -78.3 0.414503 -0.0833877 -0.795922 0.433291
4641 11.4 54.5 -78.4 0.423276 -0.0748251 -0.787651 0.441412
4642 11.4 54.4 -78.5 0.419875 -0.0682517 -0.788005 0.445078
4643 11.3 54.3 -78.5 0.4146 -0.0655034 -0.791023 0.445083
4644 11.3 54.2 -78.6 0.410314 -0.0621333 -0.797335 0.438222
4645 11.3 54.1 -78.7 0.411768 -0.0593403 -0.799102 0.434007
4646 11.3 54 -78.8 0.416612 -0.052975 -0.798374 0.43154
4647 11.2 53.9 -78.9 0.425475 -0.0550312 -0.797039 0.425056
4648 11.2 53.8 -79 0.419084 -0.058584 -0.801743 0.422072
4649 11.2 53.7 -79.1 0.417335 -0.0629446 -0.801132 0.424331
4650 11.1 53.6 -79.1 0.404688 -0.0692274 -0.803419 0.431222
4651 11.1 53.5 -79.2 0.408654 -0.0720994 -0.795223 0.442067
4652 11.1 53.4 -79.3 0.420934 -0.0687586 -0.785985 0.447564
4653 11 53.3 -79.4 0.415005 -0.0682184 -0.787554 0.450418
4654 11 53.2 -79.5 0.41324 -0.0664966 -0.789752 0.448445
4655 11 53.1 -79.6 0.417216 -0.0637417 -0.791391 0.442232
4656 11 53 -79.6 0.419938 -0.0615423 -0.792924 0.437191
4657 10.9 52.9 -79.7 0.431238 -0.0588641 -0.789995 0.43183
4658 10.9 52.8 -79.8 0.419794 -0.0654265 -0.796883 0.429499
4659 10.9 52.8 -79.9 0.418177 -0.0732094 -0.793812 0.435465
4660 10.8 52.7 -80 0.413255 -0.0829776 -0.790511 0.444328
4661 10.8 52.6 -80.1 0.411918 -0.0842917 -0.786488 0.452388
4662 10.8 52.5 -80.1 0.414778 -0.0779807 -0.78098 0.460379
4663 10.7 52.4 -80.2 0.409072 -0.0787272 -0.781615 0.464263
4664 10.7 52.3 -80.3 0.406565 -0.0753484 -0.784268 0.462548
4665 10.7 52.2 -80.4 0.405764 -0.0732333 -0.789079 0.455354
4666 10.7 52.1 -80.5 0.407977 -0.0699454 -0.788843 0.454301
4667 10.6 52 -80.5 0.423098 -0.065526 -0.781727 0.453428
4668 10.6 51.9 -80.6 0.421041 -0.0743741 -0.782927 0.451906
4669 10.6 51.8 -80.7 0.41869 -0.0791602 -0.782076 0.454741
4670 10.6 51.7 -80.8 0.413011 -0.0843276 -0.779736 0.46295
4671 10.5 51.6 -80.9 0.41559 -0.0885634 -0.77658 0.465151
4672 10.5 51.5 -80.9 0.423795 -0.0830152 -0.76798 0.472984
4673 10.5 51.4 -81 0.416472 -0.0802699 -0.770901 0.475204
4674 10.5 51.3 -81.1 0.402597 -0.0828836 -0.780418 0.471162
4675 10.5 51.2 -81.2 0.39937 -0.0842505 -0.78822 0.460559
4676 10.4 51.1 -81.2 0.407711 -0.0765034 -0.787314 0.456131
4677 10.4 51 -81.3 0.422035 -0.0688814 -0.782069 0.453332
4678 10.4 50.9 -81.4 0.419184 -0.075227 -0.78548 0.449051
4679 10.4 50.8 -81.5 0.419696 -0.0806493 -0.78484 0.448751
4680 10.4 50.7 -81.6 0.400249 -0.0989401 -0.790719 0.452521
4681 10.3 50.6 -81.6 0.400574 -0.0956344 -0.787099 0.459205
4682 10.3 50.5 -81.7 0.417014 -0.0921548 -0.774411 0.466792
4683 10.3 50.4 -81.8 0.416131 -0.0889793 -0.77411 0.468692
4684 10.3 50.3 -81.9 0.418227 -0.0829678 -0.775972 0.464833
4685 10.2 50.2 -82 0.411561 -0.0806299 -0.786772 0.452886
4686 10.2 50.1 -82 0.420474 -0.0723957 -0.786423 0.446654
4687 10.2 50 -82.1 0.425799 -0.0643209 -0.788913 0.438378
4688 10.2 49.9 -82.2 0.42339 -0.0670003 -0.79429 0.430529
4689 10.2 49.8 -82.3 0.421711 -0.066352 -0.79473 0.431464
4690 10.1 49.7 -82.4 0.417355 -0.0758976 -0.793184 0.436937
4691 10.1 49.6 -82.4 0.416872 -0.0810307 -0.789207 0.443626
4692 10.1 49.5 -82.5 0.425059 -0.0771804 -0.779094 0.454292
4693 10 49.4 -82.6 0.416203 -0.0746613 -0.780435 0.460568
4694 10 49.3 -82.7 0.41002 -0.0700833 -0.784896 0.45925
4695 10 49.2 -82.8 0.398487 -0.0763065 -0.799713 0.442543
4696 9.97 49.1 -82.8 0.402592 -0.075955 -0.80443 0.430167
4697 9.94 49 -82.9 0.410111 -0.0668154 -0.803513 0.426275
4698 9.92 48.9 -83 0.411779 -0.0694686 -0.801315 0.428376
4699 9.9 48.8 -83.1 0.413202 -0.0703888 -0.796876 0.435084
4700 9.88 48.7 -83.2 0.411262 -0.0828723 -0.793487 0.440879
4701 9.85 48.6 -83.2 0.406218 -0.0892087 -0.790777 0.449111
4702 9.81 48.5 -83.3 0.410693 -0.0911041 -0.778122 0.466431
4703 9.79 48.4 -83.4 0.410955 -0.0906911 -0.770647 0.478534
4704 9.78 48.3 -83.5 0.406081 -0.0935648 -0.769965 0.483217
4705 9.77 48.2 -83.5 0.405148 -0.0949177 -0.77618 0.473699
4706 9.75 48.1 -83.6 0.412284 -0.0917996 -0.776276 0.467963
4707 9.72 48 -83.7 0.417018 -0.0828076 -0.774882 0.467758
4708 9.71 47.9 -83.7 0.419091 -0.0890597 -0.776313 0.462352
4709 9.7 47.8 -83.8 0.414777 -0.0927561 -0.778808 0.461318
4710 9.68 47.7 -83.9 0.413992 -0.0992106 -0.776496 0.464566
4711 9.65 47.6 -84 0.411824 -0.103122 -0.774043 0.469707
4712 9.62 47.5 -84.1 0.411548 -0.100408 -0.768534 0.47948
4713 9.59 47.4 -84.1 0.415126 -0.0972017 -0.764915 0.482832
4714 9.58 47.3 -84.2 0.412148 -0.0946558 -0.767577 0.481664
4715 9.56 47.2 -84.3 0.408375 -0.0928742 -0.774399 0.474247
4716 9.54 47.1 -84.4 0.408983 -0.088847 -0.781909 0.462014
4717 9.51 47 -84.4 0.42022 -0.0812373 -0.782148 0.452834
4718 9.48 46.9 -84.5 0.431193 -0.079543 -0.778561 0.448986
4719 9.46 46.8 -84.6 0.420107 -0.0856903 -0.784175 0.448594
4720 9.44 46.7 -84.7 0.415795 -0.0905722 -0.78395 0.452034
4721 9.41 46.6 -84.8 0.406428 -0.102343 -0.785894 0.454657
4722 9.38 46.5 -84.8 0.41138 -0.0997539 -0.780567 0.459924
4723 9.34 46.4 -84.9 0.421778 -0.0981438 -0.769128 0.470014
4724 9.32 46.3 -85 0.423151 -0.0939839 -0.766902 0.473256
4725 9.3 46.2 -85.1 0.419223 -0.0913991 -0.769506 0.473032
4726 9.28 46.1 -85.2 0.414625 -0.0894298 -0.776415 0.466119
4727 9.25 46 -85.2 0.418156 -0.0844571 -0.775775 0.464957
4728 9.22 45.9 -85.3 0.423297 -0.0843637 -0.776624 0.458864
4729 9.19 45.8 -85.4 0.422882 -0.0886764 -0.77854 0.455172
4730 9.17 45.7 -85.5 0.415296 -0.0927827 -0.779532 0.45962
4731 9.14 45.6 -85.6 0.399127 -0.101356 -0.780162 0.470927
4732 9.1 45.5 -85.7 0.404428 -0.105265 -0.773841 0.475949
4733 9.06 45.4 -85.7 0.410062 -0.100575 -0.767037 0.483102
4734 9.04 45.3 -85.8 0.407939 -0.0997634 -0.767326 0.484606
4735 9.03 45.2 -85.9 0.407533 -0.0965693 -0.769909 0.481488
4736 9.01 45.1 -86 0.395573 -0.096487 -0.782366 0.471292
4737 8.97 45 -86 0.402548 -0.0875512 -0.781516 0.468533
4738 8.94 44.9 -86.1 0.405228 -0.084338 -0.784623 0.461566
4739 8.92 44.9 -86.2 0.409078 -0.087879 -0.786195 0.454786
4740 8.9 44.8 -86.3 0.4092 -0.0917607 -0.785314 0.455431
4741 8.88 44.7 -86.4 0.40174 -0.104677 -0.783642 0.462117
4742 8.84 44.6 -86.4 0.392509 -0.113461 -0.782462 0.469911
4743 8.81 44.5 -86.5 0.393637 -0.112903 -0.777138 0.47787
4744 8.78 44.4 -86.6 0.399261 -0.106659 -0.775386 0.477485
4745 8.77 44.3 -86.7 0.400138 -0.101995 -0.776734 0.475574
4746 8.75 44.2 -86.8 0.392757 -0.106782 -0.784414 0.46801
4747 8.72 44.1 -86.8 0.391363 -0.102751 -0.789234 0.461939
4748 8.69 44 -86.9 0.392677 -0.0975093 -0.793411 0.454747
4749 8.66 43.9 -87 0.405905 -0.0916062 -0.791994 0.446761
4750 8.65 43.8 -87.1 0.402034 -0.0909244 -0.796892 0.441661
4751 8.63 43.8 -87.1 0.402331 -0.0934774 -0.795562 0.443253
4752 8.61 43.7 -87.2 0.395199 -0.101189 -0.797505 0.444482
4753 8.57 43.6 -87.3 0.392473 -0.101094 -0.794192 0.452773
4754 8.53 43.5 -87.4 0.395343 -0.0993542 -0.785714 0.465281
4755 8.51 43.4 -87.4 0.388406 -0.0992014 -0.787876 0.467494
4756 8.5 43.3 -87.5 0.390472 -0.0997389 -0.788673 0.464304
4757 8.48 43.2 -87.6 0.390458 -0.102488 -0.794939 0.452892
4758 8.46 43.1 -87.7 0.387677 -0.107469 -0.800336 0.444544
4759 8.43 43 -87.7 0.395992 -0.0952564 -0.798234 0.443779
4760 8.41 42.9 -87.8 0.399267 -0.0894001 -0.797891 0.442677
4761 8.4 42.8 -87.9 0.3953 -0.091099 -0.799878 0.442305
4762 8.38 42.7 -88 0.397783 -0.0973597 -0.796177 0.445412
4763 8.35 42.6 -88.1 0.39729 -0.0994952 -0.793408 0.450295
4764 8.32 42.5 -88.1 0.396686 -0.102919 -0.788922 0.457876
4765 8.29 42.4 -88.2 0.401403 -0.0976142 -0.782394 0.466055
4766 8.27 42.3 -88.3 0.397567 -0.0975539 -0.784901 0.465139
4767 8.27 42.2 -88.3 0.392155 -0.100258 -0.790119 0.460298
4768 8.25 42.1 -88.4 0.390254 -0.102617 -0.79715 0.449136
4769 8.23 42 -88.5 0.399762 -0.10183 -0.795817 0.443279
4770 8.21 41.9 -88.6 0.408989 -0.0956139 -0.79266 0.441901
4771 8.19 41.8 -88.6 0.404798 -0.0981085 -0.794797 0.441373
4772 8.18 41.7 -88.7 0.399323 -0.1018 -0.79566 0.443963
4773 8.16 41.6 -88.8 0.396246 -0.110192 -0.792703 0.449965
4774 8.13 41.5 -88.9 0.387233 -0.118801 -0.79281 0.4554
4775 8.09 41.4 -88.9 0.397958 -0.116126 -0.782426 0.464708
4776 8.07 41.4 -89 0.402882 -0.113987 -0.781426 0.462674
4777 8.06 41.3 -89.1 0.396494 -0.115782 -0.785298 0.461187
4778 8.05 41.2 -89.2 0.390602 -0.113377 -0.791641 0.455938
4779 8.02 41.1 -89.2 0.398867 -0.10756 -0.791752 0.449961
4780 8 41 -89.3 0.398318 -0.0998411 -0.794371 0.447604
4781 7.97 40.9 -89.4 0.402278 -0.0988919 -0.794678 0.44371
4782 7.95 40.8 -89.5 0.396613 -0.104383 -0.797353 0.442753
4783 7.93 40.7 -89.6 0.392322 -0.112611 -0.795599 0.447688
4784 7.9 40.6 -89.6 0.39279 -0.115496 -0.790933 0.454755
4785 7.86 40.5 -89.7 0.390581 -0.114428 -0.786996 0.46367
4786 7.84 40.4 -89.8 0.393825 -0.11087 -0.782141 0.469962
4787 7.82 40.3 -89.8 0.390359 -0.108363 -0.784553 0.469419
4788 7.81 40.2 -89.9 0.388771 -0.100636 -0.787962 0.466739
4789 7.79 40.1 -90 0.386261 -0.0996956 -0.795019 0.456955
4790 7.77 40 -90.1 0.390483 -0.0980843 -0.798351 0.447815
4791 7.75 39.9 -90.1 0.401641 -0.0929484 -0.794966 0.445055
4792 7.73 39.8 -90.2 0.395458 -0.100478 -0.797481 0.444456
4793 7.72 39.8 -90.3 0.395838 -0.100002 -0.794543 0.449459
4794 7.7 39.7 -90.4 0.397973 -0.108564 -0.789486 0.454469
4795 7.68 39.6 -90.4 0.394373 -0.115794 -0.788406 0.457687
4796 7.65 39.5 -90.5 0.390655 -0.117461 -0.78449 0.467084
4797 7.64 39.4 -90.6 0.399769 -0.113697 -0.777726 0.471592
4798 7.63 39.3 -90.6 0.392367 -0.116418 -0.78145 0.47099
4799 7.63 39.1 -90.7 0.389724 -0.116939 -0.788181 0.461748
4800 7.62 39 -90.8 0.397047 -0.114433 -0.791051 0.451106
4801 7.6 38.9 -90.8 0.395341 -0.10972 -0.796419 0.44428
4802 7.58 38.8 -90.9 0.406562 -0.100988 -0.792603 0.443045
4803 7.58 38.7 -91 0.404799 -0.0995947 -0.794601 0.441393
4804 7.56 38.7 -91 0.406317 -0.102477 -0.790852 0.446047
4805 7.54 38.6 -91.1 0.404115 -0.107949 -0.787999 0.45177
4806 7.52 38.5 -91.2 0.404017 -0.105088 -0.782751 0.46155
4807 7.5 38.4 -91.2 0.40974 -0.0986373 -0.777194 0.467282
4808 7.49 38.3 -91.3 0.407692 -0.096435 -0.777985 0.468216
4809 7.48 38.2 -91.4 0.402045 -0.0998346 -0.782658 0.464586
4810 7.47 38.1 -91.4 0.398172 -0.101615 -0.789672 0.455579
4811 7.45 38 -91.5 0.39983 -0.101116 -0.79175 0.450604
4812 7.43 37.9 -91.6 0.405572 -0.093161 -0.788899 0.452183
4813 7.41 37.8 -91.6 0.404239 -0.0954852 -0.788591 0.453429
4814 7.4 37.7 -91.7 0.403864 -0.0984493 -0.787696 0.454683
4815 7.39 37.6 -91.8 0.389111 -0.113184 -0.793074 0.45477
4816 7.36 37.5 -91.8 0.383012 -0.120855 -0.795157 0.454336
4817 7.33 37.4 -91.9 0.378964 -0.120017 -0.792766 0.462066
4818 7.31 37.4 -91.9 0.386559 -0.118346 -0.788111 0.464164
4819 7.3 37.3 -92 0.382685 -0.115808 -0.790601 0.463779
4820 7.3 37.2 -92.1 0.379236 -0.111736 -0.793119 0.463312
4821 7.29 37.1 -92.1 0.37764 -0.106285 -0.797628 0.458128
4822 7.27 37 -92.2 0.387367 -0.103999 -0.795214 0.454715
4823 7.25 36.9 -92.2 0.396112 -0.0969574 -0.792826 0.452904
4824 7.23 36.8 -92.4 0.399206 -0.0982188 -0.790274 0.454373
4825 7.22 36.7 -92.4 0.394193 -0.105165 -0.789242 0.458966
4826 7.2 36.6 -92.5 0.38628 -0.114011 -0.787919 0.465803
4827 7.18 36.6 -92.6 0.383521 -0.113326 -0.784952 0.473201
4828 7.14 36.4 -92.6 0.392537 -0.110806 -0.777201 0.479161
4829 7.14 36.3 -92.8 0.389508 -0.100813 -0.78883 0.464615
4830 7.13 36.2 -92.8 0.397654 -0.092925 -0.794408 0.449612
4831 7.12 36.1 -92.9 0.419878 -0.0884123 -0.782327 0.451497
4832 7.1 36 -93 0.422881 -0.096563 -0.774063 0.461165
4833 7.07 35.9 -93 0.406614 -0.100724 -0.776858 0.470119
4834 7.08 35.9 -93.1 0.435116 -0.0995492 -0.756238 0.478402
4835 7.11 35.8 -93.1 0.416699 -0.165048 -0.681531 0.578478
4836 7.14 35.7 -93 0.410243 -0.220238 -0.613487 0.637832
4837 7.19 35.7 -93 0.399251 -0.255424 -0.564611 0.675701
4838 7.27 35.6 -92.9 0.394315 -0.277408 -0.527836 0.69925
4839 7.35 35.4 -92.9 0.385428 -0.27786 -0.508945 0.717784
4840 7.41 35.2 -93 0.384608 -0.293266 -0.50096 0.717712
4841 7.46 35.1 -93 0.375933 -0.289501 -0.49188 0.730012
4842 7.53 34.9 -93 0.380184 -0.279252 -0.480644 0.739229
4843 7.62 34.8 -93 0.383671 -0.27037 -0.481207 0.740363
4844 7.71 34.6 -92.9 0.395323 -0.266459 -0.476923 0.73842
4845 7.75 34.5 -92.9 0.391839 -0.275152 -0.482999 0.73312
4846 7.81 34.4 -92.9 0.3893 -0.275196 -0.485414 0.732861
4847 7.87 34.3 -92.9 0.390222 -0.275264 -0.484271 0.733102
4848 7.93 34.2 -92.9 0.390594 -0.28126 -0.476873 0.735474
4849 7.99 34.1 -92.9 0.395492 -0.281933 -0.47028 0.736842
4850 8.04 34 -92.9 0.399158 -0.278405 -0.461772 0.741573
4851 8.09 33.9 -92.9 0.398484 -0.275151 -0.45622 0.746569
4852 8.15 33.8 -92.9 0.393603 -0.275521 -0.454055 0.750333
4853 8.22 33.7 -92.9 0.392704 -0.275321 -0.457554 0.74875
4854 8.28 33.6 -92.9 0.389218 -0.280455 -0.473762 0.738515
4855 8.34 33.5 -92.9 0.392799 -0.279955 -0.476095 0.735301
4856 8.39 33.4 -92.9 0.399801 -0.267876 -0.473114 0.737946
4857 8.46 33.2 -92.9 0.400394 -0.276726 -0.475794 0.732617
4858 8.53 33.1 -92.9 0.401312 -0.279814 -0.470345 0.734458
4859 8.59 33 -92.9 0.395735 -0.292818 -0.463936 0.736488
4860 8.65 32.9 -92.9 0.394021 -0.294544 -0.457756 0.740575
4861 8.7 32.8 -92.9 0.39095 -0.291198 -0.452157 0.746938
4862 8.75 32.7 -92.9 0.391636 -0.287147 -0.447182 0.75113
4863 8.82 32.6 -92.9 0.388227 -0.285137 -0.446283 0.754194
4864 8.88 32.5 -92.9 0.387338 -0.294259 -0.454465 0.746219
4865 8.94 32.4 -92.9 0.390683 -0.298427 -0.460717 0.73895
4866 9 32.3 -92.8 0.390492 -0.292264 -0.465334 0.738622
4867 9.06 32.1 -92.9 0.39405 -0.288304 -0.464451 0.738844
4868 9.13 32 -92.9 0.393039 -0.296482 -0.46668 0.73473
4869 9.2 31.9 -92.9 0.391177 -0.309639 -0.464949 0.731387
4870 9.25 31.8 -92.9 0.386115 -0.316546 -0.4632 0.732229
4871 9.3 31.7 -92.9 0.387776 -0.314307 -0.454929 0.737482
4872 9.35 31.6 -92.8 0.391224 -0.306758 -0.449547 0.742126
4873 9.42 31.5 -92.9 0.385897 -0.305477 -0.453605 0.742973
4874 9.49 31.4 -92.9 0.381246 -0.307391 -0.46061 0.740271
4875 9.55 31.3 -92.9 0.386601 -0.3087 -0.463355 0.735219
4876 9.6 31.2 -92.8 0.389328 -0.305436 -0.467374 0.732595
4877 9.65 31.1 -92.8 0.390269 -0.299746 -0.470347 0.732541
4878 9.72 30.9 -92.8 0.391552 -0.296073 -0.470149 0.733476
4879 9.78 30.8 -92.9 0.392135 -0.298624 -0.467119 0.734066
4880 9.85 30.7 -92.9 0.387429 -0.315621 -0.459563 0.734223
4881 9.9 30.6 -92.9 0.383814 -0.313839 -0.449649 0.742972
4882 9.94 30.5 -92.9 0.389049 -0.308276 -0.439736 0.748491
4883 10 30.4 -92.8 0.388302 -0.30802 -0.443164 0.746961
4884 10.1 30.3 -92.8 0.385271 -0.305851 -0.44757 0.746795
4885 10.1 30.2 -92.8 0.380288 -0.312965 -0.461741 0.737719
4886 10.2 30.1 -92.8 0.387274 -0.300468 -0.460098 0.740303
4887 10.2 30 -92.8 0.39222 -0.288701 -0.463645 0.740168
4888 10.3 29.9 -92.8 0.40183 -0.282369 -0.465619 0.736206
4889 10.4 29.8 -92.8 0.401587 -0.278832 -0.468192 0.736055
4890 10.4 29.7 -92.8 0.395431 -0.283912 -0.468116 0.737493
4891 10.5 29.6 -92.8 0.383551 -0.29872 -0.46971 0.736904
4892 10.5 29.5 -92.8 0.384237 -0.296616 -0.460166 0.743389
4893 10.6 29.4 -92.8 0.386704 -0.292231 -0.453632 0.74785
4894 10.7 29.3 -92.8 0.381371 -0.290441 -0.455763 0.749987
4895 10.7 29.2 -92.8 0.379787 -0.287972 -0.460291 0.748976
4896 10.8 29 -92.8 0.380271 -0.299266 -0.468596 0.739088
4897 10.9 28.9 -92.8 0.383851 -0.290419 -0.466835 0.741876
4898 10.9 28.8 -92.8 0.389609 -0.281157 -0.462163 0.74536
4899 11 28.7 -92.8 0.389386 -0.286074 -0.462872 0.743162
4900 11 28.6 -92.8 0.389707 -0.289579 -0.459342 0.743826
4901 11.1 28.5 -92.8 0.385424 -0.302696 -0.454494 0.743814
4902 11.2 28.4 -92.8 0.383561 -0.302444 -0.445164 0.750491
4903 11.2 28.3 -92.8 0.380139 -0.29842 -0.436725 0.758757
4904 11.3 28.2 -92.7 0.3777 -0.296897 -0.43601 0.76098
4905 11.3 28.1 -92.7 0.375482 -0.298484 -0.439194 0.759624
4906 11.4 28 -92.7 0.374581 -0.304971 -0.451484 0.750229
4907 11.4 27.9 -92.7 0.38296 -0.2993 -0.450353 0.748962
4908 11.5 27.8 -92.7 0.385156 -0.295081 -0.452047 0.748489
4909 11.6 27.7 -92.7 0.39162 -0.292769 -0.450048 0.747246
4910 11.6 27.6 -92.7 0.389467 -0.297181 -0.448105 0.747797
4911 11.7 27.5 -92.7 0.386997 -0.306485 -0.440367 0.749918
4912 11.8 27.4 -92.7 0.383731 -0.311431 -0.438142 0.750861
4913 11.8 27.3 -92.7 0.380449 -0.310839 -0.433948 0.7552
4914 11.9 27.2 -92.7 0.380959 -0.302797 -0.43261 0.758968
4915 11.9 27.1 -92.7 0.380729 -0.29952 -0.438082 0.757243
4916 12 27 -92.7 0.384221 -0.298669 -0.447278 0.750409
4917 12.1 26.9 -92.6 0.387381 -0.297416 -0.459546 0.74182
4918 12.1 26.8 -92.6 0.389131 -0.290133 -0.464186 0.740899
4919 12.2 26.7 -92.6 0.397916 -0.281009 -0.461858 0.741204
4920 12.2 26.6 -92.6 0.397109 -0.282761 -0.464917 0.739055
4921 12.3 26.5 -92.6 0.3959 -0.290403 -0.4653 0.736495
4922 12.4 26.4 -92.6 0.392449 -0.29877 -0.461139 0.737612
4923 12.4 26.3 -92.6 0.391481 -0.303074 -0.458687 0.737899
4924 12.5 26.2 -92.6 0.39598 -0.29677 -0.453356 0.741348
4925 12.5 26.1 -92.6 0.396121 -0.293993 -0.4544 0.741739
4926 12.6 26 -92.6 0.393477 -0.293002 -0.460462 0.739797
4927 12.7 25.9 -92.6 0.387381 -0.29666 -0.473426 0.733346
4928 12.7 25.8 -92.6 0.392391 -0.29032 -0.476566 0.731183
4929 12.8 25.7 -92.6 0.395361 -0.28045 -0.48193 0.729918
4930 12.8 25.6 -92.6 0.400526 -0.277326 -0.482762 0.727743
4931 12.9 25.5 -92.6 0.399136 -0.27962 -0.486525 0.725118
4932 13 25.4 -92.6 0.387668 -0.290414 -0.491327 0.723858
4933 13 25.3 -92.6 0.382342 -0.290956 -0.488778 0.728187
4934 13.1 25.2 -92.6 0.384879 -0.289176 -0.484103 0.730677
4935 13.1 25.1 -92.6 0.386045 -0.285649 -0.480167 0.73404
4936 13.2 25 -92.6 0.388259 -0.281948 -0.4796 0.734673
4937 13.2 24.9 -92.6 0.386965 -0.283095 -0.486001 0.730697
4938 13.3 24.8 -92.5 0.381008 -0.291244 -0.499927 0.721167
4939 13.3 24.7 -92.5 0.389675 -0.288549 -0.50213 0.716072
4940 13.4 24.6 -92.5 0.397207 -0.28233 -0.501502 0.714851
4941 13.4 24.5 -92.5 0.402261 -0.286387 -0.496512 0.713894
4942 13.5 24.4 -92.5 0.40259 -0.286178 -0.492163 0.716798
4943 13.5 24.3 -92.6 0.395394 -0.300991 -0.486118 0.718858
4944 13.6 24.2 -92.6 0.392831 -0.307583 -0.477917 0.722961
4945 13.6 24.2 -92.6 0.388178 -0.311017 -0.471448 0.728233
4946 13.7 24 -92.6 0.387264 -0.301263 -0.477253 0.729038
4947 13.8 23.9 -92.6 0.384063 -0.298079 -0.482673 0.728472
4948 13.8 23.8 -92.6 0.379645 -0.307185 -0.499497 0.715549
4949 13.9 23.7 -92.6 0.387095 -0.303354 -0.501536 0.711755
4950 13.9 23.6 -92.6 0.391997 -0.297229 -0.502282 0.71113
4951 14 23.5 -92.6 0.393572 -0.297359 -0.502957 0.709727
4952 14 23.4 -92.6 0.394284 -0.295828 -0.501297 0.711145
4953 14.1 23.3 -92.6 0.390882 -0.305925 -0.49722 0.711613
4954 14.1 23.2 -92.6 0.392597 -0.306635 -0.485786 0.71823
4955 14.2 23.1 -92.6 0.391957 -0.292202 -0.475503 0.731358
4956 14.3 22.9 -92.7 0.391801 -0.287759 -0.483069 0.728238
4957 14.4 22.7 -92.6 0.403084 -0.281064 -0.492689 0.718181
4958 14.4 22.6 -92.6 0.417058 -0.262789 -0.493414 0.716622
4959 14.5 22.4 -92.7 0.42282 -0.262718 -0.488987 0.716306
4960 14.6 22.3 -92.7 0.428165 -0.273402 -0.485886 0.711225
4961 14.7 22.1 -92.7 0.433401 -0.25966 -0.47787 0.718596
4962 14.7 22 -92.7 0.43828 -0.24879 -0.479077 0.718679
4963 14.8 21.9 -92.6 0.430339 -0.247801 -0.492977 0.714406
4964 14.9 21.8 -92.6 0.421028 -0.2529 -0.50685 0.708435
4965 14.9 21.7 -92.6 0.410112 -0.276304 -0.496428 0.713459
4966 15 21.6 -92.6 0.410445 -0.284377 -0.461788 0.733087
4967 15 21.6 -92.6 0.384842 -0.356437 -0.37055 0.766513
4968 15 21.6 -92.6 0.356725 -0.4091 -0.294891 0.786399
4969 15 21.6 -92.6 0.337941 -0.434665 -0.215993 0.806355
4970 15 21.7 -92.5 0.306713 -0.478971 -0.139771 0.810542
4971 15.3 21.6 -92.3 0.304923 -0.481778 -0.178957 0.801802
4972 15.4 21.6 -92.2 0.308479 -0.487244 -0.200142 0.792072
4973 15.4 21.5 -92.2 0.320813 -0.479437 -0.201451 0.791604
4974 15.5 21.4 -92.1 0.3142 -0.482878 -0.197312 0.793206
4975 15.6 21.3 -92 0.320237 -0.496897 -0.187693 0.784419
4976 15.7 21.2 -91.9 0.321205 -0.485613 -0.172094 0.794601
4977 15.8 21.1 -91.8 0.318242 -0.469277 -0.157695 0.808476
4978 15.9 21 -91.6 0.321165 -0.462642 -0.163222 0.810046
4979 16 21 -91.5 0.320193 -0.482195 -0.188841 0.793287
4980 16 20.9 -91.5 0.326836 -0.471871 -0.192351 0.795938
4981 16.1 20.9 -91.4 0.328601 -0.461917 -0.190764 0.801413
4982 16.2 20.8 -91.3 0.330237 -0.456873 -0.190034 0.803802
4983 16.2 20.7 -91.2 0.335276 -0.451533 -0.181311 0.806743
4984 16.3 20.7 -91.2 0.333476 -0.464222 -0.173527 0.801985
4985 16.4 20.6 -91.1 0.332171 -0.477495 -0.16971 0.795524
4986 16.4 20.5 -91 0.328294 -0.474397 -0.164152 0.80014
4987 16.5 20.5 -90.9 0.324102 -0.470612 -0.159391 0.805032
4988 16.5 20.4 -90.9 0.320673 -0.468126 -0.156013 0.808509
4989 16.6 20.4 -90.8 0.323277 -0.467895 -0.161536 0.806518
4990 16.7 20.3 -90.7 0.327743 -0.469594 -0.17339 0.80125
4991 16.7 20.3 -90.6 0.337883 -0.465692 -0.1809 0.797648
4992 16.8 20.2 -90.5 0.342693 -0.452154 -0.181684 0.803187
4993 16.8 20.1 -90.5 0.339689 -0.451964 -0.184626 0.803899
4994 16.9 20.1 -90.4 0.338153 -0.453926 -0.180473 0.804384
4995 16.9 20 -90.3 0.338225 -0.466923 -0.172597 0.798622
4996 17 19.9 -90.3 0.340251 -0.463802 -0.163348 0.80152
4997 17 19.9 -90.2 0.337518 -0.473865 -0.161259 0.797201
4998 17.1 19.8 -90.1 0.337302 -0.468 -0.160109 0.80098
4999 17.2 19.8 -90.1 0.337849 -0.461735 -0.165232 0.803341
5000 17.2 19.7 -90 0.339825 -0.455638 -0.173043 0.804344
5001 17.3 19.7 -89.9 0.342325 -0.461538 -0.191926 0.795588
5002 17.3 19.6 -89.9 0.348686 -0.459134 -0.199273 0.792404
5003 17.4 19.6 -89.8 0.350777 -0.45592 -0.201831 0.79269
5004 17.5 19.4 -89.7 0.35061 -0.451814 -0.190843 0.797819
5005 17.5 19.4 -89.6 0.347165 -0.466518 -0.185074 0.792202
5006 17.6 19.3 -89.5 0.342887 -0.474502 -0.176598 0.791258
5007 17.7 19.2 -89.4 0.335516 -0.457251 -0.160346 0.807861
5008 17.8 19.1 -89.3 0.334674 -0.456536 -0.168053 0.807048
5009 17.9 19.1 -89.2 0.339785 -0.462614 -0.179372 0.798974
5010 17.9 19 -89.1 0.346877 -0.465477 -0.18802 0.792248
5011 18 18.9 -89 0.356505 -0.444845 -0.184941 0.800509
5012 18.2 18.8 -88.9 0.355436 -0.438976 -0.176315 0.80615
5013 18.3 18.7 -88.8 0.348656 -0.436635 -0.165643 0.81262
5014 18.4 18.6 -88.7 0.345854 -0.429656 -0.159298 0.818782
5015 18.5 18.5 -88.5 0.349133 -0.430928 -0.169752 0.814611
5016 18.6 18.5 -88.4 0.36175 -0.456791 -0.174473 0.79375
5017 18.7 18.3 -88.3 0.364272 -0.440784 -0.170473 0.802468
5018 18.8 18.2 -88.2 0.351737 -0.468768 -0.159029 0.794511
5019 18.9 18.1 -88.1 0.345869 -0.485438 -0.156482 0.787552
5020 19 18.1 -88 0.337566 -0.473588 -0.155744 0.79844
5021 19.1 18 -87.9 0.348418 -0.461248 -0.159149 0.800329
5022 19.2 17.9 -87.8 0.349638 -0.463677 -0.173421 0.795413
5023 19.3 17.8 -87.7 0.363626 -0.458941 -0.157476 0.795205
5024 19.3 17.8 -87.6 0.357952 -0.481837 -0.172306 0.781034
5025 19.4 17.7 -87.5 0.355114 -0.475536 -0.171674 0.786313
5026 19.5 17.6 -87.4 0.354362 -0.478799 -0.148171 0.789446
5027 19.5 17.5 -87.3 0.348585 -0.519239 -0.169181 0.761746
5028 19.6 17.4 -87.3 0.352888 -0.485159 -0.160128 0.783869
5029 19.6 17.3 -87.2 0.346908 -0.474164 -0.144067 0.796284
5030 19.7 17.3 -87.1 0.360156 -0.468455 -0.139412 0.794608
5031 19.8 17.2 -87 0.353977 -0.476153 -0.15622 0.789667
5032 19.8 17.1 -86.8 0.359492 -0.465505 -0.148808 0.794938
5033 19.9 17.1 -86.7 0.351809 -0.465417 -0.145303 0.799065
5034 20 17 -86.6 0.352398 -0.461112 -0.138083 0.802573
5035 20.1 16.9 -86.5 0.343247 -0.465206 -0.124624 0.806371
5036 20.2 16.8 -86.4 0.333476 -0.471225 -0.119871 0.807695
5037 20.3 16.7 -86.2 0.337703 -0.466989 -0.118821 0.808554
5038 20.4 16.6 -86.1 0.343595 -0.476088 -0.144379 0.796516
5039 20.5 16.5 -86 0.356929 -0.45524 -0.137157 0.804081
5040 20.6 16.4 -85.8 0.354183 -0.452615 -0.129325 0.808065
5041 20.7 16.4 -85.8 0.34987 -0.460435 -0.125712 0.806093
5042 20.8 16.3 -85.7 0.344765 -0.467691 -0.124329 0.804329
5043 20.9 16.2 -85.6 0.335431 -0.459831 -0.112155 0.814532
5044 21 16.1 -85.5 0.338385 -0.459101 -0.1196 0.812661
5045 21 16.1 -85.4 0.343684 -0.459986 -0.127114 0.808787
5046 21.1 16 -85.3 0.348267 -0.460818 -0.132747 0.805441
5047 21.2 15.9 -85.2 0.356904 -0.444479 -0.131531 0.811022
5048 21.3 15.8 -85.1 0.348498 -0.458097 -0.126405 0.80791
5049 21.4 15.7 -85 0.347335 -0.451681 -0.12281 0.812564
5050 21.5 15.6 -84.9 0.336198 -0.426593 -0.105903 0.832931
5051 21.7 15.5 -84.7 0.340445 -0.414844 -0.107985 0.836864
5052 21.7 15.5 -84.7 0.34287 -0.420413 -0.116229 0.831976
5053 21.8 15.4 -84.6 0.347747 -0.422605 -0.128987 0.826946
5054 22 15.3 -84.5 0.350905 -0.428415 -0.138514 0.82106
5055 22.1 15.2 -84.4 0.355665 -0.443443 -0.136806 0.811261
5056 22.2 15.2 -84.3 0.356895 -0.4449 -0.132609 0.81062
5057 22.3 15.1 -84.2 0.357053 -0.431487 -0.123107 0.819254
5058 22.4 15 -84.1 0.359664 -0.416723 -0.130522 0.82459
5059 22.5 14.9 -84 0.371516 -0.413924 -0.144451 0.818399
5060 22.6 14.8 -83.9 0.372809 -0.395759 -0.139518 0.8276
5061 22.8 14.7 -83.8 0.371749 -0.395877 -0.133202 0.82906
5062 22.9 14.7 -83.7 0.369308 -0.408575 -0.128934 0.824654
5063 23 14.6 -83.6 0.350648 -0.419849 -0.122961 0.828042
5064 23.1 14.5 -83.5 0.350914 -0.425506 -0.12614 0.824556
5065 23.2 14.4 -83.4 0.353338 -0.429175 -0.133985 0.820371
5066 23.3 14.4 -83.4 0.359311 -0.42513 -0.145116 0.817986
5067 23.4 14.3 -83.3 0.368605 -0.408996 -0.145471 0.822004
5068 23.5 14.2 -83.2 0.364525 -0.413058 -0.145067 0.821864
5069 23.6 14.1 -83.1 0.368923 -0.409095 -0.138972 0.822936
5070 23.6 14.1 -83.1 0.364946 -0.423827 -0.14154 0.816793
5071 23.7 14 -83 0.357839 -0.433204 -0.143531 0.814668
5072 23.8 14 -82.9 0.357288 -0.413742 -0.132416 0.826819
5073 24 13.9 -82.8 0.361201 -0.413063 -0.142295 0.823811
5074 24.1 13.8 -82.6 0.364626 -0.433878 -0.166792 0.806832
5075 24.2 13.7 -82.5 0.377768 -0.393212 -0.154803 0.823839
5076 24.3 13.6 -82.4 0.381773 -0.398444 -0.152644 0.819873
5077 24.4 13.5 -82.4 0.37987 -0.409599 -0.153244 0.815134
5078 24.5 13.4 -82.3 0.375179 -0.407498 -0.151704 0.818641
5079 24.7 13.3 -82.2 0.372351 -0.405484 -0.154565 0.820395
5080 24.8 13.2 -82 0.380613 -0.418679 -0.179052 0.804849
5081 24.9 13.1 -81.9 0.386346 -0.420379 -0.181266 0.800726
5082 25 13 -81.8 0.390604 -0.409917 -0.177872 0.804834
5083 25.1 13 -81.8 0.389387 -0.416764 -0.17456 0.80263
5084 25.2 12.9 -81.7 0.387067 -0.425866 -0.172058 0.799508
5085 25.3 12.8 -81.6 0.372694 -0.414328 -0.165139 0.813732
5086 25.4 12.7 -81.5 0.371257 -0.419315 -0.168853 0.811068
5087 25.5 12.6 -81.5 0.374299 -0.419203 -0.175817 0.808243
5088 25.6 12.5 -81.4 0.378948 -0.444458 -0.192612 0.788515
5089 25.7 12.4 -81.3 0.37819 -0.429794 -0.189481 0.797713
5090 25.8 12.3 -81.2 0.367504 -0.452739 -0.1785 0.792532
5091 25.9 12.2 -81.1 0.3507 -0.469671 -0.193471 0.786757
5092 26 12.1 -81 0.349465 -0.472716 -0.193967 0.785361
5093 26.1 12 -80.8 0.361229 -0.487074 -0.217724 0.764767
5094 26.2 11.9 -80.7 0.373469 -0.477686 -0.223923 0.763017
5095 26.3 11.7 -80.6 0.375324 -0.482754 -0.240587 0.753789
5096 26.4 11.6 -80.6 0.366974 -0.495159 -0.233807 0.751985
5097 26.4 11.5 -80.5 0.358967 -0.491842 -0.227409 0.759946
5098 26.5 11.4 -80.4 0.361482 -0.480572 -0.232047 0.76455
5099 26.6 11.3 -80.3 0.361612 -0.481774 -0.260934 0.754351
5100 26.6 11.2 -80.2 0.360476 -0.487027 -0.265802 0.749807
5101 26.7 11.1 -80.2 0.373182 -0.477979 -0.267289 0.748884
5102 26.7 11 -80.1 0.365817 -0.477957 -0.257538 0.755916
5103 26.8 10.9 -80.1 0.34949 -0.506395 -0.251802 0.747005
5104 26.8 10.8 -80 0.336781 -0.517129 -0.255174 0.74434
5105 26.8 10.7 -80 0.352959 -0.510667 -0.26589 0.737524
5106 26.9 10.6 -79.9 0.367049 -0.545956 -0.315211 0.683995
5107 26.9 10.6 -79.8 0.381825 -0.520608 -0.318274 0.694175
5108 27 10.5 -79.8 0.408547 -0.502327 -0.335904 0.684051
5109 27 10.4 -79.9 0.448535 -0.462898 -0.425297 0.635345
5110 26.9 10.3 -79.9 0.505627 -0.38989 -0.495411 0.588977
5111 26.9 10.3 -79.9 0.543852 -0.308299 -0.569843 0.533344
5112 26.9 10.3 -80 0.568778 -0.244402 -0.622173 0.479229
5113 26.9 10.3 -80 0.590262 -0.157004 -0.669487 0.422762
5114 26.9 10.3 -80 0.582502 -0.103172 -0.712912 0.376568
5115 26.9 10.3 -80 0.603606 -0.0123938 -0.745434 0.28255
5116 26.8 10.4 -80.1 0.604703 0.028613 -0.762874 0.227021
5117 26.8 10.4 -80.2 0.635714 0.0904338 -0.74865 0.164962
5118 26.8 10.5 -80.3 0.621871 0.101912 -0.762934 0.144298
5119 26.8 10.4 -80.5 -0.628064 -0.148902 0.753026 -0.127733
5120 26.8 10.4 -80.7 -0.641174 -0.148577 0.743814 -0.116455
5121 26.9 10.4 -80.8 -0.64591 -0.138804 0.739326 -0.130116
5122 26.9 10.4 -81 -0.648915 -0.129133 0.737526 -0.135241
5123 26.8 10.4 -81.1 0.618014 0.104853 -0.765989 0.142568
5124 26.8 10.4 -81.3 0.629661 0.0926004 -0.752228 0.170604
5125 26.8 10.4 -81.4 0.630181 0.0857765 -0.747757 0.190721
5126 26.8 10.4 -81.6 0.631092 0.0872466 -0.749603 0.179464
5127 26.8 10.3 -81.7 0.633161 0.0997534 -0.751595 0.155762
5128 26.8 10.3 -81.8 0.654261 0.110089 -0.735563 0.137002
5129 26.8 10.3 -82 0.665189 0.109867 -0.725764 0.136821
5130 26.8 10.3 -82.2 0.63811 0.0933931 -0.750049 0.146699
5131 26.8 10.3 -82.3 0.643708 0.0974225 -0.744064 0.15006
5132 26.8 10.3 -82.5 0.652135 0.102287 -0.737529 0.142506
5133 26.8 10.3 -82.6 0.625267 0.116178 -0.758369 0.142901
5134 26.8 10.3 -82.8 -0.621538 -0.122794 0.762528 -0.131012
5135 26.8 10.3 -82.9 -0.623211 -0.127219 0.76227 -0.119871
5136 26.8 10.3 -83 -0.626815 -0.12034 0.761721 -0.11137
5137 26.8 10.3 -83.2 -0.631713 -0.118448 0.756246 -0.122478
5138 26.8 10.3 -83.3 -0.652764 -0.120005 0.736881 -0.128471
5139 26.8 10.3 -83.4 -0.653762 -0.129149 0.734491 -0.128216
5140 26.8 10.3 -83.6 -0.643504 -0.144488 0.742799 -0.115217
5141 26.7 10.2 -83.7 -0.653396 -0.151333 0.735274 -0.0976929
5142 26.7 10.3 -83.8 -0.664221 -0.155827 0.725154 -0.0931685
5143 26.7 10.3 -84 -0.652843 -0.145852 0.737528 -0.0926091
5144 26.7 10.3 -84.1 -0.641937 -0.147481 0.746293 -0.0959816
5145 26.7 10.3 -84.2 -0.648775 -0.157469 0.737649 -0.100839
5146 26.7 10.3 -84.4 -0.652414 -0.168817 0.732633 -0.0954224
5147 26.7 10.3 -84.5 -0.642945 -0.188204 0.737189 -0.0880457
5148 26.7 10.3 -84.6 -0.638101 -0.198999 0.740825 -0.066361
5149 26.7 10.3 -84.7 -0.643932 -0.201593 0.735914 -0.0560616
5150 26.7 10.3 -84.8 -0.647388 -0.20083 0.733067 -0.0562917
5151 26.7 10.4 -85 -0.633524 -0.189325 0.747544 -0.0630975
5152 26.7 10.4 -85.1 -0.635464 -0.191661 0.744146 -0.0754894
5153 26.7 10.4 -85.2 -0.636593 -0.198748 0.742075 -0.067623
5154 26.6 10.4 -85.4 -0.628896 -0.216175 0.744641 -0.0571655
5155 26.6 10.4 -85.5 -0.612615 -0.228487 0.755683 -0.0379448
5156 26.6 10.4 -85.5 -0.598793 -0.239919 0.76365 -0.0269224
5157 26.6 10.5 -85.6 -0.592923 -0.268361 0.759217 -0.00381649
5158 26.6 10.6 -85.5 -0.583058 -0.325275 0.742312 0.0566728
5159 26.5 10.7 -85.6 -0.605391 -0.303033 0.734549 0.045936
5160 26.5 10.8 -85.8 -0.611185 -0.303234 0.729555 0.0474435
5161 26.5 10.9 -85.9 -0.605558 -0.315496 0.728572 0.0542597
5162 26.4 10.9 -86 -0.605862 -0.319625 0.724958 0.0721616
5163 26.4 11 -86.2 -0.605937 -0.321782 0.722964 0.0813652
5164 26.4 11.1 -86.3 -0.610154 -0.316214 0.722467 0.0759141
5165 26.4 11.2 -86.4 -0.618192 -0.31016 0.719453 0.0634578
5166 26.3 11.3 -86.6 -0.625276 -0.313629 0.712164 0.0590661
5167 26.3 11.4 -86.7 -0.620749 -0.318236 0.714117 0.0585873
5168 26.3 11.4 -86.9 -0.62661 -0.317892 0.707576 0.0751131
5169 26.3 11.5 -87 -0.624994 -0.315556 0.708827 0.08586
5170 26.2 11.6 -87.2 -0.624465 -0.312089 0.711234 0.0824013
5171 26.2 11.8 -87.4 -0.622195 -0.305924 0.716856 0.0734925
5172 26.2 11.8 -87.4 -0.61973 -0.307804 0.71888 0.0663592
5173 26.2 11.9 -87.6 -0.613167 -0.313852 0.720831 0.0769823
5174 26.1 12 -87.8 -0.597257 -0.32785 0.728021 0.0760482
5175 26.1 12.1 -87.9 -0.580098 -0.330498 0.740054 0.0811035
5176 26.1 12.2 -88.1 -0.577247 -0.330718 0.742916 0.07408
5177 26 12.3 -88.2 -0.560404 -0.322569 0.761108 0.0510952
5178 25.9 12.4 -88.4 -0.566108 -0.319625 0.759011 0.0355408
5179 25.9 12.5 -88.5 -0.565423 -0.321026 0.758955 0.0350207
5180 25.8 12.5 -88.7 -0.545335 -0.330799 0.76902 0.0423076
5181 25.8 12.6 -88.8 -0.533512 -0.329711 0.777416 0.0477568
5182 25.8 12.7 -88.9 -0.538489 -0.321903 0.777144 0.0495614
5183 25.7 12.8 -89 -0.527868 -0.316188 0.787825 0.0266918
5184 25.7 12.8 -89.1 -0.524358 -0.314178 0.79124 0.0167277
5185 25.6 12.9 -89.2 -0.528362 -0.320902 0.785613 0.0258529
5186 25.6 12.9 -89.3 -0.514324 -0.329023 0.791549 0.0257904
5187 25.6 13 -89.4 -0.50707 -0.317573 0.800473 0.0356552
5188 25.5 13 -89.5 -0.531765 -0.292849 0.794642 -0.00304906
5189 25.5 13 -89.6 -0.560663 -0.215995 0.796097 -0.0723346
5190 25.6 13 -89.5 -0.578232 -0.156778 0.78886 -0.136997
5191 25.6 13 -89.6 -0.590125 -0.0989918 0.775388 -0.201809
5192 25.6 13 -89.6 0.59655 0.0482655 -0.75791 0.259559
5193 25.7 12.9 -89.7 0.616442 0.112017 -0.757759 0.182357
5194 25.7 12.9 -89.9 0.624201 0.0998532 -0.750254 0.193704
5195 25.7 12.9 -90.1 0.607761 0.0891657 -0.760984 0.208757
5196 25.6 12.8 -90.2 0.602652 0.088127 -0.760326 0.225719
5197 25.6 12.8 -90.3 0.609561 0.0775134 -0.756342 0.22444
5198 25.6 12.8 -90.5 0.593594 0.0759806 -0.769547 0.222869
5199 25.6 12.7 -90.7 0.5791 0.0662825 -0.782848 0.217712
5200 25.5 12.7 -90.9 0.576332 0.0597834 -0.781922 0.229925
5201 25.5 12.7 -91 0.563985 0.0455945 -0.787562 0.244107
5202 25.5 12.6 -91.1 0.561534 0.0425833 -0.788046 0.248697
5203 25.4 12.6 -91.3 0.568516 0.0428908 -0.780418 0.256706
5204 25.4 12.5 -91.5 0.56957 0.0516366 -0.78043 0.252691
5205 25.4 12.5 -91.6 0.561651 0.0545717 -0.788114 0.24586
5206 25.4 12.4 -91.8 0.565856 0.0542145 -0.789031 0.233018
5207 25.4 12.4 -92 0.564994 0.0460025 -0.785624 0.247912
5208 25.4 12.3 -92.2 0.563953 0.0362013 -0.780032 0.268694
5209 25.3 12.3 -92.3 0.584621 0.0353206 -0.761947 0.27642
5210 25.3 12.2 -92.5 0.579457 0.0376155 -0.764012 0.281247
5211 25.3 12.1 -92.7 0.592582 0.0347053 -0.758124 0.26998
5212 25.3 12.1 -92.8 0.602695 0.0331756 -0.752173 0.264376
5213 25.3 12 -93 0.598719 0.0217145 -0.751641 0.275861
5214 25.3 12 -93.2 0.604676 0.0222373 -0.741879 0.288943
5215 25.3 11.9 -93.4 0.611995 0.0245559 -0.731285 0.300137
5216 25.3 11.9 -93.5 0.614391 0.0271573 -0.728705 0.301289
5217 25.3 11.8 -93.7 0.626319 0.0258265 -0.719498 0.298965
5218 25.3 11.7 -93.9 0.635491 0.0227863 -0.714502 0.291751
5219 25.3 11.7 -94 0.624406 0.00149706 -0.720644 0.301307
5220 25.3 11.6 -94.2 0.624721 -0.0121749 -0.714437 0.31489
5221 25.4 11.6 -94.4 0.626355 -0.00923206 -0.709774 0.322205
5222 25.4 11.5 -94.6 0.618532 0.00237887 -0.71942 0.315987
5223 25.4 11.4 -94.7 0.610935 -0.00167122 -0.727546 0.312142
5224 25.4 11.3 -94.9 0.610208 -0.00876535 -0.730646 0.306148
5225 25.4 11.3 -95.1 0.595508 -0.0365096 -0.737458 0.316533
5226 25.4 11.2 -95.3 0.587183 -0.0466344 -0.738309 0.328543
5227 25.4 11.1 -95.4 0.577801 -0.0424115 -0.744897 0.330871
5228 25.4 11 -95.6 0.571972 -0.0303837 -0.754846 0.319581
5229 25.4 10.9 -95.7 0.572976 -0.0225232 -0.7584 0.309872
5230 25.4 10.9 -95.9 0.565398 -0.0243187 -0.764857 0.307778
5231 25.4 10.8 -96.1 0.564736 -0.0413133 -0.761427 0.315586
5232 25.4 10.7 -96.2 0.558463 -0.0461961 -0.761001 0.326898
5233 25.4 10.6 -96.4 0.554485 -0.0365357 -0.760345 0.336285
5234 25.4 10.5 -96.5 0.543351 -0.0304231 -0.773238 0.325494
5235 25.4 10.4 -96.6 0.538417 -0.0335442 -0.779619 0.318082
5236 25.4 10.4 -96.8 0.539812 -0.0388447 -0.775567 0.324946
5237 25.4 10.3 -96.9 0.532408 -0.0521139 -0.775846 0.334498
5238 25.3 10.2 -97 0.536267 -0.0535945 -0.764849 0.35292
5239 25.3 10.2 -97.1 0.539307 -0.0532931 -0.760859 0.356933
5240 25.3 10.1 -97.2 0.530197 -0.0516488 -0.768071 0.355374
5241 25.3 10.1 -97.3 0.531344 -0.0481042 -0.773505 0.342125
5242 25.3 10 -97.3 0.535165 -0.0541326 -0.769283 0.344777
5243 25.3 9.97 -97.4 0.517157 -0.074349 -0.756507 0.393341
5244 25.3 9.93 -97.4 0.510285 -0.145482 -0.709052 0.464424
5245 25.3 9.91 -97.4 0.494921 -0.203435 -0.667804 0.517402
5246 25.4 9.88 -97.4 0.498876 -0.248001 -0.627144 0.544343
5247 25.5 9.59 -97.5 0.499764 -0.239365 -0.61072 0.565652
5248 25.5 9.44 -97.6 0.51206 -0.230764 -0.605426 0.563916
5249 25.5 9.34 -97.6 0.522312 -0.218716 -0.59284 0.57262
5250 25.6 9.22 -97.7 0.533076 -0.211229 -0.581258 0.577366
5251 25.6 9.09 -97.8 0.532181 -0.217035 -0.575121 0.582164
5252 25.6 8.94 -97.9 0.514785 -0.229619 -0.573877 0.594085
5253 25.7 8.8 -97.9 0.514729 -0.231756 -0.57054 0.596513
5254 25.7 8.65 -98 0.515854 -0.229878 -0.567693 0.598978
5255 25.8 8.5 -98 0.525116 -0.227131 -0.561688 0.597638
5256 25.9 8.35 -98.1 0.525994 -0.234986 -0.562747 0.592814
5257 25.9 8.2 -98.2 0.52228 -0.249656 -0.551727 0.600411
5258 26 8.05 -98.3 0.511781 -0.259194 -0.533501 0.621511
5259 26.1 7.9 -98.3 0.522653 -0.253478 -0.511753 0.633002
5260 26.2 7.75 -98.4 0.52607 -0.242831 -0.513644 0.632814
5261 26.2 7.59 -98.4 0.539134 -0.23276 -0.524524 0.616467
5262 26.3 7.43 -98.5 0.549056 -0.229045 -0.521308 0.611812
5263 26.4 7.27 -98.6 0.546431 -0.238138 -0.515848 0.615308
5264 26.5 7.19 -98.6 0.543026 -0.247602 -0.514787 0.615475
5265 26.5 7.02 -98.7 0.530222 -0.258343 -0.505972 0.629377
5266 26.6 6.86 -98.7 0.530016 -0.256458 -0.510159 0.626938
5267 26.7 6.69 -98.8 0.532349 -0.248412 -0.518982 0.62093
5268 26.7 6.6 -98.8 0.531046 -0.249658 -0.523122 0.618066
5269 26.8 6.44 -98.8 0.531292 -0.254909 -0.525697 0.613509
5270 26.9 6.27 -98.9 0.51443 -0.282288 -0.519531 0.621098
5271 27 6.1 -99 0.510243 -0.285792 -0.504223 0.635401
5272 27.1 5.94 -99 0.505068 -0.282942 -0.502414 0.642207
5273 27.2 5.77 -99 0.5022 -0.279353 -0.525956 0.626999
5274 27.2 5.6 -99.1 0.514859 -0.272903 -0.527494 0.618219
5275 27.3 5.44 -99.1 0.516658 -0.275432 -0.52386 0.618686
5276 27.4 5.27 -99.2 0.513259 -0.293888 -0.507209 0.626845
5277 27.5 5.1 -99.2 0.50249 -0.286976 -0.499175 0.64496
5278 27.6 4.93 -99.2 0.501447 -0.286535 -0.512576 0.635385
5279 27.6 4.76 -99.3 0.508389 -0.272351 -0.523953 0.626769
5280 27.7 4.6 -99.3 0.519805 -0.268969 -0.524997 0.61793
5281 27.8 4.44 -99.3 0.522353 -0.275291 -0.515622 0.620883
5282 27.9 4.27 -99.4 0.517435 -0.273414 -0.496682 0.640947
5283 28 4.12 -99.4 0.52479 -0.26698 -0.487687 0.644575
5284 28.1 3.97 -99.5 0.523297 -0.259818 -0.49208 0.645378
5285 28.1 3.8 -99.5 0.531871 -0.253922 -0.49755 0.63646
5286 28.2 3.65 -99.6 0.539004 -0.255435 -0.495715 0.631264
5287 28.3 3.5 -99.6 0.536757 -0.270977 -0.488615 0.632233
5288 28.4 3.34 -99.7 0.532674 -0.276962 -0.476895 0.641967
5289 28.5 3.19 -99.7 0.535367 -0.268528 -0.473448 0.64585
5290 28.6 3.05 -99.7 0.524268 -0.27692 -0.508049 0.624775
5291 28.7 2.91 -99.7 0.51913 -0.27502 -0.52826 0.613033
5292 28.7 2.78 -99.8 0.51918 -0.274597 -0.528989 0.612552
5293 28.8 2.63 -99.8 0.50322 -0.295254 -0.534433 0.611536
5294 28.8 2.5 -99.9 0.503274 -0.306267 -0.522215 0.616609
5295 28.9 2.39 -99.9 0.498637 -0.298879 -0.518678 0.626902
5296 29 2.27 -99.9 0.501801 -0.2883 -0.524309 0.624644
5297 29 2.15 -100 0.504717 -0.278023 -0.535835 0.617126
5298 29.1 2.03 -100 0.518227 -0.2693 -0.541346 0.604866
5299 29.1 1.92 -100 0.51507 -0.264838 -0.535506 0.614652
5300 29.2 1.8 -100 0.510939 -0.276095 -0.53962 0.609527
5301 29.2 1.68 -100 0.511781 -0.274462 -0.535436 0.613237
5302 29.2 1.59 -100 0.515249 -0.257005 -0.533031 0.619956
5303 29.3 1.5 -100 0.517047 -0.242854 -0.530028 0.626701
5304 29.4 1.41 -100 0.510524 -0.237858 -0.550685 0.616065
5305 29.4 1.32 -100 0.505873 -0.242481 -0.556475 0.612888
5306 29.4 1.24 -100 0.50047 -0.262952 -0.556989 0.6084
5307 29.5 1.2 -100 0.473957 -0.312159 -0.516333 0.641344
5308 29.5 1.23 -100 0.465457 -0.364829 -0.454554 0.666056
5309 29.6 1.25 -100 0.421426 -0.426332 -0.342523 0.723408
5310 29.6 1.25 -100 0.381327 -0.45599 -0.288698 0.750544
5311 29.6 1.27 -99.9 0.320257 -0.495896 -0.145772 0.793897
5312 29.6 1.31 -99.8 0.303024 -0.507935 -0.0953388 0.80068
5313 29.8 1.1 -99.7 0.31685 -0.503523 -0.0752821 0.800252
5314 29.9 1.01 -99.6 0.291124 -0.534883 -0.0538373 0.791359
5315 30 0.956 -99.5 0.280136 -0.515487 -0.0262639 0.809387
5316 30.1 0.923 -99.3 0.282423 -0.513669 -0.0157282 0.810021
5317 30.2 0.899 -99.2 0.295252 -0.503267 -0.0146549 0.811994
5318 30.2 0.873 -99.1 0.296353 -0.484675 -0.00845222 0.822918
5319 30.3 0.839 -99.1 0.294224 -0.481446 -0.00866054 0.825571
5320 30.4 0.779 -99 0.295114 -0.490249 -0.00823028 0.820059
5321 30.5 0.718 -98.9 0.284911 -0.503538 -0.0062541 0.81562
5322 30.5 0.671 -98.8 0.276759 -0.497378 -0.00189876 0.822202
5323 30.6 0.634 -98.7 0.279773 -0.488195 -0.00875549 0.826629
5324 30.7 0.603 -98.6 0.285167 -0.488406 -0.0274835 0.824247
5325 30.7 0.576 -98.5 0.301046 -0.491682 -0.0477754 0.815682
5326 30.8 0.548 -98.5 0.304442 -0.490362 -0.0554989 0.814727
5327 30.9 0.489 -98.4 0.29175 -0.497047 -0.0287946 0.816699
5328 30.9 0.432 -98.3 0.27258 -0.519037 -0.0100998 0.810061
5329 31 0.432 -98.3 0.279587 -0.515138 -0.0258173 0.809813
5330 30.7 0.258 -99 0.246347 -0.384545 -0.000452342 0.889628
5331 30.6 0.236 -99.1 0.237238 -0.386402 0.0205988 0.89106
5332 30.5 0.243 -99.2 0.241481 -0.381411 0.0504786 0.890878
5333 30.5 0.278 -99.2 0.228468 -0.395629 0.0517605 0.888032
5334 30.3 0.33 -99.3 0.23968 -0.38067 0.0454196 0.891953
5335 30.2 0.355 -99.4 0.232136 -0.380093 0.0335815 0.894715
5336 30.2 0.363 -99.4 0.227477 -0.357289 0.0523445 0.904356
5337 30.1 0.324 -99.5 0.237923 -0.351809 0.0341737 0.904685
5338 30 0.301 -99.6 0.231705 -0.352266 0.0535601 0.905181
5339 30 0.3 -99.6 0.241531 -0.339215 0.0797442 0.905669
5340 29.9 0.321 -99.7 0.238638 -0.356535 0.0594199 0.901334
5341 29.7 0.365 -99.7 0.253546 -0.343394 0.0450013 0.9032
5342 29.7 0.381 -99.8 0.262933 -0.333415 0.030555 0.904857
5343 29.6 0.35 -99.9 0.250562 -0.368084 0.0368823 0.894635
5344 29.5 0.318 -100 0.231031 -0.374193 0.0672618 0.895589
5345 29.4 0.318 -100 0.239089 -0.345042 0.0956063 0.902575
5346 29.3 0.355 -100 0.243823 -0.351665 0.0467305 0.902606
5347 29.2 0.329 -100 0.268038 -0.330485 -0.0908194 0.900382
5348 29.2 0.303 -100 0.286188 -0.296725 -0.163758 0.896233
5349 29.2 0.288 -100 0.293251 -0.268909 -0.262617 0.879047
5350 29.2 0.254 -100 0.329277 -0.240423 -0.310228 0.858797
5351 29.2 0.231 -100 0.34907 -0.200156 -0.393499 0.826587
5352 29.1 0.221 -100 0.355746 -0.164444 -0.475719 0.787461
5353 29.1 0.199 -100 0.360211 -0.123268 -0.537866 0.752165
5354 29 0.173 -100 0.362151 -0.0976447 -0.583779 0.72008
5355 29 0.0257 -101 0.392225 -0.0679596 -0.613778 0.681776
5356 29.1 -0.149 -101 0.382956 -0.0611607 -0.632219 0.670748
5357 29.1 -0.251 -101 0.378642 -0.0738489 -0.641581 0.662986
5358 29.1 -0.357 -101 0.377275 -0.0831551 -0.645733 0.658619
5359 29.2 -0.464 -101 0.383021 -0.084259 -0.641183 0.659606
5360 29.2 -0.587 -101 0.376207 -0.100453 -0.62569 0.675936
5361 29.2 -0.709 -101 0.364211 -0.110343 -0.618626 0.68737
5362 29.2 -0.829 -101 0.364034 -0.1127 -0.622283 0.68377
5363 29.2 -0.967 -101 0.358999 -0.107959 -0.632104 0.678166
5364 29.3 -1.11 -101 0.366494 -0.109998 -0.630002 0.675781
5365 29.3 -1.25 -101 0.373943 -0.115852 -0.623625 0.676637
5366 29.3 -1.38 -101 0.374542 -0.123585 -0.611372 0.686053
5367 29.4 -1.53 -101 0.371944 -0.127565 -0.599513 0.697115
5368 29.4 -1.68 -101 0.375129 -0.117894 -0.589339 0.705733
5369 29.5 -1.82 -101 0.37791 -0.110564 -0.591632 0.703513
5370 29.5 -1.97 -101 0.381179 -0.0992485 -0.604287 0.692596
5371 29.6 -2.12 -102 0.38959 -0.100448 -0.608897 0.683648
5372 29.6 -2.26 -102 0.390003 -0.093912 -0.609556 0.683754
5373 29.7 -2.41 -102 0.387615 -0.103203 -0.606766 0.68625
5374 29.7 -2.56 -102 0.377232 -0.103709 -0.607385 0.691393
5375 29.7 -2.7 -102 0.366935 -0.106014 -0.61237 0.692187
5376 29.8 -2.85 -102 0.361855 -0.104254 -0.625758 0.683095
5377 29.8 -3.01 -102 0.363828 -0.106856 -0.633261 0.674678
5378 29.9 -3.16 -102 0.366082 -0.106359 -0.638992 0.668103
5379 29.9 -3.31 -102 0.361032 -0.111433 -0.63597 0.67289
5380 29.9 -3.46 -102 0.354672 -0.112899 -0.632341 0.679416
5381 30 -3.61 -102 0.352726 -0.105127 -0.634194 0.679949
5382 30 -3.77 -102 0.347305 -0.104252 -0.643658 0.673955
5383 30.1 -3.93 -102 0.356391 -0.105733 -0.640747 0.671751
5384 30.1 -4.08 -102 0.363131 -0.106275 -0.634874 0.673629
5385 30.1 -4.23 -102 0.363835 -0.111838 -0.628531 0.678281
5386 30.2 -4.39 -103 0.36832 -0.120713 -0.615728 0.686038
5387 30.2 -4.55 -103 0.370381 -0.108602 -0.612348 0.689966
5388 30.3 -4.7 -103 0.371279 -0.0927752 -0.616987 0.687657
5389 30.3 -4.85 -103 0.381969 -0.0886862 -0.626081 0.673985
5390 30.3 -5 -103 0.390357 -0.0830398 -0.633306 0.66306
5391 30.4 -5.13 -103 0.392544 -0.0822309 -0.633008 0.662154
5392 30.4 -5.27 -103 0.391924 -0.082333 -0.632466 0.663026
5393 30.4 -5.4 -103 0.394196 -0.0678145 -0.620941 0.674124
5394 30.5 -5.52 -103 0.39394 -0.0576844 -0.628855 0.667851
5395 30.5 -5.65 -103 0.386615 -0.0607341 -0.648948 0.652462
5396 30.6 -5.78 -103 0.402126 -0.0615991 -0.650549 0.641317
5397 30.6 -5.9 -103 0.403553 -0.062356 -0.646076 0.644858
5398 30.6 -6.02 -103 0.402901 -0.0774873 -0.643823 0.645877
5399 30.7 -6.15 -104 0.397689 -0.0717448 -0.645596 0.647999
5400 30.7 -6.27 -104 0.389646 -0.0687456 -0.651594 0.647206
5401 30.7 -6.39 -104 0.380498 -0.0638161 -0.662336 0.64223
5402 30.8 -6.51 -104 0.388969 -0.0524485 -0.669537 0.630613
5403 30.8 -6.63 -104 0.399079 -0.0429294 -0.67113 0.62328
5404 30.8 -6.73 -104 0.404559 -0.0384128 -0.670364 0.620861
5405 30.9 -6.85 -104 0.403686 -0.0365877 -0.663079 0.629306
5406 30.9 -6.97 -104 0.417359 -0.0282307 -0.652109 0.632272
5407 30.9 -7.08 -104 0.421446 -0.0177419 -0.65513 0.626796
5408 31 -7.2 -104 0.418366 -0.0112814 -0.668376 0.614912
5409 31 -7.31 -104 0.424214 -0.0139359 -0.678709 0.599335
5410 31 -7.42 -104 0.423987 -0.00618983 -0.681986 0.595897
5411 31 -7.54 -105 0.415353 -0.0217992 -0.683704 0.59963
5412 31 -7.64 -105 0.405994 -0.0229353 -0.683268 0.606455
5413 31 -7.75 -105 0.405188 -0.0182818 -0.693388 0.595569
5414 31.1 -7.87 -105 0.398414 -0.0171621 -0.710952 0.57924
5415 31.1 -7.99 -105 0.404289 -0.00880319 -0.719458 0.564671
5416 31.1 -8.09 -105 0.409903 -0.000538745 -0.724559 0.55407
5417 31.1 -8.19 -105 0.399211 -0.00788202 -0.725264 0.560857
5418 31.1 -8.29 -105 0.401111 -0.0046813 -0.731358 0.551547
5419 31.1 -8.37 -105 0.403153 0.010582 -0.733324 0.547349
5420 31.1 -8.45 -105 0.405477 0.0227824 -0.74476 0.52953
5421 31.1 -8.55 -105 0.395734 0.0334009 -0.766769 0.504325
5422 31.1 -8.64 -106 0.393796 0.0343835 -0.774194 0.494334
5423 31.1 -8.72 -106 0.402382 0.0404981 -0.775487 0.484839
5424 31.1 -8.8 -106 0.403945 0.0370116 -0.77441 0.485538
5425 31.1 -8.9 -106 0.401572 0.0360977 -0.773952 0.488299
5426 31.1 -8.99 -106 0.400838 0.039506 -0.772359 0.491151
5427 31 -9.09 -106 0.403375 0.0493793 -0.773529 0.486315
5428 31 -9.21 -106 0.401518 0.0512977 -0.785363 0.468355
5429 31 -9.33 -106 0.389118 0.0429356 -0.79608 0.461519
5430 31 -9.44 -106 0.382913 0.0409555 -0.800637 0.458999
5431 31 -9.55 -107 0.374783 0.0275042 -0.796778 0.473208
5432 30.9 -9.66 -107 0.374831 0.019954 -0.786375 0.49063
5433 30.9 -9.76 -107 0.378131 0.0329877 -0.783618 0.491805
5434 30.9 -9.88 -107 0.367844 0.0429043 -0.787866 0.492054
5435 30.8 -10 -107 0.37063 0.0499281 -0.803281 0.463551
5436 30.8 -10.1 -107 0.375878 0.0475595 -0.807845 0.451487
5437 30.8 -10.2 -107 0.377985 0.0491219 -0.803039 0.458086
5438 30.7 -10.4 -107 0.381288 0.0416756 -0.791512 0.475805
5439 30.7 -10.5 -107 0.401104 0.0459189 -0.773833 0.488047
5440 30.7 -10.6 -108 0.399019 0.0587307 -0.773415 0.489045
5441 30.7 -10.7 -108 0.400853 0.0615135 -0.78337 0.471025
5442 30.6 -10.8 -108 0.400737 0.0632397 -0.785344 0.467596
5443 30.6 -10.9 -108 0.399665 0.0672412 -0.788428 0.46274
5444 30.6 -11 -108 0.386442 0.0521272 -0.791175 0.471155
5445 30.6 -11.1 -108 0.37982 0.047712 -0.783618 0.489288
5446 30.5 -11.2 -108 0.375369 0.0522878 -0.782701 0.493704
5447 30.5 -11.3 -108 0.359954 0.0566096 -0.796003 0.48333
5448 30.5 -11.4 -109 0.360564 0.0496328 -0.801877 0.473839
5449 30.5 -11.5 -109 0.364647 0.0483801 -0.808463 0.459434
5450 30.4 -11.6 -109 0.352709 0.0348296 -0.807856 0.470905
5451 30.4 -11.7 -109 0.347236 0.0279784 -0.797138 0.493169
5452 30.4 -11.8 -109 0.346057 0.0291083 -0.789974 0.505311
5453 30.3 -11.9 -109 0.349782 0.0396401 -0.790492 0.501201
5454 30.3 -12 -109 0.338096 0.0455425 -0.805479 0.484582
5455 30.3 -12 -109 0.340992 0.0358089 -0.814262 0.468422
5456 30.3 -12.1 -109 0.348434 0.0346487 -0.813527 0.464292
5457 30.2 -12.2 -109 0.341425 0.0280768 -0.811269 0.473797
5458 30.2 -12.3 -110 0.327773 0.015158 -0.80339 0.496889
5459 30.2 -12.3 -110 0.327403 0.0134086 -0.79352 0.51279
5460 30.1 -12.4 -110 0.345199 0.0230408 -0.787875 0.509469
5461 30.1 -12.5 -110 0.334721 0.0295706 -0.805288 0.488467
5462 30.1 -12.6 -110 0.332041 0.0280917 -0.822516 0.460898
5463 30.1 -12.6 -110 0.353167 0.0488015 -0.828008 0.432775
5464 30 -12.5 -110 0.324881 0.103195 -0.875768 0.34181
5465 29.9 -12.5 -110 0.306819 0.148687 -0.90195 0.26503
5466 29.9 -12.4 -110 -0.286625 -0.19497 0.920877 -0.17838
5467 29.8 -12.4 -110 -0.265136 -0.236625 0.928901 -0.104185
5468 29.8 -12.3 -110 -0.242217 -0.279541 0.928888 -0.0188103
5469 29.8 -12.3 -110 -0.208106 -0.309923 0.924479 0.0773213
5470 29.8 -12.3 -110 -0.182506 -0.344006 0.904586 0.173421
5471 29.8 -12.3 -110 -0.151181 -0.366299 0.884593 0.245895
5472 29.7 -12.2 -110 -0.156516 -0.352866 0.895151 0.222921
5473 29.6 -12.1 -110 -0.174681 -0.347172 0.892904 0.227334
5474 29.5 -12 -110 -0.179423 -0.349687 0.891284 0.226142
5475 29.4 -12 -110 -0.167082 -0.348315 0.89396 0.227149
5476 29.3 -11.9 -110 -0.155538 -0.341889 0.895652 0.238175
5477 29.2 -11.8 -110 -0.152816 -0.340263 0.897396 0.235687
5478 29.1 -11.7 -110 -0.161512 -0.339919 0.897543 0.22975
5479 28.9 -11.6 -110 -0.155538 -0.340642 0.898727 0.228168
5480 28.8 -11.6 -110 -0.151791 -0.342918 0.901536 0.215867
5481 28.7 -11.5 -110 -0.15176 -0.34586 0.901253 0.212352
5482 28.5 -11.4 -110 -0.143517 -0.346834 0.897665 0.230883
5483 28.4 -11.3 -110 -0.115851 -0.352427 0.899627 0.230315
5484 28.3 -11.3 -110 -0.117068 -0.352647 0.898311 0.234464
5485 28.2 -11.2 -110 -0.10471 -0.346078 0.904815 0.224892
5486 28 -11.1 -110 -0.103988 -0.347583 0.90498 0.222226
5487 27.9 -11.1 -110 -0.111249 -0.348475 0.903689 0.222565
5488 27.9 -11 -110 -0.116237 -0.349637 0.902212 0.22418
5489 27.7 -10.9 -110 -0.119852 -0.355431 0.898137 0.229464
5490 27.6 -10.8 -110 -0.126341 -0.349141 0.898659 0.23356
5491 27.5 -10.7 -110 -0.148668 -0.333777 0.911474 0.188961
5492 27.5 -10.6 -110 -0.154583 -0.347183 0.901734 0.206021
