0 0 0 0 0 0 0 1
1 -0.0571 -0.0205 0.324 -0.000548 0.026985 0.018244 0.999469
2 -0.0638 -0.0335 0.625 -0.00191 0.031547 0.011071 0.999439
3 0.00768 -0.000683 0.935 -0.01027 0.014479 0.013327 0.999754
4 0.338 -0.00178 1.01 0.010629 0.026332 0.039759 0.998806
5 0.709 0.0149 1.01 -0.015011 0.020134 0.030819 0.999209
6 1.06 0.0441 1.03 -0.002732 0.010783 -0.00164 0.999937
7 1.44 0.0323 1.03 0.00309 0.00074 -0.014171 0.999895
8 1.83 0.0195 1.05 -0.002619 0.011865 0.019052 0.999745
9 2.23 0.012 1.03 -0.002504 -0.015971 0.011611 0.999802
10 2.62 -0.0304 1.07 0.009027 -0.019604 -0.034563 0.999169
11 3.03 -0.0803 1.05 0.003982 -0.046103 -0.028239 0.99853
12 3.43 -0.0892 1.08 -0.004184 -0.042356 0.015267 0.998977
13 3.86 -0.0857 1.06 -0.002139 -0.058233 -0.002803 0.998297
14 4.29 -0.117 1.08 0.0023 -0.033676 -0.02024 0.999225
15 4.73 -0.14 1.07 0.005519 -0.005143 0.016091 0.999842
16 5.16 -0.132 1.08 -0.004425 -0.029971 0.053814 0.998091
17 5.6 -0.14 1.08 -0.00258 -0.026206 0.013302 0.999565
18 6.05 -0.177 1.07 0.000461 -0.033573 -0.00244 0.999433
19 6.49 -0.161 1.1 0.004552 -0.009315 0.04123 0.999096
20 6.79 -0.12 1.07 0.008443 -0.032242 0.056704 0.997835
21 7.1 -0.106 1.08 0.015649 0.002309 0.027641 0.999493
22 7.54 -0.14 1.07 0.016696 -0.011619 -0.004023 0.999785
23 7.98 -0.142 1.11 0.016419 -0.003566 0.028857 0.999442
24 8.43 -0.105 1.08 0.003617 -0.02838 0.032669 0.999057
25 8.85 -0.119 1.12 0.013616 -0.010921 0.009272 0.999805
26 9.15 -0.144 1.1 0.018425 -0.024168 0.00937 0.999494
27 9.59 -0.156 1.14 0.007387 -0.008091 0.030907 0.999462
28 10 -0.139 1.1 0.005278 -0.014476 0.009843 0.999833
29 10.5 -0.16 1.12 0.007744 0.022671 -0.017904 0.999553
30 10.9 -0.184 1.13 0.000545 -0.005009 -0.008002 0.999955
31 11.3 -0.183 1.15 -0.011924 -0.018935 0.017016 0.999605
32 11.7 -0.179 1.13 -0.004094 0.009689 0.000243 0.999945
33 12.1 -0.191 1.12 0.008828 0.004812 -0.006838 0.999926
34 12.5 -0.198 1.14 0.012272 0.025958 0.016959 0.999444
35 13 -0.205 1.12 0.006067 -0.002741 0.023362 0.999705
36 13.4 -0.238 1.14 0.023251 0.017559 0.015332 0.999458
37 13.8 -0.31 1.12 0.012836 -0.019648 0.022711 0.999467
38 14.2 -0.37 1.14 -0.002855 0.006213 0.030362 0.999516
39 14.6 -0.4 1.1 -0.005663 -0.011003 0.013677 0.99983
40 15.1 -0.464 1.15 0.007004 -0.00035 0.009372 0.999931
41 15.5 -0.529 1.14 0.007779 -0.001074 0.044427 0.998982
42 15.9 -0.561 1.15 -0.003412 -0.017868 0.071975 0.997241
43 16.3 -0.588 1.16 -0.003613 -0.017816 0.056653 0.998228
44 16.7 -0.642 1.15 0.01324 -0.021831 0.08437 0.996107
45 17.1 -0.688 1.18 -0.000298 -0.021286 0.130454 0.991226
46 17.5 -0.733 1.15 -0.00219 -0.044148 0.125394 0.991122
47 17.8 -0.807 1.17 0.009999 -0.017847 0.117738 0.992834
48 18.2 -0.899 1.14 0.012723 -0.026892 0.135289 0.990359
49 18.5 -0.974 1.16 0.003233 -0.007726 0.152615 0.98825
50 18.9 -1.03 1.14 -0.003438 -0.023537 0.153414 0.987876
51 19.2 -1.09 1.17 0.01616 -0.026174 0.161774 0.986348
52 19.5 -1.16 1.16 -0.003083 -0.011755 0.209339 0.977768
53 19.9 -1.13 1.16 -0.01722 -0.027783 0.290507 0.956314
54 20.3 -1.03 1.18 -0.012899 -0.004541 0.376601 0.926275
55 20.6 -0.943 1.18 -0.000355 -0.019223 0.456267 0.889635
56 20.9 -0.808 1.18 -0.011891 -0.015846 0.5105 0.859649
57 21.2 -0.61 1.2 0.021159 -0.025637 0.531171 0.846612
58 21.6 -0.449 1.18 0.01864 -0.044822 0.611306 0.789904
59 21.8 -0.318 1.22 0.003827 -0.040018 0.681127 0.73106
60 22.1 -0.0813 1.23 0.04586 -0.082388 0.708509 0.699374
61 22.4 0.0867 1.28 0.075875 -0.07052 0.694729 0.711774
62 22.7 0.232 1.28 0.094101 -0.083042 0.688905 0.713904
63 23 0.385 1.3 0.097108 -0.090582 0.668585 0.731683
64 23.2 0.571 1.27 0.101772 -0.107067 0.616662 0.773245
65 23.5 0.739 1.27 0.081098 -0.055389 0.58463 0.805334
66 23.8 0.887 1.22 0.041669 -0.015262 0.596406 0.801456
67 24.1 1.03 1.21 0.014858 0.01169 0.598798 0.800677
68 24.4 1.19 1.19 0.002946 -0.003793 0.555398 0.831571
69 24.7 1.29 1.22 0.025907 0.000424 0.507133 0.861478
70 25.1 1.36 1.2 0.012631 -0.012786 0.515046 0.856974
71 25.3 1.46 1.24 0.00703 -0.008743 0.539598 0.841848
72 25.6 1.63 1.24 0.033223 -0.04841 0.546256 0.835558
73 25.9 1.87 1.26 0.052088 -0.025991 0.574855 0.816182
74 26.1 2.08 1.26 0.034557 -0.05165 0.628779 0.775096
75 26.3 2.35 1.26 0.032259 -0.067657 0.679995 0.729375
76 26.5 2.64 1.24 -0.001067 -0.036026 0.682252 0.730228
77 26.6 2.9 1.21 -0.016298 -0.005672 0.684086 0.729197
78 26.8 3.19 1.21 -0.032159 0.002015 0.692815 0.720396
79 26.8 3.49 1.21 -0.034103 -0.004732 0.729523 0.68309
80 26.8 3.82 1.2 -0.011659 -0.029764 0.745061 0.66623
81 26.8 4.13 1.19 -0.000247 -0.024788 0.7739 0.632823
82 26.8 4.45 1.18 0.023973 -0.040924 0.817389 0.57413
83 26.8 4.79 1.15 0.025338 -0.059387 0.818369 0.571055
84 26.8 5.14 1.14 0.055069 -0.035858 0.796503 0.601053
85 26.9 5.48 1.1 0.100318 -0.041242 0.785248 0.609607
86 27 5.83 1.08 0.079564 -0.045209 0.759353 0.644211
87 27.1 6.21 1.03 0.06215 -0.053585 0.68453 0.724351
88 27.3 6.52 1.02 0.04319 -0.02764 0.645664 0.761898
89 27.4 6.85 0.938 0.026795 -0.034354 0.668584 0.742359
90 27.5 7.17 0.922 -0.003999 -0.008378 0.694797 0.719146
91 27.6 7.51 0.874 0.000488 -0.02118 0.682913 0.730192
92 27.8 7.84 0.845 -0.013613 0.010979 0.683702 0.729551
93 27.9 8.17 0.805 -0.005471 -0.021057 0.744779 0.666956
94 27.9 8.51 0.734 -0.035294 0.005565 0.745499 0.665548
95 28 8.86 0.684 -0.039533 0.01425 0.699882 0.713021
96 28.1 9.21 0.648 -0.022086 0.012515 0.689777 0.723577
97 28.1 9.52 0.652 -0.002194 0.010787 0.697498 0.716502
98 28.2 9.86 0.61 0.041702 -0.043166 0.676471 0.73402
99 28.2 10.2 0.596 0.028498 -0.019267 0.67776 0.734478
100 28.2 10.5 0.544 0.026554 -0.034147 0.693148 0.719496
101 28.2 10.8 0.535 0.013941 -0.035258 0.698957 0.714158
102 28.2 11.2 0.507 0.051285 -0.062825 0.67524 0.733126
103 28.2 11.5 0.463 0.040342 -0.050671 0.693367 0.717668
104 28.2 11.8 0.438 0.029833 -0.038004 0.722476 0.689706
105 28.2 12.2 0.395 0.037225 -0.056786 0.71911 0.691571
106 28.3 12.5 0.378 0.033626 -0.041658 0.717779 0.69421
107 28.3 12.9 0.345 0.01821 -0.034956 0.737265 0.674453
108 28.2 13.2 0.314 0.013899 -0.045237 0.725654 0.686431
109 28.2 13.5 0.312 0.033998 -0.040071 0.72728 0.684326
110 28.2 13.9 0.32 0.043476 -0.040636 0.71594 0.695621
111 28.1 14.3 0.322 0.028426 -0.044337 0.709078 0.70316
112 28.1 14.6 0.314 0.009172 -0.038856 0.741459 0.66981
113 28.1 14.9 0.295 0.024416 -0.017899 0.692914 0.720384
114 28.2 15.3 0.28 -0.024084 -0.005087 0.658396 0.752269
115 28.2 15.7 0.268 -0.06237 0.010163 0.715988 0.695247
116 28.1 16 0.243 -0.058689 -0.010071 0.759421 0.647869
117 28 16.3 0.28 -0.052897 -0.002406 0.774194 0.630729
118 28 16.6 0.289 -0.001617 -0.015194 0.787217 0.616487
119 27.9 17 0.345 0.020499 -0.026713 0.804496 0.593003
120 27.8 17.3 0.346 0.062899 -0.070183 0.786607 0.610219
121 27.8 17.7 0.385 0.059722 -0.05593 0.743777 0.663401
122 27.9 18 0.367 0.055827 -0.048796 0.729719 0.679715
123 27.8 18.4 0.382 0.013027 -0.038665 0.737322 0.674308
124 27.8 18.7 0.37 0.010523 -0.043828 0.69955 0.713161
125 27.9 19.1 0.395 0.022809 -0.027564 0.654736 0.75501
126 27.9 19.4 0.385 0.032209 -0.02775 0.659038 0.750907
127 27.8 19.8 0.397 0.00952 -0.046562 0.689595 0.722634
128 27.8 20.2 0.412 0.016807 -0.059806 0.671433 0.738457
129 27.8 20.6 0.431 0.044109 -0.067835 0.653875 0.752263
130 27.8 21 0.461 0.064656 -0.068723 0.691685 0.716008
131 27.7 21.3 0.45 0.058355 -0.104751 0.725223 0.677992
132 27.6 21.7 0.457 0.007269 -0.036308 0.715364 0.69777
133 27.6 22.1 0.441 0.020432 -0.030961 0.718033 0.69502
134 27.6 22.5 0.478 0.005173 -0.031091 0.76027 0.648842
135 27.5 22.9 0.439 0.00298 -0.054564 0.766444 0.639983
136 27.5 23.3 0.466 -0.001992 -0.016587 0.743182 0.668881
137 27.6 23.7 0.46 0.015373 -0.027278 0.746198 0.664988
138 27.6 24.1 0.486 0.019349 -0.044276 0.767522 0.639198
139 27.6 24.5 0.494 0.031601 -0.049989 0.73788 0.672336
140 27.7 24.9 0.498 0.036085 -0.028926 0.705214 0.707485
141 27.7 25.3 0.515 0.014531 -0.002502 0.71847 0.695401
142 27.7 25.7 0.505 0.013856 -0.0427 0.712081 0.70066
143 27.7 26.1 0.536 -0.009007 -0.027777 0.684717 0.728224
144 27.8 26.5 0.516 0.018718 -0.036803 0.671251 0.740079
145 27.8 26.9 0.554 0.001475 -0.033506 0.707795 0.705621
146 27.7 27.3 0.529 0.022323 -0.065674 0.711247 0.699511
147 27.7 27.7 0.57 0.011029 -0.040043 0.678009 0.733879
148 27.7 28.1 0.547 0.023509 -0.031842 0.678038 0.73396
149 27.7 28.5 0.573 0.010754 -0.0362 0.69799 0.715111
150 27.7 28.8 0.536 -0.009839 -0.039522 0.696913 0.715998
151 27.7 29.2 0.599 0.014882 -0.040749 0.673604 0.737819
152 27.7 29.6 0.629 0.073578 -0.097333 0.68092 0.722122
153 27.7 30 0.641 0.061368 -0.109571 0.727569 0.674442
154 27.6 30.5 0.614 0.036374 -0.076194 0.73912 0.668261
155 27.6 30.9 0.611 0.024885 -0.043395 0.744712 0.665508
156 27.6 31.3 0.599 -0.025185 -0.007098 0.771575 0.6356
157 27.6 31.7 0.564 -0.037847 -0.001899 0.781547 0.622695
158 27.6 32.1 0.601 -0.027289 0.020138 0.74873 0.662007
159 27.7 32.5 0.589 0.00307 0.013162 0.72031 0.69352
160 27.7 32.9 0.619 -0.009453 0.027185 0.69834 0.715188
161 27.8 33.3 0.616 0.024485 -0.02233 0.671741 0.740045
162 27.8 33.7 0.688 0.058377 -0.052958 0.657382 0.749424
163 27.9 34.1 0.709 0.089659 -0.095128 0.675782 0.725417
164 27.8 34.5 0.743 0.099124 -0.131208 0.708671 0.686108
165 27.8 34.9 0.729 0.08785 -0.117149 0.72691 0.67094
166 27.8 35.3 0.707 0.057786 -0.074153 0.745508 0.659833
167 27.8 35.7 0.699 0.016349 -0.034328 0.770306 0.63654
168 27.8 36.1 0.668 0.004362 -0.025321 0.784119 0.620078
169 27.8 36.5 0.7 0.001905 0.005299 0.757538 0.652767
170 27.9 36.9 0.683 0.022602 -0.002672 0.730849 0.682159
171 27.9 37.3 0.715 0.01044 0.006619 0.71654 0.697436
172 28 37.7 0.694 0.013721 -0.016107 0.681755 0.731274
173 28 38.1 0.734 0.023605 -0.016839 0.65418 0.755783
174 28.1 38.5 0.749 0.037123 -0.045853 0.668887 0.741019
175 28.1 38.9 0.768 0.044231 -0.074478 0.700201 0.708672
176 28.1 39.3 0.781 0.051249 -0.074032 0.699089 0.709343
177 28.1 39.7 0.78 0.059277 -0.085296 0.701205 0.705352
178 28 40.1 0.784 0.029161 -0.055141 0.744467 0.664739
179 28 40.5 0.744 0.025659 -0.061601 0.771718 0.632454
180 27.9 40.9 0.756 -0.014972 -0.008874 0.768088 0.640107
181 27.9 41.3 0.738 0.002771 -0.003768 0.768785 0.639491
182 27.9 41.7 0.757 -0.017811 -0.001158 0.771355 0.636154
183 27.9 42.2 0.73 -0.030875 0.001758 0.740094 0.671793
184 27.9 42.6 0.751 -0.010699 0.012683 0.706351 0.707667
185 28 43 0.764 -0.001509 0.004471 0.720799 0.693129
186 27.9 43.4 0.75 -0.018335 -0.008267 0.740176 0.672113
187 27.9 43.8 0.779 -0.021445 0.00899 0.703007 0.710803
188 28 44.2 0.776 0.015069 -0.016152 0.69403 0.719608
189 27.9 44.6 0.798 -0.009402 -0.002598 0.731178 0.682117
190 27.9 44.9 0.777 -0.006699 -0.034904 0.7422 0.669235
191 27.9 45.4 0.814 -0.008988 -0.010243 0.719738 0.694112
192 27.9 45.8 0.811 0.031519 -0.029508 0.700653 0.712195
193 27.9 46.2 0.858 0.026926 -0.046673 0.724325 0.68735
194 27.8 46.6 0.828 0.016997 -0.049358 0.713614 0.698592
195 27.9 47 0.847 0.008829 -0.02051 0.674802 0.737661
196 27.9 47.4 0.855 0.016195 -0.025254 0.664293 0.74687
197 27.9 47.8 0.873 0.04 -0.07369 0.679721 0.728662
198 27.9 48.2 0.899 0.05095 -0.068101 0.660488 0.746004
199 27.9 48.7 0.896 0.053528 -0.077575 0.654672 0.750014
200 27.8 49.1 0.914 0.018043 -0.042597 0.690705 0.721655
201 27.8 49.5 0.863 -0.002619 -0.032529 0.697526 0.715816
202 27.8 49.9 0.891 -0.028311 0.004758 0.683689 0.729208
203 27.8 50.4 0.877 -0.013709 -0.003393 0.704936 0.70913
204 27.7 50.8 0.906 -0.02033 -0.021034 0.742845 0.668824
205 27.7 51.2 0.916 -0.00185 -0.024553 0.740867 0.6712
206 27.8 51.6 0.922 0.004991 -0.011168 0.726706 0.68684
207 27.8 52 0.956 0.004692 -0.019587 0.748872 0.662409
208 27.8 52.4 0.94 0.019235 -0.054263 0.768141 0.637688
209 27.8 52.9 0.978 0.018235 -0.029688 0.744264 0.666977
210 27.8 53.3 0.965 0.03299 -0.046544 0.723973 0.687465
211 27.9 53.7 1 0.029522 -0.040136 0.725112 0.686826
212 27.9 54.2 0.98 0.033687 -0.046242 0.704403 0.707491
213 27.9 54.6 1.01 0.033761 -0.041497 0.670464 0.740011
214 27.9 55 1 0.027813 -0.0357 0.672776 0.738461
215 27.9 55.4 1.01 0.034581 -0.066195 0.693469 0.716606
216 27.9 55.8 1.04 0.037736 -0.059528 0.668038 0.740781
217 27.9 56.2 1.03 0.07424 -0.067869 0.647208 0.755648
218 27.9 56.6 1.05 0.040404 -0.040809 0.665745 0.743967
219 27.9 57.1 1 0.018098 -0.049715 0.66751 0.742719
220 27.8 57.5 1.04 -0.003075 -0.021949 0.655481 0.754886
221 27.8 57.9 1.03 0.002565 -0.022707 0.676815 0.735798
222 27.8 58.3 1.05 -0.011816 -0.036781 0.719984 0.692915
223 27.7 58.8 1.03 -0.016842 -0.024049 0.715678 0.697813
224 27.7 59.2 1.04 0.00326 -0.019722 0.718092 0.695661
225 27.7 59.6 1.06 -0.018517 -0.01237 0.752963 0.657686
226 27.7 60.1 1.04 -0.012867 -0.041266 0.771228 0.63509
227 27.7 60.5 1.07 -0.016212 -0.009053 0.749185 0.6621
228 27.7 60.9 1.08 0.042418 -0.035327 0.747838 0.661582
229 27.7 61.3 1.11 0.03986 -0.043359 0.77464 0.629653
230 27.7 61.7 1.1 0.049684 -0.066446 0.761361 0.642998
231 27.8 62.1 1.13 0.056263 -0.048482 0.738131 0.670556
232 27.9 62.6 1.13 0.028951 -0.043907 0.746459 0.66335
233 27.9 63 1.12 0.014746 -0.060515 0.75103 0.657324
234 27.9 63.4 1.15 0.013111 -0.04282 0.722968 0.689429
235 28 63.8 1.13 0.030425 -0.022699 0.699442 0.71368
236 28 64.2 1.15 -0.003706 0.003173 0.713041 0.701105
237 28 64.7 1.11 -0.007481 -0.011458 0.700544 0.713478
238 28 65.1 1.16 -0.005159 -0.002038 0.674952 0.737841
239 28.1 65.5 1.15 0.013387 -0.00941999 0.671463 0.740858
240 28.1 65.9 1.18 0.011013 -0.042689 0.696365 0.716332
241 28.1 66.3 1.19 0.030333 -0.041399 0.684707 0.727009
242 28.1 66.7 1.2 0.05589 -0.04596 0.658816 0.748816
243 28.1 67.2 1.23 0.053623 -0.063191 0.686338 0.722546
244 28.1 67.6 1.19 0.034782 -0.079793 0.711077 0.697705
245 28.1 68 1.22 0.004478 -0.025086 0.700873 0.712831
246 28 68.5 1.19 0.017196 -0.01626 0.708284 0.705531
247 28 68.9 1.22 -0.004894 -0.014522 0.741352 0.670942
248 27.9 69.3 1.18 -0.014906 -0.032031 0.742011 0.669457
249 27.9 69.7 1.21 -0.007072 -0.007857 0.7332 0.679931
250 27.9 70.1 1.21 -0.013188 -0.009531 0.757628 0.652483
251 27.8 70.6 1.21 -0.011264 -0.03106 0.785401 0.618105
252 27.8 71 1.23 -0.00642 -0.013005 0.757694 0.652449
253 27.8 71.4 1.23 0.020165 -0.011835 0.725954 0.687345
254 27.8 71.8 1.27 -0.014073 0.005016 0.72767 0.685764
255 27.9 72.3 1.24 -0.001994 -0.023532 0.691514 0.721977
256 27.9 72.7 1.29 0.008425 -0.009567 0.656015 0.75464
257 27.9 73.1 1.28 0.013051 -0.016464 0.664772 0.746751
258 27.9 73.5 1.31 0.007818 -0.033522 0.71025 0.703108
259 27.9 73.9 1.31 0.020949 -0.039732 0.70272 0.710047
260 28 74.3 1.33 0.040176 -0.031821 0.672352 0.738455
261 28 74.8 1.34 0.016591 -0.019418 0.69992 0.713765
262 27.9 75.2 1.34 0.033262 -0.064135 0.72374 0.68628
263 27.9 75.6 1.37 0.020336 -0.030392 0.704339 0.708921
264 27.9 76 1.35 0.058253 -0.033299 0.679771 0.730348
265 27.9 76.4 1.4 0.040157 -0.046867 0.693722 0.717593
266 27.9 76.8 1.38 0.047676 -0.072301 0.684856 0.723514
267 27.9 77.2 1.4 0.029659 -0.042817 0.656573 0.752462
268 27.9 77.6 1.36 0.011456 0.005157 0.64758 0.761894
269 27.8 78 1.38 0.001362 -0.019559 0.681376 0.731671
270 27.8 78.4 1.39 0.001738 -0.03098 0.677058 0.735276
271 27.8 78.8 1.4 0.025677 -0.034696 0.668483 0.742474
272 27.8 79.3 1.42 0.008244 -0.025963 0.714485 0.69912
273 27.7 79.7 1.4 0.024422 -0.061049 0.73314 0.676891
274 27.7 80 1.46 0.032948 -0.047253 0.71795 0.693707
275 27.7 80.5 1.43 0.04995 -0.051676 0.715015 0.695405
276 27.6 80.9 1.45 0.011707 -0.030518 0.741815 0.669808
277 27.6 81.3 1.41 0.023575 -0.0209 0.724488 0.688567
278 27.6 81.7 1.45 0.029623 -0.020097 0.6874 0.725397
279 27.6 82.1 1.44 0.027851 -0.018408 0.691919 0.721203
280 27.6 82.5 1.47 0.026547 -0.029646 0.706751 0.706343
281 27.6 82.9 1.48 0.043716 -0.018923 0.65784 0.75165
282 27.6 83.2 1.47 0.025281 -0.012363 0.653597 0.756319
283 27.7 83.6 1.46 -0.008659 0.003306 0.691069 0.72273
284 27.7 84 1.47 0.004331 -0.023452 0.69472 0.718885
285 27.8 84.4 1.5 -0.005375 -0.027422 0.673694 0.738482
286 27.9 84.8 1.48 0.004278 -0.032454 0.670076 0.741571
287 27.9 85.2 1.52 -0.016922 -0.017804 0.70646 0.707326
288 27.9 85.6 1.49 -0.015619 -0.041681 0.715889 0.696794
289 27.9 86 1.53 -0.026742 -0.001425 0.701909 0.711763
290 28 86.4 1.51 -0.013462 -0.006997 0.712637 0.701369
291 28 86.8 1.53 -0.020896 -0.017311 0.747429 0.663788
292 28 87.2 1.51 -0.027023 -0.022454 0.745873 0.665161
293 28 87.6 1.53 -0.017767 -0.00348 0.741288 0.670942
294 28 88 1.52 -0.037728 -0.011906 0.773897 0.632075
295 28 88.4 1.52 -0.015277 -0.043099 0.79885 0.59979
296 28 88.9 1.55 -0.022475 -0.020645 0.770142 0.637142
297 28.1 89.3 1.54 0.01252 -0.025081 0.755492 0.654558
298 28.1 89.7 1.57 -0.012445 -0.0141 0.769862 0.637933
299 28.1 90.1 1.55 -0.007529 -0.053717 0.760643 0.6469
300 28.1 90.5 1.6 -0.003904 -0.024816 0.734336 0.678321
301 28.1 90.9 1.59 -0.008471 -0.026125 0.734566 0.677981
302 28.1 91.3 1.61 -0.003922 -0.035111 0.753979 0.655948
303 28.1 91.6 1.58 -0.01016 -0.028701 0.745481 0.665831
304 28.1 92.1 1.63 0.005135 -0.015478 0.70855 0.705473
305 28.1 92.5 1.63 0.008796 -0.017657 0.712338 0.701559
306 28.1 92.9 1.63 0.004505 -0.036179 0.740827 0.670705
307 28 93.4 1.65 0.014754 -0.047366 0.724185 0.687819
308 28.1 93.8 1.65 0.047471 -0.034453 0.695491 0.716137
309 28.1 94.2 1.67 0.006873 -0.005997 0.69528 0.718681
310 28 94.7 1.63 -0.009573 -0.0202 0.679127 0.733681
311 28 95 1.66 -0.028834 0.008575 0.662362 0.74858
312 28 95.5 1.66 -0.007167 -0.016 0.678388 0.734495
313 28 95.9 1.69 -0.022877 -0.020865 0.71114 0.702368
314 28 96.3 1.69 -0.005647 -0.037777 0.70746 0.70572
315 27.9 96.7 1.71 0.01491 -0.036406 0.706414 0.706704
316 27.9 97 1.7 0.011808 -0.020631 0.72456 0.688802
317 27.9 97.4 1.71 0.004735 -0.033431 0.753841 0.656189
318 27.8 97.7 1.69 0.009952 -0.039187 0.751378 0.658632
319 27.9 98.1 1.73 0.002129 -0.012748 0.730568 0.682718
320 27.9 98.6 1.71 -0.004682 -0.006008 0.733793 0.679331
321 27.9 99 1.73 -0.007632 -0.037194 0.757211 0.652066
322 27.9 99.4 1.74 -0.021032 -0.019299 0.732255 0.680433
323 28 99.8 1.74 0.011311 -0.00403 0.692949 0.720887
324 28.1 100 1.78 -0.014161 -0.00812 0.697567 0.716334
325 28.1 101 1.77 4.8e-05 -0.034534 0.703435 0.70992
326 28.1 101 1.82 -0.005112 -0.01525 0.6812 0.73192
327 28.1 101 1.8 0.02414 -0.031056 0.668785 0.742414
328 28.1 102 1.84 -0.0001 -0.044583 0.707456 0.70535
329 28.1 102 1.82 0.01747 -0.053105 0.708694 0.703298
330 28.1 103 1.85 0.017225 -0.044559 0.681738 0.730035
331 28.2 103 1.85 0.021022 -0.026391 0.705825 0.707582
332 28.1 104 1.85 0.012763 -0.049604 0.730929 0.680528
333 28.1 104 1.87 0.016823 -0.03228 0.711754 0.701485
334 28.1 104 1.86 0.022778 -0.039684 0.705991 0.706741
335 28.1 105 1.87 -0.019795 -0.014703 0.732394 0.680435
336 28.1 105 1.84 -0.014665 -0.049493 0.729978 0.681518
337 28.1 106 1.87 -0.028642 -0.006007 0.719648 0.693722
338 28.1 106 1.86 -0.003284 0.005194 0.730546 0.682836
339 28 106 1.87 -0.01356 -0.018478 0.760583 0.648836
340 28 107 1.88 -0.005863 -0.020596 0.743915 0.667931
341 28 107 1.9 0.021888 -0.027903 0.723945 0.688946
342 28 108 1.92 -0.000972 -0.020138 0.754619 0.655853
343 28 108 1.9 0.016415 -0.059511 0.756299 0.651307
344 28 109 1.93 -0.003953 -0.023533 0.739674 0.672542
345 28 109 1.91 0.005965 -0.028534 0.720548 0.692792
346 28.1 109 1.96 -0.004924 -0.019996 0.742567 0.669455
347 28.1 110 1.93 -0.004881 -0.031829 0.725922 0.687023
348 28.1 110 1.95 0.00767 -0.01832 0.693768 0.719924
349 28.2 111 1.95 0.003259 -0.022851 0.704419 0.709409
350 28.1 111 1.97 0.013237 -0.04902 0.729102 0.682519
351 28.1 112 1.98 -0.000388 -0.024803 0.703247 0.710513
352 28.2 112 1.96 0.012792 -0.017084 0.681951 0.731086
353 28.2 112 2 -0.021728 -0.013125 0.71143 0.702299
354 28.2 113 1.98 -0.007556 -0.054655 0.712877 0.699116
355 28.2 113 2.04 -0.005018 -0.01999 0.695336 0.718389
356 28.2 114 2.04 0.024217 -0.027526 0.707253 0.706009
357 28.2 114 2.12 -0.004617 -0.040542 0.72917 0.683115
358 28.2 114 2.13 -0.01205 -0.054288 0.717197 0.694648
359 28.2 115 2.16 -0.005668 -0.02739 0.714621 0.698952
360 28.2 115 2.17 0.009267 -0.030993 0.72356 0.689503
361 28.2 116 2.17 -0.009477 -0.029695 0.723189 0.689947
362 28.2 116 2.2 -4.6e-05 -0.021816 0.704636 0.709234
363 28.2 116 2.2 0.020615 -0.03091 0.701775 0.711429
364 28.2 117 2.23 0.005635 -0.016913 0.709153 0.704829
365 28.2 117 2.22 0.033796 -0.044489 0.696766 0.71512
366 28.2 118 2.22 0.027843 -0.012376 0.692713 0.72057
367 28.2 118 2.2 0.007477 -0.019959 0.715218 0.698576
368 28.2 119 2.17 -0.009646 -0.032846 0.736323 0.675764
369 28.2 119 2.18 -0.040776 0.000159 0.730199 0.682016
370 28.2 119 2.17 0.006792 -0.023508 0.737095 0.675345
371 28.1 120 2.2 -0.003694 -0.028027 0.784987 0.618867
372 28.1 120 2.18 0.026255 -0.069673 0.779724 0.62168
373 28.1 121 2.21 0.028233 -0.048498 0.749077 0.660102
374 28.1 121 2.19 0.024992 -0.038666 0.73825 0.672954
375 28.1 121 2.19 0.002765 -0.033827 0.733997 0.678304
376 28.1 122 2.19 -0.011932 -0.011041 0.694502 0.719307
377 28.1 122 2.18 -0.013849 0.011776 0.664141 0.747386
378 28.2 123 2.22 -0.023429 0.015058 0.677427 0.735062
379 28.2 123 2.22 0.0067 -0.043296 0.685058 0.72717
380 28.2 123 2.27 0.01222 -0.032943 0.659825 0.750597
381 28.3 124 2.28 0.063527 -0.080886 0.648035 0.754634
382 28.3 124 2.31 0.051287 -0.080799 0.680095 0.726851
383 28.3 125 2.28 0.032445 -0.0673 0.689509 0.720414
384 28.3 125 2.28 0.019814 -0.033944 0.683759 0.728649
385 28.3 125 2.27 -0.007717 -0.025088 0.716983 0.696596
386 28.3 126 2.26 -0.009618 -0.041429 0.758625 0.650138
387 28.2 126 2.28 -0.007325 -0.030887 0.761469 0.647424
388 28.2 127 2.3 0.039046 -0.046402 0.764789 0.641421
389 28.3 127 2.33 0.036417 -0.038219 0.761285 0.646265
390 28.3 127 2.3 0.04088 -0.055648 0.72205 0.688387
391 28.4 128 2.33 0.015141 -0.037412 0.683594 0.728746
392 28.4 128 2.32 0.032401 -0.054619 0.678642 0.731719
393 28.5 128 2.36 0.016869 -0.04268 0.688007 0.724251
394 28.5 129 2.34 0.02434 -0.068055 0.680999 0.728708
395 28.5 129 2.36 0.028462 -0.059747 0.679216 0.730949
396 28.6 129 2.34 0.008574 -0.03863 0.704072 0.709026
397 28.6 130 2.32 -0.010766 -0.024237 0.720995 0.692433
398 28.5 130 2.33 -0.014135 -0.006479 0.696098 0.717779
399 28.6 130 2.32 -0.005729 -0.011461 0.69899 0.715017
400 28.6 131 2.35 -0.013936 -0.016092 0.721468 0.69212
401 28.7 131 2.34 -0.021692 -0.029657 0.737973 0.673829
402 28.7 131 2.39 -0.037156 -0.027745 0.745746 0.664615
403 28.7 132 2.41 -0.010714 -0.032055 0.777572 0.627885
404 28.7 132 2.45 -0.028207 -0.009674 0.806643 0.590287
405 28.6 132 2.48 -0.040169 -0.005249 0.820043 0.570866
406 28.5 133 2.49 -0.050044 -0.000268 0.844146 0.533773
407 28.4 133 2.54 -0.064402 -0.004613 0.896919 0.437456
408 28.2 133 2.54 -0.064101 -0.015781 0.930149 0.3612
409 28.1 134 2.59 -0.091288 0.017526 0.932477 0.349064
410 28.1 134 2.64 -0.045737 0.008325 0.939414 0.339619
411 28.1 134 2.74 -0.010828 0.012149 0.945832 0.324249
412 28.1 135 2.78 0.031054 -0.016259 0.9437 0.32894
413 28.2 135 2.86 0.027701 -0.009065 0.934682 0.354289
414 28.2 135 2.9 0.051661 -0.01546 0.927678 0.369467
415 28.3 136 2.96 0.051676 -0.008082 0.914053 0.402208
416 28.3 136 2.98 0.038372 -0.020998 0.898516 0.436756
417 28.3 137 3.03 -0.015256 0.011105 0.889967 0.455635
418 28.3 137 3.04 -0.044853 0.032169 0.908367 0.414516
419 28.3 137 3.09 -0.071402 0.043398 0.927 0.365635
420 28.2 138 3.12 -0.062553 0.019454 0.939859 0.335221
421 28.1 138 3.19 -0.04987 0.029009 0.946073 0.318775
422 28 138 3.23 -0.047882 0.027365 0.959269 0.277058
423 27.9 138 3.3 -0.02017 0.022725 0.974284 0.223264
424 27.8 139 3.33 0.022603 -0.006093 0.978396 0.205409
425 27.7 139 3.39 0.037083 0.009521 0.975142 0.218248
426 27.6 139 3.42 0.017503 0.009388 0.979866 0.198666
427 27.5 140 3.45 0.034073 0.019975 0.97985 0.19579
428 27.3 140 3.47 0.022132 -0.007273 0.981587 0.189588
429 27.2 140 3.51 0.034655 0.0042 0.982134 0.184915
430 27 141 3.54 0.023825 0.001899 0.989396 0.143264
431 26.8 141 3.55 0.007741 0.00551 0.992619 0.120901
432 26.5 141 3.56 -0.015003 -0.005585 0.988053 0.15328
433 26.3 141 3.57 -0.041986 0.014062 0.983191 0.177129
434 26 142 3.55 -0.074531 0.016857 0.982565 0.169491
435 25.8 142 3.56 -0.069007 -0.002266 0.985551 0.154665
436 25.4 142 3.57 -0.053293 -0.009033 0.982218 0.179792
437 25.1 142 3.58 -0.049295 -0.008618 0.985145 0.164273
438 24.8 142 3.58 -0.036048 -0.017814 0.995247 0.088694
439 24.5 142 3.57 -0.047015 -0.021273 0.997778 0.042142
440 24.1 142 3.57 -0.075742 -0.026922 0.996704 0.010953
441 23.8 142 3.56 -0.060276 -0.018134 0.997045 -0.044045
442 23.5 142 3.57 -0.065646 -0.032967 0.986153 -0.148679
443 23.1 142 3.56 -0.005615 -0.042175 0.972711 -0.228086
444 22.8 142 3.58 0.01276 -0.001079 0.962338 -0.271553
445 22.4 142 3.59 0.012272 0.009624 0.930162 -0.366817
446 22 142 3.58 0.035558 0.017916 0.909674 -0.413411
447 21.7 142 3.59 0.016446 0.016305 0.887508 -0.460211
448 21.5 142 3.58 -0.004774 -0.020477 -0.85217 0.522843
449 21.3 142 3.57 -0.009733 -0.019749 -0.800738 0.59861
450 21.2 142 3.55 0.000711 0.011099 -0.743428 0.668724
451 21.2 141 3.55 -0.001031 0.02706 -0.674879 0.737432
452 21.3 141 3.55 0.00168 0.037499 -0.594069 0.803538
453 21.3 141 3.56 -0.008111 0.015787 -0.50961 0.860223
454 21.4 141 3.61 -0.041399 -0.064352 -0.47743 0.875332
455 21.3 141 3.63 -0.05036 -0.113502 -0.561594 0.818042
456 21.2 141 3.63 -0.044838 -0.11645 -0.635683 0.761798
457 21.2 141 3.6 -0.012945 -0.056631 -0.70353 0.708288
458 21.1 141 3.58 0.0297 -0.005256 -0.763834 0.644708
459 21 141 3.57 0.04008 -0.00396 -0.825204 0.563397
460 20.9 141 3.57 -0.027943 0.003373 0.875611 -0.482197
461 20.8 141 3.61 0.049133 0.039567 0.912208 -0.404843
462 20.8 141 3.62 0.05473 0.035011 0.946428 -0.316313
463 20.7 141 3.62 0.039377 0.029241 0.970816 -0.234757
464 20.7 141 3.59 -0.025877 0.012568 0.94513 -0.325426
465 20.6 141 3.56 -0.026649 0.01959 0.913023 -0.406565
466 20.3 141 3.53 0.036442 0.059351 0.942995 -0.325438
467 20 141 3.49 0.039371 0.067068 0.956124 -0.28245
468 19.6 141 3.45 0.003641 0.013124 0.95169 -0.306757
469 19.2 141 3.41 0.039013 0.028838 0.960758 -0.273112
470 18.9 141 3.42 0.037306 0.03378 0.95999 -0.275474
471 18.6 141 3.41 0.044741 0.025094 0.948928 -0.311294
472 18.2 141 3.41 0.019793 0.01906 0.947527 -0.318491
473 17.9 141 3.39 0.067893 0.029804 0.968928 -0.235969
474 17.6 142 3.39 0.031846 0.008941 0.979723 -0.197607
475 17.3 142 3.38 -0.009098 0.004987 0.967248 -0.253621
476 16.9 142 3.38 -0.007345 0.00495 0.952315 -0.304988
477 16.5 142 3.37 -0.002334 -0.016853 0.940768 -0.338623
478 16.2 142 3.38 0.027534 -0.010404 0.931984 -0.361302
479 15.8 142 3.41 0.008491 -0.015115 0.926144 -0.376771
480 15.4 142 3.38 0.048008 -0.004507 0.936591 -0.347092
481 15 142 3.41 0.039076 0.008765 0.947795 -0.316357
482 14.6 142 3.36 0.041119 0.008142 0.943237 -0.329465
483 14.3 142 3.38 0.00252 0.001526 0.920332 -0.391127
484 13.9 142 3.36 0.020974 0.026452 0.913113 -0.406306
485 13.5 142 3.36 -0.02172 0.017267 0.91807 -0.395445
486 13.1 142 3.33 -0.01864 0.002755 0.91675 -0.399017
487 12.7 142 3.31 -0.038229 -0.008119 0.923499 -0.381604
488 12.3 142 3.31 0.02189 -0.015786 0.929518 -0.367788
489 12 142 3.32 0.043245 0.004983 0.93432 -0.353766
490 11.6 142 3.33 0.031533 -0.019252 0.913337 -0.405524
491 11.2 142 3.32 0.033799 -0.009282 0.929646 -0.366783
492 10.8 142 3.33 0.068045 -0.020584 0.943579 -0.323426
493 10.5 142 3.3 0.061615 -0.000806 0.948304 -0.311325
494 10.1 142 3.32 0.03658 -0.00916 0.934313 -0.354453
495 9.71 142 3.25 0.01907 -0.022405 0.931397 -0.362815
496 9.42 142 3.23 -0.014625 -0.012502 0.940553 -0.339103
497 9.03 142 3.25 -0.034594 -0.005706 0.948225 -0.315658
498 8.65 142 3.24 -0.004386 -0.013102 0.939339 -0.342711
499 8.29 142 3.21 -0.014114 -0.021459 0.936073 -0.350868
500 7.91 142 3.22 -0.00368 -0.016294 0.946452 -0.322411
501 7.53 142 3.21 0.019119 -0.004256 0.95226 -0.30466
502 7.19 141 3.24 0.016985 -0.013052 0.926227 -0.376357
503 6.85 141 3.21 0.054775 -0.003007 0.909936 -0.411104
504 6.5 141 3.23 0.033411 -0.005182 0.915547 -0.400787
505 6.13 141 3.19 0.027781 0.007174 0.910337 -0.412873
506 5.78 141 3.19 0.029566 -0.01214 0.893563 -0.447799
507 5.38 141 3.15 0.053543 -0.022563 0.899931 -0.432144
508 5.01 141 3.17 0.041638 -0.004832 0.895422 -0.443241
509 4.65 141 3.15 0.046648 -0.028131 0.864847 -0.499072
510 4.32 141 3.14 -0.026042 0.027864 -0.847659 0.529168
511 3.96 141 3.13 -0.058137 0.044284 -0.858063 0.508317
512 3.61 141 3.14 0.04294 -0.000482 0.872951 -0.485914
513 3.26 141 3.11 -0.044279 0.027733 -0.851924 0.521053
514 2.93 141 3.08 -0.038291 0.00993601 -0.844407 0.53424
515 2.56 141 3.06 -0.050127 0.035665 -0.856118 0.513106
516 2.19 141 3.05 -0.033232 0.028572 -0.854225 0.518053
517 1.84 141 3.06 -0.034269 0.021438 -0.833106 0.551634
518 1.51 141 3.04 -0.018567 0.022223 -0.821345 0.569696
519 1.14 141 3.04 -0.039932 0.022473 -0.825416 0.562663
520 0.789 140 3.06 -0.019457 -0.006589 -0.815719 0.578084
521 0.472 140 3.05 -0.017432 0.008401 -0.767382 0.640898
522 0.19 140 3.05 -0.048904 -0.008023 -0.746348 0.663708
523 -0.106 140 3.05 -0.071496 -0.003546 -0.782335 0.618731
524 -0.435 140 3.03 -0.050062 -0.004971 -0.77897 0.62504
525 -0.783 140 2.92 -0.025041 0.06231 -0.779426 0.622885
526 -1.06 140 2.83 -0.018536 0.064556 -0.732132 0.677843
527 -1.39 140 2.81 -0.005241 0.06263 -0.696876 0.714432
528 -1.67 139 2.82 0.00796 0.050233 -0.711011 0.701339
529 -1.9 139 2.8 -0.051258 0.005017 -0.74743 0.662341
530 -2.1 139 2.78 -0.105256 -0.053499 -0.693834 0.710389
531 -2.22 139 2.74 -0.119115 -0.067703 -0.657592 0.740811
532 -2.29 138 2.69 -0.110587 -0.045419 -0.628201 0.768812
533 -2.33 138 2.61 -0.119437 -0.068367 -0.565166 0.813417
534 -2.29 138 2.57 -0.080657 -0.051021 -0.524642 0.845957
535 -2.24 137 2.5 -0.055301 -0.048366 -0.541529 0.837466
536 -2.23 137 2.45 -0.003169 -0.001865 -0.580134 0.814513
537 -2.2 137 2.37 0.028626 0.034782 -0.583564 0.810817
538 -2.12 136 2.31 0.024917 0.033126 -0.623029 0.7811
539 -2.06 136 2.28 0.046065 0.048231 -0.665943 0.743015
540 -2.01 136 2.23 0.046719 0.039434 -0.669974 0.739863
541 -1.95 135 2.2 0.062429 0.066791 -0.663301 0.742747
542 -1.91 135 2.13 0.023079 0.053347 -0.703191 0.708621
543 -1.91 134 2.11 0.044461 0.044999 -0.723881 0.687019
544 -1.91 134 2.04 -0.010019 -0.014623 -0.701708 0.712244
545 -1.88 134 2.02 -0.01725 -0.014193 -0.702803 0.711034
546 -1.89 133 1.99 -0.059227 -0.017054 -0.737392 0.672647
547 -1.94 133 1.94 -0.034244 -0.042773 -0.747069 0.662484
548 -1.95 132 1.91 -0.002077 -0.003602 -0.732279 0.680992
549 -1.96 132 1.81 0.012623 0.023404 -0.741281 0.670667
550 -2 132 1.8 0.056332 0.042638 -0.734545 0.674872
551 -2.04 131 1.75 0.036176 0.034284 -0.698225 0.714141
552 -2.04 131 1.74 0.031143 0.041112 -0.662575 0.747218
553 -2.06 130 1.72 0.006929 0.028532 -0.675547 0.736732
554 -2.14 130 1.73 0.029202 0.025446 -0.706518 0.706634
555 -2.22 130 1.74 0.000855 0.006106 -0.699409 0.714695
556 -2.2 129 1.72 -0.013145 0.002315 -0.657664 0.753193
557 -2.21 129 1.74 -0.022303 -0.00115 -0.670952 0.741165
558 -2.25 128 1.73 -0.018822 -0.050706 -0.688759 0.72297
559 -2.24 128 1.74 -0.010962 -0.029237 -0.642526 0.765627
560 -2.22 128 1.69 -0.046336 -0.021745 -0.64339 0.763825
561 -2.24 127 1.7 -0.005467 0.000199 -0.674635 0.738132
562 -2.24 127 1.67 0.003186 -0.021905 -0.683196 0.729899
563 -2.16 126 1.67 -0.014291 0.012124 -0.640897 0.767398
564 -2.13 126 1.66 -0.009152 -0.007689 -0.65215 0.757996
565 -2.15 126 1.67 0.01476 0.004221 -0.691412 0.722298
566 -2.14 125 1.65 0.02379 -0.015578 -0.678009 0.734503
567 -2.07 125 1.64 0.008492 -0.028619 -0.655886 0.75427
568 -2.05 124 1.64 0.02958 -0.009824 -0.685382 0.727517
569 -2.08 124 1.61 0.028651 -0.03475 -0.715295 0.69737
570 -2.05 123 1.63 0.035469 0.013094 -0.664556 0.746281
571 -2.03 123 1.59 -0.020953 0.007855 -0.669487 0.742487
572 -2.08 123 1.61 0.014469 0.013904 -0.716467 0.697333
573 -2.1 122 1.58 0.034561 0.01479 -0.705127 0.708084
574 -2.06 122 1.59 0.001337 0.021526 -0.668733 0.74319
575 -2.06 121 1.58 -0.024213 -0.003561 -0.710934 0.702833
576 -2.12 121 1.58 -0.020334 -0.01685 -0.747021 0.664276
577 -2.14 121 1.59 -0.014985 0.002076 -0.699647 0.714329
578 -2.13 120 1.57 -0.049537 -0.018715 -0.685936 0.725732
579 -2.18 120 1.61 -0.020451 0.008754 -0.718578 0.695091
580 -2.26 119 1.62 -0.041888 -0.031882 -0.723682 0.688123
581 -2.27 119 1.64 -0.014747 0.000518 -0.690591 0.723095
582 -2.27 118 1.66 -0.04344 -0.021472 -0.701367 0.711152
583 -2.28 118 1.68 -0.025107 -0.036025 -0.713139 0.699646
584 -2.26 118 1.68 -0.032073 -0.046418 -0.69191 0.719776
585 -2.22 117 1.66 -0.023886 -0.025336 -0.686971 0.72585
586 -2.18 117 1.67 -0.009492 -0.035624 -0.723312 0.689537
587 -2.18 117 1.61 -0.005221 -0.046052 -0.735787 0.675626
588 -2.15 116 1.63 -0.008445 -0.033648 -0.714479 0.698796
589 -2.12 116 1.57 -0.013227 -0.019312 -0.723632 0.689789
590 -2.13 115 1.58 0.016856 0.015991 -0.753135 0.657456
591 -2.16 115 1.54 0.042683 0.024094 -0.752963 0.656235
592 -2.14 115 1.53 0.045186 0.061455 -0.734975 0.67379
593 -2.12 114 1.51 0.081938 0.088873 -0.726375 0.676585
594 -2.14 114 1.5 0.078603 0.058332 -0.728253 0.678282
595 -2.12 113 1.52 0.065608 0.068648 -0.679458 0.727544
596 -2.06 113 1.5 0.008185 0.035121 -0.65145 0.757834
597 -2.04 112 1.53 0.009095 0.023106 -0.672315 0.739848
598 -2.05 112 1.49 -0.008183 -0.000313 -0.676238 0.736638
599 -1.99 112 1.5 -0.017574 0.003292 -0.641501 0.766914
600 -1.95 111 1.48 -0.051858 -0.00971901 -0.654651 0.754087
601 -1.94 111 1.5 -0.033232 0.011076 -0.702052 0.711264
602 -1.95 111 1.47 -0.038057 -0.010822 -0.721344 0.691446
603 -1.91 110 1.48 -0.013248 0.014583 -0.689985 0.723556
604 -1.89 110 1.44 -0.029922 0.010753 -0.688398 0.724636
605 -1.95 109 1.45 0.021744 0.036658 -0.727811 0.684452
606 -2.02 109 1.42 -0.006119 -0.004448 -0.740649 0.67185
607 -2.03 109 1.45 -0.022515 0.004757 -0.71699 0.696703
608 -2.05 108 1.44 -0.064895 -0.026096 -0.724449 0.68577
609 -2.11 108 1.44 -0.054103 -0.035555 -0.75203 0.655942
610 -2.14 107 1.43 -0.035891 -0.032135 -0.736099 0.675157
611 -2.12 107 1.39 -0.045455 -0.013699 -0.72233 0.689918
612 -2.14 106 1.41 -0.014969 0.017358 -0.745235 0.666408
613 -2.16 106 1.36 -0.003251 0.000913 -0.746979 0.664839
614 -2.13 106 1.36 0.014298 0.031794 -0.7119 0.701415
615 -2.1 105 1.31 0.010513 0.044259 -0.704085 0.708657
616 -2.1 105 1.33 0.020291 0.021211 -0.710361 0.703226
617 -2.1 104 1.33 0.024164 0.014814 -0.677289 0.735171
618 -2.06 104 1.3 -0.008246 0.022582 -0.648618 0.760734
619 -2.07 103 1.33 0.0047 0.031975 -0.681186 0.731397
620 -2.12 103 1.29 -0.0025 -0.007267 -0.706167 0.708003
621 -2.11 103 1.32 -0.001465 0.021969 -0.664422 0.747033
622 -2.09 102 1.27 -0.037663 0.014758 -0.652845 0.756411
623 -2.13 102 1.3 0.004908 0.023719 -0.693701 0.719856
624 -2.17 101 1.26 -0.018772 0.00261 -0.711289 0.702644
625 -2.15 101 1.29 -0.021391 7.3e-05 -0.67369 0.738705
626 -2.14 101 1.25 -0.031357 -0.002424 -0.666248 0.745066
627 -2.19 100 1.27 0.017281 0.023569 -0.702369 0.711213
628 -2.27 99.8 1.25 0.00428 -0.016691 -0.720143 0.693612
629 -2.26 99.4 1.26 -0.028747 -0.005141 -0.681386 0.731341
630 -2.28 99 1.25 -0.035175 -0.004036 -0.69844 0.714792
631 -2.35 98.6 1.24 -0.0131 -0.023723 -0.726724 0.686395
632 -2.35 98.1 1.24 0.008876 0.01466 -0.66948 0.742632
633 -2.32 97.7 1.21 -0.04074 0.004511 -0.649267 0.759456
634 -2.35 97.3 1.24 0.001726 0.020339 -0.692075 0.721537
635 -2.38 96.9 1.21 -0.015974 -0.031817 -0.695815 0.717338
636 -2.33 96.5 1.23 -0.020713 -0.005179 -0.634695 0.772468
637 -2.28 96 1.22 -0.04502 -0.032086 -0.640734 0.76577
638 -2.31 95.6 1.22 -0.022873 -0.03715 -0.680971 0.73101
639 -2.3 95.2 1.23 -0.029583 -0.026447 -0.644216 0.763814
640 -2.25 94.8 1.21 -0.064499 -0.025016 -0.61321 0.786884
641 -2.25 94.4 1.22 -0.024944 -0.004286 -0.662112 0.748977
642 -2.28 94 1.18 -0.01787 -0.03146 -0.689521 0.723361
643 -2.24 93.6 1.21 -0.001388 0.004356 -0.64663 0.76279
644 -2.2 93.1 1.16 -0.033605 -0.013548 -0.662539 0.74815
645 -2.24 92.7 1.18 0.009184 0.015262 -0.719817 0.693936
646 -2.27 92.3 1.16 -0.00528 0.000998999 -0.727225 0.686379
647 -2.27 91.9 1.17 -0.034989 0.00131 -0.717677 0.695496
648 -2.25 91.5 1.18 -0.056798 -0.012088 -0.724506 0.686817
649 -2.27 91.1 1.16 -0.064779 -0.041655 -0.730169 0.678912
650 -2.24 90.7 1.2 -0.056625 -0.026033 -0.689513 0.721587
651 -2.17 90.2 1.15 -0.089971 -0.029537 -0.658275 0.746798
652 -2.15 89.8 1.15 -0.019796 0.023284 -0.698913 0.714553
653 -2.16 89.4 1.14 -0.040243 -0.030215 -0.706455 0.705967
654 -2.12 89 1.15 -0.027764 -0.006577 -0.673666 0.738485
655 -2.08 88.6 1.12 -0.030473 -0.009853 -0.668079 0.743401
656 -2.12 88.1 1.12 -0.025925 -0.020868 -0.68935 0.723664
657 -2.14 87.7 1.12 -0.02651 -0.011908 -0.658092 0.752376
658 -2.12 87.3 1.07 -0.018052 0.022338 -0.634119 0.772702
659 -2.15 86.9 1.1 0.011554 0.033665 -0.682754 0.729781
660 -2.2 86.5 1.07 0.009446 0.005469 -0.706642 0.707487
661 -2.18 86.1 1.1 0.009969 0.032522 -0.667984 0.743398
662 -2.17 85.6 1.06 -0.014416 0.012339 -0.674578 0.73796
663 -2.23 85.2 1.07 0.016323 0.012324 -0.721248 0.692375
664 -2.27 84.8 1.05 0.013074 0.016291 -0.726682 0.686657
665 -2.26 84.4 1.04 -0.00083 0.025047 -0.697096 0.71654
666 -2.32 83.9 1.04 0.023163 0.016955 -0.73978 0.672236
667 -2.39 83.5 1.02 -0.000557 -0.009499 -0.754652 0.656056
668 -2.37 83.1 1.05 0.011673 0.013032 -0.706704 0.707293
669 -2.36 82.6 1.01 -0.035887 -0.007095 -0.707736 0.705529
670 -2.39 82.2 1.02 0.002439 0.011016 -0.730259 0.683077
671 -2.42 81.8 0.989 0.007704 -0.001172 -0.725134 0.688564
672 -2.41 81.4 0.997 -0.00841 0.011626 -0.697017 0.716911
673 -2.39 81 0.996 -0.032336 0.00118 -0.698839 0.714547
674 -2.41 80.6 0.976 -0.015247 -0.002755 -0.703786 0.710243
675 -2.39 80.2 0.995 -0.019586 0.001821 -0.671647 0.74061
676 -2.34 79.7 0.946 -0.037406 -0.001376 -0.65922 0.751018
677 -2.32 79.3 0.961 0.00897 0.036063 -0.696196 0.716889
678 -2.33 78.9 0.935 0.014616 0.025158 -0.703005 0.710589
679 -2.31 78.5 0.947 0.02806 0.044871 -0.680272 0.731046
680 -2.3 78.1 0.903 0.017632 0.062614 -0.699573 0.711594
681 -2.34 77.7 0.909 0.043712 0.055434 -0.723233 0.686987
682 -2.37 77.3 0.891 0.043475 0.081224 -0.703421 0.704778
683 -2.35 76.8 0.878 0.00372 0.075139 -0.671768 0.736931
684 -2.36 76.4 0.886 0.04248 0.0903209 -0.697605 0.709497
685 -2.4 76 0.872 0.026504 0.019613 -0.710634 0.702789
686 -2.39 75.6 0.896 0.044541 0.037665 -0.666801 0.74295
687 -2.36 75.2 0.857 -0.005275 0.007198 -0.661063 0.750277
688 -2.39 74.8 0.879 0.026916 0.042477 -0.684559 0.727221
689 -2.43 74.3 0.861 0.016727 0.027986 -0.6829 0.729784
690 -2.41 73.9 0.874 0.022973 0.037406 -0.648455 0.759986
691 -2.39 73.5 0.868 0.008363 0.030058 -0.67382 0.738237
692 -2.43 73.1 0.867 0.007178 0.021472 -0.707237 0.706614
693 -2.45 72.7 0.88 0.018411 0.047618 -0.683794 0.727887
694 -2.44 72.2 0.844 -0.015032 0.041849 -0.676531 0.735071
695 -2.47 71.8 0.87 0.008408 0.05383 -0.71011 0.70198
696 -2.53 71.4 0.841 -0.00773 0.005747 -0.718379 0.695585
697 -2.53 71 0.862 -0.006024 0.02014 -0.693355 0.720289
698 -2.51 70.6 0.825 -0.021924 0.007376 -0.69261 0.720941
699 -2.55 70.2 0.843 0.001258 0.001531 -0.71605 0.698046
700 -2.58 69.7 0.831 -0.015356 -0.002257 -0.680539 0.732548
701 -2.56 69.3 0.81 -0.033347 0.024964 -0.651665 0.757362
702 -2.57 68.9 0.811 0.002837 0.043222 -0.665149 0.745454
703 -2.61 68.5 0.785 0.01185 0.022732 -0.663591 0.747656
704 -2.61 68.1 0.811 0.022204 0.042679 -0.641502 0.765611
705 -2.58 67.6 0.762 0.003187 0.033974 -0.654182 0.755567
706 -2.58 67.2 0.797 0.034039 0.034895 -0.684984 0.726926
707 -2.6 66.8 0.761 0.030721 0.038879 -0.687442 0.724547
708 -2.55 66.4 0.781 0.006366 0.044028 -0.663891 0.746505
709 -2.52 65.9 0.757 0.006497 0.046754 -0.675563 0.73579
710 -2.56 65.5 0.752 0.021948 0.033262 -0.712916 0.700116
711 -2.59 65.1 0.747 0.036048 0.045435 -0.718369 0.693241
712 -2.58 64.7 0.73 -0.009056 0.028199 -0.722 0.691259
713 -2.59 64.3 0.741 0.005204 0.037861 -0.747173 0.66353
714 -2.61 63.8 0.718 -0.025233 -0.030282 -0.756836 0.652415
715 -2.59 63.4 0.75 -0.035424 -0.009959 -0.732678 0.67958
716 -2.54 63 0.724 -0.053512 -0.02901 -0.738291 0.671731
717 -2.55 62.6 0.747 -0.041369 -0.028754 -0.753764 0.655211
718 -2.55 62.2 0.739 -0.047089 -0.030315 -0.734539 0.676252
719 -2.51 61.8 0.731 -0.06881 -0.017723 -0.705242 0.705397
720 -2.48 61.4 0.729 -0.048618 -0.009754 -0.716378 0.695948
721 -2.49 60.9 0.701 -0.031248 -0.028952 -0.729091 0.68309
722 -2.48 60.5 0.705 -0.011334 0.001499 -0.712032 0.702053
723 -2.46 60.1 0.658 -0.024 0.01412 -0.722213 0.69111
724 -2.48 59.7 0.684 0.024397 0.036258 -0.7536 0.655879
725 -2.5 59.3 0.65 0.006512 0.012149 -0.746293 0.665475
726 -2.48 58.9 0.664 0.019573 0.049084 -0.703954 0.708277
727 -2.44 58.5 0.629 0.010532 0.053638 -0.693503 0.718377
728 -2.44 58.1 0.651 0.018136 0.043066 -0.688823 0.723422
729 -2.46 57.7 0.65 0.01195 0.043938 -0.663387 0.74689
730 -2.42 57.3 0.64 -0.011314 0.049181 -0.625165 0.778859
731 -2.41 56.9 0.648 -0.008156 0.036302 -0.636104 0.770706
732 -2.44 56.5 0.628 0.01017 0.017343 -0.650988 0.758821
733 -2.43 56.1 0.649 0.005456 0.044393 -0.619446 0.783764
734 -2.39 55.7 0.608 -0.031951 0.020795 -0.609287 0.792033
735 -2.4 55.3 0.65 -0.014938 0.032522 -0.628504 0.776983
736 -2.42 54.9 0.616 -0.019346 0.004385 -0.621388 0.783252
737 -2.41 54.5 0.641 0.011768 0.038443 -0.594729 0.80292
738 -2.4 54 0.607 0.014469 0.036482 -0.59563 0.802299
739 -2.43 53.6 0.637 0.019747 0.027268 -0.607135 0.793885
740 -2.47 53.2 0.637 -0.008674 0.016656 -0.593652 0.804503
741 -2.49 52.8 0.617 -0.02038 0.013268 -0.584161 0.811273
742 -2.5 52.4 0.606 0.011894 0.044592 -0.601612 0.797454
743 -2.55 52 0.579 0.030983 0.034102 -0.620468 0.782877
744 -2.57 51.6 0.577 0.059057 0.09818 -0.610139 0.783966
745 -2.57 51.2 0.526 0.047992 0.092844 -0.657866 0.745848
746 -2.58 50.8 0.569 0.055725 0.085322 -0.705295 0.701551
747 -2.61 50.3 0.558 0.026939 0.029647 -0.723425 0.68924
748 -2.61 49.9 0.596 -0.002662 0.004924 -0.725305 0.688405
749 -2.58 49.5 0.582 -0.037271 -0.032369 -0.730064 0.681594
750 -2.6 49.1 0.61 -0.05986 -0.050077 -0.740256 0.667779
751 -2.63 48.7 0.619 -0.074928 -0.058328 -0.730295 0.6765
752 -2.63 48.3 0.6 -0.091922 -0.055535 -0.716282 0.689497
753 -2.66 47.9 0.612 -0.068078 -0.041501 -0.738831 0.669158
754 -2.72 47.5 0.568 -0.056086 -0.040712 -0.742783 0.665936
755 -2.75 47 0.575 -0.016655 -0.004144 -0.713959 0.699978
756 -2.73 46.6 0.502 -0.012117 0.013663 -0.706604 0.707374
757 -2.75 46.2 0.524 0.023742 0.032341 -0.728469 0.683903
758 -2.79 45.8 0.504 -4.5e-05 -0.002376 -0.723102 0.690737
759 -2.74 45.4 0.512 -0.00674 0.022687 -0.685052 0.728109
760 -2.7 45.1 0.473 -0.019933 0.026659 -0.681862 0.730723
761 -2.67 44.7 0.509 -0.003737 0.031342 -0.675041 0.737105
762 -2.65 44.2 0.471 -0.003202 0.016618 -0.650585 0.759245
763 -2.59 43.9 0.473 -0.008805 0.032469 -0.612374 0.789852
764 -2.55 43.5 0.459 -0.022872 0.024574 -0.617074 0.786189
765 -2.55 43.1 0.462 -0.004222 0.013394 -0.62236 0.782605
766 -2.55 42.7 0.47 -0.011151 0.011712 -0.594862 0.803665
767 -2.52 42.3 0.437 -0.020929 0.030491 -0.572248 0.819246
768 -2.5 41.9 0.449 -0.02345 0.023062 -0.582054 0.812485
769 -2.51 41.5 0.415 -0.004465 0.028978 -0.581607 0.812941
770 -2.52 41.1 0.453 -0.030351 0.010381 -0.560168 0.827758
771 -2.52 40.7 0.464 -0.089791 -0.06994 -0.587434 0.801228
772 -2.53 40.4 0.523 -0.106657 -0.105677 -0.635688 0.757203
773 -2.59 40 0.509 -0.115374 -0.161411 -0.664012 0.720918
774 -2.62 39.6 0.536 -0.116689 -0.154708 -0.681568 0.70563
775 -2.63 39.2 0.506 -0.11811 -0.182336 -0.701898 0.678338
776 -2.66 38.8 0.522 -0.110206 -0.192715 -0.718464 0.659185
777 -2.7 38.5 0.511 -0.151664 -0.194424 -0.685541 0.685004
778 -2.68 38.1 0.479 -0.133845 -0.145035 -0.648459 0.735222
779 -2.64 37.7 0.447 -0.085559 -0.083284 -0.64459 0.755147
780 -2.64 37.3 0.405 -0.042605 -0.039319 -0.642187 0.764352
781 -2.64 36.9 0.369 0.008414 0.040772 -0.603173 0.796523
782 -2.6 36.5 0.317 0.003059 0.072739 -0.589618 0.804394
783 -2.57 36.2 0.342 0.03321 0.078813 -0.618613 0.781027
784 -2.6 35.8 0.324 0.021112 0.055629 -0.643075 0.763488
785 -2.64 35.4 0.345 0.052878 0.076974 -0.659614 0.745781
786 -2.69 35 0.329 0.035901 0.047112 -0.713055 0.698602
787 -2.77 34.6 0.361 0.042218 0.037625 -0.747827 0.66148
788 -2.85 34.2 0.366 -0.012602 -2e-05 -0.74449 0.667515
789 -2.88 33.9 0.385 -0.036769 -0.00135 -0.718647 0.694401
790 -2.88 33.5 0.389 -0.050634 -0.024165 -0.728402 0.682849
791 -2.92 33.1 0.392 -0.055789 -0.038419 -0.741915 0.667064
792 -2.93 32.7 0.403 -0.045224 -0.028611 -0.712391 0.699739
793 -2.88 32.3 0.392 -0.080767 -0.030555 -0.667934 0.739194
794 -2.87 31.9 0.424 -0.070773 -0.035713 -0.690838 0.71865
795 -2.91 31.5 0.414 -0.081442 -0.097843 -0.708124 0.694518
796 -2.88 31.1 0.438 -0.087161 -0.078931 -0.67682 0.726697
797 -2.81 30.6 0.38 -0.100659 -0.062232 -0.670468 0.732439
798 -2.81 30.2 0.399 -0.065102 -0.030771 -0.707069 0.703469
799 -2.81 29.8 0.37 -0.047061 -0.043438 -0.701701 0.709587
800 -2.79 29.3 0.381 -0.048799 -0.041111 -0.688685 0.722248
801 -2.76 28.9 0.365 -0.024393 -0.02374 -0.705812 0.707581
802 -2.77 28.5 0.353 -0.008728 -0.017122 -0.721446 0.692204
803 -2.75 28.1 0.34 0.024926 0.034233 -0.694403 0.718339
804 -2.71 27.6 0.29 0.012467 0.041678 -0.68059 0.731372
805 -2.7 27.2 0.295 0.056367 0.076758 -0.688447 0.719008
806 -2.71 26.8 0.265 0.048858 0.048763 -0.676273 0.733409
807 -2.66 26.4 0.269 0.036458 0.07487 -0.618395 0.781443
808 -2.65 26.1 0.23 0.013997 0.043765 -0.643207 0.764313
809 -2.65 25.8 0.266 0.037819 0.054236 -0.681905 0.728446
810 -2.7 25.4 0.253 0.030412 0.02425 -0.724953 0.687699
811 -2.7 24.9 0.29 0.021491 0.04111 -0.71858 0.693896
812 -2.7 24.6 0.261 -0.018813 0.019266 -0.73214 0.680622
813 -2.73 24.2 0.304 -0.010418 0.021643 -0.762645 0.646372
814 -2.78 23.8 0.292 -0.057738 -0.027642 -0.751812 0.656263
815 -2.77 23.3 0.318 -0.046529 -0.022523 -0.713703 0.698538
816 -2.76 23 0.291 -0.080079 -0.03288 -0.70883 0.700047
817 -2.8 22.6 0.32 -0.061699 -0.014786 -0.73852 0.67124
818 -2.84 22.3 0.282 -0.058777 -0.04428 -0.746814 0.660949
819 -2.83 21.9 0.284 -0.014538 -0.006189 -0.705691 0.708344
820 -2.82 21.6 0.234 -0.033081 0.007425 -0.693559 0.719602
821 -2.83 21.2 0.242 0.001509 0.033918 -0.712891 0.700452
822 -2.86 20.7 0.205 0.018254 0.007312 -0.710544 0.703378
823 -2.83 20.3 0.235 0.030006 0.037176 -0.65772 0.751746
824 -2.82 19.9 0.211 -0.028262 0.011285 -0.655673 0.754432
825 -2.88 19.5 0.235 -0.005659 -0.00607 -0.698403 0.715657
826 -2.92 19.2 0.197 -0.010612 -0.012328 -0.712359 0.701627
827 -2.89 18.8 0.214 0.009411 0.047642 -0.663626 0.746486
828 -2.87 18.4 0.173 -0.018228 0.048727 -0.651097 0.757209
829 -2.88 18.1 0.177 -0.00974 0.059457 -0.684197 0.726804
830 -2.92 17.7 0.164 -0.002007 0.031898 -0.727596 0.68526
831 -2.9 17.2 0.187 0.017591 0.032984 -0.704655 0.708565
832 -2.84 16.8 0.16 -0.044422 -0.000891 -0.691736 0.720783
833 -2.85 16.4 0.205 -0.017961 0.001022 -0.717999 0.695812
834 -2.89 15.9 0.18 -0.011151 -0.027156 -0.707042 0.706562
835 -2.88 15.5 0.193 -0.004194 -0.016272 -0.675052 0.737579
836 -2.88 15.2 0.162 -0.030316 -0.016866 -0.680702 0.731739
837 -2.94 14.8 0.174 0.019227 0.000736 -0.707365 0.706586
838 -2.99 14.3 0.154 0.003394 0.001686 -0.699785 0.714344
839 -2.98 13.9 0.163 -0.004857 -0.012436 -0.681649 0.731558
840 -2.98 13.6 0.143 -0.029665 -0.005596 -0.69416 0.719187
841 -3.02 13.1 0.17 -0.026103 -0.002662 -0.718336 0.695201
842 -3.05 12.8 0.144 -0.027907 -0.022416 -0.718706 0.694392
843 -3.04 12.5 0.165 -0.00856 0.000458 -0.686638 0.726949
844 -3.02 12.2 0.141 -0.037552 -0.011798 -0.67185 0.73964
845 -3.04 11.9 0.14 -0.044775 -0.008821 -0.705971 0.706769
846 -3.07 11.6 0.172 -0.007244 0.010123 -0.729871 0.683472
847 -3.11 11.3 0.169 -0.017006 -0.029784 -0.746276 0.664752
848 -3.1 11 0.233 -0.011836 0.002784 -0.717756 0.696188
849 -3.05 10.5 0.246 0.006065 0.010081 -0.6915 0.722281
850 -3.01 10.1 0.341 -0.002096 0.002177 -0.690764 0.723074
851 -3.03 9.71 0.347 -0.041896 -0.026821 -0.703104 0.709345
852 -3.01 9.28 0.412 -0.015898 0.010503 -0.669384 0.742672
853 -2.95 8.83 0.406 -0.054003 -0.027947 -0.655252 0.75296
854 -2.93 8.42 0.509 -0.019715 -0.006004 -0.677249 0.735465
855 -2.93 7.98 0.517 -0.017007 -0.02404 -0.671243 0.740652
856 -2.88 7.56 0.599 -0.019786 -0.013162 -0.644667 0.764094
857 -2.84 7.25 0.602 -0.047406 -0.023587 -0.643629 0.763503
858 -2.83 6.96 0.679 -0.0213 -0.015861 -0.659668 0.751088
859 -2.87 6.52 0.675 -0.003792 -0.004641 -0.678248 0.734808
860 -2.87 6.1 0.763 0.008671 0.005938 -0.655201 0.755381
861 -2.83 5.66 0.775 -0.047532 -0.005048 -0.675134 0.736145
862 -2.8 5.24 0.848 -0.029935 0.033116 -0.693478 0.719093
863 -2.76 4.83 0.865 -0.023319 -0.002391 -0.676791 0.735802
864 -2.65 4.44 0.913 -0.022838 0.022157 -0.614193 0.788514
865 -2.51 4.04 0.97 -0.029945 0.017057 -0.600946 0.798546
866 -2.38 3.68 1.01 -0.050956 -0.020155 -0.587601 0.807293
867 -2.19 3.32 1.05 -0.031178 0.009951 -0.531054 0.846706
868 -1.95 3.03 1.07 -0.027999 0.018869 -0.498975 0.865958
869 -1.72 2.77 1.12 -0.027997 0.028315 -0.505288 0.862032
870 -1.48 2.51 1.09 -0.021478 0.00657 -0.480713 0.87659
871 -1.2 2.3 1.12 -0.010703 0.029003 -0.425705 0.904334
872 -0.884 2.11 1.1 -0.025753 0.017414 -0.400779 0.915647
873 -0.607 1.92 1.14 0.004047 0.031122 -0.379392 0.924704
874 -0.334 1.69 1.11 0.003093 0.04458 -0.32922 0.943195
875 -0.0628 1.5 1.13 -0.000266 0.074197 -0.256193 0.963774
876 0.258 1.34 1.1 -0.018896 0.030258 -0.217032 0.975512
877 0.57 1.18 1.13 -0.005257 0.011986 -0.188385 0.982008
878 0.897 0.996 1.11 -0.006864 -0.017737 -0.14617 0.989077
879 1.23 0.86 1.12 -0.00876 -0.010966 -0.094822 0.995395
880 1.61 0.738 1.1 -0.017729 -0.015051 -0.097498 0.994964
881 1.96 0.603 1.1 -0.010433 -0.012403 -0.101513 0.994702
882 2.35 0.493 1.1 -0.017199 0.000684 -0.050701 0.998566
883 2.74 0.453 1.07 -0.026943 -0.00106 -0.010313 0.999583
884 3.13 0.39 1.1 -0.007682 -0.019319 -0.04187 0.998907
885 3.53 0.284 1.08 0.005283 -0.039014 -0.065267 0.997091
886 3.92 0.244 1.11 -0.002518 -0.004374 -0.013217 0.9999
887 4.35 0.285 1.09 -0.025717 -0.044075 0.025584 0.998369
888 4.76 0.256 1.12 -0.014557 -0.001132 0.005607 0.999878
889 5.2 0.185 1.07 -0.018133 -0.002329 -0.001368 0.999832
890 5.61 0.192 1.1 -0.003997 0.009345 0.028668 0.999537
891 5.91 0.217 1.09 -0.02225 -0.037424 0.028707 0.998639
892 6.34 0.199 1.12 -0.00612 0.001113 -0.01447 0.999876
893 6.77 0.156 1.1 -0.007112 -0.022293 -0.00638 0.999706
894 7.16 0.175 1.13 -0.002502 -0.025423 0.034521 0.999077
895 7.59 0.181 1.11 -0.014867 -0.007726 0.002576 0.999856
896 7.97 0.116 1.12 0.02125 -0.025581 -0.04988 0.998201
897 8.38 0.0774 1.13 0.035246 -0.024713 -0.009514 0.999028
898 8.77 0.0906 1.13 0.00821 -0.05833 0.01818 0.998098
899 9.17 0.0664 1.14 -0.00468 -0.013303 -0.012479 0.999823
900 9.57 0.00883 1.14 0.008151 -0.062322 -0.057518 0.996364
901 9.96 -6.4e-05 1.16 0.002806 -0.025173 -0.022268 0.999431
902 10.4 0.038 1.13 -0.012921 -0.038597 -0.011988 0.999099
903 10.8 0.00877 1.15 0.003588 -0.018113 -0.046376 0.998753
904 11.2 -0.0397 1.14 0.016947 -0.067075 -0.012554 0.997525
905 11.6 -0.0349 1.15 0.002859 -0.069932 0.023123 0.99728
906 12 -0.0519 1.14 0.016974 -0.054466 -0.018831 0.998194
907 12.4 -0.101 1.14 0.009962 -0.049389 -0.047105 0.997618
908 12.8 -0.121 1.14 0.019349 -0.016737 -0.022092 0.999429
909 13.2 -0.0907 1.12 -0.005592 -0.025396 -0.008769 0.999623
910 13.6 -0.0853 1.14 0.01327 -0.006704 -0.061109 0.99802
911 14 -0.116 1.13 0.038889 -0.071567 -0.077789 0.993637
912 14.4 -0.0968 1.14 0.02297 -0.0086 -0.010884 0.99964
913 14.8 -0.0407 1.1 -0.0003 -0.017442 0.017559 0.999694
914 15.2 -0.0328 1.14 0.008196 0.013929 -0.004013 0.999861
915 15.6 -0.0407 1.12 0.025709 -0.035458 0.007275 0.999014
916 16 0.00264 1.15 0.008975 -0.013452 0.059256 0.998112
917 16.3 0.0806 1.12 -0.007709 -0.022074 0.070039 0.99727
918 16.7 0.119 1.14 -0.013565 0.015007 0.108305 0.993912
919 17.1 0.154 1.12 -0.017836 0.023332 0.172199 0.984624
920 17.4 0.213 1.13 -0.01843 0.030538 0.223123 0.974137
921 17.8 0.332 1.11 -0.022542 0.003381 0.239044 0.970741
922 18.1 0.424 1.14 0.004975 -0.014745 0.285132 0.958362
923 18.4 0.489 1.14 -0.00373 -0.021938 0.354706 0.934713
924 18.7 0.57 1.16 0.000269 -0.042621 0.394063 0.918095
925 19.1 0.661 1.18 0.001552 -0.063806 0.408892 0.910348
926 19.4 0.706 1.2 0.037681 -0.065102 0.428503 0.900404
927 19.7 0.771 1.23 0.030702 -0.079104 0.50324 0.85997
928 20 0.884 1.2 0.051396 -0.098686 0.519946 0.846921
929 20.3 1.03 1.21 0.03071 -0.06966 0.551784 0.830505
930 20.7 1.14 1.22 0.005118 -0.071687 0.610373 0.788847
931 21 1.24 1.2 -0.00557 -0.061784 0.601328 0.796591
932 21.3 1.39 1.19 -0.038324 -0.068075 0.566197 0.820559
933 21.6 1.53 1.19 -0.016574 -0.052557 0.56863 0.820745
934 21.9 1.7 1.21 -0.014866 -0.048528 0.611034 0.789976
935 22.1 1.91 1.21 0.003548 -0.057437 0.661684 0.747571
936 22.3 2.16 1.22 0.005413 -0.069331 0.706782 0.704005
937 22.5 2.5 1.22 0.028687 -0.06845 0.770793 0.632747
938 22.5 2.73 1.25 0.00563 -0.056322 0.828652 0.556896
939 22.5 3.09 1.23 0.041451 -0.068445 0.858639 0.506296
940 22.5 3.39 1.25 0.055907 -0.050512 0.832217 0.549306
941 22.6 3.71 1.19 0.041799 -0.018709 0.827596 0.559453
942 22.6 4.04 1.16 -0.016099 0.01337 0.806541 0.590807
943 22.7 4.4 1.1 0.013277 -0.010395 0.746513 0.665157
944 22.7 4.76 1.08 -0.006119 0.025708 0.70071 0.712957
945 22.8 5.11 1.02 0.038845 0.001669 0.728828 0.683592
946 22.8 5.48 0.975 -6.2e-05 -0.005855 0.704973 0.70921
947 22.9 5.87 0.923 -0.040262 0.02243 0.652883 0.756055
948 23 6.24 0.884 0.003524 0.00893 0.640234 0.76812
949 23 6.58 0.895 0.009226 -0.006622 0.654933 0.755601
950 23 6.95 0.848 0.047995 -0.054678 0.611309 0.788041
951 23.1 7.3 0.87 0.058366 -0.056698 0.571466 0.816582
952 23.1 7.68 0.824 0.093562 -0.114048 0.612452 0.776622
953 23.1 8.04 0.814 0.079604 -0.110651 0.668696 0.730935
954 23.1 8.42 0.765 0.081752 -0.132326 0.686792 0.710017
955 23 8.8 0.72 0.056476 -0.098903 0.734206 0.669306
956 23 9.17 0.633 0.010509 -0.05555 0.788299 0.61269
957 23 9.54 0.532 -0.040714 -0.025957 0.785597 0.616852
958 23 9.92 0.493 -0.067169 0.040661 0.749547 0.657278
959 23.1 10.3 0.43 -0.046423 0.034439 0.713744 0.698018
960 23.2 10.7 0.431 -0.055436 0.036398 0.68372 0.726725
961 23.2 11 0.398 -0.017723 0.007832 0.634604 0.772595
962 23.3 11.4 0.407 0.005714 0.010916 0.607491 0.794231
963 23.4 11.8 0.378 0.01035 -0.004624 0.634956 0.772465
964 23.3 12.2 0.343 0.013206 -0.039201 0.652411 0.756735
965 23.4 12.5 0.359 0.001793 -0.042667 0.635495 0.770923
966 23.5 12.9 0.32 0.026942 -0.05629 0.666849 0.742575
967 23.4 13.3 0.33 -0.016306 -0.031892 0.721789 0.691185
968 23.4 13.7 0.315 0.017077 -0.070795 0.709174 0.701262
969 23.4 14.1 0.343 0.023685 -0.050031 0.694982 0.716894
970 23.4 14.5 0.311 0.037555 -0.038291 0.706062 0.706116
971 23.3 14.8 0.328 0.008095 -0.037095 0.72589 0.686762
972 23.2 15.2 0.333 0.002028 -0.041535 0.698901 0.714008
973 23.2 15.5 0.334 -0.001035 -0.03134 0.693272 0.719994
974 23.1 15.9 0.327 -0.01844 -0.03337 0.757749 0.651432
975 22.9 16.1 0.311 -0.033441 -0.046648 0.785331 0.616409
976 22.8 16.4 0.346 0.003271 -0.037063 0.721097 0.691834
977 22.7 16.8 0.356 0.030275 -0.043472 0.683339 0.728177
978 22.7 17.1 0.372 0.028419 -0.057973 0.659996 0.74849
979 22.7 17.4 0.403 -0.00697 -0.03177 0.659594 0.750918
980 22.8 17.7 0.484 0.009353 -0.021427 0.688523 0.724838
981 22.8 18 0.493 0.00915599 -0.022839 0.705954 0.707831
982 22.8 18.4 0.456 0.002213 -0.035465 0.692151 0.720877
983 22.8 18.8 0.468 0.024664 -0.02495 0.69426 0.718868
984 22.8 19.1 0.459 0.025448 -0.030424 0.697301 0.71568
985 22.8 19.5 0.435 0.000296 -0.024575 0.702326 0.711431
986 22.8 19.9 0.443 -0.001016 -0.026905 0.682036 0.730822
987 22.8 20.3 0.427 0.023162 -0.030805 0.683822 0.72863
988 22.8 20.7 0.471 -0.001657 -0.031783 0.703127 0.710352
989 22.8 21.1 0.483 0.009546 -0.066961 0.689143 0.721462
990 22.9 21.5 0.484 0.011676 -0.028539 0.693319 0.719971
991 22.9 21.9 0.505 0.019951 -0.024901 0.716483 0.696874
992 22.9 22.3 0.488 0.016032 -0.051959 0.704161 0.707955
993 22.9 22.7 0.5 -0.000676 -0.020427 0.680845 0.732142
994 22.9 23.2 0.459 -0.004746 -0.002422 0.691657 0.722207
995 22.9 23.6 0.475 -0.016494 -0.015336 0.703335 0.710501
996 22.9 24 0.491 -0.006537 -0.03126 0.684081 0.728706
997 23 24.4 0.468 -0.000461 -0.022041 0.690445 0.723049
998 23 24.9 0.498 -0.024126 -0.011078 0.709766 0.703937
999 22.9 25.3 0.498 0.00037 -0.029827 0.688127 0.724977
1000 22.9 25.7 0.5 0.005096 -0.015379 0.679936 0.733092
1001 22.9 26.1 0.501 -0.00714 -0.011717 0.698408 0.715568
1002 22.9 26.5 0.48 0.000274 -0.023576 0.688118 0.725215
1003 22.9 27 0.515 -0.001568 -0.004128 0.678723 0.734381
1004 22.9 27.4 0.491 0.008219 -0.000213 0.697508 0.716529
1005 22.9 27.8 0.515 -8e-05 -0.025269 0.69576 0.71783
1006 22.9 28.2 0.527 0.000915 -0.022173 0.681449 0.731529
1007 22.9 28.6 0.505 0.006131 -0.017987 0.686122 0.727239
1008 22.9 29 0.541 -0.009314 -0.009638 0.701692 0.712354
1009 22.9 29.4 0.521 -0.013198 -0.027849 0.686442 0.726531
1010 22.9 29.8 0.539 -0.000981 -0.019206 0.678823 0.73405
1011 22.9 30.3 0.552 -0.007891 -0.032772 0.705859 0.70755
1012 23 30.7 0.538 -0.012858 -0.037844 0.697977 0.715004
1013 23 31.1 0.577 -0.016126 -0.019307 0.680845 0.731996
1014 23 31.5 0.561 -0.010751 -0.018802 0.690114 0.723376
1015 23 31.9 0.589 -0.018023 -0.023678 0.699107 0.714397
1016 23 32.3 0.588 -0.020835 -0.021858 0.685378 0.727561
1017 23 32.7 0.582 0.006387 -0.022247 0.680989 0.731928
1018 23 33.1 0.627 -0.007855 -0.019347 0.714444 0.699381
1019 23 33.5 0.604 0.002572 -0.034439 0.701029 0.712296
1020 23 33.9 0.62 -0.019047 -0.007312 0.682403 0.730692
1021 23 34.4 0.627 -0.008757 -0.031033 0.698738 0.71465
1022 23 34.8 0.623 -0.020466 -0.034234 0.696645 0.716307
1023 23 35.2 0.652 -0.018332 -0.012902 0.676813 0.735814
1024 23 35.6 0.62 -0.003012 -0.014266 0.682184 0.731035
1025 23 36 0.65 -0.024448 -0.004868 0.692025 0.721443
1026 23 36.5 0.651 -0.014561 -0.011795 0.669487 0.742587
1027 23 36.9 0.657 0.002386 -0.012528 0.67631 0.736507
1028 23 37.3 0.69 -0.013834 -0.007177 0.691074 0.722616
1029 23 37.7 0.66 -0.013851 -0.021499 0.683298 0.729691
1030 23 38.1 0.687 -0.024186 -0.004998 0.676323 0.736191
1031 23.1 38.6 0.692 -0.014834 -0.018981 0.68838 0.72495
1032 23.1 39 0.69 -0.020836 -0.031138 0.696044 0.717021
1033 23.1 39.4 0.726 -0.024412 -0.024596 0.682221 0.730324
1034 23.1 39.8 0.71 0.001104 -0.025659 0.685049 0.728044
1035 23.1 40.3 0.734 -0.024831 -0.012725 0.69846 0.715105
1036 23.1 40.7 0.723 -0.02091 -0.014968 0.68457 0.728494
1037 23.1 41.1 0.727 0.003111 -0.01027 0.680153 0.732992
1038 23.1 41.6 0.765 -0.020547 -0.015474 0.69996 0.713719
1039 23.1 42 0.741 -0.01405 -0.022998 0.696949 0.716614
1040 23.1 42.4 0.77 -0.019243 -0.003652 0.686146 0.727201
1041 23.2 42.8 0.77 -0.005987 -0.021859 0.701767 0.712046
1042 23.2 43.3 0.759 -0.024226 -0.020849 0.698011 0.715373
1043 23.2 43.7 0.791 -0.027015 -0.006185 0.683963 0.72899
1044 23.2 44.1 0.768 -0.01989 -0.004621 0.6934 0.720263
1045 23.2 44.5 0.798 -0.03521 -0.012154 0.70095 0.712237
1046 23.2 45 0.811 -0.023952 -0.005974 0.684273 0.728808
1047 23.2 45.4 0.809 -0.015469 0.003513 0.683645 0.729642
1048 23.2 45.8 0.854 -0.028349 -0.019943 0.701246 0.712076
1049 23.2 46.2 0.84 -0.022537 -0.027124 0.691801 0.721227
1050 23.2 46.6 0.867 -0.018363 -0.001376 0.682637 0.730526
1051 23.2 47.1 0.888 -0.01569 -0.037082 0.693409 0.719419
1052 23.2 47.5 0.87 -0.013891 -0.025585 0.687397 0.725698
1053 23.2 47.9 0.9 -0.028087 0.006581 0.680868 0.731838
1054 23.2 48.3 0.883 -0.02085 -0.009845 0.694224 0.719389
1055 23.2 48.8 0.903 -0.019807 -0.020127 0.695435 0.718034
1056 23.2 49.1 0.898 -0.012386 -0.01372 0.683357 0.72985
1057 23.2 49.5 0.919 -0.015 -0.002622 0.680466 0.732621
1058 23.2 49.9 0.941 -0.01994 -0.018138 0.702297 0.711374
1059 23.2 50.4 0.913 -0.027379 -0.022252 0.69468 0.718453
1060 23.2 50.8 0.946 -0.039471 0.002335 0.682111 0.730179
1061 23.3 51.2 0.945 -0.02217 -0.004894 0.697198 0.716519
1062 23.3 51.6 0.948 -0.02811 -0.014473 0.698056 0.715345
1063 23.3 52.1 0.961 -0.036459 0.008518 0.678635 0.73352
1064 23.3 52.5 0.946 -0.015509 -0.002232 0.680563 0.732522
1065 23.3 52.9 0.97 -0.038316 0.00065 0.693337 0.719594
1066 23.3 53.4 0.965 -0.036335 -0.004861 0.671097 0.740463
1067 23.3 53.8 0.974 -0.025045 -0.005371 0.670718 0.74127
1068 23.3 54.2 0.996 -0.040576 0.006758 0.692883 0.719876
1069 23.3 54.7 0.986 -0.023987 -0.011221 0.677901 0.734676
1070 23.3 55.1 1.01 -0.018154 0.002478 0.674938 0.737647
1071 23.3 55.5 1.02 -0.015267 -0.003797 0.689518 0.724097
1072 23.3 56 0.999 -0.035947 -0.006738 0.688032 0.724758
1073 23.3 56.4 1.04 -0.043425 0.017169 0.670989 0.739996
1074 23.3 56.8 1.04 -0.012657 -0.015759 0.683781 0.729408
1075 23.3 57.2 1.06 -0.021443 -0.024575 0.68878 0.724236
1076 23.3 57.6 1.06 -0.023646 -0.015716 0.667391 0.744166
1077 23.3 58 1.05 -0.013762 -0.011401 0.672983 0.739442
1078 23.3 58.5 1.08 -0.025801 -0.010663 0.684918 0.728085
1079 23.4 58.9 1.05 -0.030338 -0.024928 0.670486 0.740882
1080 23.4 59.3 1.07 -0.028017 0.004716 0.667845 0.743758
1081 23.4 59.7 1.08 -0.031254 -0.016586 0.689118 0.723785
1082 23.4 60.2 1.06 -0.036615 -0.021793 0.686333 0.726038
1083 23.4 60.6 1.1 -0.044576 -0.000202 0.677769 0.733922
1084 23.4 61 1.09 -0.036741 0.001265 0.683933 0.728618
1085 23.4 61.5 1.11 -0.037451 -0.018449 0.684116 0.728177
1086 23.4 61.9 1.12 -0.032504 -0.000132 0.672273 0.739589
1087 23.4 62.3 1.1 -0.021864 0.006217 0.678697 0.734067
1088 23.4 62.7 1.14 -0.037308 0.005783 0.695464 0.717569
1089 23.4 63.2 1.13 -0.011095 -0.0163 0.684728 0.728532
1090 23.4 63.6 1.15 -0.003083 -0.004967 0.689296 0.724456
1091 23.4 64 1.18 -0.006177 -0.023232 0.698258 0.715443
1092 23.4 64.4 1.16 -0.015242 -0.02796 0.692272 0.720934
1093 23.4 64.9 1.18 -0.020134 -0.001985 0.679394 0.733495
1094 23.5 65.3 1.16 -0.008312 -0.010611 0.691537 0.722215
1095 23.5 65.7 1.16 -0.025681 -0.014331 0.69277 0.720558
1096 23.5 66.1 1.19 -0.026971 -0.006289 0.680263 0.732445
1097 23.5 66.5 1.17 -0.017327 -0.006565 0.685806 0.727549
1098 23.5 67 1.21 -0.035574 -0.010941 0.698215 0.71492
1099 23.5 67.4 1.2 -0.035046 -0.002649 0.680067 0.732307
1100 23.5 67.8 1.21 -0.012363 -0.00955 0.678324 0.734597
1101 23.5 68.3 1.23 -0.032698 -0.007641 0.698541 0.714782
1102 23.5 68.7 1.21 -0.0369 -0.006959 0.684488 0.728057
1103 23.5 69.1 1.23 -0.041505 0.008131 0.676736 0.73501
1104 23.6 69.5 1.23 -0.029483 -0.012056 0.692519 0.720696
1105 23.6 69.9 1.22 -0.03764 -0.018894 0.691948 0.720718
1106 23.6 70.4 1.25 -0.051709 -0.002778 0.672726 0.738078
1107 23.6 70.8 1.24 -0.020499 -0.008107 0.684603 0.728583
1108 23.6 71.2 1.28 -0.03934 -0.012433 0.695647 0.717198
1109 23.7 71.6 1.28 -0.039375 -0.005354 0.672615 0.738925
1110 23.7 72.1 1.28 -0.022552 -0.009809 0.676931 0.735635
1111 23.7 72.5 1.32 -0.03848 -0.011633 0.702317 0.710728
1112 23.7 72.9 1.29 -0.028518 -0.012137 0.687823 0.725217
1113 23.8 73.4 1.32 -0.028957 -0.00598 0.680282 0.732353
1114 23.8 73.8 1.32 -0.034193 -0.004302 0.699259 0.714037
1115 23.8 74.2 1.31 -0.022572 -0.018697 0.693223 0.720127
1116 23.8 74.6 1.33 -0.0268 0.007255 0.672881 0.739229
1117 23.8 75 1.31 -0.006208 -0.00936 0.686568 0.726979
1118 23.9 75.4 1.33 -0.023501 -0.014 0.689795 0.723487
1119 24 75.7 1.33 -0.022761 -0.009483 0.673351 0.738912
1120 24 76 1.32 -0.00258 -0.009307 0.694546 0.719384
1121 24.2 76.4 1.33 -0.020933 -0.016132 0.716607 0.696976
1122 24.3 76.7 1.32 -0.012018 -0.021288 0.722412 0.69103
1123 24.3 77.1 1.32 -0.008369 -0.000806 0.7366 0.676276
1124 24.4 77.4 1.3 -0.021566 0.004071 0.751877 0.658938
1125 24.3 77.7 1.3 -0.008699 -0.015722 0.772492 0.63477
1126 24.4 78.1 1.32 -0.013435 0.01161 0.776119 0.630336
1127 24.4 78.5 1.36 -0.020552 0.008179 0.777446 0.628561
1128 24.4 78.8 1.38 -0.016321 -0.007904 0.776562 0.62978
1129 24.4 79.1 1.39 -0.018376 0.015206 0.778659 0.626993
1130 24.4 79.4 1.4 -0.007425 0.003428 0.790942 0.611836
1131 24.4 79.8 1.39 -0.021979 0.003301 0.784774 0.619383
1132 24.3 80.1 1.39 -0.015079 0.021706 0.75624 0.65376
1133 24.3 80.5 1.4 -0.00496 0.01207 0.759265 0.650651
1134 24.3 80.9 1.42 -0.026158 0.011178 0.769969 0.637447
1135 24.3 81.2 1.42 -0.007503 0.003299 0.751602 0.659566
1136 24.3 81.6 1.42 0.006927 -0.002017 0.753929 0.656916
1137 24.3 82 1.45 -0.012065 0.001128 0.780372 0.625198
1138 24.3 82.4 1.44 -0.000768 -0.006147 0.772735 0.634699
1139 24.3 82.7 1.45 -0.005638 0.004852 0.767942 0.640476
1140 24.2 83.1 1.47 -0.008588 0.001861 0.789992 0.613054
1141 24.2 83.5 1.47 -0.009832 -0.012588 0.788643 0.614644
1142 24.1 83.9 1.49 -0.016622 0.001062 0.757583 0.652526
1143 24 84.2 1.47 -0.003886 0.007483 0.748604 0.662963
1144 23.9 84.6 1.5 -0.009893 -0.000741 0.745604 0.666316
1145 23.9 85 1.5 -0.004867 -0.01178 0.717772 0.696162
1146 23.9 85.4 1.49 -0.001767 0.001064 0.717102 0.696965
1147 23.8 85.8 1.52 -0.02354 -0.002806 0.752704 0.657932
1148 23.8 86.2 1.5 -0.025968 -0.011224 0.734649 0.677857
1149 23.8 86.6 1.54 -0.016963 -0.009659 0.714436 0.699428
1150 23.8 87 1.54 -0.00491 -0.014186 0.74391 0.668111
1151 23.8 87.4 1.53 -0.028547 -0.026451 0.731136 0.681121
1152 23.7 87.9 1.56 -0.015336 -0.022351 0.690229 0.723083
1153 23.8 88.3 1.53 -0.009998 0.006281 0.695695 0.71824
1154 23.7 88.7 1.56 -0.024756 -0.007491 0.720542 0.692929
1155 23.7 89.1 1.56 -0.030278 -0.032486 0.700479 0.71229
1156 23.7 89.5 1.55 -0.022541 -0.009879 0.697292 0.716364
1157 23.7 90 1.59 -0.023792 -0.019912 0.72773 0.685162
1158 23.7 90.4 1.56 -0.025057 -0.032435 0.705421 0.707603
1159 23.7 90.8 1.59 -0.025254 -0.008558 0.684447 0.728575
1160 23.7 91.2 1.58 -0.008441 -0.018897 0.694295 0.719393
1161 23.6 91.6 1.57 -0.032183 -0.011829 0.690415 0.7226
1162 23.6 92 1.6 -0.028203 -0.00246 0.658115 0.752385
1163 23.6 92.5 1.58 -0.024787 0.001172 0.667757 0.743965
1164 23.6 92.9 1.62 -0.032117 -0.007016 0.691661 0.721474
1165 23.6 93.3 1.6 -0.021457 -0.020193 0.669326 0.742384
1166 23.6 93.7 1.62 -0.021684 0.004123 0.662334 0.748883
1167 23.6 94.1 1.64 -0.024216 -0.015906 0.70493 0.708685
1168 23.7 94.5 1.62 -0.027309 -0.029396 0.704823 0.708247
1169 23.7 94.9 1.65 -0.04008 0.000542 0.682643 0.729652
1170 23.7 95.4 1.64 -0.021547 -0.017181 0.695196 0.718292
1171 23.7 95.8 1.66 -0.030658 -0.019178 0.702494 0.71077
1172 23.7 96.2 1.68 -0.023791 -0.026461 0.684159 0.728464
1173 23.7 96.6 1.67 -0.013168 -0.01303 0.682506 0.730646
1174 23.7 97 1.71 -0.021872 -0.01603 0.702168 0.711495
1175 23.7 97.4 1.67 -0.024369 -0.028067 0.687513 0.72522
1176 23.7 97.8 1.7 -0.025513 0.008444 0.679805 0.7329
1177 23.7 98.3 1.69 -0.033248 -0.002905 0.701026 0.712354
1178 23.7 98.7 1.7 -0.032974 -0.028321 0.69985 0.712967
1179 23.7 99.1 1.73 -0.028068 -0.012351 0.684687 0.728192
1180 23.7 99.5 1.7 -0.01801 -0.012628 0.691317 0.722217
1181 23.7 99.9 1.74 -0.034128 -0.014844 0.714539 0.698605
1182 23.7 100 1.72 -0.020493 -0.020135 0.692071 0.721258
1183 23.7 101 1.74 -0.010323 -0.009716 0.681369 0.731803
1184 23.8 101 1.76 -0.016745 -0.029467 0.701131 0.712227
1185 23.8 101 1.74 -0.02493 -0.038963 0.703024 0.70966
1186 23.8 102 1.77 -0.047821 -0.012903 0.687585 0.724413
1187 23.8 102 1.77 -0.021823 -0.043192 0.70248 0.710056
1188 23.8 103 1.79 -0.03326 -0.027091 0.719083 0.693599
1189 23.8 103 1.8 -0.020643 -0.034885 0.699206 0.71377
1190 23.8 103 1.8 -0.004314 -0.027741 0.706869 0.706787
1191 23.8 104 1.81 -0.032419 -0.010648 0.738851 0.673004
1192 23.7 104 1.8 -0.026881 -0.023819 0.721999 0.690962
1193 23.7 105 1.82 -0.031431 0.014669 0.688372 0.724528
1194 23.7 105 1.82 -0.003223 0.012222 0.70475 0.709344
1195 23.7 106 1.84 -0.017951 -0.010889 0.723568 0.689934
1196 23.7 106 1.85 -0.024523 0.002447 0.693736 0.719807
1197 23.8 106 1.83 -0.014649 0.005187 0.690436 0.723226
1198 23.8 107 1.87 -0.035749 0.001055 0.717625 0.695511
1199 23.8 107 1.86 -0.019792 -0.032513 0.687366 0.725314
1200 23.8 108 1.87 -0.021094 -0.009965 0.683627 0.729458
1201 23.8 108 1.88 -0.036215 -0.010622 0.716408 0.69666
1202 23.7 108 1.87 -0.035333 -0.040498 0.713453 0.698638
1203 23.7 109 1.89 -0.049958 -0.005396 0.676995 0.73427
1204 23.7 109 1.88 -0.019336 -0.009474 0.684951 0.728271
1205 23.7 110 1.89 -0.040127 -0.013056 0.698086 0.714769
1206 23.7 110 1.91 -0.034748 -0.019975 0.673711 0.737907
1207 23.7 111 1.89 -0.021923 -0.002589 0.683908 0.729234
1208 23.7 111 1.93 -0.032207 -0.000185 0.696314 0.717014
1209 23.7 111 1.92 -0.018047 -0.050835 0.682659 0.728744
1210 23.7 112 1.93 -0.012238 -0.025921 0.676241 0.736123
1211 23.7 112 1.95 -0.014337 -0.027135 0.698674 0.714782
1212 23.7 113 1.92 -0.022656 -0.021369 0.693422 0.719859
1213 23.7 113 1.96 -0.028352 -0.001477 0.679929 0.732728
1214 23.7 114 1.95 -0.0111 -0.005112 0.694309 0.719573
1215 23.7 114 1.95 -0.023168 -0.01049 0.705676 0.708079
1216 23.7 114 1.97 -0.016843 -0.016624 0.683814 0.729272
1217 23.8 115 1.95 -0.004335 -0.006755 0.685621 0.727915
1218 23.8 115 1.98 -0.032913 0.01492 0.71522 0.697965
1219 23.8 116 1.97 -0.026672 -0.005118 0.703056 0.710616
1220 23.8 116 1.98 -0.015888 -0.003829 0.699469 0.714476
1221 23.8 117 2.01 -0.027168 -0.005749 0.71885 0.694611
1222 23.8 117 1.99 -0.026381 -0.01494 0.706652 0.706911
1223 23.8 117 2.02 -0.023312 -0.001681 0.695935 0.717724
1224 23.8 118 2.01 -0.008839 -0.006503 0.711172 0.702933
1225 23.8 118 2.02 -0.027033 -0.011541 0.713801 0.699732
1226 23.9 119 2.05 -0.039936 -0.007371 0.690056 0.722616
1227 23.9 119 2.02 -0.020331 0.00435 0.694428 0.719261
1228 23.9 120 2.07 -0.02502 -0.002338 0.714437 0.699248
1229 23.9 120 2.06 -0.025981 -0.016289 0.696089 0.7173
1230 23.9 120 2.05 -0.022627 -0.0009 0.701298 0.712508
1231 23.9 121 2.07 -0.043603 -0.002599 0.718608 0.694042
1232 23.9 121 2.05 -0.040904 -0.011677 0.707203 0.705729
1233 23.9 122 2.08 -0.042036 0.007829 0.695077 0.717662
1234 24 122 2.09 -0.029132 -0.014255 0.716595 0.696735
1235 24 122 2.09 -0.038294 -0.008505 0.716198 0.696794
1236 24 123 2.12 -0.035086 -0.001497 0.695284 0.717877
1237 24 123 2.1 -0.023546 -0.000459 0.70418 0.709631
1238 24 124 2.13 -0.039365 0.000561 0.718914 0.693983
1239 24 124 2.12 -0.045348 -0.007071 0.703805 0.708909
1240 24 125 2.13 -0.028808 -0.000323 0.701637 0.711952
1241 24 125 2.16 -0.03975 0.004161 0.721105 0.691673
1242 24 125 2.14 -0.032956 -0.015281 0.71333 0.699886
1243 24 126 2.18 -0.034783 -0.002895 0.711877 0.701436
1244 24.1 126 2.17 -0.027377 -0.004531 0.725896 0.687244
1245 24.1 127 2.18 -0.037854 -0.021221 0.72921 0.682913
1246 24.1 127 2.21 -0.034896 -0.013592 0.724593 0.688159
1247 24.1 127 2.18 -0.017891 -0.006088 0.735085 0.677712
1248 24.1 128 2.22 -0.031677 -0.016924 0.757053 0.652366
1249 24.2 128 2.2 -0.029493 -0.026389 0.746679 0.664006
1250 24.2 129 2.22 -0.03229 -0.005948 0.750616 0.659922
1251 24.2 129 2.24 -0.038289 0.004709 0.767132 0.640328
1252 24.2 130 2.23 -0.037347 -0.010602 0.761248 0.647297
1253 24.2 130 2.27 -0.04849 0.007537 0.755201 0.653654
1254 24.2 130 2.26 -0.029755 -0.00631 0.778933 0.626369
1255 24.2 131 2.29 -0.041143 -0.019759 0.791029 0.610074
1256 24.2 131 2.31 -0.048954 -0.010902 0.794369 0.605361
1257 24.2 132 2.31 -0.027176 0.00975 0.814936 0.578831
1258 24.3 132 2.37 -0.040077 0.008423 0.848918 0.526936
1259 24.2 132 2.36 -0.044181 -0.009022 0.870775 0.489609
1260 24.2 133 2.4 -0.026182 0.006158 0.874041 0.485107
1261 24.1 133 2.45 -0.026564 0.005513 0.894804 0.445634
1262 24.1 133 2.47 -0.036526 -0.021354 0.907673 0.41754
1263 24 134 2.55 -0.060326 -0.006934 0.910914 0.408103
1264 24 134 2.57 -0.034938 -0.013169 0.928997 0.368198
1265 23.9 135 2.67 -0.045416 -0.013735 0.947603 0.315906
1266 23.9 135 2.68 -0.062983 -0.023851 0.957862 0.279222
1267 23.8 135 2.73 -0.056286 0.003292 0.968876 0.24104
1268 23.8 136 2.79 -0.054679 -0.013845 0.979097 0.195419
1269 23.8 136 2.81 -0.052701 -0.025637 0.975561 0.211769
1270 23.7 137 2.87 -0.068156 -0.04367 0.976853 0.198007
1271 23.6 137 2.89 -0.021717 -0.02973 0.980437 0.19336
1272 23.5 137 2.98 -0.034872 -0.034284 0.985188 0.164355
1273 23.4 138 2.99 -0.042481 -0.051069 0.982894 0.171773
1274 23.3 138 3.08 -0.032456 -0.045032 0.986052 0.156907
1275 23.3 138 3.15 -0.016207 -0.046328 0.995653 0.079163
1276 23.2 139 3.17 -0.029337 -0.030119 0.998284 0.040754
1277 23.1 139 3.23 -0.037943 -0.03664 0.998552 0.010571
1278 23 139 3.24 -0.04144 -0.014381 0.998724 -0.025023
1279 22.9 140 3.31 -0.046093 -0.027418 0.994406 -0.090994
1280 22.8 140 3.3 -0.051039 -0.025655 0.991661 -0.115522
1281 22.6 140 3.37 -0.050637 -0.022753 0.988087 -0.143534
1282 22.4 141 3.42 -0.047204 -0.02509 0.97618 -0.210271
1283 22.3 141 3.41 -0.059652 -0.033483 0.969532 -0.235219
1284 22 141 3.47 -0.054329 -0.013507 0.965652 -0.253737
1285 21.8 141 3.48 -0.069403 -0.016598 0.942483 -0.326549
1286 21.5 142 3.47 -0.063907 -0.030976 0.937284 -0.341255
1287 21.2 142 3.48 -0.069024 -0.024383 0.932505 -0.35366
1288 20.9 142 3.49 -0.061893 -0.049915 0.912817 -0.400552
1289 20.6 142 3.52 -0.004333 -0.031172 0.899669 -0.435436
1290 20.3 142 3.49 0.0182 0.013155 -0.857424 0.51412
1291 19.9 142 3.51 0.004993 0.018246 -0.821545 0.569829
1292 19.6 142 3.48 0.024272 0.036745 -0.858272 0.511302
1293 19.3 142 3.48 0.024078 0.006727 -0.855483 0.517228
1294 19 142 3.44 -0.034664 -0.020053 0.874838 -0.482758
1295 18.6 142 3.44 -0.038399 -0.003145 0.894848 -0.444705
1296 18.2 142 3.45 -0.023704 -0.012888 0.879337 -0.475436
1297 17.8 142 3.43 -0.016379 -0.02059 0.868762 -0.494531
1298 17.5 142 3.43 0.003329 0.029584 -0.864155 0.502345
1299 17.2 142 3.44 0.001793 -0.002679 -0.861905 0.50706
1300 16.9 142 3.44 -0.017394 0.003446 -0.845726 0.533323
1301 16.5 142 3.42 0.012237 0.011725 -0.852165 0.522998
1302 16.1 142 3.43 0.011591 0.021807 -0.850989 0.524602
1303 15.8 142 3.41 0.006994 0.006883 -0.833716 0.552106
1304 15.4 142 3.43 0.020209 0.016395 -0.827424 0.560975
1305 15 142 3.39 0.003241 0.02072 -0.840263 0.541773
1306 14.7 142 3.4 0.011405 -0.000826 -0.854436 0.519431
1307 14.3 142 3.4 -0.001819 0.025961 -0.838741 0.543908
1308 13.9 142 3.36 0.009489 -0.024153 0.871697 -0.489358
1309 13.6 142 3.35 -0.017375 -0.010386 0.880756 -0.473137
1310 13.2 142 3.35 -0.012809 -0.02341 0.8709 -0.490736
1311 12.8 142 3.33 -0.003709 -0.024921 0.875433 -0.482683
1312 12.4 142 3.32 -0.024706 -0.009082 0.86658 -0.498344
1313 12.1 142 3.33 0.046375 0.023639 -0.84359 0.53446
1314 11.8 142 3.31 0.024952 0.02663 -0.846202 0.531612
1315 11.5 142 3.32 0.043984 0.012976 -0.852659 0.520452
1316 11.1 142 3.32 0.031466 0.028009 -0.838739 0.542902
1317 10.8 142 3.32 0.042984 0.024164 -0.832496 0.551833
1318 10.5 142 3.3 0.023316 0.021088 -0.841737 0.538972
1319 10.2 142 3.3 0.024113 0.018649 -0.830782 0.555763
1320 9.79 142 3.29 0.031076 0.025509 -0.797891 0.60146
1321 9.47 142 3.27 0.003972 0.030531 -0.818812 0.573236
1322 9.08 142 3.26 0.032112 0.017381 -0.844643 0.534083
1323 8.78 142 3.26 0.022779 0.025041 -0.838472 0.543893
1324 8.46 142 3.23 0.041045 0.020355 -0.859682 0.508771
1325 8.11 142 3.24 -0.035551 -0.022838 0.88569 -0.462351
1326 7.81 142 3.23 -0.043705 -0.017526 0.884354 -0.464435
1327 7.49 142 3.24 -0.025498 -0.022183 0.866709 -0.497668
1328 7.18 142 3.22 -0.032646 -0.022607 0.872842 -0.486385
1329 6.85 142 3.22 -0.012545 -0.02291 0.88258 -0.469436
1330 6.46 142 3.22 -0.015744 -0.001138 0.879953 -0.474799
1331 6.07 142 3.23 0.018284 0.01193 -0.850343 0.525775
1332 5.77 142 3.17 0.019617 0.028006 -0.852445 0.521697
1333 5.46 142 3.19 0.017805 0.029883 -0.851912 0.522528
1334 5.15 142 3.17 0.01663 0.012976 -0.840359 0.54162
1335 4.76 142 3.18 0.025779 0.031722 -0.827214 0.560398
1336 4.46 142 3.14 0.007343 0.038399 -0.836485 0.546594
1337 4.1 142 3.17 0.015141 0.034717 -0.825279 0.563454
1338 3.7 142 3.13 -0.00332 0.045991 -0.7532 0.656173
1339 3.39 142 3.15 0.006747 0.049741 -0.731914 0.679546
1340 3.15 141 3.14 0.009604 0.039029 -0.732408 0.679679
1341 2.91 141 3.15 -0.005794 0.009741 -0.696019 0.717934
1342 2.78 141 3.12 -0.022548 0.004105 -0.702722 0.711096
1343 2.75 141 3.1 -0.012681 0.003734 -0.718483 0.695419
1344 2.66 140 3.06 -0.02616 -0.023398 -0.691948 0.721094
1345 2.6 140 2.98 -0.004213 0.010682 -0.706384 0.707736
1346 2.58 140 2.95 -0.00496 0.007339 -0.71396 0.700131
1347 2.55 139 2.88 0.002653 0.004287 -0.69843 0.715661
1348 2.56 139 2.84 0.011635 0.021179 -0.697473 0.716204
1349 2.58 139 2.8 0.00621 0.016933 -0.717274 0.696558
1350 2.58 138 2.74 0.011271 0.00279 -0.699922 0.714125
1351 2.6 138 2.7 0.010357 0.019945 -0.675976 0.736581
1352 2.62 137 2.63 0.002951 0.012748 -0.705198 0.708889
1353 2.63 137 2.58 0.015537 0.004161 -0.691634 0.722069
1354 2.65 137 2.54 0.02279 0.016027 -0.672568 0.73951
1355 2.68 136 2.47 -0.005965 -0.006051 -0.700894 0.713215
1356 2.71 136 2.43 0.035215 0.018346 -0.694651 0.71825
1357 2.72 136 2.38 0.017364 0.008324 -0.674131 0.738361
1358 2.75 135 2.32 0.014266 0.015825 -0.684524 0.728679
1359 2.79 135 2.28 0.034392 0.015994 -0.695851 0.717184
1360 2.81 134 2.2 -0.007626 -0.012095 -0.685087 0.728321
1361 2.85 134 2.15 0.014716 0.010398 -0.684455 0.728832
1362 2.88 134 2.09 0.023643 0.009394 -0.704564 0.709184
1363 2.88 133 2.03 0.00753 -0.00676 -0.685904 0.727622
1364 2.89 133 1.98 0.017961 0.020846 -0.670948 0.740994
1365 2.89 132 1.92 0.002853 0.00108 -0.706705 0.707502
1366 2.89 132 1.86 0.035434 0.024109 -0.706377 0.706537
1367 2.89 132 1.85 0.036101 0.041013 -0.694734 0.717188
1368 2.88 131 1.82 0.008175 0.018543 -0.719025 0.694689
1369 2.87 131 1.83 0.037626 0.027434 -0.721323 0.691032
1370 2.84 130 1.82 0.034163 0.020216 -0.698358 0.714647
1371 2.82 130 1.8 0.015793 0.029464 -0.699446 0.713903
1372 2.8 130 1.82 0.011875 0.02408 -0.718388 0.695125
1373 2.77 129 1.78 0.012419 0.010287 -0.72181 0.691903
1374 2.73 129 1.79 0.025993 0.029719 -0.71204 0.701028
1375 2.69 128 1.76 0.013704 0.027748 -0.726639 0.686323
1376 2.64 128 1.76 0.019901 0.013945 -0.726632 0.686597
1377 2.59 127 1.77 0.016549 0.022792 -0.706706 0.706946
1378 2.56 127 1.72 0.005371 0.023509 -0.715445 0.698253
1379 2.56 127 1.74 0.019351 0.018235 -0.72655 0.686599
1380 2.54 126 1.71 0.014559 0.008723 -0.708948 0.705057
1381 2.54 126 1.7 0.01385 0.02547 -0.705517 0.7081
1382 2.55 125 1.72 0.014648 0.020031 -0.723298 0.69009
1383 2.54 125 1.69 0.022845 0.013744 -0.713471 0.700177
1384 2.53 125 1.7 0.017731 0.031013 -0.691039 0.721934
1385 2.51 124 1.68 0.00123 0.025824 -0.704662 0.709072
1386 2.48 124 1.68 0.023968 0.016311 -0.713926 0.69962
1387 2.46 123 1.68 0.017015 0.029672 -0.690517 0.722507
1388 2.44 123 1.64 0.014458 0.038807 -0.695637 0.717198
1389 2.44 123 1.67 0.036068 0.033618 -0.71604 0.696316
1390 2.42 122 1.64 0.029014 0.022279 -0.694632 0.718435
1391 2.42 122 1.64 0.02122 0.027023 -0.689667 0.723311
1392 2.41 121 1.64 0.007982 0.019304 -0.712724 0.701134
1393 2.4 121 1.61 0.022232 0.015794 -0.714255 0.699354
1394 2.4 121 1.64 0.028033 0.029318 -0.686769 0.725743
1395 2.39 120 1.61 -0.007809 0.020037 -0.696845 0.716899
1396 2.38 120 1.62 0.020423 0.015721 -0.720396 0.693084
1397 2.37 119 1.62 0.013169 0.015947 -0.700453 0.713399
1398 2.37 119 1.58 0.00483 0.021303 -0.702728 0.711123
1399 2.36 118 1.6 0.034045 0.030945 -0.726481 0.685645
1400 2.34 118 1.57 0.022966 0.018402 -0.71085 0.702728
1401 2.35 118 1.58 0.031064 0.042285 -0.686067 0.725644
1402 2.36 117 1.57 0.018917 0.037535 -0.707533 0.705429
1403 2.36 117 1.56 0.029462 0.014768 -0.711412 0.702002
1404 2.35 116 1.58 0.043351 0.027163 -0.691357 0.7207
1405 2.34 116 1.55 0.010906 0.028697 -0.706459 0.707088
1406 2.34 116 1.57 0.029964 0.024252 -0.713194 0.699906
1407 2.33 115 1.57 0.021703 0.005126 -0.698535 0.715228
1408 2.33 115 1.56 0.002054 0.016725 -0.698192 0.715712
1409 2.34 114 1.58 0.008998 0.021199 -0.717089 0.696601
1410 2.35 114 1.54 0.020803 0.0202 -0.710121 0.703482
1411 2.37 113 1.54 0.028347 0.035126 -0.688611 0.723725
1412 2.4 113 1.53 0.002186 0.036959 -0.701076 0.712125
1413 2.41 113 1.53 0.016747 0.022578 -0.720581 0.692801
1414 2.41 112 1.53 0.032697 0.027444 -0.698984 0.713862
1415 2.43 112 1.5 0.005049 0.026317 -0.705936 0.707768
1416 2.43 111 1.52 0.023673 0.030228 -0.722316 0.690496
1417 2.42 111 1.51 0.011029 0.013454 -0.701278 0.712676
1418 2.41 111 1.49 0.004493 0.019174 -0.694553 0.719172
1419 2.4 110 1.51 0.009696 0.020332 -0.716663 0.697056
1420 2.37 110 1.48 0.024493 0.011333 -0.71084 0.702836
1421 2.37 109 1.5 0.022751 0.023466 -0.689061 0.723966
1422 2.36 109 1.48 0.008625 0.017589 -0.71176 0.70215
1423 2.36 108 1.47 0.016904 0.020337 -0.719478 0.694011
1424 2.35 108 1.49 0.02291 0.019718 -0.696844 0.716585
1425 2.35 108 1.47 -0.007664 0.019248 -0.701266 0.712599
1426 2.36 107 1.49 0.015794 0.026544 -0.710255 0.703266
1427 2.36 107 1.48 0.004391 0.002005 -0.695164 0.718835
1428 2.38 106 1.46 0.014956 0.029975 -0.684982 0.72779
1429 2.39 106 1.48 0.016839 0.022481 -0.71096 0.702671
1430 2.38 106 1.44 0.020985 0.009833 -0.717911 0.695749
1431 2.37 105 1.47 0.010623 0.022534 -0.701323 0.712408
1432 2.37 105 1.44 -0.00466 0.027146 -0.717879 0.695622
1433 2.35 104 1.43 0.018968 0.017252 -0.727887 0.685218
1434 2.33 104 1.44 0.027804 0.01762 -0.702961 0.710466
1435 2.32 103 1.4 -0.00035 0.022831 -0.705682 0.708161
1436 2.28 103 1.42 0.036195 0.046332 -0.732467 0.678259
1437 2.24 103 1.4 0.026699 0.021846 -0.727081 0.685684
1438 2.23 102 1.39 0.030992 0.036323 -0.705942 0.706658
1439 2.22 102 1.41 -0.001471 0.025906 -0.722833 0.690535
1440 2.21 101 1.38 0.008306 0.01434 -0.721817 0.691885
1441 2.21 101 1.4 0.030035 0.040339 -0.693476 0.718722
1442 2.23 100 1.36 -0.019899 0.036971 -0.708452 0.704509
1443 2.23 100 1.37 0.013784 0.034617 -0.714079 0.699073
1444 2.23 99.6 1.37 0.023244 0.045261 -0.694783 0.717418
1445 2.25 99.1 1.35 -0.018197 0.031417 -0.699145 0.714058
1446 2.27 98.7 1.37 0.027796 0.045506 -0.71771 0.694297
1447 2.27 98.3 1.34 0.016706 0.011789 -0.719211 0.69449
1448 2.28 97.9 1.34 0.012984 0.02942 -0.70105 0.712386
1449 2.29 97.4 1.34 -0.001456 0.037268 -0.714868 0.698264
1450 2.26 97 1.31 0.011298 0.015497 -0.718602 0.695157
1451 2.25 96.6 1.34 0.01676 0.039214 -0.694938 0.717804
1452 2.25 96.2 1.31 -0.005453 0.027565 -0.718498 0.694961
1453 2.26 95.7 1.32 0.014344 0.023902 -0.727212 0.685847
1454 2.25 95.3 1.32 0.012072 0.022914 -0.711881 0.701822
1455 2.25 94.9 1.29 -0.004085 0.042556 -0.71721 0.695544
1456 2.26 94.5 1.31 0.00879 0.046032 -0.725903 0.686199
1457 2.27 94.1 1.29 0.019269 0.026888 -0.712151 0.701247
1458 2.26 93.8 1.31 0.012294 0.029824 -0.697468 0.715889
1459 2.27 93.4 1.31 -0.010837 0.025122 -0.71871 0.694771
1460 2.26 93 1.29 0.024816 0.02306 -0.717056 0.696192
1461 2.23 92.6 1.3 0.016055 0.026022 -0.705137 0.708411
1462 2.23 92.2 1.26 0.007128 0.038264 -0.709815 0.703312
1463 2.24 91.8 1.29 0.022707 0.031777 -0.721108 0.691721
1464 2.23 91.4 1.26 0.005323 0.006881 -0.713096 0.701013
1465 2.23 91 1.26 0.01482 0.035146 -0.701957 0.711198
1466 2.23 90.6 1.27 -0.005191 0.017951 -0.724662 0.688851
1467 2.23 90.2 1.26 0.002601 -0.001551 -0.717488 0.696564
1468 2.22 89.8 1.29 -0.006801 0.002978 -0.701323 0.712805
1469 2.23 89.4 1.25 -0.018096 0.012182 -0.716021 0.697737
1470 2.23 89 1.27 -0.003805 0.002774 -0.725501 0.688205
1471 2.2 88.6 1.26 -0.001427 -0.005672 -0.709945 0.704233
1472 2.17 88.2 1.24 0.006533 0.01633 -0.708338 0.705654
1473 2.13 87.8 1.25 0.008243 0.018202 -0.723965 0.689547
1474 2.09 87.4 1.21 -0.002176 0.006048 -0.718006 0.696007
1475 2.05 87 1.22 0.011133 0.024666 -0.706353 0.707343
1476 2.06 86.6 1.18 0.008071 0.033714 -0.712223 0.701097
1477 2.06 86.2 1.17 0.014887 0.01278 -0.71396 0.699912
1478 2.06 85.8 1.2 0.014019 0.023727 -0.695363 0.71813
1479 2.08 85.3 1.15 0.012266 0.019241 -0.706057 0.707788
1480 2.09 84.9 1.17 0.02899 0.020036 -0.711155 0.702151
1481 2.09 84.5 1.15 0.030964 0.015974 -0.702073 0.711252
1482 2.09 84 1.12 0.018686 0.035583 -0.704762 0.708304
1483 2.09 83.6 1.17 0.014023 0.023872 -0.722681 0.690627
1484 2.08 83.2 1.14 0.013749 0.005394 -0.702313 0.711715
1485 2.06 82.8 1.17 0.011813 0.026848 -0.69893 0.714589
1486 2.06 82.4 1.16 -0.003611 0.025634 -0.723757 0.689569
1487 2.05 82 1.15 0.003278 0.011249 -0.725681 0.687931
1488 2.05 81.6 1.18 -0.006408 0.003278 -0.696619 0.717405
1489 2.03 81.2 1.13 -0.015 0.00867 -0.70225 0.711719
1490 2.03 80.7 1.14 0.01178 0.021814 -0.714434 0.699264
1491 2.02 80.3 1.11 0.016873 0.030488 -0.704696 0.708653
1492 2.02 79.9 1.09 0.007942 0.040663 -0.707533 0.705465
1493 2.05 79.5 1.11 0.018498 0.037412 -0.719074 0.693679
1494 2.06 79.1 1.07 0.022572 0.023915 -0.711762 0.70165
1495 2.08 78.7 1.09 0.024775 0.039126 -0.703496 0.709189
1496 2.11 78.2 1.06 0.032315 0.031441 -0.721033 0.691432
1497 2.12 77.8 1.07 0.025994 0.022177 -0.726232 0.686601
1498 2.11 77.4 1.08 0.0253 0.026226 -0.703904 0.70936
1499 2.11 77 1.05 0.013693 0.025472 -0.719212 0.694189
1500 2.11 76.6 1.08 0.029298 0.029716 -0.72905 0.683188
1501 2.06 76.2 1.05 0.035977 0.010802 -0.719455 0.693523
1502 2.04 75.8 1.04 0.022998 0.044088 -0.710915 0.701517
1503 2.04 75.4 1.06 0.013487 0.038451 -0.725988 0.686499
1504 2.02 74.9 1.02 0.027177 0.044573 -0.713632 0.698573
1505 2 74.5 1.06 0.018272 0.053071 -0.695591 0.716242
1506 1.99 74.1 1.05 -0.006994 0.031481 -0.706068 0.707409
1507 1.97 73.7 1.05 0.019512 0.024995 -0.712591 0.700863
1508 1.95 73.3 1.05 0.012555 0.011878 -0.699691 0.714236
1509 1.94 72.9 1.02 -0.004864 0.026982 -0.703884 0.709785
1510 1.95 72.5 1.04 0.023238 0.038936 -0.714588 0.698074
1511 1.95 72.1 1.01 0.015796 0.023999 -0.694917 0.718516
1512 1.95 71.6 1.01 0.017839 0.0333 -0.689882 0.722935
1513 1.95 71.2 1.02 0.009408 0.029493 -0.712024 0.701472
1514 1.93 70.8 0.985 0.022836 0.026582 -0.713702 0.699572
1515 1.93 70.4 1.01 0.028522 0.046393 -0.694827 0.717112
1516 1.94 70 0.984 0.005598 0.02046 -0.709052 0.704837
1517 1.95 69.6 1.01 0.019326 0.029632 -0.716928 0.696249
1518 1.95 69.1 1.01 0.000166 0.025041 -0.693031 0.720473
1519 1.94 68.8 0.996 7.1e-05 0.026663 -0.69465 0.718854
1520 1.95 68.4 1.02 0.015429 0.024125 -0.715005 0.698532
1521 1.94 68 0.993 0.007843 -0.000845 -0.70922 0.704943
1522 1.93 67.6 1.01 0.002293 0.002841 -0.699287 0.714832
1523 1.92 67.2 0.973 0.008771 0.011171 -0.721004 0.692785
1524 1.9 66.8 0.939 0.034497 0.016318 -0.720982 0.691902
1525 1.88 66.3 0.954 0.023437 0.029093 -0.702026 0.711171
1526 1.88 65.9 0.906 0.008378 0.032485 -0.708665 0.704747
1527 1.88 65.5 0.921 0.031433 0.034668 -0.712892 0.699711
1528 1.88 65.1 0.902 0.018323 0.028507 -0.706233 0.707168
1529 1.89 64.7 0.876 0.017965 0.044585 -0.70429 0.708283
1530 1.9 64.3 0.895 0.026141 0.038647 -0.713331 0.699273
1531 1.9 63.9 0.847 0.037497 0.032751 -0.700416 0.711996
1532 1.92 63.5 0.87 0.024017 0.044306 -0.683547 0.728165
1533 1.94 63 0.854 0.019488 0.032721 -0.703454 0.709719
1534 1.94 62.6 0.846 0.027372 0.02604 -0.705538 0.707664
1535 1.93 62.2 0.866 0.025217 0.028466 -0.691829 0.721059
1536 1.93 61.8 0.832 0.006196 0.034209 -0.699827 0.713466
1537 1.92 61.4 0.852 0.026223 0.033104 -0.714281 0.698584
1538 1.9 61 0.828 0.020818 0.014344 -0.706636 0.707125
1539 1.89 60.6 0.818 0.02184 0.035867 -0.705924 0.707042
1540 1.9 60.2 0.814 0.020977 0.032394 -0.722715 0.690068
1541 1.89 59.8 0.801 0.028107 0.013202 -0.715129 0.698302
1542 1.88 59.4 0.838 0.033393 0.022834 -0.698769 0.714203
1543 1.9 59 0.821 0.001404 0.008864 -0.709756 0.704391
1544 1.92 58.6 0.837 0.026206 0.014672 -0.714678 0.698809
1545 1.91 58.1 0.847 0.008209 -0.006864 -0.698717 0.715318
1546 1.89 57.8 0.826 0.001558 0.003371 -0.698889 0.71522
1547 1.88 57.4 0.847 0.01477 0.017965 -0.707035 0.706796
1548 1.86 56.9 0.808 0.01181 0.01102 -0.695373 0.718467
1549 1.85 56.5 0.815 0.013513 0.028615 -0.688757 0.724301
1550 1.87 56.1 0.802 0.004781 0.017281 -0.709737 0.704238
1551 1.88 55.7 0.783 0.018296 0.019319 -0.713419 0.700232
1552 1.87 55.3 0.794 0.019473 0.029642 -0.702617 0.710684
1553 1.87 54.9 0.755 0.003123 0.024781 -0.711811 0.701927
1554 1.89 54.5 0.771 0.025889 0.02419 -0.721893 0.691097
1555 1.87 54 0.743 0.01732 0.018682 -0.712509 0.701201
1556 1.87 53.6 0.731 0.008641 0.025665 -0.709005 0.704683
1557 1.87 53.2 0.744 0.023459 0.034817 -0.722706 0.689879
1558 1.86 52.8 0.72 0.017513 0.009682 -0.714538 0.69931
1559 1.85 52.4 0.745 0.014745 0.021166 -0.70274 0.710979
1560 1.85 51.9 0.724 0.004242 0.025866 -0.717125 0.696452
1561 1.84 51.5 0.715 0.018042 0.017425 -0.719677 0.693856
1562 1.82 51.1 0.747 0.008457 0.024729 -0.698297 0.715331
1563 1.81 50.7 0.708 -0.005764 0.025965 -0.709873 0.703827
1564 1.8 50.3 0.732 0.004116 0.017949 -0.717788 0.696019
1565 1.79 49.9 0.706 0.005552 0.008342 -0.704976 0.709161
1566 1.77 49.5 0.693 -0.002404 0.017947 -0.700067 0.713847
1567 1.78 49.1 0.705 0.00107 0.020332 -0.725828 0.687575
1568 1.79 48.7 0.671 0.02182 0.019409 -0.718483 0.694932
1569 1.78 48.2 0.701 0.013655 0.030282 -0.705027 0.708402
1570 1.8 47.8 0.674 0.009213 0.025811 -0.71873 0.694749
1571 1.8 47.4 0.674 0.018608 0.014232 -0.721306 0.69222
1572 1.78 47 0.68 0.015375 0.033434 -0.696929 0.716195
1573 1.77 46.6 0.642 0.006689 0.035965 -0.702284 0.710956
1574 1.77 46.2 0.661 0.02635 0.039626 -0.715808 0.696674
1575 1.77 45.7 0.65 0.003565 0.023465 -0.706455 0.707359
1576 1.79 45.3 0.646 -0.002152 0.035906 -0.701293 0.711965
1577 1.81 44.9 0.662 -0.003898 0.019773 -0.727213 0.686116
1578 1.82 44.5 0.624 0.019911 0.01478 -0.723377 0.690008
1579 1.82 44.1 0.649 0.031106 0.026892 -0.703064 0.709937
1580 1.8 43.7 0.622 0.003634 0.025214 -0.717882 0.695699
1581 1.78 43.3 0.625 0.028979 0.023902 -0.728867 0.683624
1582 1.74 42.8 0.636 0.016574 0.017259 -0.709564 0.704234
1583 1.73 42.4 0.602 0.011914 0.027616 -0.699811 0.713695
1584 1.72 42 0.631 0.031029 0.028607 -0.717479 0.6953
1585 1.7 41.6 0.6 0.017608 0.009674 -0.71386 0.7
1586 1.68 41.2 0.595 0.017159 0.032269 -0.700356 0.712858
1587 1.67 40.7 0.596 0.011274 0.02545 -0.722496 0.690814
1588 1.65 40.3 0.573 0.02471 0.015863 -0.717012 0.696442
1589 1.64 39.9 0.603 0.020195 0.0347 -0.691683 0.721084
1590 1.65 39.5 0.567 0.008424 0.023652 -0.705636 0.708129
1591 1.65 39.1 0.576 0.021337 0.01802 -0.714019 0.699569
1592 1.64 38.6 0.582 0.012766 0.020945 -0.695756 0.717859
1593 1.64 38.2 0.551 0.0066 0.028116 -0.695263 0.718175
1594 1.64 37.8 0.575 0.020095 0.03294 -0.713916 0.699168
1595 1.64 37.3 0.531 0.020312 0.025364 -0.706974 0.706493
1596 1.65 36.9 0.534 0.022639 0.035836 -0.696763 0.716048
1597 1.66 36.5 0.538 0.008951 0.02148 -0.717582 0.696085
1598 1.65 36.1 0.503 0.030654 0.025313 -0.716405 0.696551
1599 1.64 35.6 0.538 0.029123 0.032133 -0.694903 0.717795
1600 1.65 35.2 0.506 0.004659 0.0263 -0.702901 0.710786
1601 1.64 34.8 0.515 0.027185 0.021695 -0.709856 0.703488
1602 1.65 34.4 0.518 0.0284 0.009975 -0.698325 0.715147
1603 1.67 34 0.482 0.020961 0.012508 -0.700137 0.713591
1604 1.7 33.5 0.501 0.040917 0.043728 -0.70915 0.70251
1605 1.68 33.1 0.469 0.019194 0.020453 -0.699863 0.713727
1606 1.67 32.7 0.475 0.023741 0.035545 -0.699598 0.713257
1607 1.67 32.3 0.488 0.018781 0.033288 -0.711132 0.702019
1608 1.65 31.8 0.462 0.029785 0.01785 -0.711396 0.701933
1609 1.63 31.4 0.49 0.021725 0.031261 -0.691915 0.720974
1610 1.63 31 0.454 -0.002234 0.015738 -0.710118 0.703903
1611 1.61 30.6 0.466 0.012172 0.015625 -0.725255 0.688196
1612 1.61 30.2 0.466 0.006907 0.01162 -0.697524 0.716434
1613 1.63 29.7 0.429 0.008716 0.027601 -0.695265 0.71817
1614 1.64 29.3 0.447 0.027993 0.035406 -0.710417 0.702332
1615 1.63 28.9 0.4 0.030072 0.00629 -0.70724 0.706305
1616 1.63 28.5 0.407 0.029749 0.036667 -0.693366 0.719036
1617 1.63 28 0.392 0.027022 0.037233 -0.715748 0.696842
1618 1.61 27.6 0.369 0.032789 0.031993 -0.716312 0.696275
1619 1.6 27.2 0.398 0.034622 0.042775 -0.69766 0.714312
1620 1.6 26.7 0.36 0.012453 0.043317 -0.709521 0.703242
1621 1.59 26.3 0.38 0.027126 0.031654 -0.716833 0.695998
1622 1.58 25.9 0.373 0.019861 0.031224 -0.700833 0.712365
1623 1.59 25.4 0.354 0.006709 0.035414 -0.695049 0.718058
1624 1.59 25 0.389 0.023621 0.031905 -0.705778 0.70732
1625 1.59 24.6 0.368 0.01562 0.015192 -0.696757 0.716976
1626 1.62 24.2 0.382 0.006348 0.028449 -0.688503 0.724648
1627 1.65 23.7 0.382 -0.007137 0.026344 -0.701303 0.712341
1628 1.66 23.3 0.353 0.019934 0.012198 -0.703075 0.710732
1629 1.67 22.9 0.378 0.013397 0.023439 -0.692777 0.720646
1630 1.69 22.5 0.338 0.004062 0.016796 -0.709481 0.704512
1631 1.7 22 0.349 0.023409 0.006236 -0.715261 0.698437
1632 1.72 21.6 0.351 0.010562 0.005095 -0.703951 0.710152
1633 1.73 21.2 0.313 0.009713 0.022333 -0.704536 0.70925
1634 1.75 20.8 0.346 0.023301 0.021277 -0.709229 0.704272
1635 1.75 20.4 0.326 0.007661 0.007945 -0.690758 0.723002
1636 1.75 20 0.35 0.001472 0.022595 -0.668524 0.743346
1637 1.76 19.6 0.342 -0.010722 0.014246 -0.687713 0.725764
1638 1.77 19.2 0.294 0.02037 0.018065 -0.692674 0.720737
1639 1.79 18.7 0.308 0.026523 0.033924 -0.676338 0.735332
1640 1.83 18.3 0.28 0.009683 0.017827 -0.69913 0.714707
1641 1.87 17.9 0.305 0.027402 0.024828 -0.709508 0.703726
1642 1.87 17.5 0.291 0.019077 0.020671 -0.680127 0.732554
1643 1.88 17.1 0.274 0.01156 0.030181 -0.679564 0.732904
1644 1.89 16.7 0.294 0.017771 0.043667 -0.696914 0.715603
1645 1.9 16.3 0.261 0.02119 0.025812 -0.682217 0.730386
1646 1.92 15.9 0.281 0.026354 0.040197 -0.670171 0.740649
1647 1.94 15.4 0.26 0.012434 0.023953 -0.698025 0.715564
1648 1.94 15 0.251 0.028624 0.020322 -0.697641 0.715587
1649 1.94 14.6 0.272 0.023747 0.026353 -0.674023 0.737858
1650 1.95 14.2 0.242 -0.009357 0.014897 -0.697174 0.716686
1651 1.96 13.8 0.256 0.018204 0.028228 -0.699237 0.7141
1652 1.96 13.4 0.229 0.010641 0.01411 -0.675281 0.737349
1653 1.95 13 0.239 0.006642 0.027082 -0.667195 0.744361
1654 1.93 12.6 0.253 0.022974 0.035154 -0.696208 0.716611
1655 1.89 12.2 0.241 0.028865 0.02321 -0.705573 0.707669
1656 1.86 11.8 0.282 0.03657 0.049635 -0.680295 0.730341
1657 1.84 11.4 0.265 0.016052 0.045945 -0.679484 0.732074
1658 1.8 11 0.325 0.036103 0.038573 -0.680534 0.730809
1659 1.73 10.6 0.377 0.030705 0.035241 -0.663991 0.746278
1660 1.68 10.2 0.393 0.010914 0.041566 -0.652736 0.756366
1661 1.64 9.86 0.479 0.010298 0.036136 -0.652471 0.756882
1662 1.56 9.49 0.509 0.015501 0.033863 -0.637249 0.769758
1663 1.5 9.14 0.559 -0.000196 0.044631 -0.614799 0.78742
1664 1.47 8.78 0.596 -0.02496 0.035563 -0.615222 0.787156
1665 1.43 8.41 0.613 -0.002818 0.018383 -0.599568 0.800108
1666 1.4 8.04 0.682 -0.001899 0.027563 -0.567381 0.822992
1667 1.39 7.66 0.696 -0.032384 0.016464 -0.570503 0.820491
1668 1.38 7.29 0.754 -0.007124 0.022808 -0.561596 0.827067
1669 1.35 6.95 0.795 -0.020982 0.0109 -0.513081 0.858014
1670 1.33 6.62 0.836 -0.019989 0.019133 -0.493211 0.86947
1671 1.35 6.26 0.873 -0.025298 0.016013 -0.505947 0.862045
1672 1.37 5.94 0.902 -0.011771 -0.001297 -0.487048 0.873295
1673 1.39 5.63 0.97 -0.023266 0.006777 -0.444174 0.895613
1674 1.49 5.25 0.978 -0.031811 -0.006177 -0.425455 0.904399
1675 1.57 4.95 1.02 0.001373 0.021421 -0.415226 0.909465
1676 1.64 4.65 1.04 0.002449 0.015491 -0.364182 0.931196
1677 1.72 4.35 1.06 0.004044 0.02652 -0.341881 0.93936
1678 1.83 4.02 1.08 -0.015759 0.027627 -0.346953 0.937343
1679 1.93 3.71 1.12 -0.011001 -0.007465 -0.339922 0.94036
1680 2.04 3.42 1.18 -0.020962 -0.015516 -0.308109 0.950994
1681 2.2 3.16 1.16 -0.042157 -0.006954 -0.286485 0.957132
1682 2.39 2.9 1.2 -0.025552 -0.008364 -0.284433 0.958319
1683 2.57 2.65 1.19 -0.011921 -0.024456 -0.236779 0.971183
1684 2.83 2.37 1.19 -0.017513 -0.002107 -0.167238 0.985759
1685 3.07 2.17 1.17 -0.028384 0.000981 -0.135626 0.990353
1686 3.38 1.95 1.15 0.001976 -0.007472 -0.041644 0.999103
1687 3.62 1.81 1.17 -0.01449 -0.009445 0.058675 0.998127
1688 3.94 1.68 1.17 -0.013747 -0.016724 0.10449 0.99429
1689 4.25 1.55 1.17 0.018448 -0.008604 0.171767 0.984927
1690 4.55 1.41 1.18 -0.006469 0.006818 0.264475 0.964347
1691 4.91 1.34 1.15 0.004308 -0.005247 0.308254 0.95128
1692 5.21 1.28 1.16 0.0083 0.017752 0.320608 0.947009
1693 5.52 1.23 1.15 -0.000505 0.014182 0.360797 0.932536
1694 5.84 1.18 1.16 -0.007975 0.021669 0.349536 0.936638
1695 6.21 1.17 1.17 -0.014319 -0.012301 0.311759 0.949974
1696 6.55 1.17 1.18 0.002929 -0.003704 0.303429 0.952842
1697 6.89 1.17 1.21 0.012138 -0.00953 0.347832 0.93743
1698 7.23 1.18 1.16 -0.001635 -0.005579 0.355437 0.934682
1699 7.6 1.18 1.16 0.016787 0.033971 0.366831 0.929516
1700 7.97 1.15 1.15 0.021722 0.016251 0.403941 0.914383
1701 8.33 1.12 1.16 0.005413 0.025693 0.42798 0.903407
1702 8.72 1.11 1.14 -0.017978 0.011059 0.436003 0.899698
1703 9.07 1.09 1.15 -3.5e-05 0.023455 0.440379 0.897506
1704 9.43 1.02 1.14 -0.013295 0.027326 0.452319 0.891338
1705 9.79 0.978 1.13 -0.022158 0.035668 0.434234 0.899821
1706 10.1 0.955 1.14 -0.0262 0.041123 0.420196 0.906122
1707 10.5 0.921 1.14 -0.011183 0.029363 0.428495 0.902998
1708 10.8 0.879 1.16 -0.023959 0.030565 0.463479 0.885256
1709 11.2 0.863 1.13 -0.02084 0.021201 0.439447 0.897777
1710 11.6 0.854 1.16 -0.005239 0.02796 0.418042 0.907982
1711 11.9 0.839 1.14 -0.012667 0.021456 0.450612 0.892372
1712 12.3 0.833 1.17 -0.025148 0.028134 0.458486 0.8879
1713 12.6 0.855 1.19 -0.023612 0.001088 0.448186 0.893628
1714 12.9 0.886 1.19 -0.001102 0.016826 0.482372 0.875804
1715 13.3 0.889 1.18 -0.006461 -0.001108 0.497631 0.867364
1716 13.7 0.917 1.16 -0.013695 0.010933 0.494629 0.868927
1717 14.1 0.999 1.15 -0.022393 0.026931 0.509832 0.859561
1718 14.4 1.05 1.17 -0.005811 0.029076 0.537021 0.843048
1719 14.8 1.09 1.19 -0.024532 0.027514 0.571077 0.820068
1720 15 1.17 1.16 -0.017102 0.023686 0.583316 0.81172
1721 15.4 1.21 1.18 -0.01778 0.013807 0.622361 0.782406
1722 15.7 1.25 1.19 -0.031656 0.028394 0.661676 0.748583
1723 16 1.37 1.2 -0.023244 -0.001863 0.637835 0.76982
1724 16.4 1.45 1.2 0.001083 0.010162 0.629979 0.776545
1725 16.7 1.52 1.22 -0.019871 0.018458 0.617551 0.786063
1726 17 1.61 1.2 -0.019475 0.015156 0.596732 0.802061
1727 17.4 1.72 1.2 -0.005993 0.023821 0.60741 0.794009
1728 17.7 1.8 1.23 -0.023563 0.015865 0.651415 0.75819
1729 18.1 1.97 1.21 -0.02516 -0.011352 0.626167 0.7792
1730 18.3 2.17 1.26 -0.007182 -0.026553 0.610142 0.791815
1731 18.5 2.4 1.28 -0.001478 -0.04438 0.61534 0.78701
1732 18.6 2.71 1.27 -0.005684 -0.043749 0.595881 0.80186
1733 18.6 3.02 1.26 0.00232 -0.013418 0.638552 0.769458
1734 18.6 3.35 1.26 -0.017774 -0.00016 0.703508 0.710465
1735 18.6 3.67 1.24 -0.006169 -0.007197 0.706187 0.707962
1736 18.6 4.01 1.18 -0.003281 0.00417 0.717699 0.696333
1737 18.5 4.41 1.14 -0.014508 -0.024058 0.73473 0.677778
1738 18.5 4.75 1.09 -0.009466 -0.009757 0.711448 0.702607
1739 18.4 5.11 1.05 -0.000112 0.009491 0.717574 0.696417
1740 18.4 5.47 1.02 -0.006744 0.001209 0.743566 0.668628
1741 18.4 5.85 0.941 -0.021917 0.002714 0.709226 0.704635
1742 18.4 6.22 0.925 -0.026355 0.019823 0.699927 0.713453
1743 18.4 6.62 0.856 -0.028602 -0.010145 0.737704 0.674442
1744 18.3 7 0.814 -0.041821 -0.00065 0.732764 0.679196
1745 18.3 7.39 0.791 -0.047122 0.02065 0.699797 0.712486
1746 18.3 7.81 0.711 -0.033644 0.016953 0.725989 0.686674
1747 18.3 8.18 0.7 -0.047629 0.015474 0.739081 0.671752
1748 18.3 8.58 0.636 -0.023372 -0.001316 0.70203 0.711763
1749 18.3 8.97 0.608 -0.029251 0.021602 0.718832 0.694232
1750 18.2 9.37 0.585 -0.05929 0.024363 0.749157 0.659284
1751 18.2 9.77 0.522 -0.022994 -0.001345 0.717416 0.696264
1752 18.2 10.2 0.514 -0.031897 0.021756 0.698592 0.714478
1753 18.2 10.6 0.452 -0.045206 0.010288 0.732136 0.679578
1754 18.2 11 0.409 -0.054793 0.011612 0.723369 0.688186
1755 18.2 11.4 0.408 -0.045067 0.038568 0.702701 0.709009
1756 18.2 11.8 0.36 -0.011946 0.007507 0.73312 0.679953
1757 18.1 12.2 0.343 -0.037596 0.030254 0.744834 0.665502
1758 18.1 12.6 0.296 -0.019709 0.010841 0.704704 0.709145
1759 18.1 13 0.254 -0.026385 0.032406 0.725533 0.686918
1760 18.2 13.4 0.277 -0.043968 0.025959 0.752873 0.656183
1761 18.1 13.8 0.242 -0.035253 0.016257 0.739115 0.67246
1762 18.1 14.2 0.26 -0.039449 0.0372 0.731883 0.679269
1763 18.1 14.7 0.285 -0.029863 0.000906 0.766652 0.641368
1764 18.1 15 0.276 -0.026766 0.003908 0.78212 0.62254
1765 18.1 15.4 0.294 -0.044523 0.026038 0.782834 0.620089
1766 18.1 15.8 0.295 -0.019705 0.019383 0.810528 0.585047
1767 18 16.2 0.324 -0.020195 0.013288 0.814365 0.579849
1768 18 16.6 0.329 -0.021892 0.011307 0.803005 0.595463
1769 17.9 17 0.319 -0.024582 0.019461 0.812973 0.581457
1770 17.8 17.4 0.342 -0.049038 0.017803 0.82569 0.561707
1771 17.8 17.8 0.322 -0.033253 0.016907 0.799718 0.599216
1772 17.7 18.2 0.346 -0.024713 0.034597 0.776183 0.629073
1773 17.7 18.6 0.372 -0.017441 0.025261 0.776537 0.629324
1774 17.7 19 0.356 -0.016795 0.0196 0.756352 0.653655
1775 17.7 19.4 0.38 -0.028584 0.035131 0.728277 0.683785
1776 17.8 19.8 0.384 -0.012007 0.021067 0.733538 0.679216
1777 17.8 20.2 0.383 -0.031677 0.019221 0.735039 0.677012
1778 17.8 20.7 0.423 -0.038026 0.012226 0.711747 0.7013
1779 17.8 21.1 0.418 -0.001833 0.01318 0.717077 0.696867
1780 17.8 21.5 0.44 -0.022813 0.007992 0.724903 0.688427
1781 17.7 21.9 0.445 -0.021887 -0.008529 0.699346 0.714397
1782 17.7 22.3 0.425 -0.02835 0.025387 0.697935 0.715149
1783 17.7 22.8 0.47 -0.033118 0.015802 0.725414 0.687334
1784 17.7 23.2 0.448 -0.030897 -0.011314 0.715299 0.698044
1785 17.7 23.6 0.478 -0.025412 0.01562 0.707345 0.706239
1786 17.7 24.1 0.474 -0.017714 -0.014943 0.725291 0.688053
1787 17.7 24.5 0.467 -0.029846 0.005512 0.717627 0.695766
1788 17.7 24.9 0.488 -0.040887 0.01216 0.696711 0.716083
1789 17.7 25.3 0.478 -0.027117 0.004568 0.705194 0.708481
1790 17.7 25.7 0.513 -0.030645 0.015376 0.726469 0.686343
1791 17.7 26.2 0.511 -0.021371 -0.003144 0.71527 0.698515
1792 17.7 26.6 0.518 -0.010149 0.004377 0.707757 0.70637
1793 17.7 27 0.55 -0.021483 -0.010844 0.720191 0.693358
1794 17.7 27.4 0.526 -0.018288 -0.015709 0.714497 0.699223
1795 17.7 27.8 0.562 -0.019501 0.009427 0.70572 0.70816
1796 17.7 28.2 0.567 -0.001284 -0.005699 0.704243 0.709935
1797 17.7 28.6 0.572 -0.016861 -0.008659 0.709557 0.704393
1798 17.6 29.1 0.601 -0.008866 -0.010357 0.699585 0.71442
1799 17.6 29.5 0.619 0.017099 -0.016171 0.711778 0.702011
1800 17.6 29.9 0.664 0.00711 -0.018656 0.718553 0.695185
1801 17.6 30.3 0.654 0.014552 -0.034104 0.712248 0.700948
1802 17.6 30.7 0.677 0.015918 -0.017715 0.716891 0.696778
1803 17.7 31.1 0.689 0.027495 -0.024892 0.734293 0.677819
1804 17.7 31.5 0.677 0.014665 -0.035177 0.727761 0.684771
1805 17.6 31.9 0.67 0.001578 -0.010237 0.698592 0.715446
1806 17.7 32.3 0.627 0.004547 0.002781 0.701298 0.712848
1807 17.7 32.7 0.655 -0.016505 0.001932 0.710458 0.703544
1808 17.6 33.1 0.649 -0.014507 -0.011453 0.695356 0.718428
1809 17.6 33.5 0.639 -0.009411 0.007507 0.698828 0.715188
1810 17.7 34 0.682 -0.011725 -0.001526 0.713712 0.700339
1811 17.7 34.4 0.651 -0.021141 -0.01538 0.69543 0.718118
1812 17.7 34.8 0.685 -0.02567 0.008469 0.691871 0.721515
1813 17.7 35.2 0.697 -0.009835 -0.014702 0.706238 0.707754
1814 17.7 35.6 0.687 -0.01725 -0.015566 0.707714 0.706117
1815 17.7 36.1 0.722 -0.018386 -0.000287 0.694167 0.719579
1816 17.7 36.5 0.704 -0.00048 -0.005754 0.701358 0.712786
1817 17.7 36.9 0.732 -0.018265 -0.001467 0.715514 0.698358
1818 17.7 37.3 0.733 -0.014511 -0.007714 0.6948 0.719015
1819 17.7 37.7 0.738 -0.002487 0.001641 0.692347 0.721559
1820 17.8 38.2 0.766 -0.009714 -0.009571 0.710478 0.703587
1821 17.8 38.6 0.742 -0.011045 -0.020519 0.700692 0.713083
1822 17.8 39 0.775 -0.011652 0.004614 0.695322 0.718589
1823 17.8 39.4 0.778 0.005877 -0.018435 0.70714 0.706809
1824 17.8 39.8 0.778 -0.006736 -0.021644 0.70866 0.705186
1825 17.9 40.3 0.801 -0.005708 -0.029447 0.697456 0.715999
1826 17.9 40.7 0.786 0.003578 -0.007769 0.713114 0.700996
1827 17.9 41.1 0.83 -0.012147 -0.005649 0.736383 0.676432
1828 17.9 41.5 0.826 0.00898801 -0.037108 0.718963 0.693998
1829 17.9 41.9 0.829 0.005073 0.002064 0.711162 0.703007
1830 17.9 42.3 0.855 0.005124 -0.01279 0.734209 0.678784
1831 18 42.8 0.842 0.008412 -0.019916 0.724684 0.688742
1832 18 43.2 0.88 0.00387 -0.005855 0.711471 0.702681
1833 18 43.6 0.863 0.019267 -0.006197 0.723332 0.690204
1834 18 44 0.876 -0.006386 0.000899 0.72615 0.687506
1835 18 44.4 0.89 0.001717 -0.009699 0.710267 0.703864
1836 18 44.9 0.876 0.002691 0.006674 0.711602 0.702546
1837 18 45.3 0.914 -0.018527 0.010936 0.727939 0.685304
1838 18 45.7 0.903 -0.010046 -0.023271 0.713927 0.699762
1839 18 46.1 0.93 -0.014564 0.002451 0.712355 0.701664
1840 18 46.6 0.939 -0.002184 -0.004611 0.724937 0.688796
1841 18 47 0.925 -0.016427 -0.017663 0.720573 0.69296
1842 17.9 47.4 0.961 -0.021297 0.007334 0.701578 0.712237
1843 17.9 47.9 0.948 0.003475 -0.010426 0.706094 0.708033
1844 17.9 48.3 0.972 -0.012419 -0.013463 0.719657 0.694088
1845 17.9 48.7 0.972 -0.001212 -0.019607 0.698823 0.715025
1846 17.9 49.1 0.961 -0.004406 -0.004747 0.705575 0.708605
1847 17.9 49.6 0.986 -0.027038 -0.003736 0.713518 0.700105
1848 17.9 50 0.95 -0.025443 -0.011614 0.693399 0.720011
1849 17.9 50.4 0.978 -0.026599 0.001209 0.687758 0.725451
1850 17.9 50.9 0.97 -0.029233 -0.003748 0.70521 0.708385
1851 17.9 51.3 0.958 -0.033415 -0.0053 0.705976 0.707427
1852 17.9 51.7 0.995 -0.026317 0.005348 0.680823 0.731956
1853 17.9 52.2 0.977 -0.008369 0.005831 0.691962 0.721862
1854 17.9 52.6 1.02 -0.022444 -0.001518 0.703577 0.710262
1855 17.9 53 1.03 -0.004834 -0.023218 0.691267 0.72221
1856 18 53.4 1.03 -0.006608 -0.001617 0.698885 0.715201
1857 18 53.8 1.06 -0.020713 -0.015167 0.709644 0.704093
1858 18 54.2 1.03 -0.017065 -0.035015 0.70284 0.71028
1859 18 54.6 1.07 -0.014808 -0.004844 0.69575 0.718115
1860 18 55.1 1.05 -0.00402 -0.017588 0.707789 0.706194
1861 18 55.5 1.06 -0.023664 -0.017427 0.70813 0.70547
1862 18 55.9 1.09 -0.010886 -0.012034 0.68943 0.724171
1863 18 56.3 1.06 -0.010128 -0.008861 0.692544 0.72125
1864 18 56.7 1.1 -0.027634 -0.00018 0.704666 0.709001
1865 18 57.2 1.07 -0.030873 -0.013953 0.687269 0.725613
1866 18 57.6 1.09 -0.030683 0.010119 0.685913 0.726966
1867 18 58 1.09 -0.026716 0.006931 0.707322 0.706353
1868 18 58.4 1.08 -0.022405 -0.011952 0.703818 0.709926
1869 18 58.9 1.11 -0.031568 0.016783 0.687543 0.725263
1870 18 59.3 1.1 -0.00417 -0.00147 0.6941 0.719865
1871 18 59.7 1.12 -0.021632 -0.004876 0.705969 0.707896
1872 18 60.1 1.13 -0.00988 -0.012875 0.692743 0.721002
1873 18 60.5 1.12 0.000536 0.000468 0.69303 0.720908
1874 18 60.9 1.16 -0.020797 -0.00467 0.716436 0.697327
1875 18 61.4 1.13 -0.018927 -0.021263 0.711882 0.701722
1876 18 61.8 1.17 -0.017431 0.012204 0.702697 0.711171
1877 18 62.2 1.17 -0.004613 -0.008 0.709852 0.70429
1878 18 62.6 1.16 -0.027375 -0.010604 0.719087 0.6943
1879 17.9 63 1.19 -0.027993 0.003958 0.701284 0.712321
1880 17.9 63.4 1.17 0.002808 0.004306 0.708861 0.705329
1881 18 63.9 1.21 -0.008205 0.004198 0.71802 0.695962
1882 18 64.3 1.2 -0.015242 -0.015837 0.700861 0.712959
1883 18 64.7 1.2 -0.01403 0.000703 0.701675 0.712358
1884 18 65.1 1.24 -0.009885 -0.003292 0.725229 0.688429
1885 18 65.5 1.21 -0.016483 -0.015579 0.715029 0.698727
1886 18.1 66 1.24 -0.026135 0.00893 0.697886 0.715676
1887 18.1 66.4 1.23 -0.014401 0.007582 0.718745 0.695083
1888 18.1 66.8 1.24 -0.028769 -0.002854 0.723875 0.689325
1889 18 67.2 1.26 -0.037003 0.006091 0.704292 0.708919
1890 18 67.7 1.24 -0.012782 0.016473 0.705063 0.708838
1891 18 68.1 1.28 -0.027949 0.01631 0.7283 0.684494
1892 18 68.5 1.28 -0.023542 -0.007663 0.709154 0.704619
1893 18 68.9 1.29 -0.020732 0.008402 0.697223 0.716505
1894 18 69.2 1.3 -0.021525 0.006841 0.714442 0.69933
1895 18 69.7 1.3 -0.030872 0.001541 0.722977 0.69018
1896 18 70.1 1.34 -0.036713 0.001779 0.696626 0.716492
1897 18 70.5 1.32 -0.007076 0.001145 0.700525 0.713592
1898 17.9 71 1.35 -0.036932 0.01375 0.719043 0.693847
1899 17.9 71.4 1.33 -0.038136 0.003853 0.702285 0.710863
1900 17.9 71.8 1.35 -0.020705 0.008362 0.695038 0.718626
1901 18 72.3 1.37 -0.026526 0.014464 0.714623 0.698857
1902 18 72.7 1.35 -0.033014 -0.004437 0.705517 0.70791
1903 17.9 73.1 1.39 -0.030236 0.012048 0.689699 0.723364
1904 17.9 73.5 1.39 -0.003071 0.003627 0.71671 0.697355
1905 17.9 73.9 1.4 -0.018793 -0.000912 0.72368 0.689879
1906 18 74.4 1.42 -0.008044 -0.012194 0.699426 0.714556
1907 18 74.8 1.4 0.005582 0.005467 0.711925 0.702212
1908 17.9 75.3 1.43 -0.024975 0.016356 0.734384 0.678077
1909 17.9 75.7 1.42 -0.016412 -0.006321 0.710606 0.70337
1910 18 76.1 1.42 -0.016675 0.015483 0.690309 0.723156
1911 18 76.4 1.42 -0.015655 0.014998 0.70872 0.705157
1912 18 76.9 1.43 -0.029055 -0.005715 0.714647 0.698858
1913 18 77.3 1.45 -0.03187 0.007929 0.690877 0.722226
1914 18 77.7 1.43 -0.01236 0.024133 0.708294 0.705397
1915 18 78.1 1.47 -0.017937 0.022261 0.723735 0.689486
1916 17.9 78.6 1.45 -0.025658 -0.015617 0.707281 0.706294
1917 17.9 79 1.46 -0.018526 0.024935 0.698541 0.714896
1918 18 79.4 1.48 -0.008386 0.022441 0.714772 0.698947
1919 18 79.9 1.46 -0.026301 -0.00338 0.71146 0.702226
1920 18 80.3 1.49 -0.038251 0.025195 0.702844 0.709867
1921 18 80.7 1.49 -0.000859 0.012342 0.710304 0.703786
1922 18 81.2 1.5 -0.019076 -0.001057 0.717944 0.695839
1923 18 81.5 1.5 -0.003172 -0.011362 0.703048 0.711044
1924 18 81.9 1.51 -0.010396 0.008891 0.70212 0.711927
1925 18 82.2 1.5 -0.004542 0.002124 0.713836 0.700295
1926 18.1 82.6 1.52 -0.021205 0.002374 0.71316 0.700676
1927 18.1 82.9 1.49 -0.026113 0.005207 0.699684 0.713956
1928 18.1 83.4 1.52 -0.019903 0.021133 0.688451 0.724702
1929 18.1 83.7 1.51 -0.019018 0.015604 0.705452 0.708331
1930 18.1 84.1 1.53 -0.036876 0.009632 0.71106 0.702098
1931 18.1 84.5 1.55 -0.024518 -0.007584 0.701883 0.71183
1932 18.1 85 1.54 -0.014483 0.007972 0.709352 0.70466
1933 18.1 85.4 1.58 -0.030596 0.001544 0.727765 0.685142
1934 18.1 85.8 1.56 -0.016895 -0.018775 0.714249 0.699436
1935 18.1 86.2 1.58 -0.015074 0.012994 0.703364 0.710551
1936 18.1 86.6 1.6 -0.004058 -0.009861 0.716065 0.697952
1937 18.1 87.1 1.58 -0.023842 -0.005251 0.703434 0.710341
1938 18.2 87.5 1.6 -0.02975 0.019761 0.667217 0.744007
1939 18.2 87.9 1.59 -0.007025 0.011024 0.675918 0.736861
1940 18.2 88.3 1.63 -0.029705 1.9e-05 0.697272 0.716191
1941 18.3 88.7 1.61 -0.035025 -0.003054 0.685878 0.726867
1942 18.3 89 1.62 -0.020628 0.008976 0.684045 0.729093
1943 18.3 89.4 1.65 -0.025208 0.003759 0.698959 0.714708
1944 18.4 89.8 1.63 -0.0257 -0.007534 0.693939 0.719535
1945 18.3 90.2 1.66 -0.024487 0.006373 0.686331 0.726849
1946 18.3 90.6 1.65 -0.01205 -0.00795 0.698176 0.715781
1947 18.3 91 1.68 -0.022094 -0.002933 0.704803 0.709053
1948 18.3 91.4 1.67 -0.014704 -0.012713 0.690724 0.722857
1949 18.3 91.8 1.67 -0.014449 0.002962 0.690023 0.723637
1950 18.3 92.2 1.7 -0.007651 -0.002077 0.697308 0.716727
1951 18.3 92.6 1.68 -0.012776 -0.012861 0.683671 0.729565
1952 18.3 93 1.71 -0.018831 0.005333 0.673176 0.739223
1953 18.3 93.4 1.7 -0.003322 0.002029 0.686741 0.726892
1954 18.3 93.7 1.72 -0.02124 -0.00454 0.687668 0.725701
1955 18.3 94.2 1.73 -0.023611 -0.010419 0.672103 0.740008
1956 18.4 94.5 1.71 -0.019302 -0.001487 0.67667 0.736032
1957 18.4 94.9 1.75 -0.039447 0.001352 0.698023 0.714986
1958 18.4 95.3 1.73 -0.024225 -0.017436 0.686958 0.726084
1959 18.4 95.7 1.75 -0.02428 0.008161 0.67842 0.734227
1960 18.5 96.2 1.77 -0.016771 -0.008541 0.697089 0.716737
1961 18.5 96.6 1.76 -0.03175 -0.007496 0.709069 0.704384
1962 18.5 97 1.79 -0.028545 0.005293 0.701012 0.712558
1963 18.5 97.4 1.79 -5.5e-05 0.002028 0.715281 0.698834
1964 18.5 97.8 1.83 -0.01532 -0.003368 0.734473 0.678457
1965 18.5 98.2 1.81 0.002603 -0.040633 0.715373 0.697556
1966 18.5 98.6 1.79 -0.008021 0.00194 0.702323 0.71181
1967 18.5 99 1.81 -0.00209 0.00138 0.726617 0.687038
1968 18.5 99.4 1.78 -0.021764 -0.008235 0.713284 0.700489
1969 18.5 99.9 1.82 -0.02238 0.005956 0.700539 0.713238
1970 18.5 100 1.8 -0.008447 -0.003056 0.715827 0.69822
1971 18.5 101 1.85 -0.019027 -0.02579 0.727201 0.685676
1972 18.5 101 1.87 -0.004165 -0.035782 0.722302 0.690639
1973 18.5 102 1.85 -0.006405 -0.008964 0.740144 0.672358
1974 18.5 102 1.88 -0.034718 -0.001688 0.760754 0.648109
1975 18.5 102 1.85 -0.022283 -0.0276 0.739824 0.671865
1976 18.5 103 1.87 -0.023106 0.000192 0.718606 0.695033
1977 18.5 103 1.87 0.001388 -0.021176 0.724021 0.689452
1978 18.5 104 1.87 -0.013746 -0.022515 0.720976 0.692458
1979 18.5 104 1.88 -0.014951 -0.017917 0.698345 0.71538
1980 18.5 104 1.85 -0.008412 -0.013231 0.698075 0.715853
1981 18.5 105 1.89 -0.026775 -0.016128 0.699278 0.714166
1982 18.5 105 1.87 -0.01778 -0.017463 0.696982 0.716655
1983 18.5 106 1.88 -0.009601 -0.008435 0.70267 0.711401
1984 18.5 106 1.89 -0.011772 -0.00394 0.717446 0.696504
1985 18.5 107 1.86 -0.029147 -0.014699 0.709355 0.704095
1986 18.5 107 1.9 -0.025898 0.005287 0.700183 0.713474
1987 18.5 107 1.89 -0.009353 -0.012106 0.716243 0.697683
1988 18.5 108 1.9 -0.031078 -0.009152 0.725428 0.687535
1989 18.6 108 1.9 -0.033917 -0.011205 0.711089 0.702194
1990 18.6 109 1.89 -0.014995 0.004788 0.710094 0.703931
1991 18.6 109 1.92 -0.036065 -0.002722 0.725667 0.687095
1992 18.6 110 1.9 -0.022811 -0.019645 0.710049 0.703509
1993 18.6 110 1.92 -0.028165 0.003618 0.703712 0.709917
1994 18.6 110 1.93 -0.020643 -0.009946 0.718993 0.694639
1995 18.6 111 1.91 -0.031078 -0.010648 0.717869 0.695403
1996 18.6 111 1.94 -0.031969 0.003128 0.70296 0.710504
1997 18.7 112 1.91 -0.017377 -0.000808 0.711819 0.702147
1998 18.7 112 1.95 -0.035883 0.000545 0.725171 0.687633
1999 18.7 112 1.94 -0.039696 -0.022263 0.716217 0.696392
2000 18.7 113 1.95 -0.028461 0.000722 0.718979 0.694448
2001 18.7 113 1.96 -0.023102 -0.02179 0.744148 0.66726
2002 18.7 114 1.95 -0.028023 -0.036272 0.732151 0.679599
2003 18.7 114 1.97 -0.043697 -0.008151 0.71385 0.698887
2004 18.7 114 1.95 -0.015901 -0.014705 0.72563 0.687744
2005 18.7 115 1.98 -0.039084 -0.011582 0.739812 0.671578
2006 18.7 115 1.97 -0.033263 -0.028179 0.72587 0.686449
2007 18.7 116 1.95 -0.037499 0.00233 0.730655 0.681713
2008 18.7 116 1.98 -0.049258 0.000579 0.74853 0.661269
2009 18.7 116 1.95 -0.046332 -0.014562 0.740649 0.670134
2010 18.8 117 1.99 -0.04099 -0.00038 0.726464 0.685981
2011 18.8 117 1.98 -0.01857 -0.012136 0.732725 0.680163
2012 18.8 118 1.99 -0.02601 -0.013496 0.734094 0.678416
2013 18.8 118 2.01 -0.027089 -0.014874 0.723631 0.689495
2014 18.8 119 1.99 -0.020448 -0.000591 0.721778 0.691822
2015 18.9 119 2.04 -0.039014 -0.007135 0.74165 0.669613
2016 18.9 119 2.02 -0.023008 -0.017288 0.734135 0.678393
2017 18.9 120 2.03 -0.025473 0.002127 0.730299 0.682649
2018 18.9 120 2.05 -0.028643 -0.012322 0.741348 0.670397
2019 18.9 121 2.03 -0.03641 -0.023011 0.737848 0.673591
2020 18.9 121 2.06 -0.040288 -0.001859 0.723967 0.688655
2021 18.9 121 2.05 -0.014338 -0.005473 0.734741 0.678174
2022 18.9 122 2.07 -0.031395 -0.011774 0.739843 0.671944
2023 18.9 122 2.08 -0.014898 -0.024285 0.726859 0.686195
2024 18.9 123 2.07 -0.00864501 -0.006411 0.723471 0.69027
2025 18.9 123 2.1 -0.018425 -0.013628 0.748194 0.663085
2026 18.9 123 2.08 -0.019715 -0.029316 0.739324 0.672422
2027 18.9 124 2.11 -0.024038 -0.00988 0.728691 0.68435
2028 19 124 2.1 -0.011659 -0.013191 0.737059 0.675599
2029 19 125 2.1 -0.02725 -0.02597 0.741725 0.669647
2030 19 125 2.11 -0.035956 -0.022708 0.725637 0.686763
2031 19 125 2.09 -0.024893 -0.005225 0.731963 0.680869
2032 19 126 2.13 -0.02635 -0.019824 0.747601 0.663329
2033 19 126 2.12 -0.019494 -0.03512 0.732418 0.67967
2034 19 127 2.14 -0.015487 -0.003037 0.729546 0.683749
2035 19 127 2.16 -0.009869 -0.016738 0.76035 0.649223
2036 19 128 2.14 -0.017058 -0.027973 0.757261 0.65229
2037 19 128 2.17 -0.025873 -0.003408 0.737124 0.675254
2038 19 128 2.15 -0.008758 -0.009935 0.754886 0.655722
2039 19 129 2.18 -0.0347 -0.008067 0.768239 0.639171
2040 19 129 2.17 -0.037451 -0.019742 0.756344 0.652803
2041 19.1 130 2.16 -0.019063 -0.000608 0.761753 0.647587
2042 19.1 130 2.19 -0.03448 0.008175 0.783954 0.619807
2043 19.1 130 2.17 -0.029584 -0.006867 0.78083 0.624005
2044 19.1 131 2.23 -0.032953 0.011899 0.788394 0.614173
2045 19.2 131 2.24 -0.034623 -0.001937 0.819489 0.572044
2046 19.2 132 2.26 -0.032264 -0.017456 0.821205 0.569453
2047 19.2 132 2.32 -0.021786 -0.022249 0.811474 0.583559
2048 19.2 132 2.34 -0.001039 -0.009933 0.82656 0.56276
2049 19.3 133 2.4 -0.012175 -0.019971 0.845678 0.533181
2050 19.3 133 2.39 -0.020378 -0.023675 0.846595 0.53132
2051 19.3 133 2.46 -0.022113 -0.0165 0.857368 0.513964
2052 19.3 134 2.48 -0.009639 -0.002969 0.881019 0.472974
2053 19.3 134 2.54 -0.032094 -0.002746 0.898997 0.436769
2054 19.2 134 2.56 -0.030779 -0.017545 0.897081 0.440444
2055 19.2 135 2.62 -0.017133 -0.008013 0.903777 0.427585
2056 19.2 135 2.65 -0.014575 -0.005603 0.925881 0.377493
2057 19.2 135 2.7 -0.020709 -0.014528 0.944876 0.326451
2058 19.1 136 2.78 -0.018804 -0.008538 0.952453 0.303985
2059 19 136 2.82 -0.018396 -0.006392 0.975618 0.21861
2060 18.9 137 2.86 -0.038639 -0.010814 0.98424 0.172224
2061 18.8 137 2.9 -0.02939 -0.014262 0.98708 0.15686
2062 18.7 137 2.94 -0.019051 0.002254 0.996822 0.077318
2063 18.5 138 3 -0.029053 -0.00506 0.999535 0.007765
2064 18.4 138 3.05 -0.034362 0.002005 0.99885 -0.033373
2065 18.3 138 3.09 -0.015057 0.004461 0.994853 -0.100106
2066 18.2 138 3.13 -0.048806 0.013868 0.987358 -0.150166
2067 18 139 3.15 -0.025765 -0.035557 0.989624 -0.136804
2068 17.8 139 3.17 -0.026344 -0.008508 0.982181 -0.185887
2069 17.6 139 3.22 -0.064175 -0.00562 0.96909 -0.238148
2070 17.4 140 3.22 -0.075356 -0.015736 0.958975 -0.272837
2071 17.2 140 3.27 -0.042855 -0.008366 0.954273 -0.295729
2072 17.1 140 3.31 -0.048837 0.003725 0.946523 -0.318898
2073 16.8 141 3.31 -0.025897 -0.024225 0.948833 -0.313782
2074 16.6 141 3.35 -0.036208 -0.010574 0.934449 -0.354094
2075 16.3 141 3.37 -0.041785 -0.012808 0.911516 -0.408935
2076 16 141 3.42 -0.035461 -0.018627 0.917692 -0.395267
2077 15.7 141 3.44 -0.029886 -0.027597 0.908904 -0.415017
2078 15.3 141 3.42 -0.029572 -0.037965 0.903655 -0.425549
2079 15 141 3.42 -0.039727 -0.014612 0.905996 -0.421164
2080 14.7 141 3.42 -0.030647 -0.030194 0.880199 -0.472652
2081 14.4 141 3.35 -0.048522 -0.029676 0.883628 -0.464721
2082 14 141 3.37 -0.010335 -0.046099 0.875367 -0.481145
2083 13.7 141 3.36 -0.051231 -0.001993 0.868392 -0.493221
2084 13.4 142 3.38 0.03598 0.018379 -0.843162 0.536139
2085 13.1 142 3.35 0.029342 0.0458 -0.850615 0.522967
2086 12.8 141 3.35 0.028367 0.036381 -0.855203 0.516236
2087 12.4 142 3.35 0.03059 0.026209 -0.813847 0.579682
2088 12.1 142 3.35 0.028829 0.02804 -0.818843 0.572606
2089 11.7 142 3.34 0.029973 0.028216 -0.767617 0.639586
2090 11.4 142 3.32 0.039514 0.026495 -0.786788 0.615387
2091 11.1 142 3.34 0.035227 0.023032 -0.807685 0.58811
2092 10.8 142 3.32 0.029416 0.014775 -0.799824 0.599331
2093 10.5 141 3.33 0.022025 0.023997 -0.772059 0.634716
2094 10.2 141 3.31 0.015763 0.032139 -0.767093 0.640536
2095 9.84 141 3.29 0.013405 0.012689 -0.734056 0.678838
2096 9.47 141 3.31 0.009378 0.040518 -0.748713 0.661588
2097 9.19 141 3.28 -0.007122 0.044499 -0.776016 0.629101
2098 8.91 141 3.27 0.000882 0.019339 -0.773254 0.633801
2099 8.63 141 3.26 0.020633 0.02766 -0.740253 0.671442
2100 8.6 141 3.22 0.01533 0.042926 -0.748094 0.662026
2101 8.55 140 3.18 0.027192 0.018706 -0.729152 0.683555
2102 8.51 140 3.15 0.035049 0.041323 -0.720345 0.691496
2103 8.49 140 3.11 0.013601 0.026765 -0.75871 0.650736
2104 8.47 139 3.06 0.020819 0.025338 -0.750516 0.660038
2105 8.46 139 3.04 0.010689 0.021716 -0.730549 0.682431
2106 8.44 139 2.96 0.002255 0.016285 -0.753947 0.65673
2107 8.42 138 2.94 0.025073 0.020383 -0.763704 0.644757
2108 8.38 138 2.88 -0.002243 0.012589 -0.740505 0.671929
2109 8.34 138 2.83 0.004086 0.035327 -0.720756 0.692276
2110 8.27 137 2.76 0.00211 0.026199 -0.752863 0.657652
2111 8.2 137 2.71 0.001942 0.017192 -0.748982 0.662364
2112 8.16 137 2.69 -0.004381 0.025305 -0.720763 0.692706
2113 8.14 136 2.61 -0.014502 0.018136 -0.736635 0.675892
2114 8.15 136 2.57 0.010919 0.0407 -0.735798 0.675889
2115 8.15 136 2.49 -0.000995 0.015049 -0.697746 0.716186
2116 8.15 135 2.43 0.007891 0.026003 -0.703832 0.709847
2117 8.14 135 2.39 0.027141 0.048914 -0.728515 0.682742
2118 8.11 135 2.33 0.035074 0.037753 -0.705258 0.707076
2119 8.09 134 2.31 0.02657 0.050152 -0.692191 0.71948
2120 8.07 134 2.25 0.010392 0.01552 -0.725665 0.687794
2121 8.07 133 2.2 0.027603 0.039141 -0.714621 0.69787
2122 8.07 133 2.15 0.011076 0.040047 -0.684307 0.728009
2123 8.06 133 2.08 0.011701 0.042792 -0.710033 0.702769
2124 8.07 132 2.05 0.033238 0.055481 -0.72668 0.683925
2125 8.07 132 2 0.037678 0.034609 -0.706382 0.705979
2126 8.07 132 1.99 0.016887 0.043937 -0.709263 0.703371
2127 8.09 131 1.98 0.027729 0.03035 -0.737938 0.673615
2128 8.11 131 1.95 0.046101 0.027563 -0.718301 0.693656
2129 8.1 130 1.95 0.038943 0.047223 -0.698711 0.71278
2130 8.08 130 1.92 0.014332 0.04069 -0.725211 0.687173
2131 8.08 130 1.94 0.037143 0.03921 -0.734703 0.676236
2132 8.06 129 1.94 0.016365 0.018478 -0.717451 0.696171
2133 8.05 129 1.91 0.010989 0.040716 -0.715522 0.697316
2134 8.05 128 1.94 0.014232 0.021734 -0.739935 0.672177
2135 8.05 128 1.91 0.015233 0.01822 -0.724806 0.688544
2136 8.04 128 1.93 0.01669 0.028899 -0.705664 0.70776
2137 8.02 127 1.92 -0.024711 0.008515 -0.723549 0.689778
2138 7.99 127 1.9 0.014811 0.0044 -0.729911 0.683367
2139 7.96 126 1.91 0.004079 0.005867 -0.704791 0.709379
2140 7.91 126 1.87 0.010507 0.009656 -0.710571 0.703481
2141 7.87 126 1.9 0.014475 0.010758 -0.732384 0.680653
2142 7.84 125 1.87 0.012739 0.002612 -0.722447 0.691304
2143 7.81 125 1.85 0.011047 0.015192 -0.70977 0.704183
2144 7.81 124 1.83 -0.008576 0.021868 -0.72395 0.689452
2145 7.79 124 1.81 -0.003208 0.008674 -0.718153 0.695824
2146 7.77 124 1.84 -0.008967 0.016861 -0.689443 0.724088
2147 7.75 123 1.79 0.003445 0.024723 -0.706473 0.707299
2148 7.74 123 1.81 0.006974 0.018275 -0.722122 0.691489
2149 7.73 122 1.78 -0.000382 0.025642 -0.70663 0.707118
2150 7.72 122 1.78 -0.014154 0.027184 -0.700821 0.712679
2151 7.74 122 1.79 -0.011043 0.011789 -0.71701 0.696876
2152 7.76 121 1.76 -0.00299 0.008033 -0.712555 0.701564
2153 7.76 121 1.79 -9.6e-05 0.02195 -0.707415 0.706457
2154 7.76 120 1.75 -0.007294 0.010016 -0.719659 0.694217
2155 7.75 120 1.76 0.01419 0.015679 -0.729092 0.684089
2156 7.72 120 1.75 0.001745 0.016765 -0.71314 0.700819
2157 7.69 119 1.73 0.003308 0.02451 -0.708828 0.704948
2158 7.67 119 1.75 -0.008442 0.018513 -0.717072 0.696702
2159 7.65 118 1.71 0.004633 0.008305 -0.713471 0.70062
2160 7.64 118 1.73 0.002091 0.020795 -0.704561 0.709335
2161 7.65 117 1.71 -0.006367 0.017993 -0.720559 0.693131
2162 7.67 117 1.69 0.013418 0.01208 -0.720581 0.693135
2163 7.69 117 1.71 0.012239 0.020255 -0.706607 0.707211
2164 7.71 116 1.68 -0.00328 0.016749 -0.717375 0.696478
2165 7.73 116 1.7 0.022034 0.027606 -0.725793 0.687005
2166 7.72 115 1.7 -0.000433 0.012855 -0.714394 0.699626
2167 7.71 115 1.69 0.011845 0.022868 -0.709036 0.704702
2168 7.7 115 1.7 4.6e-05 0.013658 -0.719313 0.694552
2169 7.67 114 1.68 0.008751 0.004495 -0.709183 0.704956
2170 7.65 114 1.7 -0.003118 0.0169 -0.693483 0.720268
2171 7.62 113 1.67 -0.000387 0.010257 -0.716781 0.697222
2172 7.6 113 1.67 0.021228 0.00954801 -0.733247 0.679563
2173 7.59 113 1.68 0.000495 0.014894 -0.723149 0.690531
2174 7.57 112 1.66 -0.002198 0.005845 -0.726153 0.687505
2175 7.56 112 1.68 0.014136 0.001949 -0.734353 0.678618
2176 7.53 111 1.66 -0.007046 -0.011618 -0.723413 0.690282
2177 7.51 111 1.66 -0.004093 0.008189 -0.705912 0.70824
2178 7.5 111 1.67 -0.016243 -0.008322 -0.730951 0.682186
2179 7.47 110 1.64 -0.002586 -0.001864 -0.732175 0.681109
2180 7.47 110 1.66 -0.004923 0.013381 -0.711333 0.702711
2181 7.47 109 1.64 -0.021256 0.009213 -0.722085 0.691417
2182 7.47 109 1.64 0.01326 0.011741 -0.723131 0.690483
2183 7.47 108 1.63 0.012988 0.019197 -0.70232 0.711484
2184 7.47 108 1.6 0.005716 0.019784 -0.706066 0.707846
2185 7.48 108 1.64 0.020012 0.00636 -0.715584 0.698211
2186 7.47 107 1.61 0.006865 0.006584 -0.70171 0.712399
2187 7.46 107 1.62 -0.003418 0.01518 -0.698316 0.71562
2188 7.48 106 1.62 -0.01775 0.010872 -0.715438 0.698366
2189 7.47 106 1.59 0.002645 0.003329 -0.720694 0.693241
2190 7.48 105 1.63 -0.004705 0.005716 -0.702512 0.711634
2191 7.5 105 1.6 -0.027974 0.002557 -0.722506 0.690794
2192 7.51 105 1.62 0.006439 0.005953 -0.727343 0.686218
2193 7.53 104 1.59 -0.008384 0.006841 -0.718605 0.695334
2194 7.56 104 1.56 0.00075 0.015422 -0.71872 0.695128
2195 7.58 103 1.58 0.019126 0.017572 -0.727532 0.685582
2196 7.55 103 1.54 0.012172 -9.5e-05 -0.727123 0.6864
2197 7.54 102 1.56 0.010422 0.02452 -0.710777 0.702913
2198 7.56 102 1.54 -0.010859 0.009659 -0.723323 0.690357
2199 7.57 102 1.51 0.019341 0.016271 -0.72056 0.692932
2200 7.58 101 1.52 0.018201 0.028644 -0.704115 0.709274
2201 7.59 101 1.49 0.002451 0.021598 -0.711662 0.702186
2202 7.59 100 1.51 0.019203 0.02808 -0.726511 0.686312
2203 7.58 99.9 1.5 -0.001975 0.009346 -0.703745 0.710389
2204 7.57 99.5 1.48 0.007966 0.019756 -0.700246 0.713584
2205 7.55 99.1 1.5 0.014889 0.018644 -0.720228 0.693327
2206 7.53 98.6 1.47 0.026553 0.000827 -0.723131 0.690199
2207 7.52 98.2 1.49 0.005421 0.020285 -0.706046 0.707855
2208 7.51 97.8 1.47 -0.010166 0.017435 -0.719869 0.693817
2209 7.49 97.4 1.47 0.007831 0.003739 -0.727206 0.686365
2210 7.49 96.9 1.48 0.01538 0.020192 -0.707407 0.706351
2211 7.49 96.5 1.43 0.003357 0.025983 -0.713666 0.699996
2212 7.51 96.1 1.46 0.025775 0.030624 -0.727144 0.685317
2213 7.52 95.7 1.44 0.009456 0.000483 -0.70838 0.705768
2214 7.53 95.3 1.44 0.008731 0.024506 -0.697548 0.716066
2215 7.54 94.8 1.43 0.005949 0.016722 -0.719077 0.694704
2216 7.54 94.4 1.4 0.024641 0.018359 -0.717407 0.695976
2217 7.53 94 1.43 0.019305 0.056475 -0.699203 0.712427
2218 7.52 93.6 1.4 0.004807 0.023552 -0.711499 0.702276
2219 7.51 93.1 1.42 0.01471 0.024845 -0.727842 0.685137
2220 7.49 92.7 1.41 -0.013816 0.011932 -0.707693 0.706284
2221 7.48 92.3 1.38 0.008777 0.02871 -0.701882 0.71166
2222 7.46 91.8 1.38 0.017237 0.035574 -0.724717 0.687912
2223 7.43 91.4 1.36 0.004839 0.003215 -0.71833 0.695678
2224 7.43 91 1.37 0.014795 0.031518 -0.701583 0.711737
2225 7.41 90.6 1.36 -0.005733 0.025528 -0.721833 0.691572
2226 7.37 90.1 1.34 0.011103 0.011217 -0.733381 0.679635
2227 7.33 89.7 1.36 0.019092 0.023386 -0.713082 0.70043
2228 7.31 89.3 1.32 -0.00409 0.023602 -0.71773 0.695909
2229 7.29 88.8 1.34 0.020589 0.028324 -0.716784 0.696416
2230 7.26 88.4 1.32 0.00228 0.01436 -0.704253 0.7098
2231 7.25 88 1.3 0.008824 0.032244 -0.696384 0.71689
2232 7.28 87.6 1.31 0.013738 0.028679 -0.713215 0.700224
2233 7.3 87.1 1.28 0.021358 0.019732 -0.711332 0.702255
2234 7.34 86.7 1.3 0.027736 0.032436 -0.701699 0.711194
2235 7.39 86.2 1.28 0.008651 0.009767 -0.718419 0.695488
2236 7.43 85.8 1.27 0.032372 0.02218 -0.722738 0.690008
2237 7.45 85.4 1.29 0.016979 0.020836 -0.704659 0.709037
2238 7.46 85 1.27 -0.00972 0.022519 -0.707423 0.706364
2239 7.46 84.5 1.28 0.020528 0.032473 -0.717186 0.695822
2240 7.44 84.1 1.27 -3.6e-05 0.000998 -0.700323 0.713825
2241 7.43 83.7 1.25 0.010681 0.029064 -0.700006 0.713466
2242 7.42 83.4 1.24 0.000777 0.020187 -0.713471 0.700393
2243 7.39 83 1.24 0.01515 0.011824 -0.724642 0.688857
2244 7.36 82.6 1.23 0.014471 0.019347 -0.711562 0.702208
2245 7.33 82.2 1.24 0.002246 0.023288 -0.704055 0.70976
2246 7.32 81.9 1.22 -0.00731 0.02322 -0.716002 0.697674
2247 7.31 81.5 1.22 0.01445 0.018635 -0.716678 0.697006
2248 7.32 81.1 1.24 0.001841 0.018334 -0.690215 0.72337
2249 7.34 80.6 1.2 -0.004521 0.021237 -0.695661 0.718042
2250 7.36 80.2 1.23 0.015073 0.024726 -0.716461 0.697026
2251 7.36 79.9 1.2 0.012356 -0.003123 -0.711945 0.70212
2252 7.36 79.6 1.23 0.018429 0.013315 -0.701164 0.712638
2253 7.37 79.1 1.19 0.003045 0.024594 -0.704412 0.709359
2254 7.37 78.8 1.2 0.00972 0.037973 -0.717877 0.695065
2255 7.36 78.4 1.19 0.003463 0.015532 -0.708162 0.70587
2256 7.36 77.9 1.22 0.006809 0.039001 -0.696403 0.716558
2257 7.36 77.5 1.18 -0.011935 0.027027 -0.713979 0.699543
2258 7.34 77.1 1.18 0.00394 0.023565 -0.724865 0.688476
2259 7.33 76.8 1.18 -0.00195 0.016336 -0.721183 0.69255
2260 7.33 76.4 1.17 -0.005065 0.035516 -0.713987 0.699239
2261 7.34 76 1.16 -0.012637 0.022412 -0.718993 0.694541
2262 7.34 75.6 1.16 0.006436 0.013589 -0.723234 0.690439
2263 7.34 75.3 1.15 0.00023 0.010088 -0.711472 0.702642
2264 7.36 74.9 1.16 -0.006416 0.025207 -0.702644 0.711066
2265 7.37 74.4 1.16 0.001248 0.018107 -0.7225 0.691132
2266 7.38 74 1.12 0.013893 0.014414 -0.715104 0.698731
2267 7.39 73.6 1.14 0.026103 0.034804 -0.707247 0.705627
2268 7.4 73.2 1.1 0.00045 0.0237 -0.717428 0.696229
2269 7.4 72.7 1.12 0.019091 0.018985 -0.720175 0.69327
2270 7.37 72.3 1.12 0.014244 0.014189 -0.704106 0.70981
2271 7.36 71.9 1.09 -0.007439 0.019267 -0.706469 0.707443
2272 7.35 71.4 1.11 0.019764 0.031508 -0.719748 0.693239
2273 7.33 71 1.1 0.011673 -0.001472 -0.703089 0.711005
2274 7.32 70.6 1.11 0.000416 0.013359 -0.696387 0.717542
2275 7.32 70.2 1.1 -0.021419 0.009737 -0.721919 0.691577
2276 7.32 69.8 1.06 0.001725 0.010286 -0.730505 0.682828
2277 7.33 69.4 1.08 -0.000212 0.013418 -0.713619 0.700405
2278 7.34 69 1.05 -0.010463 0.022896 -0.710297 0.703452
2279 7.34 68.7 1.06 -0.01556 0.034195 -0.724569 0.688178
2280 7.32 68.3 1.04 0.011632 0.015195 -0.728535 0.684741
2281 7.3 67.8 1.06 0.023461 0.034993 -0.711019 0.701909
2282 7.29 67.4 1.03 -0.017731 0.027126 -0.722101 0.691028
2283 7.27 66.9 1.05 0.007303 0.019228 -0.726178 0.687199
2284 7.27 66.6 1.01 0.015328 0.014395 -0.712978 0.700871
2285 7.26 66.2 1.02 0.015311 0.02991 -0.69658 0.716692
2286 7.27 65.9 1 -0.00948 0.011938 -0.710498 0.703534
2287 7.26 65.5 1.01 0.01773 0.018353 -0.722385 0.69102
2288 7.27 65.2 0.99 0.012793 0.001603 -0.69524 0.718662
2289 7.28 64.7 0.996 0.016055 0.02587 -0.681407 0.731271
2290 7.29 64.4 0.973 0.005451 0.014547 -0.697894 0.716032
2291 7.3 64.1 0.996 0.012595 0.030478 -0.713155 0.70023
2292 7.29 63.8 0.965 0.014019 0.002999 -0.712256 0.701773
2293 7.29 63.5 0.982 0.003777 0.003852 -0.707172 0.707021
2294 7.31 63.1 0.951 -0.005469 0.012263 -0.715984 0.697987
2295 7.33 62.8 0.968 0.008224 0.01298 -0.729335 0.683985
2296 7.33 62.3 0.953 0.009921 0.003175 -0.722572 0.691217
2297 7.3 61.9 0.982 0.010824 0.016207 -0.710786 0.703138
2298 7.29 61.5 0.936 -0.02031 0.007659 -0.727286 0.685991
2299 7.27 61.1 0.954 -0.012114 0.004136 -0.730759 0.682516
2300 7.24 60.6 0.957 -0.006813 -0.010991 -0.71314 0.700902
2301 7.23 60.2 0.924 -0.016044 0.004359 -0.715645 0.698266
2302 7.23 59.8 0.945 0.012686 0.006672 -0.732777 0.680318
2303 7.21 59.5 0.914 -0.00275 -0.010257 -0.728497 0.684966
2304 7.2 59.2 0.941 -0.015329 -0.010019 -0.708634 0.705339
2305 7.19 58.7 0.902 -0.003207 -0.002827 -0.706174 0.708026
2306 7.19 58.4 0.935 -0.018036 -0.00768 -0.724272 0.689235
2307 7.17 58 0.912 -0.021035 -0.01732 -0.71648 0.697076
2308 7.15 57.7 0.937 -0.017256 -0.00765 -0.711202 0.702734
2309 7.16 57.2 0.892 -0.031245 -0.000106 -0.717657 0.695695
2310 7.17 56.8 0.915 -0.00204 0.005632 -0.730544 0.68284
2311 7.18 56.5 0.882 -0.012604 -0.006905 -0.725738 0.687821
2312 7.2 56.1 0.917 -0.01413 0.001295 -0.710851 0.7032
2313 7.21 55.7 0.883 -0.02919 0.001195 -0.714705 0.698815
2314 7.22 55.3 0.909 0.001024 0.00617 -0.725274 0.688432
2315 7.21 54.9 0.899 -0.010114 -0.014761 -0.712399 0.701546
2316 7.21 54.4 0.881 -0.005756 0.015839 -0.713188 0.70077
2317 7.21 54 0.895 -0.010848 0.020165 -0.741431 0.670639
2318 7.2 53.6 0.86 -0.010576 -0.002236 -0.733581 0.679516
2319 7.19 53.1 0.881 -0.002544 0.020598 -0.715728 0.69807
2320 7.18 52.7 0.865 -0.019789 0.011328 -0.734708 0.678
2321 7.17 52.3 0.856 -0.005539 -0.00732 -0.729336 0.684094
2322 7.14 51.8 0.865 -0.002053 0.009905 -0.710523 0.703601
2323 7.13 51.4 0.836 -0.025007 0.010966 -0.725704 0.687465
2324 7.13 51 0.855 0.007736 0.010662 -0.72663 0.686903
2325 7.1 50.5 0.843 -0.011614 0.005713 -0.716666 0.697296
2326 7.1 50.1 0.836 -0.018945 0.019891 -0.712806 0.700824
2327 7.12 49.7 0.845 -0.000735 0.021389 -0.719859 0.693791
2328 7.13 49.2 0.805 0.000218 0.004106 -0.715399 0.698704
2329 7.14 48.8 0.817 0.000757 0.020456 -0.714349 0.699491
2330 7.16 48.3 0.805 -0.009392 0.002103 -0.726425 0.687178
2331 7.18 47.9 0.787 0.006798 0.006227 -0.727342 0.686213
2332 7.18 47.6 0.793 -0.006155 0.009301 -0.715318 0.69871
2333 7.18 47.2 0.775 -0.000927 0.01575 -0.715483 0.698452
2334 7.19 46.9 0.778 -0.006658 0.015169 -0.725436 0.68809
2335 7.18 46.4 0.758 0.003174 0.013287 -0.720133 0.693702
2336 7.17 46.1 0.764 0.003414 0.023364 -0.707659 0.70616
2337 7.16 45.7 0.747 -0.00378 0.019413 -0.708556 0.705378
2338 7.15 45.4 0.756 -0.004948 0.02158 -0.720607 0.69299
2339 7.13 44.9 0.743 0.000283 0.00849 -0.722597 0.691217
2340 7.11 44.6 0.762 -0.00617 0.014202 -0.712002 0.702006
2341 7.1 44.2 0.732 -0.008097 0.022839 -0.716055 0.697623
2342 7.1 43.9 0.747 -0.015361 0.01551 -0.728874 0.6843
2343 7.1 43.4 0.727 -0.005982 0.001251 -0.72224 0.691616
2344 7.09 43 0.747 -0.002596 0.010828 -0.706418 0.707708
2345 7.09 42.6 0.704 -0.01846 0.013246 -0.716724 0.696987
2346 7.1 42.1 0.723 -0.001675 0.013981 -0.71886 0.695013
2347 7.09 41.7 0.723 -0.017316 0.004748 -0.703253 0.710713
2348 7.1 41.3 0.691 -0.013003 0.0127 -0.705489 0.708488
2349 7.12 41 0.699 -0.005609 0.018321 -0.71928 0.694456
2350 7.13 40.5 0.677 0.006738 0.000406 -0.715143 0.698946
2351 7.14 40.1 0.703 -0.005254 0.015913 -0.696673 0.717193
2352 7.14 39.6 0.668 -0.02316 0.007887 -0.715135 0.698558
2353 7.15 39.2 0.672 -0.000623 0.001921 -0.723046 0.690796
2354 7.16 38.8 0.672 -0.001894 0.001945 -0.696195 0.717848
2355 7.16 38.3 0.647 -0.008891 -9.5e-05 -0.700778 0.713324
2356 7.17 38 0.661 -0.002178 -0.002055 -0.722992 0.69085
2357 7.18 37.6 0.617 0.008142 0.001341 -0.717237 0.696781
2358 7.18 37.3 0.637 0.008607 0.012153 -0.701628 0.712388
2359 7.2 36.8 0.602 -0.018259 0.026802 -0.708741 0.704723
2360 7.21 36.5 0.611 2.8e-05 0.032214 -0.724869 0.688134
2361 7.22 36.1 0.58 0.019866 0.015229 -0.721355 0.692113
2362 7.22 35.8 0.602 0.016841 0.02913 -0.709766 0.703634
2363 7.22 35.5 0.573 0.008635 0.034045 -0.711187 0.702125
2364 7.23 35.2 0.566 0.000866 0.042244 -0.724633 0.687839
2365 7.21 34.7 0.573 0.011427 0.025375 -0.726352 0.68676
2366 7.17 34.3 0.598 -0.007828 0.029224 -0.704758 0.708802
2367 7.13 33.8 0.553 -0.008862 0.02587 -0.713641 0.699977
2368 7.11 33.4 0.573 0.004174 0.031229 -0.720917 0.692305
2369 7.1 33.1 0.538 -0.002381 0.007679 -0.708328 0.705838
2370 7.09 32.7 0.551 0.000572 0.028721 -0.694524 0.718896
2371 7.09 32.4 0.516 -0.016546 0.026978 -0.702293 0.711184
2372 7.1 31.9 0.527 0.015478 0.027563 -0.715789 0.697601
2373 7.09 31.6 0.499 0.004347 0.01247 -0.709532 0.70455
2374 7.09 31.2 0.532 -0.010567 0.012678 -0.699696 0.71425
2375 7.1 30.9 0.494 -0.018078 0.018324 -0.712894 0.700799
2376 7.11 30.4 0.515 -0.00797 0.01318 -0.723645 0.690001
2377 7.1 30.1 0.497 -0.016218 0.002767 -0.715493 0.698426
2378 7.1 29.7 0.522 -0.021717 0.016475 -0.712705 0.700934
2379 7.12 29.4 0.502 -0.022809 0.009771 -0.713746 0.699965
2380 7.13 28.9 0.51 0.007242 0.003665 -0.717749 0.696254
2381 7.12 28.6 0.487 0.001479 -0.000453 -0.71236 0.701812
2382 7.13 28.2 0.485 0.006546 0.019875 -0.702508 0.711368
2383 7.15 27.8 0.483 0.001689 0.013597 -0.717356 0.696572
2384 7.13 27.3 0.46 -0.001918 0.00521 -0.713786 0.700342
2385 7.13 26.9 0.485 0.008769 0.023 -0.707292 0.706493
2386 7.14 26.4 0.449 -0.009599 0.018214 -0.718503 0.695219
2387 7.16 26 0.462 0.004803 0.008796 -0.722191 0.691621
2388 7.16 25.6 0.461 -0.005998 -0.000731 -0.703844 0.710329
2389 7.18 25.2 0.433 -0.01803 0.011562 -0.702672 0.711191
2390 7.19 24.7 0.451 -0.001249 0.017592 -0.722825 0.690806
2391 7.19 24.4 0.419 -0.002773 -0.001038 -0.721263 0.692655
2392 7.2 24.1 0.438 -0.011347 0.010354 -0.70801 0.706036
2393 7.22 23.7 0.407 -0.018048 0.016496 -0.705459 0.708329
2394 7.22 23.2 0.433 0.002398 0.022712 -0.715794 0.697938
2395 7.2 22.8 0.415 -0.011588 -0.006274 -0.706247 0.707843
2396 7.19 22.4 0.422 -0.012966 0.018218 -0.700558 0.713245
2397 7.2 21.9 0.419 -0.018975 0.010976 -0.70579 0.708082
2398 7.19 21.5 0.4 -0.00684 0.003456 -0.69711 0.716923
2399 7.2 21.1 0.416 -0.006157 0.02756 -0.679688 0.732957
2400 7.22 20.6 0.388 -0.033828 0.015201 -0.702557 0.71066
2401 7.24 20.2 0.366 0.005134 0.021392 -0.715612 0.698151
2402 7.25 19.9 0.356 -0.007982 0.026994 -0.703866 0.709774
2403 7.26 19.4 0.348 0.004731 0.025296 -0.698928 0.714729
2404 7.27 19.1 0.33 0.004936 0.03657 -0.715353 0.697788
2405 7.26 18.7 0.324 0.028299 0.023831 -0.719695 0.693304
2406 7.25 18.4 0.327 0.024422 0.025905 -0.711007 0.702283
2407 7.24 17.9 0.313 0.01742 0.037655 -0.698824 0.714089
2408 7.25 17.6 0.314 0.016229 0.033747 -0.706477 0.706745
2409 7.22 17.2 0.293 0.029558 0.030608 -0.702094 0.710812
2410 7.2 16.7 0.312 0.03096 0.038362 -0.678491 0.732953
2411 7.19 16.3 0.253 0.005855 0.041649 -0.687629 0.724843
2412 7.16 15.9 0.263 0.035581 0.041668 -0.691302 0.720486
2413 7.14 15.6 0.246 0.020152 0.029195 -0.672164 0.739552
2414 7.15 15.2 0.267 0.018997 0.048211 -0.657157 0.75197
2415 7.16 14.8 0.237 -0.005037 0.040436 -0.675725 0.736027
2416 7.16 14.4 0.263 0.02411 0.031491 -0.698895 0.714124
2417 7.16 14 0.248 0.009113 0.022912 -0.693313 0.720214
2418 7.2 13.6 0.246 -0.003427 0.037268 -0.685113 0.727475
2419 7.24 13.1 0.286 0.011496 0.025454 -0.697601 0.715941
2420 7.26 12.7 0.259 0.01658 0.009756 -0.688146 0.725317
2421 7.28 12.3 0.309 0.013016 0.024876 -0.676773 0.735656
2422 7.32 11.9 0.338 -0.008979 0.009463 -0.681902 0.731327
2423 7.34 11.5 0.393 -0.001185 -0.005204 -0.677115 0.735858
2424 7.34 11.1 0.47 -0.01167 0.00822 -0.654413 0.756003
2425 7.35 10.7 0.489 -0.025139 0.006938 -0.65036 0.759179
2426 7.37 10.3 0.554 -0.034492 -0.002026 -0.658815 0.751511
2427 7.37 9.92 0.535 -0.020359 -0.020398 -0.640732 0.767223
2428 7.38 9.52 0.593 -0.006836 0.005186 -0.630211 0.776377
2429 7.43 9.11 0.582 -0.018024 0.001106 -0.634848 0.772426
2430 7.47 8.71 0.641 0.00968 0.006386 -0.637406 0.770441
2431 7.5 8.31 0.693 0.010724 0.001756 -0.597499 0.801796
2432 7.54 7.95 0.705 -0.0047 0.000208 -0.613562 0.789633
2433 7.59 7.57 0.763 0.00996 0.002429 -0.648945 0.760766
2434 7.61 7.21 0.767 0.018151 -0.011642 -0.653917 0.756259
2435 7.63 6.84 0.843 0.015362 0.003343 -0.654521 0.75588
2436 7.68 6.45 0.831 -0.000254 0.009686 -0.665267 0.746542
2437 7.71 6.1 0.893 0.002816 0.007339 -0.669764 0.742532
2438 7.7 5.73 0.926 -0.00621 -0.011776 -0.644662 0.764352
2439 7.72 5.39 0.954 -0.008046 0.007044 -0.63005 0.776481
2440 7.75 5.03 0.998 -0.010788 0.005155 -0.640004 0.768279
2441 7.76 4.71 1 0.007226 0.008333 -0.622986 0.782155
2442 7.77 4.38 1.07 -0.00019 0.003105 -0.591326 0.806427
2443 7.82 4 1.08 -0.020453 0.014732 -0.592785 0.804966
2444 7.87 3.68 1.13 -0.005619 0.022434 -0.570941 0.820666
2445 7.9 3.38 1.16 -0.002486 0.020386 -0.497234 0.867374
2446 7.95 3.03 1.17 -0.010087 0.023648 -0.464519 0.88519
2447 8.01 2.71 1.22 0.011205 0.034295 -0.440363 0.897094
2448 8.08 2.37 1.21 -0.011902 0.045245 -0.353831 0.934138
2449 8.21 2.09 1.2 -0.017772 0.036719 -0.330476 0.942932
2450 8.4 1.84 1.19 0.001964 0.033878 -0.270479 0.962128
2451 8.55 1.66 1.2 -0.008412 0.017324 -0.179084 0.983645
2452 8.79 1.46 1.2 -0.010616 -0.001948 -0.123312 0.992309
2453 9.02 1.25 1.21 0.002244 4.3e-05 -0.040579 0.999174
2454 9.14 1.13 1.27 -0.023348 -0.055776 -0.131643 0.989451
2455 9.48 1.09 1.27 -0.002141 -0.034113 -0.126553 0.991371
2456 9.76 0.976 1.26 0.001467 -0.015241 -0.073265 0.997195
2457 10.1 0.908 1.26 -0.029215 -0.001175 -0.028885 0.999155
2458 10.4 0.883 1.26 -0.014785 0.003374 0.006261 0.999865
2459 10.7 0.897 1.28 -0.000542 0.00181 0.05634 0.99841
2460 11.1 1.06 1.29 0.006264 -0.016545 0.09191 0.99561
2461 11.4 1.23 1.31 0.022097 0.000147 0.163302 0.986329
2462 11.7 1.43 1.34 0.058161 -0.040652 0.242134 0.967645
2463 11.8 1.7 1.34 0.057248 -0.072515 0.309279 0.946473
2464 12 2 1.32 0.027905 -0.035777 0.330627 0.94267
2465 12.2 2.24 1.29 0.013093 -0.00623 0.360009 0.932836
2466 12.4 2.55 1.34 0.035334 -0.053194 0.43377 0.898758
2467 12.3 2.91 1.37 0.056912 -0.102392 0.506972 0.853965
2468 12.3 3.15 1.38 0.05096 -0.107355 0.586672 0.801058
2469 12.2 3.39 1.38 0.076747 -0.118233 0.6624 0.73577
2470 12.2 3.65 1.36 0.037817 -0.083444 0.735436 0.671373
2471 12.1 3.95 1.27 0.024317 -0.05177 0.754062 0.654309
2472 12.1 4.27 1.21 -0.039862 0.012986 0.764965 0.642706
2473 12 4.57 1.16 -0.03549 0.008773 0.803872 0.593678
2474 11.9 4.96 1.14 -0.053082 0.000976 0.846596 0.529581
2475 11.9 5.29 1.13 -0.016497 -0.00586 0.833658 0.552003
2476 11.9 5.63 1.12 0.010166 0.004591 0.815162 0.579126
2477 11.9 5.98 1.1 0.000131 0.013151 0.802452 0.596571
2478 12 6.33 1.05 0.005731 0.001315 0.742353 0.669983
2479 12 6.68 1.03 -0.007203 0.033168 0.67671 0.735467
2480 12.2 7 0.971 -0.005313 0.028661 0.637908 0.769561
2481 12.3 7.31 0.96 -0.027936 0.05653 0.589262 0.805477
2482 12.4 7.6 0.919 -0.005936 0.023138 0.49992 0.865742
2483 12.6 7.87 0.934 0.007731 0.022338 0.422941 0.905849
2484 12.7 8.16 0.922 0.046614 -0.032688 0.423313 0.904193
2485 12.8 8.48 0.884 0.024432 -0.02834 0.440949 0.896752
2486 12.8 8.82 0.832 0.008794 -0.024026 0.436166 0.899502
2487 12.8 9.16 0.815 0.027245 -0.032123 0.493715 0.868603
2488 12.8 9.52 0.795 0.024456 -0.021039 0.581134 0.813168
2489 12.8 9.86 0.737 0.024517 -0.057694 0.6219 0.780583
2490 12.8 10.2 0.7 -0.000322 -0.049031 0.632518 0.772992
2491 12.8 10.6 0.628 0.014981 -0.041191 0.696415 0.7163
2492 12.7 10.9 0.629 0.03508 -0.07579 0.746919 0.65965
2493 12.7 11.2 0.568 0.094052 -0.116638 0.737453 0.658569
2494 12.7 11.5 0.511 0.024451 -0.045364 0.742807 0.667519
2495 12.7 11.9 0.371 -0.01826 0.002256 0.745299 0.666476
2496 12.7 12.2 0.325 -0.062604 0.032926 0.744375 0.664005
2497 12.8 12.6 0.263 -0.02766 0.033309 0.673197 0.738195
2498 12.9 12.9 0.243 -0.03943 0.055536 0.616943 0.784055
2499 12.9 13.3 0.23 -0.041429 0.071434 0.620179 0.780102
2500 12.9 13.7 0.215 -0.051543 0.041781 0.626878 0.776287
2501 12.9 14 0.245 -0.055345 0.051075 0.59346 0.801332
2502 12.9 14.4 0.248 -0.013249 0.010514 0.583295 0.812084
2503 12.9 14.8 0.273 -0.041651 -0.004376 0.619477 0.783897
2504 12.8 15.2 0.258 -0.049948 -0.049308 0.629629 0.773719
2505 12.7 15.6 0.288 -0.055583 -0.029175 0.629023 0.774848
2506 12.7 16 0.278 -0.012855 -0.039206 0.660782 0.749443
2507 12.5 16.4 0.293 -0.013101 -0.058637 0.717127 0.694348
2508 12.4 16.8 0.267 -0.036336 -0.032338 0.70872 0.703811
2509 12.4 17.2 0.269 -0.022722 0.003277 0.684645 0.728515
2510 12.3 17.6 0.272 -0.051379 0.039159 0.719404 0.691581
2511 12.2 18 0.252 -0.053333 0.013558 0.758211 0.649683
2512 12.1 18.4 0.275 -0.068393 0.041915 0.760089 0.644849
2513 12.1 18.8 0.27 -0.013914 0.046238 0.743236 0.667285
2514 12.1 19.2 0.314 -0.022036 0.030998 0.745238 0.665713
2515 12.1 19.6 0.296 -0.000518 0.002674 0.712072 0.702101
2516 12.2 20 0.318 -0.00688 0.015123 0.654176 0.75616
2517 12.2 20.5 0.312 -0.006107 0.015846 0.646396 0.762813
2518 12.2 20.9 0.325 -0.019358 -0.003969 0.664003 0.747469
2519 12.3 21.3 0.349 -0.031092 0.007743 0.63073 0.775341
2520 12.3 21.7 0.347 -0.013087 0.019394 0.617597 0.786147
2521 12.3 22.1 0.377 -0.034202 0.036649 0.655446 0.753577
2522 12.3 22.6 0.359 -0.041699 0.008645 0.654668 0.754716
2523 12.3 23 0.397 -0.040346 0.028525 0.649146 0.759057
2524 12.3 23.4 0.395 -0.008447 0.027766 0.653183 0.756644
2525 12.3 23.8 0.401 -0.02403 0.010362 0.68026 0.732503
2526 12.2 24.3 0.409 -0.018338 0.016246 0.657825 0.752773
2527 12.3 24.7 0.394 -0.012761 0.016524 0.642267 0.766197
2528 12.3 25.1 0.419 -0.041305 0.037236 0.686672 0.724837
2529 12.3 25.6 0.405 -0.028603 -0.008777 0.706153 0.707427
2530 12.3 26 0.445 -0.02191 0.008736 0.686536 0.726713
2531 12.3 26.4 0.448 -0.011364 0.008499 0.699941 0.71406
2532 12.3 26.8 0.462 -0.020195 -0.014 0.732336 0.6805
2533 12.3 27.3 0.454 -0.024824 0.022891 0.721839 0.691236
2534 12.3 27.7 0.465 0.003676 0.015501 0.699682 0.714277
2535 12.3 28.1 0.494 -0.013299 0.010489 0.715385 0.698526
2536 12.3 28.6 0.472 -0.012737 -0.015224 0.725475 0.687962
2537 12.3 29 0.512 -0.019853 0.008076 0.695781 0.717934
2538 12.3 29.4 0.485 -0.007829 0.015813 0.698882 0.715019
2539 12.3 29.8 0.499 -0.02343 0.001337 0.730978 0.681997
2540 12.3 30.1 0.475 -0.02708 -0.01012 0.730898 0.681874
2541 12.3 30.6 0.525 -0.012749 0.016463 0.702499 0.71138
2542 12.3 30.9 0.519 0.010567 -0.002621 0.692339 0.72149
2543 12.3 31.3 0.552 -0.011207 -7.8e-05 0.722018 0.691783
2544 12.2 31.7 0.527 -0.013163 -0.015975 0.703995 0.709904
2545 12.3 32.2 0.566 0.004412 -0.006956 0.64635 0.762996
2546 12.4 32.6 0.58 0.027427 -0.009665 0.647611 0.761416
2547 12.4 33 0.58 0.009727 -0.038386 0.675171 0.736598
2548 12.3 33.3 0.569 -0.010828 -0.024191 0.669912 0.741967
2549 12.4 33.8 0.591 0.017999 -0.011245 0.649319 0.76022
2550 12.4 34.1 0.595 0.005734 -0.026523 0.67118 0.740798
2551 12.4 34.5 0.624 0.005967 -0.030082 0.716589 0.696821
2552 12.4 34.9 0.625 0.01818 -0.039176 0.709721 0.703158
2553 12.5 35.3 0.627 0.009997 -0.032144 0.674629 0.737389
2554 12.5 35.6 0.635 0.003921 -0.029809 0.685292 0.727648
2555 12.4 36.1 0.648 0.002559 -0.044501 0.726269 0.685964
2556 12.4 36.4 0.632 0.004919 -0.040044 0.722322 0.690379
2557 12.5 36.8 0.648 0.008176 -0.010896 0.695123 0.718762
2558 12.5 37.1 0.637 0.010797 -0.016776 0.704868 0.709058
2559 12.4 37.5 0.673 0.003553 -0.026834 0.743585 0.668093
2560 12.4 38 0.657 0.002605 -0.01522 0.731431 0.68174
2561 12.4 38.4 0.678 0.010313 -0.012817 0.692333 0.721391
2562 12.5 38.7 0.678 0.005072 -0.011215 0.698633 0.715375
2563 12.4 39.1 0.7 0.002596 -0.022769 0.731418 0.681545
2564 12.4 39.5 0.709 0.011231 -0.03039 0.718903 0.694355
2565 12.4 40 0.722 0.027046 -0.02614 0.689256 0.723541
2566 12.4 40.4 0.733 -0.000409 -0.013117 0.706439 0.707653
2567 12.4 40.8 0.7 -0.006752 -0.043532 0.712992 0.699787
2568 12.4 41.2 0.755 -0.01763 -0.021705 0.68747 0.725674
2569 12.4 41.7 0.744 0.021067 -0.031256 0.685056 0.727514
2570 12.4 42.1 0.759 -0.001167 -0.028255 0.712354 0.701251
2571 12.4 42.5 0.747 -0.004645 -0.027133 0.693933 0.719514
2572 12.4 42.9 0.771 0.012496 -0.020193 0.665231 0.74626
2573 12.4 43.4 0.784 0.000258 -0.010098 0.688252 0.725402
2574 12.4 43.8 0.766 -0.006864 -0.035621 0.715838 0.697323
2575 12.4 44.2 0.807 -0.016796 -0.015327 0.693552 0.720048
2576 12.4 44.7 0.781 0.002066 -0.01235 0.682188 0.73107
2577 12.4 45.1 0.81 -0.018842 -0.003827 0.715641 0.698203
2578 12.4 45.5 0.792 -0.014863 -0.027517 0.715448 0.697966
2579 12.5 45.9 0.827 0.000761 -0.013998 0.698219 0.715747
2580 12.5 46.4 0.841 0.004 -0.002403 0.707817 0.706381
2581 12.5 46.8 0.814 -0.00268 -0.006863 0.71852 0.695467
2582 12.5 47.2 0.839 -0.017321 0.004522 0.679182 0.733752
2583 12.5 47.6 0.816 0.000261 0.011959 0.660309 0.750899
2584 12.6 48 0.863 -0.010938 0.013905 0.6757 0.736964
2585 12.6 48.5 0.838 -0.009342 -0.008821 0.667649 0.744366
2586 12.6 48.9 0.884 -0.006028 -0.003437 0.652894 0.757417
2587 12.7 49.3 0.874 0.00227 0.000445 0.648276 0.761402
2588 12.6 49.7 0.903 0.006922 -0.031281 0.682074 0.730581
2589 12.7 50.1 0.902 0.00988 -0.024001 0.658562 0.752079
2590 12.7 50.6 0.922 0.038731 -0.051381 0.645155 0.761338
2591 12.7 51 0.963 0.038444 -0.047035 0.673702 0.736502
2592 12.7 51.4 0.934 0.025665 -0.068569 0.681552 0.728098
2593 12.8 51.8 0.976 0.01836 -0.049196 0.658586 0.750671
2594 12.8 52.2 0.942 0.044203 -0.019092 0.652005 0.756685
2595 12.8 52.7 0.99 0.039725 -0.019741 0.671831 0.739375
2596 12.8 53.1 0.986 0.013732 -0.048669 0.673277 0.737659
2597 12.9 53.5 0.996 0.025628 -0.044919 0.671852 0.738878
2598 12.9 53.9 1 0.020347 -0.029766 0.692792 0.720236
2599 12.8 54.4 0.976 -0.004293 -0.031323 0.71993 0.693327
2600 12.8 54.8 0.999 -0.015416 -0.003554 0.718827 0.695009
2601 12.8 55.2 0.979 0.024726 -0.025522 0.712346 0.700928
2602 12.8 55.6 1.01 0.003023 -0.032936 0.725035 0.687917
2603 12.7 56 0.982 -0.002589 -0.053424 0.720844 0.69103
2604 12.7 56.4 1.02 0.005894 -0.045479 0.707487 0.705236
2605 12.7 56.9 1.02 0.010814 -0.039743 0.714036 0.698896
2606 12.7 57.3 1.01 -0.001909 -0.051608 0.737292 0.673598
2607 12.7 57.7 1.01 -0.009241 -0.024292 0.711475 0.702231
2608 12.7 58.2 0.991 0.026725 -0.019592 0.682465 0.730167
2609 12.7 58.6 1.02 -6.9e-05 -0.012209 0.703078 0.711008
2610 12.7 59 1 0.011229 -0.03315 0.704676 0.708666
2611 12.7 59.5 1.04 -0.012299 -0.015474 0.696603 0.717185
2612 12.7 59.9 1.03 -0.012481 -0.034024 0.707908 0.705375
2613 12.7 60.3 1.03 -0.013164 -0.039697 0.718584 0.694182
2614 12.6 60.8 1.03 -0.007582 -0.038446 0.710493 0.702612
2615 12.6 61.2 1.04 -0.002086 -0.028789 0.697582 0.715923
2616 12.6 61.6 1.06 -0.012097 -0.008492 0.704036 0.71001
2617 12.6 62 1.04 -0.015421 -0.030984 0.710345 0.703002
2618 12.6 62.5 1.08 -0.02241 -0.00997199 0.680654 0.732195
2619 12.7 62.8 1.06 -0.013663 -0.004477 0.67192 0.740484
2620 12.7 63.1 1.07 -0.027167 0.010158 0.676632 0.73575
2621 12.7 63.5 1.06 -0.03442 -0.014767 0.696985 0.716107
2622 12.7 63.9 1.11 -0.035511 -0.018898 0.679643 0.732439
2623 12.7 64.3 1.1 -0.010392 -0.011802 0.682302 0.730901
2624 12.7 64.8 1.13 -0.023121 -0.00664 0.71036 0.703427
2625 12.7 65.1 1.11 -0.020688 -0.029712 0.718717 0.69436
2626 12.7 65.5 1.15 -0.023588 -0.004628 0.6972 0.716474
2627 12.7 66 1.13 -0.000821 -0.024414 0.674272 0.738079
2628 12.7 66.4 1.18 -0.00596 -0.021535 0.684761 0.728425
2629 12.7 66.8 1.17 -0.000458 -0.05073 0.674218 0.736788
2630 12.7 67.2 1.2 0.001018 -0.030935 0.653365 0.75641
2631 12.7 67.7 1.2 0.007069 -0.018505 0.666082 0.745615
2632 12.7 68.1 1.19 -0.003031 -0.036123 0.694963 0.718131
2633 12.7 68.5 1.21 -0.022414 0.009511 0.668271 0.743519
2634 12.7 69 1.2 0.020593 -0.018785 0.659796 0.750928
2635 12.7 69.4 1.24 -0.020161 0.000185 0.694423 0.719284
2636 12.7 69.8 1.2 -0.025426 -0.025449 0.701363 0.711896
2637 12.8 70.2 1.24 -0.007334 -0.009541 0.664171 0.747484
2638 12.8 70.7 1.25 0.014809 -0.023562 0.66636 0.745111
2639 12.8 71.1 1.27 0.004641 -0.031938 0.699963 0.71345
2640 12.8 71.5 1.29 0.001379 -0.021711 0.671707 0.740498
2641 12.9 71.9 1.28 0.017842 -0.024152 0.651669 0.757909
2642 12.9 72.4 1.31 -0.000833 -0.011649 0.689208 0.72447
2643 12.9 72.8 1.28 -0.014582 -0.034915 0.699394 0.713734
2644 12.9 73.2 1.31 -0.029017 -0.008286 0.668552 0.743053
2645 12.9 73.7 1.29 0.002516 -0.007951 0.665132 0.74668
2646 12.9 74.1 1.32 -0.011 -0.031827 0.706177 0.707234
2647 12.8 74.5 1.32 -0.005819 -0.025335 0.682107 0.73079
2648 12.9 74.9 1.34 0.009665 -0.023466 0.668049 0.743684
2649 12.8 75.4 1.36 -0.001563 -0.009117 0.69519 0.718766
2650 12.8 75.8 1.33 -0.001491 -0.036737 0.712936 0.700265
2651 12.7 76.2 1.36 -0.032239 0.008651 0.687399 0.725513
2652 12.8 76.6 1.35 0.001806 -0.007233 0.680837 0.732397
2653 12.7 77.1 1.39 -0.012364 -0.003701 0.710333 0.703747
2654 12.7 77.4 1.37 0.003748 -0.018919 0.710656 0.703275
2655 12.7 77.8 1.39 -0.023621 0.006165 0.694592 0.718989
2656 12.8 78.2 1.38 -0.002789 -0.002684 0.685864 0.727719
2657 12.8 78.7 1.41 -0.011796 -0.019223 0.709436 0.704409
2658 12.8 79.1 1.4 0.005024 -0.00891 0.688315 0.72534
2659 12.8 79.5 1.41 0.006703 0.004977 0.673912 0.738764
2660 12.8 79.9 1.44 -0.011284 0.011212 0.681724 0.731437
2661 12.8 80.4 1.42 -0.000557 -0.009009 0.676546 0.736345
2662 12.8 80.8 1.45 -0.007881 0.009332 0.64092 0.767511
2663 12.9 81.2 1.43 0.019403 0.005165 0.627046 0.778724
2664 12.9 81.6 1.48 0.013264 -0.011631 0.644079 0.764755
2665 12.9 82 1.45 -0.000598 -0.01736 0.632836 0.774091
2666 12.9 82.5 1.47 0.000263 -0.005484 0.623066 0.78215
2667 13 82.8 1.44 -0.003085 0.010659 0.633638 0.77355
2668 13 83.2 1.47 -0.028738 0.008862 0.668183 0.743389
2669 12.9 83.5 1.44 -0.034406 -0.009202 0.667107 0.74411
2670 12.9 83.9 1.48 -0.040925 0.013673 0.664282 0.746236
2671 12.9 84.4 1.46 -0.019593 0.007466 0.67694 0.73574
2672 12.9 84.8 1.49 -0.030268 -0.011444 0.709049 0.704417
2673 12.9 85.2 1.49 -0.019031 -0.005951 0.707086 0.706847
2674 12.9 85.6 1.5 0.000635 -0.014178 0.693394 0.720419
2675 12.9 86.1 1.53 -0.012185 -0.012343 0.707691 0.706309
2676 12.9 86.5 1.48 -0.020928 -0.029873 0.723514 0.689346
2677 12.9 86.9 1.53 -0.018888 -0.000855 0.707778 0.706182
2678 12.9 87.4 1.51 -0.003219 -0.006704 0.71564 0.69843
2679 12.9 87.8 1.55 -0.019032 -0.006198 0.745946 0.665705
2680 12.9 88.2 1.51 -0.026729 -0.004479 0.729167 0.683798
2681 12.9 88.6 1.55 0.001661 0.001833 0.69805 0.716045
2682 12.9 88.9 1.53 -0.009319 0.007667 0.702266 0.711812
2683 12.9 89.4 1.58 -0.017171 0.001813 0.713869 0.700066
2684 12.9 89.7 1.54 -0.020214 -0.002885 0.711686 0.702201
2685 12.9 90.1 1.6 -0.028109 0.012516 0.684418 0.728441
2686 12.9 90.5 1.58 -0.006114 -0.011635 0.680761 0.732388
2687 12.9 91 1.6 -0.018347 -0.008523 0.712221 0.701664
2688 12.9 91.3 1.56 -0.020276 -0.011586 0.710601 0.703208
2689 12.9 91.7 1.61 -0.012688 0.00023 0.683215 0.730107
2690 12.9 92 1.58 -0.010858 -0.007815 0.678177 0.734777
2691 12.9 92.4 1.62 -0.03079 -0.000259 0.703575 0.709954
2692 12.9 92.8 1.59 -0.029626 -0.025494 0.706875 0.706258
2693 12.9 93.2 1.63 -0.054656 0.004314 0.668988 0.741249
2694 13 93.6 1.6 -0.015471 0.001344 0.653472 0.756792
2695 13 94 1.65 -0.026299 -0.015884 0.680067 0.732506
2696 12.9 94.4 1.61 -0.026546 -0.020581 0.684683 0.728066
2697 12.9 94.8 1.64 -0.054111 0.014716 0.682912 0.728345
2698 13 95.2 1.63 -0.019247 0.002654 0.698595 0.715254
2699 12.9 95.6 1.67 -0.031077 -0.01465 0.722504 0.690513
2700 12.9 95.9 1.63 -0.034436 -0.00029 0.71632 0.696922
2701 13 96.4 1.68 -0.02256 0.01247 0.693248 0.720238
2702 13 96.7 1.65 -0.013453 0.004008 0.692243 0.721528
2703 13 97.1 1.7 -0.019365 0.00038 0.710903 0.703023
2704 13 97.4 1.66 -0.020378 -0.003884 0.714555 0.699272
2705 13 97.9 1.69 -0.049405 0.018232 0.704435 0.707812
2706 13 98.3 1.69 -0.033086 0.016243 0.708642 0.704605
2707 13 98.7 1.72 -0.044008 0.015158 0.727597 0.684423
2708 13 99.1 1.71 -0.035203 -0.00583 0.71312 0.700133
2709 13 99.6 1.74 -0.027126 0.010516 0.696985 0.716495
2710 13 100 1.74 -0.040896 0.024451 0.70789 0.704714
2711 12.9 100 1.73 -0.055803 0.00996 0.718205 0.693519
2712 12.9 101 1.77 -0.05286 0.020594 0.693792 0.717937
2713 12.9 101 1.76 -0.036138 0.012641 0.69803 0.715044
2714 12.9 102 1.8 -0.04503 0.015484 0.714607 0.697904
2715 12.9 102 1.76 -0.034557 -0.01731 0.717266 0.695726
2716 12.9 103 1.79 -0.045413 0.003861 0.693165 0.719337
2717 12.9 103 1.76 -0.031342 -0.005003 0.688431 0.724607
2718 12.9 103 1.78 -0.031659 -0.032497 0.714135 0.698537
2719 12.9 104 1.77 -0.025517 -0.020857 0.694974 0.718279
2720 12.9 104 1.81 -0.026453 -0.018555 0.684504 0.728293
2721 12.9 105 1.85 -0.014497 -0.027884 0.697802 0.715601
2722 12.9 105 1.9 -0.039781 -0.029964 0.702338 0.710099
2723 13 105 1.94 -0.040208 -0.011603 0.689958 0.722639
2724 13 106 1.94 -0.025417 -0.015998 0.689544 0.723621
2725 13 106 1.97 -0.020559 -0.018539 0.696334 0.717184
2726 13.1 107 1.97 -0.002085 -0.023399 0.684006 0.729098
2727 13.1 107 2 -0.000235 -0.005251 0.674899 0.737891
2728 13.1 107 2.01 0.014106 -0.016514 0.689228 0.724219
2729 13.1 108 1.99 0.008231 -0.016113 0.700697 0.713229
2730 13.1 108 1.97 -0.002943 -0.006541 0.681159 0.7321
2731 13.1 109 1.94 0.015952 -0.000462 0.6736 0.738923
2732 13.1 109 1.93 -0.008281 0.019881 0.69423 0.719431
2733 13.1 109 1.92 -0.029275 -0.00980799 0.715338 0.698097
2734 13.1 110 1.93 -0.064658 0.00974899 0.711312 0.699829
2735 13.1 110 1.91 -0.022297 -0.003481 0.731123 0.681873
2736 13 111 1.93 -0.046021 0.008985 0.761208 0.64681
2737 13 111 1.9 -0.030572 -0.030635 0.747514 0.662834
2738 13 112 1.92 -0.034467 0.00414 0.723577 0.68937
2739 13 112 1.89 -0.022107 0.003405 0.709571 0.704279
2740 13.1 112 1.92 -0.046158 0.010166 0.707889 0.70474
2741 13.1 113 1.88 -0.040327 -0.000932 0.680801 0.731357
2742 13.1 113 1.92 -0.033389 0.005492 0.65709 0.753052
2743 13.1 114 1.89 -0.027164 0.024264 0.663422 0.747359
2744 13.1 114 1.89 -0.052553 0.023327 0.67357 0.736884
2745 13.1 114 1.88 -0.068052 0.02803 0.659846 0.747788
2746 13.1 115 1.91 -0.051427 0.028474 0.648171 0.759223
2747 13.1 115 1.9 -0.039998 0.011868 0.672105 0.73928
2748 13 116 1.87 -0.046127 -0.025641 0.696486 0.715627
2749 13 116 1.88 -0.060092 0.001698 0.681408 0.729431
2750 13 116 1.86 -0.017793 -0.003965 0.686263 0.727125
2751 12.9 117 1.89 -0.044941 0.002691 0.713513 0.699194
2752 12.9 117 1.86 -0.039247 -0.024949 0.726937 0.685128
2753 12.9 118 1.86 -0.070154 0.018476 0.700162 0.710289
2754 12.9 118 1.85 -0.018006 0.013313 0.669511 0.742465
2755 12.9 118 1.88 -0.037054 0.008635 0.682643 0.729761
2756 12.8 119 1.85 -0.03143 -0.019821 0.683841 0.728684
2757 12.8 119 1.89 -0.038949 0.004744 0.668815 0.742392
2758 12.9 120 1.88 -0.008133 -0.009948 0.671368 0.741013
2759 12.8 120 1.91 -0.014809 -0.03252 0.706723 0.706587
2760 12.8 120 1.89 -0.013298 -0.053305 0.711222 0.700818
2761 12.8 121 1.92 -0.018941 -0.032988 0.702847 0.710324
2762 12.9 121 1.91 0.003784 -0.049173 0.714659 0.697733
2763 12.8 122 1.92 -0.014593 -0.043742 0.751123 0.65855
2764 12.8 122 1.91 0.000131 -0.047493 0.747685 0.662353
2765 12.8 122 1.92 0.027089 -0.052614 0.722352 0.688989
2766 12.9 123 1.93 0.02231 -0.033299 0.707217 0.705859
2767 12.9 123 1.92 0.015202 -0.044776 0.68781 0.724349
2768 12.9 124 1.95 -0.002448 -0.009995 0.641791 0.76681
2769 13 124 1.93 0.012785 -0.002495 0.624248 0.781117
2770 13 125 1.95 -0.018151 0.01465 0.620769 0.783647
2771 13 125 1.94 -0.026095 -0.016416 0.587742 0.808461
2772 13.1 125 1.98 -0.011424 -0.018703 0.564759 0.824965
2773 13.1 126 1.97 0.010025 -0.023244 0.556008 0.830791
2774 13.1 126 1.98 0.010185 -0.055086 0.569169 0.82031
2775 13.1 127 1.99 0.009193 -0.037691 0.54233 0.839269
2776 13.2 127 1.97 0.023551 -0.042334 0.535573 0.843099
2777 13.3 127 2 0.003628 -0.030147 0.567791 0.822612
2778 13.3 128 1.98 0.011367 -0.072995 0.586775 0.806373
2779 13.4 128 2.02 -0.000118 -0.044518 0.57695 0.815565
2780 13.5 129 2.01 0.016388 -0.048205 0.594522 0.802466
2781 13.5 129 2.03 0.000763 -0.04437 0.62158 0.782093
2782 13.5 130 2.03 0.002505 -0.060618 0.614215 0.786803
2783 13.5 130 2.03 0.015722 -0.052311 0.603764 0.795289
2784 13.5 130 2.04 0.008619 -0.017004 0.626726 0.779006
2785 13.5 131 2.03 0.005827 -0.051868 0.646192 0.761388
2786 13.5 131 2.06 -0.014968 -0.031701 0.638139 0.769123
2787 13.5 132 2.03 -0.005001 -0.0315 0.648683 0.76039
2788 13.5 132 2.08 -0.000939 -0.016832 0.674351 0.738219
2789 13.5 132 2.09 0.004637 -0.043164 0.661186 0.748965
2790 13.4 133 2.15 -0.005355 -0.03428 0.660739 0.749813
2791 13.4 133 2.18 -0.006325 -0.02426 0.665576 0.745909
2792 13.3 133 2.26 -0.012733 -0.037189 0.667396 0.743665
2793 13.1 134 2.3 0.000741 -0.049937 0.632574 0.772888
2794 13 134 2.35 0.003806 -0.030484 0.603377 0.796864
2795 13 134 2.38 -0.016106 -0.003831 0.570095 0.821412
2796 12.9 135 2.45 -0.015831 -0.027513 0.542196 0.839652
2797 12.8 135 2.52 -0.000976 -0.031711 0.486428 0.873144
2798 12.8 135 2.55 0.032955 -0.051512 0.449477 0.891196
2799 12.9 136 2.62 0.041594 -0.057421 0.415817 0.90668
2800 12.9 136 2.62 0.011801 -0.030981 0.403351 0.914445
2801 12.8 136 2.68 -0.007731 -0.008779 0.370716 0.928673
2802 12.9 137 2.7 -0.020056 0.013823 0.373147 0.927452
2803 12.9 137 2.76 -0.021749 0.046507 0.391818 0.918609
2804 13 137 2.77 -0.025166 0.033193 0.379471 0.924266
2805 13 138 2.84 -0.027501 0.042741 0.33801 0.939769
2806 13.1 138 2.87 -0.000978 0.002206 0.30197 0.953314
2807 13.2 138 2.95 0.02534 -0.005114 0.2788 0.960001
2808 13.2 139 2.97 -0.002388 0.009141 0.213483 0.976901
2809 13.3 139 3.02 0.001402 0.067225 0.136004 0.988424
2810 13.4 139 3.07 0.015991 0.077192 0.072878 0.994221
2811 13.4 140 3.1 0.013343 0.065145 0.017549 0.997632
2812 13.5 140 3.18 0.0229 0.077564 -0.039523 0.99594
2813 13.6 140 3.21 0.03558 0.045442 -0.118977 0.991218
2814 13.8 141 3.25 0.033808 0.049207 -0.17946 0.981952
2815 13.9 141 3.29 0.036386 0.051333 -0.246934 0.966987
2816 14.2 141 3.33 0.028538 0.018123 -0.320472 0.946655
2817 14.3 141 3.34 0.023829 0.002859 -0.424014 0.905338
2818 14.3 141 3.37 0.022611 -0.001739 -0.504385 0.863181
2819 14.2 141 3.4 0.004207 -0.045726 -0.583752 0.810632
2820 14.3 141 3.44 -0.061084 -0.07592 -0.492452 0.864867
2821 14.5 141 3.42 -0.067229 -0.030807 -0.409305 0.909396
2822 14.7 142 3.4 -0.041742 -0.0037 -0.331454 0.94254
2823 15 142 3.36 0.003627 -0.019152 -0.245933 0.969091
2824 15.4 142 3.4 0.008776 -0.018826 -0.243362 0.969713
2825 15.7 142 3.39 0.001438 0.000367 -0.313792 0.949491
2826 16 142 3.41 0.00844701 0.001439 -0.381186 0.924459
2827 16.4 142 3.39 0.024017 -0.00407 -0.385632 0.922331
2828 16.8 142 3.4 0.00429 -0.024046 -0.380913 0.924288
2829 17.2 142 3.42 0.007575 -0.007562 -0.411 0.911572
2830 17.6 142 3.41 0.017718 -0.022713 -0.410065 0.911601
2831 18 142 3.44 0.015756 -0.010039 -0.395669 0.918203
2832 18.4 142 3.42 -0.003559 -0.012861 -0.416082 0.909229
2833 18.7 142 3.46 0.013651 0.001347 -0.446673 0.894592
2834 19.1 142 3.44 0.024455 -0.000379 -0.467391 0.883712
2835 19.4 142 3.47 0.007214 0.013586 -0.480156 0.877048
2836 19.8 142 3.47 0.008977 0.023254 -0.506724 0.861748
2837 20.1 142 3.49 0.016185 0.019689 -0.515979 0.856222
2838 20.5 142 3.48 0.03559 0.013056 -0.510024 0.859325
2839 20.8 142 3.49 0.025839 0.003335 -0.48751 0.872729
2840 21.2 142 3.51 0.01197 0.011941 -0.483258 0.875315
2841 21.6 142 3.52 0.025175 -0.008168 -0.459804 0.887626
2842 21.9 142 3.55 0.037561 -0.017386 -0.434451 0.899744
2843 22.3 142 3.54 0.012738 -0.017869 -0.425329 0.904773
2844 22.6 142 3.57 0.015148 -0.031826 -0.508485 0.860349
2845 22.9 142 3.56 0.010083 -0.059081 -0.571026 0.818741
2846 23.2 142 3.59 0.030212 -0.040661 -0.631001 0.774126
2847 23.6 142 3.58 0.005946 -0.038823 -0.664016 0.746686
2848 23.9 142 3.61 0.020903 -0.012205 -0.678097 0.734574
2849 24.2 142 3.59 0.011541 -0.032047 -0.657722 0.75249
2850 24.6 142 3.61 0.025775 -0.013578 -0.627912 0.777739
2851 25 142 3.59 0.005882 -0.008151 -0.625462 0.78019
2852 25.3 142 3.61 0.015498 -0.005678 -0.643426 0.76533
2853 25.7 142 3.61 0.020921 -0.023005 -0.63449 0.772305
2854 26 142 3.62 0.018415 -0.00989299 -0.643851 0.764866
2855 26.3 142 3.61 0.019812 5.6e-05 -0.669419 0.742621
2856 26.6 142 3.6 0.035585 -0.008101 -0.686916 0.72582
2857 26.9 142 3.61 0.042719 -0.018284 -0.687203 0.724978
2858 27.2 141 3.58 0.044458 0.014818 -0.714991 0.697561
2859 27.4 141 3.56 0.044032 0.047421 -0.738651 0.670975
2860 27.5 141 3.54 0.06635 0.039744 -0.729759 0.679315
2861 27.5 140 3.53 0.036291 0.027631 -0.756635 0.652245
2862 27.6 140 3.51 0.027177 0.020689 -0.817181 0.575368
2863 27.6 140 3.49 0.01607 0.001235 -0.82746 0.561293
2864 27.6 139 3.46 -0.002911 -0.017388 -0.796417 0.60449
2865 27.7 139 3.38 -0.017733 -0.000578 -0.782031 0.622987
2866 27.7 139 3.33 0.029053 0.048608 -0.784273 0.617826
2867 27.7 138 3.25 0.019892 0.038811 -0.741574 0.669453
2868 27.8 138 3.23 0.03117 0.075237 -0.673264 0.734904
2869 27.9 138 3.21 -0.048225 -0.020378 -0.666665 0.743516
2870 27.9 137 3.22 -0.057452 -0.040398 -0.668383 0.740494
2871 27.9 137 3.16 -0.079989 -0.07352 -0.660013 0.743357
2872 27.9 137 3.13 -0.08663 -0.072635 -0.673461 0.730527
2873 28 136 3.08 -0.067288 -0.073429 -0.729186 0.677029
2874 28 136 3.01 -0.030736 -0.035753 -0.747635 0.662434
2875 28 136 2.94 0.007919 0.007154 -0.725298 0.688352
2876 28 135 2.87 -0.022353 0.007063 -0.725075 0.688271
2877 28.1 135 2.84 0.01012 0.023788 -0.726308 0.686883
2878 28.1 134 2.76 -0.001964 0.000922 -0.694424 0.719563
2879 28.2 134 2.74 0.008182 0.026154 -0.659426 0.75127
2880 28.3 134 2.68 -0.027077 -0.022147 -0.679075 0.733235
2881 28.3 133 2.64 -0.014223 0.006458 -0.672041 0.740349
2882 28.4 133 2.58 -0.00427 0.010096 -0.645959 0.763294
2883 28.5 133 2.52 -0.022623 -0.013041 -0.647246 0.761834
2884 28.6 132 2.49 0.012592 0.017697 -0.670539 0.741556
2885 28.6 132 2.45 0.010429 -0.007483 -0.687577 0.725998
2886 28.6 132 2.47 0.007214 0.015905 -0.703231 0.710747
2887 28.7 132 2.41 -0.010537 -0.01017 -0.720313 0.693494
2888 28.6 131 2.39 -0.011183 -0.017436 -0.739561 0.672771
2889 28.6 131 2.35 -0.007709 -0.0046 -0.725652 0.688003
2890 28.6 130 2.34 -0.025709 -0.006933 -0.724447 0.688816
2891 28.6 130 2.35 -0.005059 -0.004039 -0.738782 0.673913
2892 28.6 130 2.34 -0.020344 -0.021305 -0.732557 0.680068
2893 28.5 130 2.35 -0.014306 -0.014567 -0.719908 0.693769
2894 28.6 129 2.31 -0.01128 -0.013174 -0.729246 0.684032
2895 28.5 129 2.29 0.036622 0.027314 -0.763157 0.644596
2896 28.4 129 2.25 0.034354 0.027158 -0.797435 0.601813
2897 28.3 128 2.26 0.034089 0.053374 -0.805148 0.589683
2898 28.3 128 2.24 0.039146 0.037531 -0.820027 0.56975
2899 28.2 128 2.26 0.033952 0.040004 -0.830287 0.554861
2900 28.2 127 2.23 0.032594 0.027545 -0.818928 0.572307
2901 28.1 127 2.22 0.029656 0.054298 -0.782167 0.619989
2902 28.2 126 2.22 0.0244 0.056158 -0.772195 0.632429
2903 28.1 126 2.22 0.013275 0.025998 -0.757077 0.652673
2904 28.1 126 2.24 0.019692 0.026856 -0.71612 0.697182
2905 28.2 125 2.21 -0.022294 0.016281 -0.693917 0.719526
2906 28.2 125 2.25 -0.041473 -0.017744 -0.700863 0.711868
2907 28.1 124 2.22 -0.068855 -0.077831 -0.694824 0.711632
2908 28.1 124 2.23 -0.058584 -0.067272 -0.689289 0.718974
2909 28.1 124 2.18 -0.056101 -0.049498 -0.719973 0.689957
2910 28 123 2.19 -0.038503 -0.034763 -0.753052 0.655913
2911 27.9 123 2.16 -0.018708 -0.02071 -0.762692 0.646159
2912 28 122 2.13 -0.02293 0.017329 -0.747708 0.663406
2913 28 122 2.15 -0.016005 0.020487 -0.744865 0.666709
2914 28 121 2.12 -0.012469 0.001769 -0.741175 0.671194
2915 28 121 2.13 -0.00847099 0.018998 -0.702375 0.711504
2916 28 121 2.1 -0.049563 0.012204 -0.680594 0.73088
2917 28 120 2.12 -0.016335 0.018746 -0.691638 0.721817
2918 28 120 2.1 -0.008195 -0.014037 -0.699119 0.71482
2919 28 119 2.11 -0.023142 -0.011766 -0.677569 0.735
2920 28 119 2.08 -0.039208 -0.001719 -0.693291 0.719588
2921 28 119 2.09 -0.010354 -0.004557 -0.720534 0.693328
2922 28 118 2.05 -0.008682 0.001805 -0.718714 0.695249
2923 28 118 2.08 -0.007745 0.030038 -0.687516 0.725506
2924 28 118 2.04 -0.015452 0.024786 -0.686674 0.726379
2925 28 117 2.07 0.013005 0.016597 -0.721402 0.692195
2926 28 117 2.03 0.017687 0.005632 -0.726968 0.68642
2927 28 116 2.06 0.00865 0.030422 -0.702776 0.710708
2928 28 116 2.03 -0.023924 0.015062 -0.696603 0.716899
2929 28 116 2.05 0.010598 0.014298 -0.72208 0.691581
2930 27.9 115 2.01 0.009683 -0.020682 -0.736447 0.67611
2931 27.9 115 2.03 0.011405 0.000916 -0.714128 0.699921
2932 28 115 1.98 -0.000674 0.010729 -0.705937 0.708193
2933 27.9 114 2.01 0.023064 0.021232 -0.728512 0.684315
2934 27.9 114 1.98 0.002558 0.003161 -0.741111 0.67137
2935 27.9 113 2 0.010984 0.025775 -0.71763 0.69586
2936 27.9 113 1.97 -0.036812 -0.007224 -0.716259 0.696825
2937 27.9 112 2 -0.010504 0.004708 -0.735078 0.677885
2938 27.9 112 1.96 -0.00546 -0.006741 -0.736205 0.676703
2939 27.9 112 1.98 -0.002977 0.010354 -0.721926 0.691886
2940 28 112 1.96 -0.027419 0.007853 -0.702768 0.710847
2941 28 111 1.93 -0.004148 0.001286 -0.716504 0.69757
2942 28 111 1.95 -0.0065 -0.002433 -0.733617 0.679527
2943 28 111 1.92 0.005887 -0.005816 -0.729084 0.684375
2944 28 110 1.94 -0.010401 0.022338 -0.698337 0.715344
2945 28 110 1.91 -0.015408 0.017473 -0.69983 0.71393
2946 28 109 1.93 0.006383 0.031363 -0.715412 0.697969
2947 28 109 1.9 0.002083 0.014308 -0.711412 0.702626
2948 28 109 1.93 0.003953 0.031221 -0.678871 0.733583
2949 28.1 108 1.89 0.00075 0.020121 -0.675246 0.737318
2950 28 108 1.91 0.024548 0.02907 -0.685061 0.727492
2951 28 108 1.88 0.001324 0.003158 -0.701889 0.712278
2952 28 107 1.91 0.00563 0.019284 -0.673861 0.738585
2953 28 107 1.88 -0.032331 0.017294 -0.651185 0.758033
2954 28 106 1.9 0.00675 0.037995 -0.685088 0.727437
2955 28 106 1.85 0.005952 0.028217 -0.713424 0.700139
2956 28 106 1.85 0.00132 0.044798 -0.71494 0.697748
2957 28 105 1.85 -0.005673 0.030456 -0.690311 0.722849
2958 28 105 1.83 -0.005771 0.027327 -0.701596 0.712027
2959 28 105 1.84 -0.00158 0.012214 -0.733774 0.679282
2960 27.9 104 1.83 -0.01447 0.019607 -0.729781 0.683246
2961 28 104 1.84 -0.023764 0.017116 -0.698811 0.714707
2962 28 103 1.82 -0.034478 0.025886 -0.705408 0.707489
2963 28 103 1.83 -0.004087 0.022771 -0.730886 0.682107
2964 28 103 1.8 -0.004714 0.00049 -0.724309 0.68946
2965 28 102 1.81 0.004679 0.01992 -0.695368 0.718363
2966 28 102 1.77 -0.035356 0.005013 -0.684077 0.728535
2967 28 102 1.8 0.006101 0.013778 -0.716714 0.697204
2968 28 101 1.76 -0.00583 0.004972 -0.729558 0.683876
2969 28 101 1.79 -0.00958101 0.000292 -0.715086 0.69897
2970 28 101 1.75 -0.030103 0.014498 -0.693533 0.719649
2971 28 100 1.75 -0.01343 0.009198 -0.71337 0.700599
2972 27.9 99.8 1.75 -0.00908401 -0.007653 -0.746414 0.665375
2973 27.9 99.5 1.74 -0.027749 -0.00738 -0.736063 0.676304
2974 27.9 99 1.73 -0.021145 0.001476 -0.700246 0.713587
2975 27.9 98.7 1.72 -0.025161 0.004486 -0.709024 0.704721
2976 27.9 98.2 1.72 -0.011753 0.002602 -0.73358 0.679496
2977 27.9 97.9 1.68 0.001833 -0.007455 -0.722946 0.690862
2978 27.9 97.6 1.72 0.010467 0.017711 -0.707907 0.706006
2979 27.9 97.3 1.69 -0.02525 0.013406 -0.694297 0.719121
2980 27.9 97 1.67 0.004777 0.024019 -0.699676 0.71404
2981 27.9 96.6 1.66 0.009969 0.007615 -0.732433 0.680723
2982 27.9 96.3 1.66 9.4e-05 0.016398 -0.725842 0.687666
2983 27.9 95.8 1.67 -0.010166 0.024779 -0.698172 0.715429
2984 27.9 95.5 1.64 0.012352 0.029091 -0.706253 0.707254
2985 27.9 95.1 1.67 0.012885 0.026992 -0.726351 0.686673
2986 27.9 94.8 1.63 0.016208 0.018139 -0.727882 0.685271
2987 27.9 94.4 1.64 0.010424 0.037607 -0.70969 0.703432
2988 27.9 94.1 1.61 0.001768 0.043977 -0.71551 0.697214
2989 27.9 93.6 1.64 0.022964 0.030758 -0.736694 0.675136
2990 27.9 93.3 1.59 0.031494 0.024538 -0.739165 0.672341
2991 27.9 92.9 1.62 0.039696 0.049372 -0.717728 0.693436
2992 28 92.6 1.58 0.022816 0.054081 -0.703095 0.70867
2993 28 92.2 1.6 0.048559 0.065793 -0.725062 0.683811
2994 27.9 91.7 1.55 0.045164 0.036352 -0.745168 0.664351
2995 27.9 91.3 1.58 0.047035 0.050497 -0.723045 0.687345
2996 28 91 1.56 0.030606 0.049799 -0.721803 0.689625
2997 27.9 90.6 1.59 0.051735 0.050099 -0.743049 0.665351
2998 27.9 90.3 1.55 0.046913 0.031411 -0.7501 0.65891
2999 27.9 90 1.56 0.05056 0.032194 -0.728735 0.682167
3000 28 89.5 1.54 0.011731 0.04313 -0.690961 0.721508
3001 28 89.2 1.55 0.015059 0.05261 -0.702944 0.709137
3002 27.9 88.8 1.55 0.0252 0.015083 -0.738968 0.673101
3003 27.9 88.5 1.53 0.025476 0.019156 -0.7216 0.691576
3004 27.9 88.1 1.54 0.010441 0.019706 -0.703052 0.710789
3005 27.9 87.7 1.5 0.014658 0.045611 -0.724505 0.687603
3006 27.9 87.3 1.53 0.032276 0.031259 -0.754033 0.655298
3007 27.8 87 1.51 0.014264 0.011924 -0.753581 0.657092
3008 27.9 86.6 1.53 0.009719 0.035557 -0.721207 0.691738
3009 27.9 86.2 1.49 0.025349 0.03073 -0.726122 0.686411
3010 27.8 85.8 1.52 0.015979 0.011569 -0.755884 0.654408
3011 27.8 85.3 1.49 0.038164 0.027247 -0.748611 0.661349
3012 27.8 84.9 1.48 0.027116 0.030419 -0.736692 0.674999
3013 27.8 84.5 1.5 0.000528 0.024254 -0.762036 0.64708
3014 27.7 84.1 1.48 -0.00705 0.00242 -0.774094 0.633026
3015 27.7 83.7 1.48 0.037187 0.033744 -0.750988 0.658404
3016 27.7 83.2 1.44 -0.017397 0.010187 -0.727606 0.685699
3017 27.7 82.8 1.47 0.01214 0.028617 -0.724407 0.688671
3018 27.6 82.4 1.43 0.013599 0.014503 -0.719001 0.694725
3019 27.5 82 1.46 -0.003807 0.014505 -0.688173 0.725392
3020 27.5 81.6 1.41 -0.000613 0.012678 -0.707856 0.706243
3021 27.5 81.2 1.41 0.018069 0.017834 -0.730138 0.682828
3022 27.5 80.9 1.38 0.029366 0.026676 -0.728958 0.683408
3023 27.6 80.4 1.39 0.015114 0.019998 -0.709385 0.704375
3024 27.7 80.1 1.36 0.015252 0.019398 -0.720004 0.693531
3025 27.7 79.7 1.4 0.023512 0.02007 -0.727516 0.685394
3026 27.8 79.4 1.36 0.036344 0.016783 -0.721186 0.691583
3027 27.9 79 1.4 0.025374 0.02676 -0.69877 0.714396
3028 27.9 78.7 1.35 0.012386 0.021312 -0.702698 0.711061
3029 28 78.3 1.38 0.040015 0.032025 -0.716621 0.695577
3030 28 77.9 1.34 0.01611 0.004705 -0.716459 0.697427
3031 28.1 77.5 1.36 0.006229 0.011315 -0.702956 0.711116
3032 28.2 77.2 1.32 -0.013629 0.019911 -0.707576 0.706225
3033 28.2 76.8 1.35 0.017791 0.038398 -0.732293 0.679673
3034 28.2 76.3 1.31 0.028109 0.009916 -0.737336 0.674868
3035 28.2 75.9 1.34 0.021116 0.010111 -0.731205 0.681756
3036 28.3 75.5 1.32 -0.000336 -0.0019 -0.739853 0.672765
3037 28.2 75.1 1.3 0.005775 0.005191 -0.758963 0.651087
3038 28.1 74.7 1.3 0.003338 0.02225 -0.738769 0.673584
3039 28.1 74.3 1.27 -0.017472 0.018077 -0.708129 0.705636
3040 28.1 73.8 1.29 0.008281 0.039605 -0.723011 0.68965
3041 28 73.4 1.24 0.007673 0.011648 -0.722601 0.691125
3042 28.1 73 1.28 0.015809 0.023378 -0.693103 0.720286
3043 28.1 72.7 1.23 -0.004813 0.017929 -0.691066 0.722553
3044 28.1 72.3 1.26 0.02048 0.031755 -0.729403 0.683039
3045 28.1 71.8 1.21 0.024125 0.011488 -0.730495 0.682395
3046 28.2 71.4 1.25 0.018298 0.013504 -0.724781 0.688604
3047 28.2 71.1 1.2 -0.00618 0.024349 -0.730228 0.682742
3048 28.2 70.7 1.23 0.020634 0.029251 -0.746138 0.664829
3049 28.2 70.4 1.19 0.028895 0.011345 -0.751091 0.659469
3050 28.3 70 1.23 0.02807 0.024473 -0.735506 0.676494
3051 28.3 69.7 1.18 0.014845 0.02536 -0.735439 0.676953
3052 28.3 69.2 1.21 0.039582 0.031044 -0.761414 0.646312
3053 28.2 68.8 1.15 0.045936 -0.001701 -0.765104 0.642264
3054 28.2 68.4 1.19 0.044661 0.017021 -0.741604 0.669133
3055 28.2 68.1 1.14 0.007899 0.026638 -0.734034 0.678545
3056 28.2 67.7 1.17 0.025957 0.038823 -0.742874 0.6678
3057 28.2 67.2 1.15 0.015355 0.012999 -0.74094 0.67127
3058 28.1 66.8 1.18 0.008236 0.02238 -0.72544 0.687872
3059 28.2 66.3 1.17 0.007151 0.006014 -0.744632 0.66741
3060 28.1 65.9 1.19 0.016621 -0.002203 -0.761666 0.647753
3061 28.1 65.5 1.18 0.008175 -0.006681 -0.76147 0.648114
3062 28.1 65.1 1.16 -0.008108 -0.005015 -0.750735 0.660535
3063 28.1 64.7 1.17 0.026747 0.010308 -0.762817 0.645978
3064 28.1 64.3 1.13 0.038058 -0.010965 -0.767536 0.639782
3065 28.1 63.8 1.15 0.038119 0.018394 -0.756766 0.652314
3066 28.1 63.5 1.09 0.014483 0.032293 -0.752275 0.657898
3067 28 63.1 1.11 0.040334 0.043184 -0.769626 0.635755
3068 28 62.7 1.06 0.042063 0.025657 -0.767968 0.63859
3069 28 62.2 1.09 0.043664 0.046382 -0.728994 0.68155
3070 28 61.9 1.04 0.035985 0.063743 -0.712817 0.69752
3071 28 61.5 1.06 0.049858 0.07624 -0.727884 0.679622
3072 28 61.1 1.04 0.030157 0.033519 -0.731708 0.680125
3073 28 60.6 1.06 0.016264 0.060881 -0.697831 0.713485
3074 28 60.3 1.01 0.002582 0.062455 -0.697414 0.713937
3075 28 59.9 1.04 0.050178 0.059092 -0.732441 0.676403
3076 28 59.4 1.01 0.05504 0.024714 -0.725843 0.685209
3077 28.1 59 1.02 0.039954 0.034237 -0.707133 0.70512
3078 28.1 58.7 0.973 0.049128 0.054132 -0.708077 0.702341
3079 28.1 58.3 1.02 0.055743 0.049036 -0.742092 0.666174
3080 28.1 58 0.98 0.053571 0.021364 -0.752098 0.656523
3081 28.1 57.5 1.01 0.07313 0.05184 -0.741766 0.664641
3082 28.1 57.2 0.977 0.02767 0.038755 -0.74157 0.669184
3083 28.1 56.8 1.01 0.050606 0.054336 -0.763104 0.641996
3084 28.1 56.4 0.981 0.035269 -0.008507 -0.763926 0.644283
3085 28.1 55.9 1 0.010403 0.025836 -0.737472 0.674803
3086 28.1 55.6 0.967 -0.028655 0.029823 -0.738067 0.673458
3087 28.1 55.2 0.985 0.014552 0.035452 -0.756312 0.653088
3088 28.1 54.8 0.95 0.004101 -0.004688 -0.752749 0.658278
3089 28.1 54.3 0.966 -0.00577 0.011432 -0.732354 0.680803
3090 28.1 54 0.927 -0.02382 0.006481 -0.750096 0.660868
3091 28.1 53.6 0.959 0.003373 0.015976 -0.775975 0.630552
3092 28 53.2 0.924 0.024515 0.007199 -0.77775 0.628054
3093 28 52.7 0.914 0.0229 0.028479 -0.750028 0.660396
3094 28 52.4 0.883 -0.000319 0.029493 -0.738801 0.673278
3095 28 52 0.892 0.026217 0.03881 -0.726558 0.685507
3096 28 51.7 0.87 0.003144 0.007148 -0.71695 0.69708
3097 28 51.3 0.914 -0.021504 -0.005911 -0.682207 0.730819
3098 28.1 50.8 0.893 -0.047439 -0.042541 -0.680544 0.729932
3099 28 50.4 0.914 -0.052488 -0.059914 -0.704445 0.705275
3100 28 50.1 0.884 -0.0376 -0.043436 -0.711041 0.7008
3101 28 49.7 0.884 -0.026131 -0.008711 -0.688184 0.725013
3102 28 49.4 0.834 -0.02355 0.012023 -0.696044 0.717512
3103 28 48.9 0.864 0.005808 0.025477 -0.711167 0.702537
3104 28 48.6 0.819 0.014338 0.010796 -0.714336 0.699573
3105 28 48.2 0.845 0.016909 0.030183 -0.684589 0.728108
3106 28 47.9 0.8 -0.008618 0.0203 -0.685752 0.727501
3107 28 47.5 0.832 0.023319 0.027901 -0.724851 0.687945
3108 27.9 47 0.795 0.012175 -0.000718 -0.745423 0.66648
3109 27.9 46.6 0.825 0.01519 0.013647 -0.729398 0.683785
3110 27.9 46.3 0.788 -0.008016 0.026476 -0.731575 0.6812
3111 27.9 45.9 0.838 0.013314 0.023931 -0.751763 0.658865
3112 27.9 45.4 0.839 0.019213 0.005204 -0.74652 0.665065
3113 27.9 45 0.894 0.017398 0.024808 -0.7311 0.681597
3114 27.9 44.6 0.907 -0.005753 -0.001744 -0.746434 0.665432
3115 27.9 44.1 0.913 0.009606 -0.005484 -0.753672 0.657157
3116 27.9 43.7 0.924 0.015994 0.001638 -0.751421 0.659628
3117 27.9 43.3 0.9 -0.016653 -0.006451 -0.755366 0.65506
3118 28 42.8 0.9 0.010324 -0.008668 -0.761894 0.647562
3119 27.9 42.5 0.848 0.005039 -0.022659 -0.761924 0.64725
3120 27.9 42.2 0.831 0.021208 -0.006941 -0.746096 0.665465
3121 27.9 41.8 0.785 0.011796 0.01866 -0.741911 0.670135
3122 28 41.5 0.782 0.029025 0.027838 -0.742131 0.669047
3123 28 41 0.78 0.01244 0.012558 -0.726532 0.686905
3124 28 40.6 0.798 0.019274 0.007129 -0.698158 0.715649
3125 28 40.2 0.765 -0.028618 -0.028333 -0.689742 0.722935
3126 28 39.7 0.768 0.016155 0.002544 -0.721643 0.692072
3127 27.9 39.4 0.735 0.005899 -0.015304 -0.741334 0.670936
3128 27.9 39.1 0.741 0.015713 -0.00384 -0.740848 0.671478
3129 27.9 38.7 0.718 0.00674 0.021101 -0.743756 0.668084
3130 27.9 38.2 0.728 0.034524 0.024258 -0.778076 0.626752
3131 27.8 37.8 0.692 0.01718 -0.000311 -0.79265 0.609434
3132 27.8 37.4 0.704 0.034153 0.031794 -0.768865 0.637707
3133 27.8 37.1 0.668 -0.003205 0.025173 -0.770114 0.637401
3134 27.8 36.7 0.691 0.008438 0.033789 -0.791534 0.610132
3135 27.8 36.2 0.646 0.002399 0.012702 -0.78724 0.616512
3136 27.8 35.8 0.668 0.021802 0.023619 -0.762907 0.645708
3137 27.8 35.5 0.629 -0.002587 0.023786 -0.756448 0.653616
3138 27.8 35 0.647 0.032047 0.037511 -0.758964 0.649261
3139 27.8 34.7 0.612 0.018702 0.007558 -0.757925 0.652029
3140 27.8 34.4 0.634 0.023778 0.006236 -0.738222 0.67411
3141 27.9 34 0.613 -0.004841 0.010817 -0.713331 0.700727
3142 27.9 33.6 0.639 0.012561 0.022181 -0.734042 0.678626
3143 27.9 33.1 0.606 0.004816 -0.012127 -0.739117 0.673451
3144 27.9 32.7 0.631 0.012443 0.018707 -0.710826 0.703009
3145 27.9 32.4 0.588 -0.010849 0.01044 -0.706607 0.707446
3146 27.9 31.9 0.614 0.010579 0.025268 -0.719658 0.693789
3147 27.9 31.5 0.578 -0.001611 -0.004925 -0.71454 0.699575
3148 27.9 31.1 0.594 -0.003699 0.030285 -0.674271 0.737854
3149 27.9 30.8 0.553 -0.001089 0.041447 -0.670815 0.740465
3150 27.9 30.3 0.571 0.047643 0.05963 -0.680352 0.728901
3151 27.9 29.9 0.56 0.022774 0.000462 -0.684836 0.728341
3152 27.9 29.5 0.588 -0.02108 -0.025875 -0.674866 0.737185
3153 27.9 29.1 0.592 -0.040289 -0.05767 -0.691801 0.718653
3154 27.8 28.6 0.574 -0.042714 -0.064734 -0.71783 0.691885
3155 27.8 28.2 0.563 -0.016912 -0.020114 -0.709377 0.70434
3156 27.8 27.8 0.512 -0.031585 0.012106 -0.727112 0.685685
3157 27.8 27.3 0.523 0.028217 0.035116 -0.75878 0.649787
3158 27.7 26.9 0.488 0.020792 -0.027031 -0.770275 0.6368
3159 27.7 26.5 0.504 0.018714 -0.003421 -0.752843 0.657925
3160 27.8 26.2 0.465 -0.006969 0.003888 -0.762876 0.646495
3161 27.8 25.7 0.503 0.019152 0.018784 -0.760887 0.64833
3162 27.7 25.3 0.463 0.013258 0.00392 -0.761147 0.648432
3163 27.8 24.9 0.464 0.005821 0.020338 -0.752605 0.658132
3164 27.8 24.6 0.424 0.002473 0.037611 -0.757063 0.652254
3165 27.8 24.1 0.453 0.029237 0.030911 -0.769916 0.636726
3166 27.8 23.7 0.422 0.039277 0.016305 -0.764183 0.643596
3167 27.8 23.3 0.418 0.025959 0.051577 -0.7258 0.685478
3168 27.9 22.8 0.419 0.017569 0.04483 -0.721825 0.690398
3169 27.9 22.4 0.4 0.025008 0.033907 -0.712163 0.700748
3170 28 22 0.418 0.02135 0.0352 -0.676236 0.735534
3171 28 21.6 0.404 -0.032095 -0.02319 -0.676044 0.735796
3172 28 21.2 0.448 -0.029524 -0.039812 -0.712563 0.699855
3173 27.9 20.8 0.419 -0.033766 -0.056806 -0.738765 0.670716
3174 27.9 20.3 0.417 -0.020579 -0.025395 -0.755329 0.65453
3175 27.9 19.9 0.371 0.013345 0.011557 -0.78986 0.613033
3176 27.9 19.5 0.366 0.024752 -0.00928 -0.815361 0.57835
3177 27.8 19.1 0.361 0.04983 0.006557 -0.79958 0.598453
3178 27.9 18.7 0.321 0.020569 0.040888 -0.779226 0.62507
3179 27.9 18.3 0.332 0.041223 0.0508 -0.767666 0.637502
3180 27.9 17.9 0.296 0.033396 0.017934 -0.745883 0.664997
3181 28 17.5 0.323 0.033954 0.03363 -0.695646 0.716793
3182 28 17.1 0.292 0.005612 0.017278 -0.693885 0.719857
3183 28.1 16.7 0.331 0.003944 0.005211 -0.698185 0.715887
3184 28.1 16.4 0.305 0.005341 -0.006193 -0.689831 0.723924
3185 28.2 16 0.342 -0.018919 -0.016067 -0.686588 0.726622
3186 28.2 15.6 0.323 -0.017991 -0.01739 -0.702352 0.71139
3187 28.1 15.3 0.342 -0.018098 -0.018802 -0.728335 0.684724
3188 28.1 15 0.333 -0.017393 -0.019242 -0.731561 0.681283
3189 28.1 14.6 0.327 -0.026438 -0.013432 -0.701968 0.711591
3190 28.1 14.2 0.336 -0.017321 0.009877 -0.682242 0.730855
3191 28.2 13.8 0.331 -0.028714 -0.01772 -0.672564 0.739269
3192 28.2 13.4 0.294 -0.015426 -0.012278 -0.681633 0.731429
3193 28.2 13.1 0.296 0.015329 0.000391 -0.703002 0.711022
3194 28.2 12.8 0.287 0.003853 -0.007912 -0.72697 0.686613
3195 28.2 12.4 0.297 0.04664 0.026351 -0.735405 0.675508
3196 28.2 12 0.291 0.029851 0.021262 -0.739452 0.672211
3197 28.2 11.7 0.333 0.044346 0.046699 -0.741702 0.667631
3198 28.2 11.3 0.345 0.051646 0.043895 -0.728984 0.681167
3199 28.2 10.9 0.38 0.047716 0.044021 -0.717555 0.69347
3200 28.1 10.5 0.44 0.049957 0.045336 -0.744441 0.664272
3201 28.1 10.2 0.486 0.044704 0.036175 -0.760129 0.647222
3202 28.1 9.81 0.538 0.040029 0.019772 -0.755918 0.653142
3203 28.1 9.45 0.56 0.002467 0.008257 -0.741251 0.671172
3204 28 9.07 0.618 -0.002052 0.00507 -0.759933 0.649978
3205 28 8.71 0.657 -0.023355 -0.011567 -0.78028 0.624887
3206 27.8 8.34 0.7 0.004517 0.002984 -0.781196 0.624262
3207 27.8 7.96 0.703 -0.002212 -0.001774 -0.782241 0.62297
3208 27.7 7.59 0.772 0.028451 0.012947 -0.80668 0.590161
3209 27.5 7.24 0.784 0.013128 0.020938 -0.825695 0.563576
3210 27.4 6.9 0.847 0.043486 0.016736 -0.824154 0.564446
3211 27.3 6.54 0.856 -0.017707 -0.002424 -0.828988 0.558981
3212 27.2 6.18 0.911 0.02429 0.006682 -0.854385 0.519029
3213 27.1 5.81 0.896 -0.00343 0.000202 -0.861731 0.507353
3214 27 5.45 0.97 -0.010335 -0.024068 0.868753 -0.494552
3215 26.9 5.05 0.957 0.00385 -0.026006 0.873687 -0.485777
3216 26.8 4.73 1.05 -0.009584 -0.029484 0.888195 -0.458419
3217 26.6 4.4 1.07 -0.000201 -0.01416 0.893534 -0.448772
3218 26.4 4.09 1.17 -0.037808 -0.041126 0.891883 -0.448802
3219 26.3 3.74 1.2 -0.015712 -0.038331 0.8876 -0.458748
3220 26.2 3.42 1.24 -0.026196 -0.036102 0.899958 -0.433688
3221 26 3.1 1.21 -0.010697 0.004983 0.89915 -0.437481
3222 25.8 2.8 1.24 -0.036162 -0.004354 0.902397 -0.429363
3223 25.6 2.48 1.2 -0.003425 -0.011709 0.92026 -0.391116
3224 25.3 2.23 1.23 -0.01855 -0.016091 0.940147 -0.339882
3225 25 2 1.2 0.002756 0.007887 0.949182 -0.314618
3226 24.8 1.76 1.23 0.01747 -0.011674 0.952858 -0.302688
3227 24.4 1.51 1.2 0.058513 -0.001863 0.960175 -0.273197
3228 24.1 1.32 1.21 0.011529 -0.003233 0.972148 -0.23406
3229 23.7 1.12 1.19 0.013995 0.002269 0.970274 -0.241592
3230 23.4 0.92 1.19 0.01394 -0.016026 0.966853 -0.25445
3231 23.1 0.784 1.16 -0.006601 -0.038724 0.970671 -0.237179
3232 22.7 0.664 1.19 -0.019231 -0.024621 0.980717 -0.192919
3233 22.3 0.552 1.17 -0.020818 -0.01055 0.978261 -0.20606
3234 21.9 0.423 1.19 -0.013562 -0.013833 0.971899 -0.234599
3235 21.5 0.305 1.19 -0.014521 -0.013855 0.978712 -0.204254
3236 21.1 0.24 1.17 -0.010601 0.001675 0.979786 -0.199759
3237 20.8 0.147 1.19 -0.026876 -0.02097 0.976723 -0.21178
3238 20.4 0.011 1.14 -0.01147 -0.033308 0.977096 -0.209864
3239 20 -0.0901 1.17 -0.039625 -0.014944 0.98417 -0.172091
3240 19.5 -0.166 1.15 0.00719 -0.004499 0.986197 -0.165357
3241 19.1 -0.266 1.17 0.003309 -0.032149 0.979415 -0.199252
3242 18.8 -0.328 1.13 0.028855 -0.03933 0.980223 -0.191792
3243 18.4 -0.357 1.16 0.005531 -0.031789 0.987004 -0.157425
3244 18 -0.358 1.13 0.02026 -0.011099 0.989222 -0.144592
3245 17.6 -0.398 1.15 0.027003 -0.019055 0.988929 -0.14466
3246 17.1 -0.443 1.13 0.018318 -0.029868 0.991788 -0.122999
3247 16.7 -0.419 1.13 0.022483 -0.005139 0.996217 -0.08378
3248 16.3 -0.41 1.14 0.019453 -0.006633 0.993157 -0.114966
3249 15.9 -0.448 1.13 0.039826 -0.013989 0.988864 -0.142707
3250 15.5 -0.445 1.14 0.011571 -0.013957 0.994953 -0.098689
3251 15.1 -0.38 1.11 0.033219 -0.009813 0.995431 -0.088978
3252 14.7 -0.337 1.15 0.006323 -0.01215 0.996191 -0.08611
3253 14.3 -0.326 1.12 0.017324 -0.024543 0.998214 -0.051631
3254 13.9 -0.274 1.16 0.018274 -0.018119 0.999417 -0.022444
3255 13.5 -0.209 1.15 0.020011 -0.019017 0.998816 -0.04006
3256 13.1 -0.15 1.16 0.005155 -0.018011 0.999199 -0.035352
3257 12.7 -0.0856 1.16 0.014398 -0.019781 0.999685 0.005552
3258 12.3 0.00988 1.13 -0.002869 -0.000519 0.998836 0.048142
3259 11.9 0.0932 1.14 -0.022278 -0.009162 0.997345 0.068724
3260 11.5 0.134 1.09 -0.032673 -0.017191 0.994362 0.099409
3261 11.2 0.162 1.12 -0.057578 0.005602 0.987307 0.147911
3262 10.8 0.231 1.1 -0.046353 0.013836 0.985398 0.163253
3263 10.5 0.272 1.12 -0.080012 0.017905 0.979993 0.181361
3264 10.1 0.282 1.09 -0.06631 0.009822 0.966701 0.246972
3265 9.79 0.287 1.12 -0.079907 0.028295 0.94236 0.323686
3266 9.48 0.348 1.11 -0.041119 0.025042 0.928653 0.367813
3267 9.12 0.405 1.13 -0.053292 0.037678 0.906048 0.418112
3268 8.76 0.435 1.11 -0.037092 0.002671 0.885226 0.463672
3269 8.41 0.45 1.15 -0.01612 0.008983 0.849265 0.527644
3270 8.06 0.505 1.15 0.018809 -0.004107 0.83603 0.548346
3271 7.7 0.561 1.2 0.027373 -0.017902 0.837688 0.545169
3272 7.33 0.597 1.17 0.021564 -0.03518 0.837485 0.5449
3273 6.98 0.635 1.17 -0.009077 -0.018697 0.842692 0.537994
3274 6.61 0.695 1.12 0.009023 -0.009875 0.863861 0.503552
3275 6.21 0.709 1.15 -0.00691 -0.021184 0.896108 0.443277
3276 5.79 0.686 1.11 -0.015024 -0.018145 0.90249 0.430065
3277 5.42 0.697 1.1 -0.04911 -0.003512 0.895311 0.442713
3278 5.03 0.734 1.07 -0.050555 0.032832 0.883917 0.463742
3279 4.64 0.727 1.11 -0.027088 -0.009708 0.881396 0.4715
3280 4.26 0.706 1.11 -0.035871 0.012442 0.860569 0.507917
3281 3.91 0.713 1.1 -0.047736 0.009231 0.857232 0.51263
3282 3.53 0.734 1.1 -0.028185 0.023245 0.853864 0.519212
3283 3.14 0.74 1.09 -0.035249 -0.000299 0.83396 0.550698
3284 2.78 0.745 1.11 -0.048867 0.015885 0.814531 0.57784
3285 2.43 0.789 1.09 -0.010857 0.001298 0.815011 0.579342
3286 2.06 0.844 1.12 0.007804 0.002686 0.815439 0.578785
3287 1.68 0.893 1.09 0.00981 -0.025044 0.810458 0.585179
3288 1.35 0.966 1.1 -0.023737 -0.018749 0.79949 0.599917
3289 0.983 1.08 1.07 -0.02034 -0.011814 0.810034 0.585911
3290 0.613 1.15 1.08 -0.035574 -0.002626 0.821914 0.568493
3291 0.244 1.2 1.06 -0.048803 0.008748 0.812835 0.58038
3292 -0.0768 1.26 1.08 -0.051641 0.00524 0.81044 0.583518
3293 -0.405 1.38 1.06 -0.034001 0.037059 0.807466 0.587766
3294 -0.715 1.49 1.08 -0.037827 0.021227 0.804026 0.59301
3295 -1.05 1.61 1.05 -0.041399 0.037344 0.772242 0.632877
3296 -1.32 1.76 1.07 -0.048643 0.031158 0.741655 0.66829
3297 -1.55 1.98 1.05 -0.050109 0.068791 0.742056 0.664913
3298 -1.78 2.19 1.07 -0.046261 0.039265 0.743118 0.666404
3299 -1.99 2.45 1.09 -0.01842 -0.003398 0.730402 0.682761
3300 -2.14 2.83 1.12 0.034192 -0.051813 0.735976 0.674155
3301 -2.19 3.13 1.15 0.05529 -0.058268 0.733362 0.675077
3302 -2.21 3.45 1.13 0.080659 -0.100691 0.703277 0.699111
3303 -2.21 3.8 1.12 0.048013 -0.06071 0.654721 0.751897
3304 -2.16 4.17 1.03 0.037369 -0.052319 0.629266 0.774526
3305 -2.13 4.55 0.975 -0.001586 -0.00214 0.635569 0.772039
3306 -2.1 4.96 0.903 -0.012137 -0.004795 0.597366 0.801862
3307 -2.08 5.33 0.907 -0.033146 0.028562 0.576291 0.816072
3308 -2.07 5.75 0.868 -0.003953 -0.002657 0.601872 0.798579
3309 -2.07 6.17 0.842 -0.026055 -0.00138 0.621622 0.782883
3310 -2.07 6.58 0.803 -0.021534 0.026398 0.611851 0.790239
3311 -2.05 7.01 0.753 -0.016568 0.031719 0.644028 0.764165
3312 -2.04 7.41 0.736 -0.026783 0.01337 0.679735 0.732846
3313 -2.04 7.71 0.672 -0.033372 -0.005398 0.683674 0.729004
3314 -2.03 8.12 0.64 -0.027589 0.008359 0.667479 0.74407
3315 -2.03 8.55 0.547 0.00262 0.001833 0.683259 0.73017
3316 -2.06 8.96 0.535 -0.034223 0.022964 0.698349 0.71457
3317 -2.09 9.26 0.478 -0.018192 -0.006353 0.698966 0.714895
3318 -2.09 9.69 0.456 -0.018762 0.023582 0.679122 0.733407
3319 -2.1 9.99 0.381 -0.026003 0.019049 0.683313 0.729413
3320 -2.15 10.4 0.38 -0.046254 0.032854 0.697865 0.713979
3321 -2.22 10.8 0.319 -0.032612 0.006669 0.690686 0.722388
3322 -2.22 11.2 0.31 -0.023835 0.016583 0.682748 0.730076
3323 -2.22 11.5 0.235 -0.0067 0.021607 0.698292 0.715456
3324 -2.28 11.9 0.22 -0.043095 0.028323 0.730877 0.680558
3325 -2.3 12.2 0.17 -0.007385 -0.014169 0.730698 0.682513
3326 -2.28 12.5 0.162 -0.019004 -0.004888 0.701521 0.712379
3327 -2.24 13 0.114 -0.014262 0.01644 0.685101 0.728123
3328 -2.27 13.4 0.159 -0.036887 0.025302 0.708489 0.704303
3329 -2.3 13.7 0.138 -0.039787 -0.010875 0.722265 0.690385
3330 -2.3 14.1 0.18 -0.043128 0.016073 0.695423 0.717125
3331 -2.3 14.5 0.165 -0.019231 0.008495 0.68988 0.723618
3332 -2.31 14.8 0.159 -0.047825 0.031333 0.70604 0.70586
3333 -2.36 15.2 0.166 -0.050048 0.007124 0.732939 0.678413
3334 -2.38 15.5 0.179 -0.035364 0.005824 0.721954 0.691012
3335 -2.39 15.9 0.208 -0.022001 0.013405 0.713241 0.700445
3336 -2.39 16.4 0.221 -0.024438 0.025494 0.727899 0.684775
3337 -2.42 16.8 0.21 -0.024326 0.000202 0.739904 0.672273
3338 -2.42 17.2 0.242 -0.0363 0.01456 0.719127 0.693777
3339 -2.41 17.7 0.224 -0.005431 0.005624 0.722906 0.690903
3340 -2.42 18.1 0.243 -0.034964 0.01359 0.743283 0.667924
3341 -2.44 18.5 0.222 -0.035113 0.009785 0.73091 0.681499
3342 -2.41 18.9 0.243 -0.016764 0.017477 0.710492 0.703288
3343 -2.4 19.3 0.237 -0.011131 0.014692 0.733001 0.679978
3344 -2.43 19.8 0.208 -0.021993 -0.000286 0.764013 0.644826
3345 -2.41 20.2 0.227 -0.010532 0.001597 0.739549 0.673018
3346 -2.38 20.6 0.217 0.045763 -0.032999 0.712116 0.699791
3347 -2.39 21 0.253 0.040464 -0.024157 0.736399 0.674905
3348 -2.4 21.3 0.21 0.020972 -0.034957 0.728135 0.684221
3349 -2.38 21.8 0.229 -0.005584 -0.005235 0.67945 0.733681
3350 -2.35 22.2 0.209 0.02248 -0.00874 0.661216 0.749808
3351 -2.38 22.6 0.232 -0.012241 0.005327 0.680478 0.732646
3352 -2.44 22.9 0.2 -0.023791 -0.012549 0.671222 0.740768
3353 -2.53 23.3 0.245 -0.041294 0.004369 0.651045 0.757903
3354 -2.55 23.7 0.235 -0.004341 -0.007749 0.651833 0.75831
3355 -2.58 24.2 0.258 -0.029468 -0.015365 0.690033 0.723015
3356 -2.59 24.5 0.225 -0.032451 -0.024504 0.693668 0.719146
3357 -2.58 24.9 0.257 -0.044526 0.014796 0.684713 0.727301
3358 -2.56 25.2 0.233 -0.001198 0.003146 0.684352 0.729144
3359 -2.59 25.5 0.249 -0.027927 0.029443 0.710787 0.702236
3360 -2.65 25.9 0.234 -0.010227 -0.012193 0.751794 0.659205
3361 -2.65 26.3 0.281 -0.027024 0.002837 0.731272 0.681545
3362 -2.62 26.8 0.265 0.005967 -0.004907 0.723141 0.690658
3363 -2.64 27.2 0.321 0.006763 -0.009715 0.754646 0.656025
3364 -2.64 27.7 0.325 0.024131 -0.042712 0.745112 0.665133
3365 -2.59 28.1 0.34 0.036599 -0.027915 0.704232 0.708476
3366 -2.56 28.4 0.325 0.028078 -0.029626 0.696155 0.71673
3367 -2.57 28.8 0.347 0.023506 -0.043995 0.720674 0.691478
3368 -2.57 29.1 0.324 0.016334 -0.049395 0.714276 0.697928
3369 -2.53 29.6 0.356 0.015348 -0.022479 0.673581 0.738612
3370 -2.49 29.9 0.33 0.027978 -0.028752 0.666435 0.744483
3371 -2.51 30.3 0.352 -0.008528 -0.003384 0.693755 0.720152
3372 -2.54 30.6 0.321 -0.013686 -0.005059 0.709721 0.704332
3373 -2.55 30.9 0.342 -0.023238 0.022143 0.700333 0.713094
3374 -2.52 31.3 0.322 -0.011488 0.025997 0.692619 0.720744
3375 -2.53 31.8 0.346 -0.040182 0.035074 0.732491 0.678684
3376 -2.54 32.2 0.324 -0.02888 -0.013112 0.753725 0.656424
3377 -2.5 32.6 0.366 -0.03607 0.005286 0.721608 0.691342
3378 -2.46 33 0.339 -0.001988 -0.015244 0.703063 0.710961
3379 -2.45 33.3 0.362 -0.014764 -0.006747 0.713109 0.700866
3380 -2.47 33.7 0.353 -0.002212 -0.032886 0.732504 0.679965
3381 -2.47 34 0.365 -0.006012 -0.029694 0.70708 0.706484
3382 -2.44 34.5 0.365 0.019077 -0.011816 0.681588 0.731392
3383 -2.43 34.8 0.379 0.014876 -0.017743 0.703551 0.710267
3384 -2.46 35.2 0.399 0.015047 -0.043064 0.729402 0.682563
3385 -2.46 35.5 0.381 -0.003301 -0.044047 0.710207 0.702606
3386 -2.44 35.9 0.393 -0.000438 -0.014453 0.681025 0.732117
3387 -2.43 36.3 0.375 0.025732 -0.008995 0.680474 0.732265
3388 -2.48 36.7 0.41 0.013158 -0.021284 0.709985 0.703772
3389 -2.52 37 0.391 0.025861 -0.031854 0.707246 0.705776
3390 -2.5 37.5 0.409 0.008027 0.003303 0.681907 0.731387
3391 -2.47 37.8 0.375 0.007353 -0.006292 0.672637 0.739909
3392 -2.49 38.2 0.412 -0.030248 0.003547 0.702078 0.711448
3393 -2.52 38.5 0.389 -0.01854 -0.02043 0.715178 0.698397
3394 -2.52 39 0.438 -0.032601 0.001786 0.691881 0.721273
3395 -2.5 39.3 0.419 -0.002444 -0.011585 0.687413 0.72617
3396 -2.51 39.6 0.44 0.0084 -0.023729 0.706577 0.707188
3397 -2.55 40 0.444 0.012403 -0.043291 0.736104 0.675368
3398 -2.57 40.3 0.455 0.030715 -0.032261 0.718565 0.694032
3399 -2.56 40.7 0.469 0.040177 -0.032796 0.680806 0.730625
3400 -2.55 41 0.472 0.055652 -0.034686 0.682674 0.727775
3401 -2.59 41.5 0.488 0.03975 -0.035738 0.703688 0.708496
3402 -2.63 41.8 0.463 0.030419 -0.023244 0.718261 0.69472
3403 -2.61 42.2 0.49 0.00752 -0.0078 0.707309 0.706821
3404 -2.58 42.6 0.466 0.006573 -0.012594 0.700698 0.713316
3405 -2.58 43 0.496 -0.01409 -0.000603 0.72237 0.691363
3406 -2.58 43.3 0.474 -0.008212 -0.029763 0.718841 0.694489
3407 -2.53 43.7 0.523 -0.005327 -0.006444 0.682312 0.731013
3408 -2.49 44 0.49 0.019843 -0.010717 0.674123 0.738275
3409 -2.48 44.4 0.52 0.009225 -0.009716 0.688966 0.72467
3410 -2.49 44.7 0.511 -0.006227 -0.015414 0.708502 0.705513
3411 -2.5 45 0.494 -0.001117 -0.02452 0.705439 0.708345
3412 -2.46 45.4 0.531 0.001677 -0.013691 0.682029 0.731195
3413 -2.43 45.7 0.507 0.010459 -0.015331 0.679863 0.733104
3414 -2.44 46 0.547 -0.003487 -0.010246 0.699782 0.714275
3415 -2.47 46.3 0.532 -0.000485 -0.031108 0.723963 0.689137
3416 -2.49 46.6 0.521 -0.015822 -0.02495 0.72803 0.684908
3417 -2.48 47.1 0.533 0.00145 -0.011107 0.70881 0.70531
3418 -2.48 47.4 0.525 0.00705 -0.02375 0.710746 0.703013
3419 -2.51 47.8 0.569 0.02351 -0.040117 0.739681 0.671349
3420 -2.55 48.1 0.546 0.021396 -0.048515 0.731924 0.679321
3421 -2.53 48.6 0.581 0.023271 -0.037422 0.71182 0.700978
3422 -2.49 48.9 0.546 0.033553 -0.022974 0.697918 0.715022
3423 -2.48 49.3 0.576 0.009759 -0.004711 0.700595 0.713477
3424 -2.5 49.6 0.537 -0.004852 -0.026902 0.69988 0.713737
3425 -2.49 50.1 0.568 -0.032432 0.022291 0.673528 0.738114
3426 -2.47 50.4 0.537 -0.008609 0.019479 0.660627 0.750412
3427 -2.49 50.8 0.576 -0.021623 0.016498 0.693163 0.720267
3428 -2.51 51.1 0.549 -0.011331 -0.008857 0.707279 0.706788
3429 -2.52 51.4 0.554 -0.034226 0.014733 0.696481 0.716608
3430 -2.51 51.9 0.562 -0.007634 0.013402 0.681602 0.731561
3431 -2.52 52.2 0.562 -0.0167 0.035343 0.696062 0.716917
3432 -2.58 52.6 0.581 -0.023676 0.00476 0.719187 0.694396
3433 -2.63 53 0.583 -0.007124 0.005557 0.71147 0.702659
3434 -2.64 53.4 0.599 -0.00836 0.009993 0.692343 0.721451
3435 -2.65 53.7 0.584 -0.001444 -0.002244 0.708156 0.706051
3436 -2.71 54.1 0.609 -0.019993 -0.001339 0.731545 0.681499
3437 -2.74 54.5 0.569 -0.037252 0.01047 0.725396 0.687243
3438 -2.73 54.9 0.606 -0.044697 0.045205 0.69019 0.72083
3439 -2.71 55.2 0.575 -0.019009 0.041551 0.676361 0.735152
3440 -2.72 55.6 0.604 -0.0484 0.045829 0.69282 0.718024
3441 -2.75 56 0.576 -0.035672 0.013169 0.698056 0.715033
3442 -2.77 56.3 0.612 -0.031627 0.021471 0.683221 0.729211
3443 -2.72 56.7 0.607 -0.013066 0.021209 0.659992 0.75086
3444 -2.7 57 0.625 -0.021798 0.027711 0.673057 0.73875
3445 -2.71 57.4 0.628 -0.014518 -0.003492 0.698787 0.715174
3446 -2.7 57.8 0.623 -0.028567 0.006405 0.68735 0.725736
3447 -2.63 58.2 0.643 -0.001478 0.008776 0.649043 0.7607
3448 -2.6 58.5 0.633 -0.012661 0.003103 0.653482 0.75683
3449 -2.61 58.9 0.662 -0.013534 -0.013016 0.696167 0.717634
3450 -2.64 59.2 0.637 -0.024442 -0.015275 0.698197 0.715326
3451 -2.62 59.7 0.672 -0.036687 0.003731 0.680642 0.731688
3452 -2.6 60 0.654 -0.015732 -0.0122 0.680271 0.73269
3453 -2.61 60.4 0.697 -0.011948 -0.010765 0.70626 0.70777
3454 -2.65 60.7 0.662 -0.015953 -0.038581 0.71865 0.694117
3455 -2.67 61.1 0.7 -0.031228 -0.020005 0.712334 0.700861
3456 -2.65 61.6 0.692 0.004669 -0.036893 0.715088 0.698044
3457 -2.68 62 0.734 0.006863 -0.042516 0.739727 0.671528
3458 -2.71 62.3 0.694 -0.005824 -0.055747 0.735916 0.674749
3459 -2.71 62.7 0.703 -0.048368 0.020307 0.708313 0.703947
3460 -2.67 63.1 0.681 -0.017732 0.014733 0.677853 0.734836
3461 -2.69 63.6 0.705 -0.029678 -0.002671 0.692266 0.721027
3462 -2.71 63.9 0.668 -0.040877 6.5e-05 0.686208 0.726256
3463 -2.68 64.3 0.704 -0.038539 0.032846 0.640287 0.766465
3464 -2.64 64.8 0.705 -0.012767 0.006433 0.634687 0.772637
3465 -2.68 65.2 0.735 -0.010926 -0.025021 0.67585 0.736533
3466 -2.7 65.5 0.714 -0.032551 -0.015165 0.680759 0.731626
3467 -2.67 65.9 0.759 -0.012016 0.001384 0.660823 0.750444
3468 -2.64 66.4 0.758 -0.000189 -0.008392 0.674457 0.738267
3469 -2.67 66.8 0.772 -0.003034 -0.023191 0.713477 0.700288
3470 -2.68 67.1 0.776 -0.011713 -0.031945 0.70535 0.708043
3471 -2.64 67.5 0.799 0.003973 -0.027433 0.6863 0.726791
3472 -2.62 68 0.807 0.022079 -0.034226 0.700184 0.7128
3473 -2.63 68.4 0.803 0.024383 -0.056857 0.719177 0.692067
3474 -2.62 68.7 0.816 0.018932 -0.058494 0.696456 0.714961
3475 -2.54 69.2 0.83 0.050006 -0.063463 0.649353 0.756183
3476 -2.51 69.5 0.837 0.053451 -0.063923 0.653356 0.752451
3477 -2.51 69.9 0.835 0.022767 -0.074098 0.682613 0.726657
3478 -2.49 70.2 0.817 0.020858 -0.053069 0.658839 0.75012
3479 -2.43 70.7 0.831 0.006989 -0.032318 0.639494 0.768085
3480 -2.4 71 0.8 -0.002424 -0.004238 0.638716 0.769427
3481 -2.42 71.4 0.83 -0.029669 -0.006791 0.690538 0.722656
3482 -2.45 71.7 0.806 -0.026947 -0.025945 0.689822 0.723012
3483 -2.44 72.2 0.862 -0.039554 -0.010947 0.690769 0.72191
3484 -2.43 72.5 0.838 -0.013349 -0.005354 0.691005 0.722707
3485 -2.47 72.9 0.879 -0.04202 0.001845 0.721345 0.691298
3486 -2.51 73.2 0.855 -0.029672 -0.027964 0.725775 0.686723
3487 -2.54 73.6 0.9 -0.047203 0.008314 0.701743 0.710816
3488 -2.56 74.1 0.864 -0.004968 0.012691 0.683963 0.729389
3489 -2.61 74.4 0.908 -0.012544 0.023768 0.699431 0.714195
3490 -2.66 74.7 0.892 -0.024837 -0.006813 0.709669 0.704064
3491 -2.71 75 0.878 -0.006512 -0.000639 0.687658 0.726006
3492 -2.73 75.4 0.904 -0.016196 0.001819 0.654578 0.755819
3493 -2.74 75.7 0.895 0.001127 -0.004913 0.658549 0.752521
3494 -2.76 76 0.939 -0.007676 0.010843 0.666034 0.745803
3495 -2.78 76.4 0.92 -0.000622 -0.021831 0.669838 0.742186
3496 -2.8 76.7 0.909 -0.028851 0.008842 0.667438 0.744054
3497 -2.76 77.1 0.919 -0.022612 0.017743 0.650712 0.758781
3498 -2.73 77.4 0.922 -0.020167 0.014566 0.656335 0.754059
3499 -2.72 77.9 0.938 -0.021548 -0.001579 0.667467 0.744326
3500 -2.72 78.2 0.926 -0.00388 -0.018634 0.64635 0.762803
3501 -2.68 78.6 0.939 -0.001417 -0.001503 0.633295 0.773908
3502 -2.65 78.9 0.917 0.012179 0.00149 0.639073 0.769048
3503 -2.65 79.2 0.957 -0.011556 0.007935 0.6624 0.749019
3504 -2.67 79.6 0.92 -0.01869 -0.009602 0.680755 0.73221
3505 -2.68 79.9 0.937 -0.023909 -0.028496 0.663935 0.746865
3506 -2.65 80.3 0.938 -0.002585 -0.007578 0.650918 0.759106
3507 -2.63 80.6 0.933 0.003368 0.009094 0.662579 0.748929
3508 -2.63 81 0.95 -0.007694 -0.01576 0.677159 0.735628
3509 -2.62 81.4 0.94 -0.019782 -0.025667 0.666104 0.745154
3510 -2.54 81.8 0.977 -0.003201 -0.017785 0.634862 0.772414
3511 -2.48 82.1 0.955 0.012973 -0.00614 0.640814 0.767562
3512 -2.43 82.5 0.97 -0.018898 0.004455 0.664002 0.747479
3513 -2.41 82.8 0.933 -0.034299 -0.00565 0.658858 0.751464
3514 -2.32 83.2 0.993 -0.037769 0.005632 0.638171 0.768947
3515 -2.25 83.5 0.967 -0.024499 0.000202 0.624844 0.780365
3516 -2.21 84 0.992 -0.050878 0.018628 0.663336 0.746357
3517 -2.22 84.3 0.968 -0.036393 -0.012471 0.686673 0.725947
3518 -2.26 84.7 1.01 -0.048413 0.000791 0.712819 0.699675
3519 -2.26 85.1 0.999 -0.013531 -0.017086 0.73678 0.675782
3520 -2.29 85.5 1.05 -0.009681 -0.034617 0.769877 0.637179
3521 -2.34 86 1.05 0.021354 -0.05057 0.760768 0.646699
3522 -2.35 86.4 1.09 0.039498 -0.046974 0.732093 0.678434
3523 -2.36 86.7 1.08 0.054039 -0.054294 0.726484 0.682901
3524 -2.41 87.1 1.12 0.050864 -0.068922 0.742515 0.66433
3525 -2.45 87.4 1.09 0.041377 -0.077144 0.735987 0.671312
3526 -2.45 87.8 1.11 0.025565 -0.038508 0.698902 0.713722
3527 -2.43 88.2 1.07 0.034256 -0.030052 0.680145 0.73166
3528 -2.46 88.6 1.1 0.000272 -0.014801 0.703813 0.710231
3529 -2.5 88.9 1.06 -0.021164 -0.035442 0.707415 0.705592
3530 -2.49 89.3 1.09 -0.048672 0.014012 0.666738 0.743569
3531 -2.44 89.8 1.06 -0.007977 0.020185 0.632939 0.773898
3532 -2.45 90.2 1.11 -0.033924 0.016303 0.65404 0.755523
3533 -2.48 90.5 1.08 -0.032577 -0.022713 0.659722 0.75046
3534 -2.47 90.9 1.13 -0.04376 0.011736 0.640771 0.766394
3535 -2.44 91.4 1.11 0.00662 0.012211 0.636075 0.771503
3536 -2.48 91.8 1.14 -0.010913 -0.009482 0.671203 0.741132
3537 -2.5 92.1 1.12 -0.014303 -0.025263 0.675072 0.737181
3538 -2.48 92.6 1.15 -0.035708 0.009105 0.6475 0.761174
3539 -2.46 92.9 1.12 -0.012139 0.005641 0.642782 0.765932
3540 -2.48 93.3 1.16 -0.033123 0.010995 0.679269 0.733059
3541 -2.52 93.6 1.13 -0.03409 -0.020684 0.696458 0.716489
3542 -2.52 93.9 1.16 -0.031908 0.003178 0.677987 0.734375
3543 -2.46 94.4 1.15 -0.012989 0.011876 0.650641 0.759181
3544 -2.46 94.7 1.17 -0.012438 -0.00612 0.663186 0.748327
3545 -2.47 95.1 1.17 -0.023612 -0.031599 0.690509 0.722248
3546 -2.45 95.5 1.18 -0.019924 -0.029076 0.670997 0.740622
3547 -2.39 95.9 1.19 -0.013458 -0.024395 0.640623 0.76735
3548 -2.36 96.2 1.19 0.008008 -0.020563 0.653897 0.756262
3549 -2.36 96.7 1.2 -0.012376 -0.017836 0.664493 0.746979
3550 -2.36 97 1.18 -0.018836 -0.01913 0.652952 0.756924
3551 -2.32 97.4 1.21 -0.018886 0.005111 0.623161 0.781849
3552 -2.31 97.7 1.2 -0.007667 -0.00114 0.638295 0.769753
3553 -2.34 98 1.23 -0.020444 0.002735 0.670974 0.741194
3554 -2.36 98.4 1.2 -0.030503 -0.027282 0.701976 0.711024
3555 -2.36 98.7 1.21 -0.029694 -0.007294 0.68791 0.725152
3556 -2.34 99.1 1.22 -0.007645 -0.005227 0.659377 0.751756
3557 -2.34 99.4 1.22 -0.008564 -0.00258 0.656283 0.754462
3558 -2.37 99.7 1.24 -0.022137 0.010314 0.671426 0.740669
3559 -2.42 100 1.21 -0.036462 -0.021279 0.679495 0.732465
3560 -2.44 100 1.24 -0.027378 -0.009424 0.670476 0.741366
3561 -2.43 101 1.24 -0.004867 0.00825 0.666117 0.745785
3562 -2.43 101 1.25 -0.010607 0.020215 0.67745 0.735214
3563 -2.46 101 1.27 -0.024419 0.012017 0.691808 0.721568
3564 -2.48 102 1.24 -0.032894 -0.003971 0.686121 0.726732
3565 -2.47 102 1.27 -0.046542 0.030136 0.66376 0.745888
3566 -2.43 102 1.25 -0.009781 0.033411 0.646855 0.761818
3567 -2.43 103 1.29 -0.024497 0.031199 0.659032 0.751068
3568 -2.45 103 1.28 -0.024814 0.007316 0.683494 0.729498
3569 -2.46 103 1.28 -0.02613 -0.002333 0.676064 0.736376
3570 -2.42 104 1.32 -0.014567 -0.005219 0.664685 0.746964
3571 -2.38 104 1.3 -0.004546 -0.003815 0.669187 0.74307
3572 -2.38 105 1.33 -0.017611 0.004738 0.697801 0.71606
3573 -2.38 105 1.3 -0.000939 -0.015975 0.692833 0.720921
3574 -2.35 105 1.34 -0.009725 -0.009224 0.665813 0.745998
3575 -2.27 106 1.33 0.008014 -0.013761 0.640577 0.767729
3576 -2.26 106 1.36 -3.9e-05 -0.014471 0.651051 0.758896
3577 -2.26 106 1.36 -0.003702 -0.031067 0.668985 0.742617
3578 -2.26 107 1.33 -0.021854 -0.03574 0.660519 0.74964
3579 -2.23 107 1.37 -0.018293 -0.010831 0.640169 0.76794
3580 -2.2 107 1.33 0.004782 -4.9e-05 0.640516 0.76793
3581 -2.22 108 1.39 -0.006352 -0.008083 0.66992 0.742362
3582 -2.25 108 1.36 0.000379 -0.024216 0.677847 0.734804
3583 -2.24 108 1.4 0.003548 -0.002298 0.651844 0.758341
3584 -2.21 109 1.37 0.021004 0.004342 0.636945 0.77061
3585 -2.22 109 1.4 0.003045 0.019567 0.650495 0.759252
3586 -2.28 110 1.4 0.011149 -0.01935 0.679087 0.733718
3587 -2.31 110 1.41 -0.005417 -0.012783 0.660887 0.750357
3588 -2.34 110 1.42 0.005374 -0.026761 0.658836 0.751791
3589 -2.36 111 1.41 0.003065 -0.015205 0.678319 0.734604
3590 -2.44 111 1.42 -0.011563 -0.009876 0.713665 0.700322
3591 -2.46 112 1.44 -0.010187 -0.008804 0.689119 0.724523
3592 -2.42 112 1.44 0.01807 -0.007579 0.651272 0.758592
3593 -2.41 112 1.47 -0.016303 0.02564 0.656647 0.753585
3594 -2.43 113 1.43 -0.018532 -0.006847 0.660272 0.750766
3595 -2.39 113 1.48 -0.012123 0.009652 0.620826 0.783795
3596 -2.34 114 1.45 0.013118 -0.001259 0.608711 0.793282
3597 -2.34 114 1.47 -0.010646 -0.00603 0.629692 0.776748
3598 -2.35 114 1.48 -0.024077 -0.01424 0.660453 0.750346
3599 -2.36 115 1.46 -0.011158 -0.030342 0.66538 0.745805
3600 -2.33 115 1.5 -0.024294 -0.00808 0.661411 0.749586
3601 -2.3 115 1.46 0.004546 -0.00757 0.658702 0.752352
3602 -2.3 116 1.5 -0.000148 -0.003716 0.682944 0.730461
3603 -2.3 116 1.48 0.005985 -0.043363 0.694445 0.718213
3604 -2.28 116 1.49 -0.005673 -0.022516 0.680611 0.732277
3605 -2.21 117 1.49 0.013328 -0.011982 0.648234 0.76123
3606 -2.19 117 1.49 -0.00521 -0.006853 0.662855 0.748698
3607 -2.2 117 1.49 -0.010107 -0.021067 0.701941 0.711852
3608 -2.2 118 1.48 -0.031845 -0.007921 0.696679 0.716632
3609 -2.16 118 1.51 -0.012004 -0.005559 0.663912 0.747693
3610 -2.15 119 1.49 -0.011061 -0.001429 0.670787 0.741567
3611 -2.19 119 1.52 -0.012587 -0.022289 0.700735 0.712963
3612 -2.2 119 1.49 -0.000965 -0.028876 0.693916 0.719476
3613 -2.14 120 1.53 -0.011258 -0.011257 0.638818 0.769193
3614 -2.09 120 1.51 -0.003198 -0.014803 0.631756 0.775019
3615 -2.1 121 1.52 -0.021915 -0.002968 0.664075 0.747339
3616 -2.12 121 1.5 -0.036037 -0.028823 0.679547 0.732179
3617 -2.1 121 1.54 -0.018214 -0.01931 0.695842 0.717704
3618 -2.11 122 1.52 -0.019615 -0.008885 0.721204 0.692388
3619 -2.16 122 1.55 -0.038101 -0.007922 0.762064 0.646331
3620 -2.2 122 1.52 -0.034873 -0.025387 0.748744 0.661454
3621 -2.22 123 1.57 -0.035129 -0.004462 0.722639 0.690318
3622 -2.24 123 1.57 -0.006577 -0.013766 0.714313 0.69966
3623 -2.31 124 1.61 -0.022048 -0.016609 0.72692 0.686167
3624 -2.38 124 1.62 -0.016462 -0.011353 0.700289 0.71358
3625 -2.42 125 1.64 0.007406 -0.009005 0.68347 0.729886
3626 -2.48 125 1.65 -0.015099 0.004934 0.691909 0.72181
3627 -2.54 125 1.65 0.008451 -0.045197 0.682032 0.729876
3628 -2.59 126 1.67 -0.023904 -0.023147 0.6487 0.760316
3629 -2.6 126 1.66 0.006906 -0.028097 0.649322 0.759963
3630 -2.65 127 1.7 -0.003283 -0.030593 0.670031 0.741695
3631 -2.69 127 1.7 0.029171 -0.054331 0.642783 0.763563
3632 -2.68 127 1.73 0.039079 -0.057599 0.616902 0.783956
3633 -2.66 128 1.76 0.052967 -0.062033 0.625888 0.775635
3634 -2.67 128 1.76 0.045626 -0.079021 0.642616 0.760735
3635 -2.64 129 1.78 0.035213 -0.054376 0.614551 0.786213
3636 -2.59 129 1.75 0.053388 -0.038693 0.591121 0.803884
3637 -2.55 129 1.76 0.013061 0.007871 0.594573 0.803897
3638 -2.5 130 1.73 0.002977 -0.005666 0.563574 0.826041
3639 -2.43 130 1.78 -0.0025 -0.001121 0.49331 0.869849
3640 -2.33 131 1.79 0.041857 -0.045553 0.471367 0.879765
3641 -2.27 131 1.83 0.017366 -0.040336 0.469758 0.881702
3642 -2.21 131 1.85 0.031701 -0.041208 0.429525 0.901557
3643 -2.13 132 1.88 0.034848 -0.030226 0.4013 0.914784
3644 -2.02 132 1.92 0.033809 -0.027438 0.382391 0.922974
3645 -1.98 132 1.94 0.029652 -0.043918 0.364387 0.929739
3646 -1.95 133 1.99 0.035399 -0.022214 0.308105 0.950434
3647 -1.9 133 1.97 0.018471 -0.026347 0.301012 0.953077
3648 -1.88 134 2.05 0.022077 -0.026939 0.319173 0.947056
3649 -1.88 134 2.08 0.017342 -0.042006 0.312433 0.948852
3650 -1.92 134 2.14 0.00708 -0.012713 0.295639 0.955189
3651 -1.91 135 2.14 0.030326 -0.029071 0.264354 0.96351
3652 -1.93 135 2.22 0.023391 -0.027088 0.272947 0.961363
3653 -1.97 136 2.24 0.029608 -0.03358 0.275189 0.960347
3654 -1.98 136 2.31 0.023867 -0.032478 0.268119 0.962542
3655 -1.95 136 2.35 0.031083 -0.053316 0.265237 0.962206
3656 -1.96 137 2.42 0.034564 -0.071835 0.278214 0.957205
3657 -1.98 137 2.52 0.058878 -0.120865 0.253845 0.957856
3658 -1.98 137 2.56 0.06123 -0.134831 0.243715 0.958475
3659 -1.91 138 2.61 0.063619 -0.092446 0.223689 0.968179
3660 -1.88 138 2.68 0.041432 -0.111101 0.21328 0.969769
3661 -1.85 139 2.74 0.049219 -0.0824 0.159989 0.982441
3662 -1.8 139 2.76 0.051697 -0.075938 0.141397 0.985681
3663 -1.71 139 2.79 0.063531 -0.033555 0.136702 0.988003
3664 -1.65 139 2.81 0.031336 -0.030027 0.127159 0.990932
3665 -1.62 140 2.86 0.012263 -0.003992 0.100645 0.994839
3666 -1.49 140 2.85 0.019714 0.014687 0.09174 0.995479
3667 -1.38 140 2.9 0.033424 0.022361 0.098509 0.994323
3668 -1.27 141 2.9 0.003514 0.009346 0.123265 0.992324
3669 -1.14 141 2.95 0.016098 0.022002 0.097498 0.994862
3670 -0.906 141 3 0.044807 -0.012494 0.055223 0.99739
3671 -0.704 142 3.06 0.037257 -0.059576 0.012394 0.997451
3672 -0.56 142 3.12 0.042722 -0.106371 -0.058039 0.991711
3673 -0.291 142 3.11 0.047071 -0.10318 -0.092788 0.989206
3674 -0.0302 142 3.11 0.060583 -0.060211 -0.117972 0.989337
3675 0.207 143 3.11 0.027678 -0.036132 -0.134297 0.989895
3676 0.45 143 3.11 0.032954 -0.002774 -0.180153 0.983083
3677 0.738 143 3.09 0.032432 0.015624 -0.185894 0.98191
3678 1.05 143 3.11 0.03919 0.02219 -0.176241 0.983316
3679 1.39 143 3.09 0.010239 -0.004502 -0.177522 0.984053
3680 1.74 143 3.12 0.012035 0.008808 -0.19648 0.980394
3681 2.1 143 3.13 0.034134 -0.055018 -0.19142 0.97937
3682 2.46 143 3.16 0.024098 -0.046111 -0.190319 0.980343
3683 2.85 143 3.15 0.007128 -0.068272 -0.229151 0.970968
3684 3.23 143 3.18 0.022445 -0.021667 -0.269281 0.962556
3685 3.61 143 3.18 0.03095 -0.031771 -0.291586 0.955516
3686 3.99 143 3.22 0.011514 -0.005741 -0.300122 0.953814
3687 4.39 143 3.19 -0.004287 -0.03416 -0.330126 0.943309
3688 4.78 143 3.23 0.004606 0.001663 -0.353051 0.935591
3689 5.17 143 3.23 0.021062 -0.039219 -0.348448 0.93627
3690 5.54 143 3.27 -0.007609 -0.036743 -0.34421 0.938143
3691 5.92 144 3.24 0.0001 -0.043748 -0.376015 0.92558
3692 6.28 144 3.27 0.006567 -0.018969 -0.392767 0.919419
3693 6.65 144 3.26 0.024696 -0.029243 -0.385176 0.922049
3694 7.03 144 3.27 0.004805 -0.01618 -0.369911 0.928914
3695 7.42 144 3.27 0.017199 -0.028888 -0.380616 0.924122
3696 7.78 144 3.28 0.016634 -0.027521 -0.390969 0.919842
3697 8.18 144 3.29 0.02352 -0.00698 -0.374563 0.926877
3698 8.55 144 3.28 -0.00868 -0.014708 -0.360996 0.932411
3699 8.9 143 3.3 0.019376 -0.006911 -0.386848 0.921914
3700 9.27 143 3.3 0.024702 -0.045071 -0.386223 0.920972
3701 9.68 143 3.33 0.025774 -0.030149 -0.374859 0.926233
3702 10.1 143 3.31 0.002248 -0.045272 -0.392055 0.918824
3703 10.4 143 3.33 0.054595 -0.02998 -0.445422 0.893152
3704 10.7 143 3.32 0.054498 -0.049169 -0.459759 0.885005
3705 11.1 143 3.35 0.044154 -0.038433 -0.465367 0.88318
3706 11.5 143 3.31 0.009345 -0.016539 -0.476448 0.878997
3707 11.8 143 3.35 0.008754 -0.016215 -0.498518 0.866684
3708 12.1 142 3.33 0.002274 -0.019403 -0.484244 0.874715
3709 12.4 142 3.36 -0.000745 -0.006526 -0.446842 0.894589
3710 12.8 142 3.34 -0.023243 -0.034876 -0.46073 0.88655
3711 13.1 142 3.36 -0.011069 -0.027456 -0.469974 0.882184
3712 13.5 142 3.34 0.01577 -0.055219 -0.43848 0.896904
3713 13.9 142 3.36 0.008929 -0.050208 -0.386829 0.92074
3714 14.2 142 3.38 0.020113 -0.057607 -0.402226 0.913505
3715 14.6 142 3.4 0.014435 -0.072575 -0.397556 0.914589
3716 14.9 142 3.39 0.041685 -0.074045 -0.410729 0.907789
3717 15.3 142 3.4 0.033673 -0.062015 -0.43528 0.897525
3718 15.6 142 3.41 0.04406 -0.019767 -0.483838 0.873824
3719 15.9 142 3.39 0.053141 -0.027808 -0.498745 0.864671
3720 16.3 142 3.43 0.034677 -0.039183 -0.490944 0.869618
3721 16.7 142 3.42 0.00708 -0.061781 -0.498403 0.864712
3722 17 142 3.45 0.007572 -0.038061 -0.493484 0.868889
3723 17.4 142 3.44 0.016034 -0.082893 -0.481722 0.872248
3724 17.8 142 3.46 0.023352 -0.046406 -0.45575 0.888591
3725 18.2 142 3.45 0.015895 -0.059087 -0.463213 0.884132
3726 18.5 142 3.48 0.021364 -0.028981 -0.472697 0.880489
3727 18.9 142 3.44 0.036517 -0.062772 -0.471591 0.878822
3728 19.2 142 3.48 0.037696 -0.053345 -0.478008 0.875923
3729 19.6 142 3.45 0.027045 -0.059774 -0.502776 0.861923
3730 19.9 142 3.49 0.039059 -0.035014 -0.544336 0.837226
3731 20.3 142 3.47 0.0424 -0.059531 -0.563603 0.822806
3732 20.6 142 3.52 0.053188 -0.041379 -0.590482 0.804232
3733 21 142 3.5 0.043316 -0.046612 -0.625607 0.777539
3734 21.3 142 3.55 0.051861 -0.039514 -0.657952 0.750232
3735 21.7 142 3.53 0.056115 -0.054259 -0.669905 0.738332
3736 22 142 3.53 0.031906 -0.057639 -0.704574 0.706566
3737 22.3 142 3.53 0.047979 -0.045002 -0.767039 0.63822
3738 22.6 141 3.5 0.07185 -0.003761 -0.785571 0.614575
3739 22.9 141 3.5 0.059057 -0.003605 -0.803001 0.593033
3740 23 141 3.51 0.034945 -0.028144 -0.835037 0.548361
3741 23.1 140 3.46 0.019382 -0.036263 -0.802527 0.595197
3742 23.1 140 3.44 0.031471 0.005757 -0.78596 0.617449
3743 23.1 140 3.38 0.024064 0.0103 -0.788594 0.614356
3744 23.1 139 3.35 0.03904 0.010047 -0.787482 0.615018
3745 23 139 3.29 0.037584 0.013732 -0.752952 0.656858
3746 23 139 3.24 0.039029 0.024825 -0.745958 0.664384
3747 23 138 3.19 0.045711 0.05079 -0.750262 0.6576
3748 23 138 3.12 0.051617 0.058529 -0.710062 0.699801
3749 23.1 138 3.1 0.0394 0.071771 -0.633823 0.769132
3750 23.3 137 3.06 -5e-06 0.035539 -0.593644 0.803943
3751 23.4 137 3.06 0.004893 0.043592 -0.530427 0.846595
3752 23.6 137 3.01 -0.009895 0.013963 -0.447772 0.893984
3753 23.8 137 3.01 -0.019559 -0.033769 -0.431563 0.901238
3754 23.9 136 3.01 -0.029304 -0.098255 -0.520597 0.847624
3755 24 136 2.92 -0.002482 -0.070435 -0.601272 0.79593
3756 24 135 2.83 0.050292 0.018715 -0.656937 0.752033
3757 24 135 2.79 0.049824 0.023134 -0.732507 0.67854
3758 24 135 2.77 0.049025 0.013504 -0.791494 0.609058
3759 23.9 135 2.69 0.076745 0.026967 -0.832781 0.547593
3760 23.8 134 2.64 -0.019052 0.01672 0.874568 -0.484241
3761 23.8 134 2.6 0.003743 -0.01595 -0.837972 0.545467
3762 23.9 134 2.58 -0.011376 -0.001382 -0.775499 0.631245
3763 23.9 133 2.54 -0.042598 -0.022373 -0.741724 0.668977
3764 24 133 2.5 -0.000628 0.003742 -0.723739 0.690063
3765 24.1 133 2.43 0.013425 0.006579 -0.680313 0.732769
3766 24.2 132 2.4 0.043766 0.053222 -0.634481 0.769861
3767 24.2 132 2.34 0.049807 0.015613 -0.658006 0.751201
3768 24.2 132 2.31 0.067239 0.03079 -0.717567 0.692553
3769 24.1 131 2.27 0.060945 0.038354 -0.753079 0.653977
3770 24.1 131 2.26 0.03374 0.034926 -0.784061 0.618781
3771 24.1 130 2.24 0.028285 0.025204 -0.818948 0.572615
3772 24.1 130 2.22 0.01619 -0.007295 -0.803998 0.594367
3773 24 130 2.22 0.035045 0.01476 -0.771186 0.635473
3774 24 129 2.19 -0.015028 0.007142 -0.749518 0.661775
3775 24 129 2.21 0.011079 0.018675 -0.753186 0.657449
3776 23.9 129 2.19 -0.004906 -0.019881 -0.754471 0.656014
3777 23.8 128 2.21 -0.007474 0.01246 -0.739722 0.672756
3778 23.8 128 2.19 -0.042301 -0.000414 -0.74633 0.664231
3779 23.7 128 2.21 -0.043389 -0.001396 -0.757386 0.651523
3780 23.6 127 2.21 -0.053666 -0.023749 -0.705384 0.706392
3781 23.6 127 2.19 -0.057593 -0.009622 -0.666901 0.742855
3782 23.6 127 2.24 0.018749 0.006685 -0.685749 0.727566
3783 23.7 126 2.3 0.021597 0.028749 -0.697912 0.71528
3784 23.6 126 2.32 -0.022448 -0.031492 -0.689033 0.723697
3785 23.6 126 2.31 -0.024094 -0.027498 -0.707404 0.705864
3786 23.6 125 2.28 -0.027748 -0.02533 -0.719541 0.693433
3787 23.6 125 2.28 -0.014622 0.005506 -0.711716 0.702294
3788 23.7 125 2.25 -0.031296 -0.002181 -0.715167 0.698249
3789 23.7 124 2.26 -0.018597 -0.012697 -0.730491 0.682551
3790 23.6 124 2.23 -0.010023 -0.015658 -0.726922 0.686468
3791 23.6 124 2.23 -0.017886 -0.009753 -0.72397 0.689531
3792 23.6 123 2.22 -0.02364 0.008291 -0.739523 0.672665
3793 23.6 123 2.18 -0.00936 -0.000495 -0.73041 0.682945
3794 23.6 122 2.21 -0.006257 0.008822 -0.712656 0.70143
3795 23.6 122 2.17 -0.030134 0.001645 -0.729507 0.683307
3796 23.6 121 2.17 -0.006843 0.008075 -0.738074 0.674637
3797 23.6 121 2.15 -0.004563 -0.007793 -0.731826 0.681431
3798 23.6 121 2.16 -0.001538 0.010172 -0.720254 0.693634
3799 23.6 120 2.13 -0.022334 0.003872 -0.735116 0.677562
3800 23.6 120 2.11 0.00352 0.004299 -0.750458 0.660895
3801 23.6 120 2.08 -0.002037 -0.004741 -0.741793 0.67061
3802 23.6 119 2.1 0.031293 0.037505 -0.723743 0.688339
3803 23.6 119 2.06 -0.004175 0.019675 -0.734509 0.678301
3804 23.6 119 2.07 0.018284 0.031583 -0.738006 0.673807
3805 23.6 118 2.07 -0.002119 -0.001972 -0.724658 0.689102
3806 23.6 118 2.03 -0.003983 0.024752 -0.718498 0.695077
3807 23.6 117 2.06 -0.011076 0.011979 -0.73401 0.678943
3808 23.6 117 2.01 0.007948 -0.002437 -0.725229 0.688458
3809 23.6 116 2.04 0.008831 0.003833 -0.715383 0.698666
3810 23.7 116 2.01 -0.00958 -0.008432 -0.729649 0.683702
3811 23.7 115 1.99 -0.004296 0.004136 -0.730705 0.682668
3812 23.7 115 2.01 0.001685 0.009109 -0.713077 0.701025
3813 23.7 115 1.97 -0.011562 0.013629 -0.719579 0.69418
3814 23.7 114 1.98 -0.002969 0.016326 -0.730013 0.683231
3815 23.7 114 1.95 -0.006633 -0.006666 -0.726967 0.686608
3816 23.7 113 1.98 0.003015 0.014329 -0.704195 0.709855
3817 23.7 113 1.94 -0.023381 0.007466 -0.722755 0.690668
3818 23.7 113 1.95 0.009694 0.017887 -0.733627 0.679248
3819 23.7 112 1.93 -0.006963 0.003092 -0.720457 0.693457
3820 23.7 112 1.92 -0.016665 0.007485 -0.720214 0.693511
3821 23.7 111 1.94 0.00214 0.01317 -0.732456 0.680683
3822 23.7 111 1.91 -0.004591 -0.004426 -0.72704 0.686565
3823 23.7 110 1.94 -0.00096 0.009139 -0.711168 0.702962
3824 23.7 110 1.93 -0.030147 0.009654 -0.725656 0.687329
3825 23.7 110 1.92 -0.000668 0.020362 -0.732737 0.680207
3826 23.7 109 1.93 -0.000538 0.0014 -0.719451 0.694541
3827 23.7 109 1.89 -0.005304 0.01407 -0.716041 0.697897
3828 23.7 108 1.91 0.005125 0.01591 -0.734116 0.678818
3829 23.7 108 1.87 -0.002768 -0.000297 -0.720551 0.693397
3830 23.7 107 1.89 -0.014133 0.008606 -0.704171 0.709838
3831 23.7 107 1.87 -0.026239 0.005025 -0.713877 0.699761
3832 23.6 107 1.89 -0.009992 0.00565 -0.724163 0.689534
3833 23.6 106 1.87 -0.019724 -0.014085 -0.722614 0.690827
3834 23.6 106 1.87 0.00035 0.017885 -0.71023 0.703742
3835 23.6 106 1.84 -0.013893 0.016405 -0.717033 0.696708
3836 23.6 105 1.85 -0.001625 0.020992 -0.726022 0.687349
3837 23.6 105 1.82 -0.007285 0.00447 -0.720066 0.693853
3838 23.6 104 1.83 0.006474 0.025557 -0.702241 0.711451
3839 23.6 104 1.8 -0.017311 0.016201 -0.715717 0.697988
3840 23.6 104 1.82 0.006858 0.020327 -0.728757 0.684437
3841 23.6 103 1.8 -0.005407 0.001397 -0.724496 0.689256
3842 23.6 103 1.83 -0.006206 0.008295 -0.708529 0.705605
3843 23.6 103 1.78 -0.019454 0.010212 -0.716356 0.697389
3844 23.6 102 1.8 0.001476 0.02138 -0.729024 0.684152
3845 23.6 102 1.78 -0.00936 0.00476 -0.717429 0.696552
3846 23.6 101 1.78 -0.012673 0.01855 -0.708205 0.705649
3847 23.6 101 1.78 -0.023318 0.020731 -0.728394 0.684448
3848 23.6 101 1.75 -0.005425 -0.000605 -0.728431 0.685097
3849 23.6 100 1.78 -0.005207 0.003211 -0.709801 0.704376
3850 23.6 99.6 1.73 -0.018661 0.004467 -0.71358 0.700311
3851 23.5 99.2 1.76 -0.011284 0.020695 -0.724216 0.689171
3852 23.5 98.9 1.73 -0.026861 0.000422 -0.714714 0.6989
3853 23.5 98.5 1.75 -0.009681 0.011732 -0.704333 0.709707
3854 23.5 98.2 1.71 -0.016647 0.003854 -0.718801 0.695006
3855 23.5 97.7 1.73 0.004047 0.00846 -0.730875 0.682447
3856 23.5 97.4 1.7 -0.007997 -0.000961999 -0.722695 0.691121
3857 23.5 97 1.71 -0.010319 0.016035 -0.711719 0.702205
3858 23.5 96.6 1.67 -0.012111 0.008326 -0.715129 0.698838
3859 23.5 96.3 1.7 0.003067 0.023628 -0.72469 0.688663
3860 23.4 96 1.68 -0.004263 0.003111 -0.72613 0.687537
3861 23.4 95.7 1.7 -0.011993 0.004271 -0.713921 0.700111
3862 23.4 95.3 1.68 -0.017674 0.011784 -0.721511 0.692077
3863 23.4 95 1.69 -0.020049 0.001754 -0.734491 0.67832
3864 23.4 94.5 1.67 -0.005591 -3.2e-05 -0.732014 0.681267
3865 23.4 94.2 1.68 -0.003484 0.003421 -0.720084 0.69387
3866 23.4 93.8 1.65 -0.008893 0.019167 -0.720887 0.692731
3867 23.4 93.5 1.67 -0.011371 0.014673 -0.733125 0.679841
3868 23.4 93 1.65 -0.004659 0.0148 -0.728499 0.684871
3869 23.4 92.7 1.66 -0.00748 0.019641 -0.71508 0.698727
3870 23.4 92.3 1.63 -0.004906 0.020522 -0.723157 0.690361
3871 23.4 92 1.65 0.006042 0.015661 -0.733047 0.679971
3872 23.4 91.5 1.62 0.015767 0.02005 -0.732245 0.680564
3873 23.4 91.2 1.64 0.012282 0.016485 -0.716112 0.697683
3874 23.4 90.9 1.63 0.016638 0.031566 -0.714473 0.698752
3875 23.4 90.6 1.61 -1e-06 0.016254 -0.725585 0.68794
3876 23.3 90.3 1.63 0.013268 0.035426 -0.731495 0.680797
3877 23.3 90 1.6 0.005679 0.006158 -0.732771 0.680424
3878 23.3 89.7 1.62 0.007152 0.020389 -0.717263 0.696467
3879 23.3 89.3 1.61 -0.015611 0.018023 -0.71727 0.696387
3880 23.3 88.8 1.63 0.005687 0.025249 -0.730998 0.681889
3881 23.3 88.4 1.6 -0.005801 -0.000399 -0.725369 0.688336
3882 23.3 88 1.61 -0.010856 0.01839 -0.722905 0.690617
3883 23.3 87.5 1.59 -0.020044 0.009302 -0.729526 0.683596
3884 23.2 87.1 1.59 -0.006671 -0.000454 -0.733245 0.679931
3885 23.2 86.7 1.62 -0.012302 0.003794 -0.726005 0.687569
3886 23.2 86.3 1.57 -0.023817 0.007605 -0.735818 0.676717
3887 23.1 85.9 1.6 0.000345 0.012899 -0.747025 0.664671
3888 23.1 85.4 1.57 -0.016397 -0.001432 -0.735835 0.676961
3889 23 85 1.58 -0.017515 0.00939101 -0.74303 0.668962
3890 23 84.6 1.57 -0.020809 1e-05 -0.758677 0.651135
3891 22.9 84.2 1.54 0.000929 0.001495 -0.757549 0.652776
3892 22.8 83.8 1.55 0.002299 0.020786 -0.731893 0.681098
3893 22.7 83.4 1.51 -0.01595 0.022227 -0.734897 0.677627
3894 22.7 83 1.53 0.002116 0.027967 -0.74251 0.669248
3895 22.6 82.6 1.48 -0.000608 0.011907 -0.732034 0.681164
3896 22.5 82.3 1.5 -0.001932 0.023443 -0.728392 0.684756
3897 22.5 81.9 1.49 -0.023898 0.018966 -0.735555 0.676778
3898 22.5 81.5 1.48 0.004497 0.025215 -0.72572 0.687513
3899 22.4 81.2 1.5 -0.003167 0.019954 -0.713325 0.700542
3900 22.4 80.8 1.48 -0.007612 0.023573 -0.721249 0.692232
3901 22.4 80.5 1.5 -0.007373 0.009904 -0.731399 0.681838
3902 22.4 80.2 1.48 0.001185 -0.001295 -0.725671 0.688039
3903 22.4 79.9 1.51 -0.002786 -0.001814 -0.713027 0.701129
3904 22.4 79.5 1.5 -0.013752 0.003311 -0.728703 0.684684
3905 22.4 79.1 1.5 0.003095 0.004838 -0.728224 0.685316
3906 22.3 78.8 1.51 0.003464 0.006474 -0.715232 0.698849
3907 22.3 78.4 1.49 0.011153 0.002294 -0.736319 0.676539
3908 22.3 78 1.46 0.016258 0.002901 -0.737132 0.675547
3909 22.3 77.7 1.48 0.008278 0.009328 -0.71512 0.698891
3910 22.3 77.4 1.44 -0.002961 0.007439 -0.731481 0.681815
3911 22.4 77.1 1.44 0.016614 0.02469 -0.725079 0.688023
3912 22.4 76.7 1.43 0.009013 0.021751 -0.673943 0.738408
3913 22.5 76.3 1.41 0.002368 0.029883 -0.649564 0.759716
3914 22.6 76 1.42 0.008343 0.018718 -0.679973 0.73295
3915 22.6 75.6 1.39 0.013287 0.006423 -0.683907 0.72942
3916 22.7 75.2 1.41 0.017283 0.016834 -0.668369 0.743439
3917 22.8 74.9 1.36 0.001938 0.016907 -0.697793 0.716098
3918 22.9 74.5 1.38 0.018589 0.032567 -0.736747 0.675128
3919 22.9 74.1 1.35 0.019944 0.015052 -0.728179 0.684932
3920 23 73.7 1.33 0.021798 0.039802 -0.717367 0.695216
3921 23 73.3 1.35 0.024599 0.040547 -0.74521 0.665141
3922 23 72.9 1.3 0.031329 0.025248 -0.736759 0.674957
3923 23 72.5 1.34 0.021646 0.032775 -0.710452 0.702649
3924 23 72 1.3 0.009135 0.031118 -0.716455 0.696879
3925 23 71.6 1.31 0.014003 0.025868 -0.714995 0.698511
3926 23 71.2 1.32 0.003077 0.016457 -0.696529 0.717333
3927 23 70.8 1.27 -0.001166 0.038599 -0.70453 0.708623
3928 23.1 70.4 1.3 0.008787 0.048154 -0.720406 0.691823
3929 23.1 70 1.27 0.009662 0.020759 -0.709297 0.704538
3930 23.1 69.6 1.28 0.000727 0.025559 -0.707495 0.706256
3931 23.2 69.1 1.26 -0.005815 0.029921 -0.727292 0.685651
3932 23.2 68.7 1.24 0.001591 0.018292 -0.74027 0.672059
3933 23.2 68.3 1.27 -0.005249 0.020369 -0.73286 0.680055
3934 23.2 67.9 1.23 -0.015706 0.018369 -0.745158 0.66645
3935 23.2 67.5 1.25 0.003937 0.025771 -0.752089 0.658546
3936 23.2 67.1 1.24 -0.00158 0.005409 -0.734052 0.67907
3937 23.2 66.6 1.23 -0.007907 0.021099 -0.731404 0.681573
3938 23.2 66.2 1.23 -0.006554 0.018457 -0.747681 0.66377
3939 23.2 65.8 1.2 0.009765 0.015663 -0.737146 0.675482
3940 23.2 65.4 1.23 0.005073 0.020602 -0.714431 0.699384
3941 23.2 65 1.19 -0.025345 0.004333 -0.727425 0.685705
3942 23.2 64.5 1.2 -0.005521 0.002983 -0.738503 0.674221
3943 23.2 64.1 1.2 -0.012485 -0.007911 -0.725422 0.688145
3944 23.2 63.7 1.18 -0.017612 0.008079 -0.717429 0.696362
3945 23.3 63.3 1.19 -0.007045 0.013402 -0.731877 0.681268
3946 23.3 62.9 1.16 -0.004282 -0.007225 -0.712052 0.702076
3947 23.3 62.4 1.17 -4.1e-05 0.015621 -0.704107 0.709922
3948 23.3 62 1.15 -0.019254 0.011567 -0.731566 0.6814
3949 23.3 61.6 1.14 0.003382 0.004536 -0.729935 0.683493
3950 23.2 61.2 1.16 0.000226 0.010231 -0.712657 0.701438
3951 23.3 60.7 1.12 -0.014578 0.016956 -0.715205 0.698557
3952 23.3 60.3 1.14 -0.003571 0.015498 -0.722424 0.691268
3953 23.2 60 1.11 0.004325 0.008417 -0.721551 0.692297
3954 23.2 59.6 1.13 0.006505 0.028672 -0.70998 0.703608
3955 23.2 59.1 1.1 -0.013696 0.013587 -0.722105 0.691515
3956 23.2 58.7 1.1 0.004635 0.010812 -0.727736 0.685756
3957 23.2 58.2 1.11 0.006587 0.020058 -0.717983 0.69574
3958 23.2 57.8 1.06 -0.00196 0.02135 -0.722812 0.690712
3959 23.3 57.4 1.09 0.015303 0.026315 -0.728155 0.684737
3960 23.2 57 1.07 -0.000991 0.010714 -0.727303 0.686232
3961 23.2 56.5 1.06 0.003582 0.027941 -0.723654 0.689588
3962 23.2 56.1 1.06 0.005881 0.028275 -0.734461 0.678036
3963 23.2 55.7 1.03 0.018872 0.017356 -0.730936 0.681964
3964 23.2 55.3 1.05 0.017011 0.030393 -0.717311 0.695882
3965 23.2 54.8 0.992 -0.005152 0.027831 -0.72197 0.691346
3966 23.2 54.4 1 0.003558 0.024442 -0.726825 0.686379
3967 23.2 54 0.988 0.012019 0.018985 -0.717209 0.696496
3968 23.2 53.5 0.96 -0.006278 0.039548 -0.716334 0.696607
3969 23.2 53.1 0.977 0.019395 0.043429 -0.732196 0.679431
3970 23.2 52.7 0.958 0.001724 0.024216 -0.722276 0.691179
3971 23.2 52.3 0.969 0.001165 0.040357 -0.717621 0.695262
3972 23.2 51.8 0.956 -0.002945 0.027842 -0.735542 0.6769
3973 23.2 51.4 0.945 0.001905 0.018092 -0.7307 0.682456
3974 23.2 51 0.959 -0.005149 0.035228 -0.715203 0.698009
3975 23.1 50.6 0.916 -0.012514 0.035179 -0.723693 0.689112
3976 23.1 50.1 0.918 0.022436 0.046004 -0.733173 0.678113
3977 23.1 49.7 0.908 0.002223 0.029782 -0.720928 0.692367
3978 23.1 49.3 0.889 0.005386 0.045077 -0.723226 0.689118
3979 23.1 48.9 0.908 0.010268 0.04344 -0.731508 0.68037
3980 23.1 48.4 0.874 0.021837 0.026717 -0.722374 0.690641
3981 23.1 48 0.893 0.019058 0.038009 -0.71381 0.699047
3982 23 47.6 0.863 -0.002655 0.034773 -0.721334 0.691709
3983 23 47.2 0.866 0.011628 0.031682 -0.728555 0.684155
3984 23 46.8 0.863 0.018303 0.036541 -0.719735 0.693045
3985 23 46.4 0.834 0.012281 0.04305 -0.721346 0.691127
3986 23 46 0.86 0.018431 0.051228 -0.73449 0.676432
3987 23 45.5 0.833 -0.000224 0.027637 -0.731087 0.681724
3988 23 45.1 0.839 -0.00589 0.038395 -0.72305 0.689702
3989 23 44.7 0.825 -0.001078 0.021266 -0.733149 0.679734
3990 23 44.3 0.777 0.022717 0.028904 -0.729071 0.68345
3991 23 43.8 0.79 0.02674 0.042352 -0.711885 0.700508
3992 23 43.4 0.748 0.009786 0.049722 -0.721127 0.690947
3993 23 43 0.774 0.021127 0.041999 -0.729162 0.682724
3994 23 42.6 0.767 -0.008628 0.024076 -0.713267 0.700426
3995 23 42.1 0.755 -0.01809 0.024573 -0.709501 0.704044
3996 23 41.7 0.768 -0.002956 0.023346 -0.731752 0.681164
3997 23 41.3 0.741 0.00182 0.009743 -0.722409 0.691395
3998 23.1 40.9 0.776 -0.018075 0.007115 -0.710183 0.703749
3999 23.1 40.5 0.752 -0.034212 0.00263 -0.728482 0.684205
4000 23 40 0.75 -0.009559 -0.008457 -0.732212 0.680957
4001 23 39.6 0.752 -0.016658 -0.006698 -0.709279 0.704699
4002 23 39.2 0.715 -0.038135 -0.001474 -0.711843 0.701301
4003 23 38.8 0.744 -0.030615 -0.007249 -0.728842 0.683958
4004 22.9 38.3 0.719 -0.030813 -0.029617 -0.708096 0.704821
4005 22.9 37.9 0.715 -0.024642 -0.01428 -0.69519 0.718262
4006 22.9 37.5 0.697 -0.019079 0.007904 -0.718439 0.695283
4007 22.8 37.1 0.689 -0.029223 -0.019032 -0.719439 0.69368
4008 22.8 36.7 0.701 -0.014156 0.003849 -0.697536 0.7164
4009 22.8 36.2 0.661 -0.028239 0.002699 -0.710408 0.703218
4010 22.9 35.8 0.682 -0.01368 -0.012821 -0.719565 0.694172
4011 22.9 35.4 0.676 -0.030415 -0.018577 -0.708133 0.705179
4012 22.9 35 0.651 -0.028837 -0.000107 -0.708983 0.704636
4013 22.9 34.5 0.658 -0.004472 0.008861 -0.727845 0.68567
4014 22.9 34.1 0.637 -0.00566 -0.018366 -0.720957 0.692713
4015 22.9 33.7 0.663 -0.018314 0.000303 -0.707886 0.70609
4016 22.9 33.3 0.632 -0.04174 -0.011348 -0.719083 0.693577
4017 22.9 32.9 0.635 -0.03299 -0.008338 -0.718367 0.694831
4018 22.9 32.4 0.641 -0.032223 0.003779 -0.697902 0.715458
4019 22.9 32 0.618 -0.055857 -0.003357 -0.707134 0.704862
4020 23 31.6 0.645 -0.035 -0.002044 -0.729049 0.683563
4021 23 31.2 0.608 -0.046142 -0.033341 -0.728152 0.683047
4022 23 30.8 0.607 -0.031541 -0.010432 -0.709239 0.704185
4023 23 30.3 0.596 -0.044582 -0.007417 -0.723238 0.689118
4024 23 29.9 0.578 -0.027895 -0.015839 -0.723127 0.68997
4025 23 29.5 0.58 -0.020789 0.000248 -0.69993 0.713909
4026 23 29.1 0.537 -0.045387 -0.003507 -0.708739 0.704001
4027 23 28.6 0.559 -0.021433 -0.006562 -0.728914 0.684238
4028 23 28.3 0.523 -0.024517 -0.012599 -0.719949 0.69348
4029 23 27.9 0.554 -0.032476 -0.004756 -0.704848 0.708599
4030 23 27.5 0.53 -0.055182 -0.004713 -0.721869 0.68981
4031 23 27.1 0.53 -0.04242 -0.015662 -0.725635 0.686592
4032 23 26.7 0.531 -0.030127 -0.00674 -0.712369 0.701126
4033 23 26.2 0.485 -0.041376 0.004336 -0.718459 0.694324
4034 23 25.8 0.51 -0.022139 0.010632 -0.736556 0.67593
4035 23 25.4 0.482 -0.040184 -0.014984 -0.723089 0.689422
4036 23 25 0.492 -0.044254 -0.005985 -0.704319 0.708478
4037 23 24.5 0.478 -0.040153 0.006702 -0.72352 0.689102
4038 23 24.1 0.457 -0.023974 -0.014134 -0.727366 0.685685
4039 23 23.7 0.484 -0.029989 -0.002607 -0.714248 0.699245
4040 23 23.3 0.44 -0.04333 -0.004415 -0.720068 0.692535
4041 23 22.9 0.465 -0.029048 -0.002921 -0.725126 0.687998
4042 23 22.4 0.454 -0.042679 -0.016129 -0.703452 0.709277
4043 23 22 0.436 -0.048502 0.002089 -0.696134 0.716269
4044 23 21.6 0.455 -0.040181 -0.012487 -0.718987 0.693749
4045 23 21.2 0.416 -0.036447 -0.023958 -0.710244 0.702603
4046 23.1 20.8 0.437 -0.032214 -0.010729 -0.682859 0.72976
4047 23.1 20.4 0.397 -0.045115 -0.007358 -0.707986 0.704746
4048 23 20 0.42 -0.029974 -0.016465 -0.715355 0.697924
4049 23 19.6 0.413 -0.043469 -0.022292 -0.691786 0.720449
4050 23.1 19.2 0.372 -0.035513 0.003157 -0.686807 0.725965
4051 23.1 18.8 0.406 -0.029906 -0.006908 -0.706249 0.707298
4052 23.1 18.3 0.368 -0.022128 -0.022252 -0.700767 0.7127
4053 23.1 17.9 0.396 -0.031155 -0.003684 -0.68187 0.7308
4054 23.2 17.5 0.365 -0.038013 -0.009735 -0.693496 0.719391
4055 23.2 17.2 0.371 -0.021685 -0.017586 -0.705189 0.708469
4056 23.2 16.7 0.381 -0.021867 -0.023561 -0.680691 0.731865
4057 23.2 16.3 0.34 -0.037664 -0.005773 -0.680579 0.731683
4058 23.3 15.9 0.362 -0.013093 0.003323 -0.71277 0.701268
4059 23.3 15.5 0.331 -0.013467 -0.017258 -0.710564 0.703292
4060 23.3 15.1 0.369 -0.0288 -0.002231 -0.699591 0.71396
4061 23.3 14.6 0.351 -0.047529 -0.016123 -0.719817 0.692347
4062 23.3 14.2 0.331 -0.025657 -0.013888 -0.721294 0.692015
4063 23.3 13.8 0.354 -0.030486 -0.015915 -0.699002 0.714292
4064 23.3 13.4 0.312 -0.046376 -0.010949 -0.699077 0.713457
4065 23.3 13 0.354 -0.035723 -0.00522 -0.721476 0.691498
4066 23.3 12.5 0.351 -0.052081 -0.048255 -0.71357 0.696977
4067 23.3 12.1 0.373 -0.041928 -0.026048 -0.713157 0.699265
4068 23.3 11.7 0.399 -0.073834 -0.035523 -0.725043 0.683812
4069 23.2 11.3 0.395 -0.04995 -0.036739 -0.72693 0.683907
4070 23.2 10.9 0.461 -0.048001 -0.036794 -0.713506 0.698034
4071 23.2 10.5 0.439 -0.065681 -0.020815 -0.724267 0.686069
4072 23.2 10.1 0.516 -0.062317 -0.015313 -0.747843 0.660766
4073 23.2 9.64 0.5 -0.05215 -0.024473 -0.750914 0.657883
4074 23.1 9.26 0.568 -0.066479 -0.025685 -0.740631 0.668122
4075 23.1 8.84 0.582 -0.064763 -0.013929 -0.752254 0.655534
4076 23.1 8.47 0.611 -0.043999 -0.017984 -0.758348 0.650114
4077 23 8.07 0.686 -0.054443 -0.023881 -0.746467 0.662761
4078 23 7.71 0.698 -0.066301 -0.016352 -0.736441 0.673046
4079 23 7.33 0.777 -0.039606 -0.016601 -0.741394 0.669695
4080 23 6.96 0.767 -0.024616 -0.021675 -0.736668 0.675459
4081 23 6.58 0.854 -0.032211 -0.004461 -0.735728 0.676496
4082 23 6.22 0.866 -0.051851 0.00286 -0.746184 0.663712
4083 23 5.87 0.936 -0.032168 0.011727 -0.759368 0.64976
4084 23 5.52 0.945 -0.044277 -0.020267 -0.759837 0.648287
4085 23 5.19 1 -0.05469 -0.016201 -0.766934 0.639186
4086 23 4.85 1.02 -0.076612 -0.022213 -0.804629 0.588396
4087 23 4.53 1.05 -0.05007 -0.009425 -0.814604 0.577776
4088 23 4.18 1.07 -0.025846 -0.01096 -0.829102 0.558392
4089 22.9 3.85 1.1 -0.044526 0.003386 -0.841676 0.538134
4090 22.9 3.52 1.17 0.043908 0.00471 0.878724 -0.475283
4091 22.8 3.13 1.17 0.038131 0.00353 0.907602 -0.418081
4092 22.8 2.85 1.24 0.032669 -0.011364 0.921144 -0.387683
4093 22.7 2.56 1.22 0.048312 -0.011401 0.95072 -0.306051
4094 22.7 2.21 1.23 0.033417 -0.010732 0.970338 -0.239193
4095 22.6 1.93 1.23 0.027563 -0.006633 0.979307 -0.200384
4096 22.4 1.59 1.21 0.042978 -0.03313 0.994078 -0.094145
4097 22.3 1.38 1.22 0.020323 -0.029177 0.99935 -0.005907
4098 22.1 1.11 1.21 0.018847 -0.017035 0.99717 0.070752
4099 21.9 0.891 1.19 0.023947 -0.03428 0.986483 0.158436
4100 21.6 0.683 1.19 0.007329 -0.041994 0.970465 0.237444
4101 21.3 0.516 1.18 0.016371 -0.032814 0.960472 0.275951
4102 20.9 0.4 1.16 0.022066 -0.053133 0.93451 0.351257
4103 20.5 0.349 1.18 0.004491 -0.035453 0.912961 0.40648
4104 20.1 0.352 1.19 0.022046 -0.03289 0.913725 0.4044
4105 19.8 0.332 1.19 0.054232 -0.064321 0.898705 0.430408
4106 19.5 0.319 1.19 0.025932 -0.043514 0.909041 0.413617
4107 19.2 0.343 1.17 0.027796 -0.038925 0.906954 0.418505
4108 18.8 0.377 1.19 0.018173 -0.056397 0.902727 0.426113
4109 18.5 0.38 1.18 0.031703 -0.05748 0.883255 0.464276
4110 18.2 0.388 1.18 0.025492 -0.054864 0.880975 0.46928
4111 17.9 0.41 1.17 0.031047 -0.055748 0.883227 0.464583
4112 17.6 0.409 1.18 0.02969 -0.072425 0.872962 0.481467
4113 17.2 0.387 1.18 0.027922 -0.058239 0.848132 0.525834
4114 16.9 0.393 1.16 0.025259 -0.052467 0.847716 0.527244
4115 16.6 0.409 1.19 0.022704 -0.059551 0.853576 0.517055
4116 16.2 0.412 1.16 0.035063 -0.062584 0.833343 0.548081
4117 15.8 0.449 1.16 0.021923 -0.048851 0.829476 0.55597
4118 15.5 0.503 1.17 0.02767 -0.041583 0.850667 0.523327
4119 15.1 0.528 1.15 0.015837 -0.059039 0.833108 0.549723
4120 14.7 0.539 1.16 -0.000243 -0.033141 0.817044 0.575623
4121 14.3 0.592 1.14 0.004706 -0.026359 0.814655 0.579327
4122 14 0.628 1.14 0.006774 -0.049689 0.778952 0.625075
4123 13.6 0.644 1.15 0.000317 -0.035777 0.762939 0.645479
4124 13.3 0.711 1.13 -0.010629 -0.019918 0.78132 0.623722
4125 13 0.788 1.18 -0.003244 -0.030582 0.801252 0.597536
4126 12.7 0.849 1.18 0.010043 -0.060612 0.780554 0.622062
4127 12.4 0.922 1.19 -0.00871 -0.037754 0.773527 0.632577
4128 12 1.01 1.16 0.035389 -0.035195 0.790719 0.610141
4129 11.7 1.12 1.19 0.018897 -0.042405 0.795751 0.603841
4130 11.4 1.19 1.18 0.011907 -0.038799 0.754083 0.655524
4131 11.1 1.34 1.16 0.003881 -0.034552 0.741094 0.6705
4132 10.8 1.49 1.17 -0.013061 -0.044022 0.729927 0.681981
4133 10.4 1.63 1.17 0.004396 -0.039643 0.680492 0.73167
4134 10.1 1.8 1.18 -0.006544 -0.035529 0.681609 0.730824
4135 9.82 2 1.2 0.014348 -0.047146 0.684426 0.727415
4136 9.58 2.2 1.19 0.031328 -0.063805 0.646407 0.759675
4137 9.34 2.45 1.2 0.034019 -0.047548 0.651368 0.756506
4138 9.16 2.74 1.24 0.056548 -0.058156 0.650627 0.755053
4139 8.97 3 1.26 0.051115 -0.067228 0.638878 0.764659
4140 8.75 3.3 1.26 0.033841 -0.045543 0.649706 0.758065
4141 8.6 3.61 1.24 0.034869 -0.023895 0.694242 0.718499
4142 8.43 3.89 1.25 0.047794 -0.050003 0.707718 0.703101
4143 8.28 4.2 1.22 0.046231 -0.026421 0.732717 0.678447
4144 8.18 4.54 1.19 0.04586 -0.03669 0.751907 0.656648
4145 8.08 4.9 1.12 0.049185 -0.04584 0.690109 0.720575
4146 7.98 5.29 1.05 0.003113 -0.006942 0.674655 0.738094
4147 7.91 5.6 1.01 0.00859901 0.003364 0.689048 0.724656
4148 7.87 5.94 0.944 0.012455 -0.017182 0.668079 0.743788
4149 7.87 6.28 0.922 -0.008256 0.00529 0.659117 0.751976
4150 7.86 6.64 0.894 0.005222 -0.028374 0.698639 0.714893
4151 7.84 6.99 0.866 -0.004746 -0.017844 0.702464 0.711479
4152 7.82 7.35 0.834 0.00635 -0.016912 0.666859 0.744965
4153 7.8 7.74 0.755 -0.007331 -0.016711 0.696715 0.717116
4154 7.75 8.13 0.743 -0.021405 -0.027459 0.729318 0.683288
4155 7.71 8.52 0.689 0.014673 -0.038983 0.7016 0.711353
4156 7.67 8.92 0.663 -0.009658 -0.018406 0.696149 0.717596
4157 7.63 9.34 0.623 -0.011632 -0.023487 0.723787 0.689526
4158 7.61 9.75 0.569 -0.018747 -0.020629 0.702498 0.71114
4159 7.6 10.2 0.553 -0.005069 -0.022782 0.665039 0.746444
4160 7.56 10.6 0.472 -0.008329 -0.014198 0.693912 0.719872
4161 7.51 11 0.464 -0.033653 -0.005878 0.708769 0.704613
4162 7.48 11.4 0.424 -0.002817 -0.014465 0.648676 0.760922
4163 7.46 11.8 0.389 -0.008383 -0.003275 0.645885 0.763382
4164 7.39 12.2 0.359 -0.013723 -0.003737 0.721781 0.691975
4165 7.35 12.6 0.297 -0.005361 -0.017113 0.709324 0.704654
4166 7.36 13 0.287 -0.016218 0.005001 0.66578 0.745955
4167 7.36 13.3 0.244 0.003296 -0.0154 0.681922 0.731255
4168 7.32 13.7 0.244 -0.029825 -0.013585 0.707307 0.706147
4169 7.31 14.1 0.24 -0.017432 -0.015349 0.660104 0.750815
4170 7.31 14.5 0.239 -0.010113 0.001774 0.650072 0.759804
4171 7.28 14.9 0.264 -0.007503 0.001877 0.697683 0.716365
4172 7.27 15.3 0.232 -0.020458 -0.019752 0.699256 0.714306
4173 7.27 15.7 0.274 -0.019863 -0.004087 0.673204 0.739179
4174 7.26 16.1 0.251 0.008552 -0.013435 0.690211 0.723433
4175 7.23 16.5 0.274 -0.013721 -0.016583 0.713411 0.700415
4176 7.2 16.9 0.286 -0.003571 -0.017308 0.677576 0.73524
4177 7.18 17.3 0.274 -0.001841 -0.005391 0.668211 0.74395
4178 7.17 17.7 0.32 0.005789 0.006922 0.684402 0.729049
4179 7.14 18.1 0.295 -0.000883 -0.021092 0.679483 0.733388
4180 7.13 18.5 0.326 -0.010547 -0.008524 0.659676 0.751428
4181 7.12 18.9 0.315 0.024708 -0.02095 0.673975 0.738043
4182 7.09 19.3 0.331 0.002482 -0.022938 0.686734 0.726543
4183 7.07 19.8 0.338 0.003941 -0.032992 0.664567 0.746489
4184 7.06 20.2 0.324 0.00465 -0.021621 0.663737 0.747639
4185 7.06 20.6 0.355 -0.007221 -0.012046 0.685097 0.728316
4186 7.06 20.9 0.335 -0.002081 -0.027766 0.663296 0.747839
4187 7.05 21.3 0.375 -0.01027 -0.007517 0.642041 0.766565
4188 7.07 21.7 0.359 0.006336 -0.007001 0.661289 0.750072
4189 7.08 22.1 0.38 -0.021563 -0.00755 0.673963 0.738411
4190 7.09 22.5 0.394 -0.005414 -0.030664 0.656882 0.75335
4191 7.12 22.9 0.379 0.006803 -0.022257 0.656996 0.753534
4192 7.13 23.3 0.404 -0.00852 -0.008303 0.686752 0.726794
4193 7.12 23.7 0.383 -0.012943 -0.030335 0.679298 0.733121
4194 7.11 24.1 0.414 -0.016134 -0.013762 0.67018 0.741896
4195 7.12 24.5 0.401 0.006133 -0.014294 0.69042 0.723242
4196 7.12 24.9 0.414 -0.009622 -0.011041 0.703989 0.71006
4197 7.12 25.3 0.431 -0.004798 -0.024659 0.680849 0.731993
4198 7.14 25.6 0.428 0.012545 -0.018267 0.668956 0.742972
4199 7.16 26.1 0.467 0.005308 -0.012682 0.692708 0.721087
4200 7.14 26.5 0.44 0.000697 -0.025107 0.686115 0.727059
4201 7.13 26.9 0.476 -0.000839 -0.009795 0.665061 0.746725
4202 7.14 27.3 0.473 0.033475 -0.037605 0.676911 0.734341
4203 7.14 27.7 0.479 0.007056 -0.029467 0.692677 0.720611
4204 7.13 28.1 0.497 0.022692 -0.054608 0.662994 0.746285
4205 7.13 28.5 0.475 0.025054 -0.027447 0.665333 0.745621
4206 7.11 28.9 0.515 0.032295 -0.027736 0.702941 0.709973
4207 7.1 29.3 0.475 0.010956 -0.040054 0.68989 0.722722
4208 7.12 29.8 0.51 0.000447 -0.015819 0.656844 0.75386
4209 7.14 30.2 0.498 0.036943 -0.027772 0.669609 0.741275
4210 7.13 30.6 0.501 -0.001638 -0.030896 0.697005 0.716399
4211 7.14 30.9 0.49 -0.002703 -0.037933 0.669527 0.741813
4212 7.15 31.3 0.512 -0.006611 -0.01581 0.652312 0.757757
4213 7.15 31.8 0.535 0.022386 -0.038985 0.678857 0.732893
4214 7.12 32.2 0.52 0.001892 -0.040774 0.695787 0.717087
4215 7.11 32.6 0.548 0.000949 -0.024886 0.656506 0.75391
4216 7.13 33 0.512 0.013401 -0.015219 0.658426 0.752372
4217 7.12 33.4 0.558 -0.000964 -0.021787 0.691319 0.72222
4218 7.11 33.9 0.556 0.010228 -0.042725 0.67389 0.737524
4219 7.11 34.3 0.566 0.01471 -0.019743 0.665406 0.746075
4220 7.1 34.7 0.595 0.030377 -0.034407 0.685986 0.726165
4221 7.08 35.1 0.574 0.008623 -0.042851 0.68527 0.726976
4222 7.07 35.5 0.606 0.000955 -0.029388 0.658955 0.751607
4223 7.07 35.9 0.579 0.026499 -0.024953 0.668529 0.742794
4224 7.06 36.3 0.617 0.015407 -0.023629 0.689482 0.723753
4225 7.06 36.7 0.604 0.018153 -0.04838 0.669121 0.741355
4226 7.07 37.1 0.607 0.021854 -0.026448 0.66155 0.749116
4227 7.09 37.6 0.634 0.016947 -0.025601 0.684062 0.728777
4228 7.1 38 0.611 0.002994 -0.037442 0.684425 0.728115
4229 7.11 38.4 0.641 -0.01689 -0.013722 0.660592 0.75043
4230 7.14 38.8 0.624 0.018395 -0.028783 0.670394 0.741219
4231 7.16 39.2 0.654 0.001428 -0.03181 0.674049 0.738
4232 7.16 39.7 0.656 0.016135 -0.04804 0.648284 0.75971
4233 7.16 40.1 0.643 0.018748 -0.029353 0.651555 0.757802
4234 7.15 40.5 0.682 0.015763 -0.025213 0.686759 0.726277
4235 7.12 40.9 0.65 -0.005635 -0.031314 0.696682 0.716674
4236 7.1 41.3 0.676 -0.014615 -0.013185 0.68183 0.731245
4237 7.1 41.7 0.647 0.014125 -0.005261 0.692494 0.721266
4238 7.1 42.1 0.659 -0.007444 -0.022001 0.692559 0.720987
4239 7.08 42.6 0.665 -0.016349 -0.031141 0.661367 0.749237
4240 7.09 43 0.641 -0.013003 -0.011215 0.666825 0.745016
4241 7.1 43.4 0.685 -0.010922 -0.009619 0.698162 0.715792
4242 7.1 43.8 0.666 0.005612 -0.031118 0.685765 0.727136
4243 7.11 44.2 0.688 0.000148 -0.008724 0.675464 0.737342
4244 7.12 44.7 0.686 0.018201 -0.007348 0.706439 0.707501
4245 7.11 45.1 0.701 0.015415 -0.031542 0.72436 0.688527
4246 7.1 45.5 0.724 0.017128 -0.022602 0.687073 0.726035
4247 7.11 45.9 0.691 0.032017 -0.016395 0.67802 0.734163
4248 7.11 46.3 0.729 0.017616 -0.019338 0.695421 0.718127
4249 7.11 46.8 0.719 0.033594 -0.045382 0.674061 0.736514
4250 7.14 47.2 0.727 0.023569 -0.026455 0.656705 0.753315
4251 7.16 47.6 0.751 0.021445 -0.025411 0.680129 0.732338
4252 7.17 48.1 0.718 0.001563 -0.032462 0.678213 0.734146
4253 7.18 48.5 0.756 -0.006985 -0.011217 0.649707 0.76007
4254 7.19 48.9 0.733 0.011256 -0.012539 0.667341 0.744562
4255 7.19 49.3 0.77 -0.010995 -0.014653 0.683455 0.729763
4256 7.18 49.7 0.74 -0.012555 -0.032753 0.672729 0.739057
4257 7.19 50.1 0.779 -0.015127 -0.002887 0.653861 0.756458
4258 7.2 50.5 0.772 0.00208 -0.022821 0.674324 0.73808
4259 7.2 50.9 0.789 0.003161 -0.032408 0.684481 0.728303
4260 7.19 51.4 0.806 0.014727 -0.036007 0.659513 0.750686
4261 7.19 51.8 0.787 0.021655 -0.027009 0.664089 0.746851
4262 7.18 52.2 0.833 0.002406 -0.02172 0.690259 0.723233
4263 7.17 52.6 0.809 0.00472 -0.037717 0.679413 0.732771
4264 7.18 53.1 0.846 0.000269 -0.022989 0.662999 0.748267
4265 7.2 53.5 0.839 0.009129 -0.03774 0.676266 0.735633
4266 7.18 53.9 0.83 -0.01654 -0.035926 0.690587 0.722167
4267 7.16 54.4 0.856 -0.002534 -0.036894 0.661703 0.748854
4268 7.16 54.8 0.832 0.009 -0.014236 0.671703 0.740629
4269 7.15 55.2 0.884 0.008554 -0.019808 0.697619 0.716144
4270 7.15 55.6 0.866 0.004731 -0.048137 0.681492 0.730225
4271 7.17 56 0.889 0.001714 -0.020527 0.66314 0.748212
4272 7.19 56.3 0.885 0.012489 -0.029562 0.664461 0.746633
4273 7.18 56.8 0.908 -0.010911 -0.035017 0.685575 0.727077
4274 7.18 57.1 0.881 -0.017799 -0.049243 0.677188 0.733945
4275 7.19 57.5 0.907 -0.013252 -0.017479 0.674286 0.738144
4276 7.21 57.9 0.911 0.005004 -0.034207 0.69249 0.720599
4277 7.21 58.3 0.896 -0.016932 -0.037421 0.69176 0.720959
4278 7.19 58.8 0.928 -0.000219 -0.032826 0.674564 0.737486
4279 7.18 59.2 0.904 0.011904 -0.023103 0.681022 0.731802
4280 7.16 59.6 0.941 -0.009669 -0.020754 0.698472 0.715271
4281 7.13 60 0.923 0.003007 -0.038597 0.678351 0.733717
4282 7.12 60.4 0.936 0.00832 -0.019119 0.673195 0.739171
4283 7.13 60.8 0.936 0.020299 -0.030372 0.682006 0.730433
4284 7.13 61.2 0.953 -0.003883 -0.028977 0.683218 0.729629
4285 7.13 61.5 0.938 -0.001762 -0.038693 0.669188 0.742083
4286 7.14 61.9 0.971 -0.009743 -0.020471 0.653884 0.756255
4287 7.16 62.3 0.977 0.025295 -0.039486 0.677901 0.733656
4288 7.15 62.8 0.962 -0.008398 -0.032418 0.692903 0.720252
4289 7.13 63.2 0.995 -4e-06 -0.034357 0.665765 0.74537
4290 7.15 63.6 0.96 0.005356 -0.019171 0.657527 0.753168
4291 7.15 64 1.02 0.003482 -0.023722 0.682552 0.730443
4292 7.15 64.4 0.99 0.007386 -0.051835 0.673417 0.737406
4293 7.18 64.9 1.02 -0.004406 -0.021256 0.661145 0.749944
4294 7.22 65.3 1.01 0.01759 -0.042227 0.675038 0.736363
4295 7.22 65.7 1.02 -0.002133 -0.053298 0.687256 0.724454
4296 7.23 66.1 1.04 0.015039 -0.058024 0.667556 0.742143
4297 7.26 66.5 1.02 0.01753 -0.032932 0.66957 0.741811
4298 7.26 67 1.07 0.001542 -0.032572 0.695324 0.717956
4299 7.25 67.4 1.04 0.000934 -0.057246 0.682519 0.728622
4300 7.24 67.9 1.07 -0.00709 -0.027884 0.683825 0.729079
4301 7.25 68.2 1.04 0.011498 -0.029209 0.689801 0.723319
4302 7.26 68.6 1.07 -0.017508 -0.02186 0.701414 0.712203
4303 7.26 68.9 1.04 -0.015949 -0.03628 0.688349 0.724296
4304 7.26 69.3 1.08 -0.013772 -0.016984 0.678863 0.733939
4305 7.27 69.6 1.04 0.001562 -0.017664 0.679013 0.733912
4306 7.26 70.1 1.09 -0.015336 -0.016355 0.695731 0.717953
4307 7.26 70.3 1.05 -0.0186 -0.038247 0.687762 0.72469
4308 7.25 70.8 1.1 -0.022572 -0.004993 0.673067 0.73922
4309 7.28 71.2 1.07 -0.001061 -0.017522 0.672285 0.740084
4310 7.3 71.6 1.11 -0.010381 -0.024372 0.688759 0.724506
4311 7.31 72 1.08 -0.005953 -0.041765 0.677165 0.734621
4312 7.33 72.4 1.12 -0.000149 -0.029347 0.670593 0.741245
4313 7.35 72.8 1.1 0.016092 -0.028937 0.68363 0.729077
4314 7.36 73.2 1.11 -0.010285 -0.023837 0.691733 0.721687
4315 7.35 73.6 1.09 -0.013132 -0.02676 0.68469 0.728225
4316 7.36 74 1.1 -0.020539 -0.00195 0.675532 0.737042
4317 7.37 74.3 1.09 -0.008408 -0.013951 0.68736 0.726135
4318 7.37 74.7 1.13 -0.016251 -0.016603 0.699286 0.714465
4319 7.37 75 1.11 -0.007876 -0.043732 0.69202 0.72051
4320 7.37 75.4 1.14 -0.003672 -0.016688 0.683004 0.730215
4321 7.38 75.7 1.1 0.001837 -0.010869 0.691312 0.722473
4322 7.38 76.2 1.13 -0.013721 -0.001145 0.700645 0.713377
4323 7.38 76.6 1.12 -0.009628 -0.020874 0.67313 0.739167
4324 7.38 77 1.12 -0.011977 -0.004119 0.66516 0.746593
4325 7.38 77.5 1.15 -0.013005 -0.005384 0.691291 0.722439
4326 7.4 77.9 1.13 -0.030522 -0.01992 0.68872 0.724111
4327 7.41 78.3 1.17 -0.037851 -0.003214 0.676623 0.735349
4328 7.43 78.8 1.16 -0.005747 -0.012959 0.687254 0.726279
4329 7.43 79.2 1.19 -0.020474 -0.031447 0.693837 0.719153
4330 7.42 79.7 1.2 -0.00372 -0.034215 0.679062 0.733274
4331 7.43 80.1 1.19 -0.007687 -0.016205 0.687999 0.72549
4332 7.43 80.5 1.22 -0.029537 -0.021009 0.707067 0.706217
4333 7.43 81 1.2 -0.022194 -0.026066 0.700362 0.712967
4334 7.42 81.4 1.24 -0.012495 -0.020056 0.688132 0.7252
4335 7.42 81.7 1.22 0.004023 -0.017702 0.694146 0.719605
4336 7.42 82.1 1.25 -0.005805 -0.01721 0.699168 0.714727
4337 7.42 82.4 1.22 -0.016119 -0.030592 0.691866 0.721197
4338 7.43 82.9 1.27 -0.0165 -0.016803 0.684376 0.728749
4339 7.44 83.2 1.24 0.004394 -0.02734 0.688811 0.724412
4340 7.45 83.6 1.27 -0.021734 -0.017168 0.70434 0.709322
4341 7.44 84 1.26 -0.010821 -0.044805 0.691222 0.721171
4342 7.45 84.5 1.27 -0.016049 -0.022503 0.679416 0.733232
4343 7.46 84.8 1.27 -0.009627 -0.031638 0.685721 0.727113
4344 7.45 85.2 1.29 -0.023963 -0.035884 0.698987 0.713831
4345 7.44 85.5 1.27 -0.015922 -0.040922 0.689982 0.722493
4346 7.44 86 1.29 -0.015255 -0.011484 0.678195 0.734634
4347 7.43 86.3 1.28 -0.001203 -0.027594 0.692174 0.721202
4348 7.42 86.7 1.31 -0.024991 -0.014 0.69887 0.714675
4349 7.4 87 1.28 -0.020912 -0.034678 0.691978 0.720782
4350 7.4 87.4 1.33 -0.01866 -0.015064 0.682826 0.730187
4351 7.41 87.9 1.34 -0.00084 -0.044231 0.689752 0.722693
4352 7.39 88.3 1.33 -0.016684 -0.035888 0.681832 0.730437
4353 7.35 88.7 1.36 0.00116 -0.027728 0.636971 0.770388
4354 7.36 89.2 1.33 0.007916 -0.006053 0.640995 0.76748
4355 7.39 89.6 1.39 -0.000868 -0.015884 0.668228 0.743786
4356 7.4 89.9 1.35 -0.012122 -0.029678 0.666731 0.744609
4357 7.4 90.2 1.37 -0.017781 -0.022678 0.654451 0.755555
4358 7.42 90.6 1.36 -0.012303 -0.014934 0.664375 0.747149
4359 7.42 90.9 1.39 -0.001689 -0.027219 0.684104 0.728874
4360 7.41 91.4 1.37 -0.013072 -0.051837 0.684015 0.727506
4361 7.4 91.7 1.39 -0.006768 -0.054684 0.675812 0.735011
4362 7.41 92.1 1.37 -0.002054 -0.021364 0.683019 0.730085
4363 7.41 92.4 1.4 0.009688 -0.031313 0.698635 0.714727
4364 7.43 92.8 1.4 -0.001031 -0.03958 0.693926 0.718957
4365 7.45 93.1 1.42 0.003633 -0.044806 0.673083 0.7382
4366 7.49 93.6 1.41 0.008409 -0.018658 0.66884 0.743124
4367 7.52 93.9 1.43 0.00762 -0.02701 0.682095 0.730725
4368 7.54 94.3 1.43 0.00063 -0.031861 0.699898 0.713532
4369 7.56 94.7 1.47 -0.000172 -0.038786 0.686079 0.726492
4370 7.61 95.2 1.44 0.013465 -0.036412 0.68882 0.723892
4371 7.63 95.6 1.48 -0.004898 -0.03302 0.713267 0.700097
4372 7.64 96 1.46 0.003379 -0.061118 0.700689 0.710836
4373 7.65 96.5 1.48 0.004766 -0.036374 0.688202 0.724591
4374 7.66 96.8 1.46 -0.000289 -0.04348 0.697826 0.714947
4375 7.66 97.2 1.49 -0.010254 -0.028438 0.713202 0.700306
4376 7.68 97.6 1.48 0.017406 -0.047045 0.690185 0.721893
4377 7.72 98.1 1.47 0.006142 -0.018903 0.676371 0.736293
4378 7.75 98.4 1.48 0.00621 -0.024373 0.695406 0.718177
4379 7.78 98.8 1.5 -0.006964 -0.030513 0.701267 0.712211
4380 7.79 99.1 1.49 -0.00686 -0.04588 0.688965 0.723309
4381 7.81 99.5 1.51 -0.007217 -0.02729 0.682563 0.730281
4382 7.82 99.8 1.49 0.007777 -0.02256 0.692898 0.720641
4383 7.82 100 1.51 -0.011431 -0.02415 0.702122 0.711555
4384 7.81 101 1.49 -0.004349 -0.040454 0.697628 0.715304
4385 7.81 101 1.53 -0.012013 -0.025986 0.687434 0.725682
4386 7.82 101 1.5 0.005477 -0.028261 0.69202 0.721304
4387 7.81 102 1.53 -0.01795 -0.024635 0.708189 0.705365
4388 7.79 102 1.55 0.006895 -0.058378 0.698584 0.71311
4389 7.79 103 1.55 0.005716 -0.034656 0.686449 0.726329
4390 7.79 103 1.57 0.00474 -0.037321 0.70355 0.709649
4391 7.79 103 1.54 -0.002023 -0.058953 0.692876 0.71864
4392 7.79 104 1.59 -0.006997 -0.044717 0.671507 0.739615
4393 7.79 104 1.55 0.01702 -0.045748 0.684108 0.727746
4394 7.78 105 1.58 0.003538 -0.038766 0.698647 0.714407
4395 7.77 105 1.56 0.010554 -0.05808 0.684195 0.726906
4396 7.77 105 1.6 0.00466 -0.031663 0.665466 0.745741
4397 7.78 106 1.58 0.018538 -0.047772 0.675073 0.735969
4398 7.75 106 1.62 -0.004655 -0.036926 0.696249 0.716834
4399 7.71 107 1.59 0.006704 -0.046543 0.668576 0.742156
4400 7.69 107 1.59 0.01256 -0.020744 0.661521 0.749534
4401 7.66 107 1.59 -0.001363 -0.005713 0.672494 0.740079
4402 7.62 108 1.57 -0.020316 -0.024379 0.673649 0.73837
4403 7.59 108 1.62 -0.028539 -0.009977 0.656871 0.753397
4404 7.58 109 1.6 -0.001124 -0.022993 0.670782 0.741297
4405 7.56 109 1.63 -0.018095 -0.029898 0.689362 0.723574
4406 7.55 110 1.65 -0.001403 -0.039384 0.665079 0.745732
4407 7.55 110 1.64 0.009742 -0.028468 0.665882 0.74545
4408 7.54 111 1.68 0.006552 -0.027496 0.691128 0.722179
4409 7.54 111 1.64 0.001599 -0.040703 0.676441 0.735369
4410 7.56 111 1.69 -0.00154 -0.025987 0.651858 0.757894
4411 7.57 112 1.68 0.00133 -0.03879 0.665717 0.745194
4412 7.57 112 1.69 -0.012071 -0.025781 0.678741 0.733826
4413 7.56 113 1.7 -0.003187 -0.0356 0.648987 0.75996
4414 7.57 113 1.69 0.01291 -0.027947 0.644212 0.764228
4415 7.57 113 1.73 0.00478 -0.025362 0.672672 0.73949
4416 7.57 114 1.71 0.005387 -0.045214 0.661223 0.748806
4417 7.57 114 1.74 -0.005453 -0.017358 0.645293 0.763718
4418 7.58 115 1.73 0.019849 -0.028197 0.664088 0.746858
4419 7.58 115 1.75 0.000169 -0.031804 0.680353 0.732194
4420 7.59 116 1.77 0.013518 -0.047707 0.64948 0.75876
4421 7.59 116 1.74 0.008191 -0.031365 0.654764 0.755138
4422 7.58 116 1.78 0.004883 -0.028223 0.687846 0.725292
4423 7.59 117 1.74 0.00995 -0.044928 0.669261 0.741601
4424 7.6 117 1.78 -0.000939 -0.020703 0.646076 0.762992
4425 7.61 118 1.77 0.023888 -0.030032 0.665218 0.745662
4426 7.6 118 1.78 -0.006008 -0.035584 0.682106 0.730362
4427 7.61 118 1.8 0.002119 -0.047954 0.647527 0.760529
4428 7.62 119 1.77 0.008327 -0.022745 0.651833 0.757975
4429 7.63 119 1.81 0.010974 -0.018433 0.68962 0.723853
4430 7.64 120 1.77 -0.008766 -0.040535 0.678298 0.733616
4431 7.68 120 1.81 -0.015028 -0.02516 0.63733 0.770033
4432 7.69 120 1.79 0.012419 -0.024148 0.663082 0.748054
4433 7.65 121 1.81 -0.017511 -0.029419 0.708156 0.705225
4434 7.67 121 1.82 -0.009078 -0.042642 0.66328 0.747101
4435 7.68 122 1.81 0.009521 -0.029875 0.647774 0.761187
4436 7.65 122 1.86 0.016834 -0.028935 0.700984 0.712391
4437 7.65 122 1.81 0.004825 -0.052962 0.700601 0.711569
4438 7.67 123 1.85 0.017659 -0.047816 0.662194 0.747596
4439 7.68 123 1.85 0.031173 -0.050601 0.668199 0.741605
4440 7.68 124 1.85 0.007819 -0.043264 0.682759 0.729319
4441 7.69 124 1.87 0.001732 -0.043822 0.665843 0.744802
4442 7.72 124 1.84 0.008763 -0.024826 0.658986 0.751695
4443 7.73 125 1.88 -0.00229 -0.023104 0.684385 0.728751
4444 7.74 125 1.86 0.00249 -0.049785 0.663582 0.746441
4445 7.76 126 1.88 -0.003069 -0.020786 0.638997 0.768922
4446 7.77 126 1.88 0.022545 -0.028257 0.665405 0.745606
4447 7.77 126 1.89 -0.011085 -0.040682 0.682841 0.729349
4448 7.78 127 1.91 -0.006883 -0.055613 0.659476 0.749634
4449 7.81 127 1.88 0.004066 -0.019306 0.660965 0.750157
4450 7.81 128 1.93 0.001917 -0.021088 0.693416 0.720226
4451 7.81 128 1.89 -0.009032 -0.043101 0.683524 0.728598
4452 7.84 128 1.93 -0.012935 -0.025335 0.653971 0.755985
4453 7.87 129 1.91 0.018104 -0.025964 0.675319 0.736846
4454 7.85 129 1.91 -0.020717 -0.021071 0.713377 0.700158
4455 7.84 130 1.93 -0.016984 -0.040936 0.665361 0.745205
4456 7.87 130 1.91 -0.012385 -0.011982 0.651948 0.758068
4457 7.87 130 1.95 -0.029229 -0.017185 0.678588 0.733736
4458 7.87 131 1.93 -0.022535 -0.033519 0.652812 0.756443
4459 7.86 131 1.97 -0.02298 -0.00874001 0.629281 0.776789
4460 7.87 132 1.96 -0.005291 -0.00519 0.654038 0.756426
4461 7.86 132 2 -0.020159 -0.019901 0.67648 0.735916
4462 7.85 132 2.02 -0.027378 -0.025971 0.653175 0.756266
4463 7.88 133 2.01 -0.015367 -0.001455 0.647758 0.76169
4464 7.9 133 2.1 -0.012084 -0.012838 0.676203 0.736504
4465 7.9 134 2.09 -0.024623 -0.023813 0.666254 0.744938
4466 7.89 134 2.17 -0.045154 -0.001045 0.628211 0.776731
4467 7.92 134 2.18 -0.015303 0.005394 0.61114 0.791356
4468 7.93 135 2.26 -0.049715 -0.001132 0.603795 0.795587
4469 7.93 135 2.29 -0.040359 -0.003296 0.547146 0.836057
4470 7.93 135 2.34 -0.048054 0.022876 0.522711 0.850847
4471 7.93 136 2.41 -0.009192 -0.004139 0.548184 0.836297
4472 7.93 136 2.43 -0.039396 -0.01175 0.55858 0.828431
4473 7.95 136 2.52 -0.033552 -0.023271 0.514898 0.856279
4474 8 137 2.53 -0.027947 0.000276 0.497747 0.866872
4475 8.03 137 2.63 -0.013313 0.010475 0.527693 0.849266
4476 8.07 137 2.64 -0.023478 -0.024892 0.454867 0.889902
4477 8.08 138 2.7 -0.012031 -0.016426 0.352926 0.93543
4478 8.15 138 2.75 -0.001351 0.010482 0.27265 0.962055
4479 8.22 138 2.85 -0.010958 0.002401 0.237963 0.971209
4480 8.28 139 2.9 -0.024788 0.005582 0.121795 0.99223
4481 8.36 139 2.94 -0.025774 0.015727 0.044634 0.998547
4482 8.5 139 3.04 -0.02045 0.017808 -0.02929 0.999203
4483 8.61 139 3.06 -0.010603 0.014102 -0.127619 0.991666
4484 8.78 140 3.14 0.004118 0.024175 -0.210384 0.977311
4485 9.03 140 3.18 0.005445 0.018703 -0.217691 0.975823
4486 9.29 140 3.19 -0.018158 0.014519 -0.26617 0.963646
4487 9.58 141 3.24 -0.012571 0.045483 -0.313264 0.948493
4488 9.87 141 3.19 0.00893 0.043184 -0.320904 0.946085
4489 10.2 141 3.22 0.023681 0.037745 -0.343701 0.938021
4490 10.5 141 3.27 0.004452 0.016742 -0.439576 0.898038
4491 10.8 141 3.31 -0.005808 0.036638 -0.437284 0.898558
4492 11.2 141 3.31 0.002924 0.017274 -0.423898 0.905541
4493 11.5 141 3.31 -0.001974 0.006957 -0.4792 0.877676
4494 11.8 141 3.33 0.004507 0.021417 -0.530631 0.84732
4495 12.2 141 3.33 0.019295 0.002199 -0.536624 0.843598
4496 12.6 141 3.34 -0.010186 -0.002634 -0.53345 0.845766
4497 12.9 141 3.36 -0.014377 0.003321 -0.557346 0.830149
4498 13.2 141 3.35 -0.003267 -0.001201 -0.544901 0.838493
4499 13.5 141 3.37 -0.006082 0.008096 -0.531104 0.847246
4500 13.9 142 3.38 -0.008759 -0.015483 -0.585632 0.810382
4501 14.2 142 3.39 -0.012502 -0.010947 -0.57293 0.819436
4502 14.5 142 3.39 -0.009049 -0.029085 -0.56004 0.827906
4503 14.8 142 3.43 -0.023522 -0.012203 -0.541557 0.840246
4504 15.2 142 3.41 -0.014857 -0.019412 -0.571939 0.819932
4505 15.5 142 3.44 -0.007082 -0.003319 -0.563692 0.825948
4506 15.8 142 3.42 -0.009719 -0.023966 -0.594134 0.80395
4507 16.2 142 3.46 -0.027378 -0.014574 -0.669431 0.742226
4508 16.4 142 3.44 -0.025493 -0.033742 -0.736388 0.675236
4509 16.7 142 3.5 0.009224 -0.018311 -0.791728 0.61053
4510 17 141 3.47 0.018362 -0.018237 -0.792738 0.609013
4511 17.3 141 3.46 -0.000678 -0.002183 -0.816575 0.577235
4512 17.6 141 3.45 0.009118 0.002141 -0.817764 0.575477
4513 17.8 141 3.43 -0.003127 -0.009766 -0.811193 0.584689
4514 18.1 141 3.42 -0.011982 -0.016467 -0.807857 0.589026
4515 18.3 141 3.42 0.006115 -0.022903 -0.746514 0.664948
4516 18.3 140 3.42 0.001711 -0.043533 -0.682796 0.729309
4517 18.5 140 3.38 -0.007396 0.010376 -0.746288 0.665501
4518 18.6 140 3.39 -0.039983 -0.009549 -0.799346 0.599464
4519 18.7 140 3.29 0.022374 0.018715 -0.799171 0.600396
4520 18.8 140 3.25 0.001011 0.024189 -0.7548 0.655508
4521 18.8 139 3.2 0.003507 0.011334 -0.74179 0.670527
4522 18.8 139 3.15 0.003889 0.035608 -0.722624 0.690312
4523 18.9 139 3.13 -0.00969 0.023996 -0.737031 0.675363
4524 18.9 138 3.08 0.002718 0.014874 -0.720304 0.693494
4525 18.9 138 3.07 -0.00066 0.023365 -0.702445 0.711354
4526 18.9 138 2.99 -0.009771 0.021403 -0.732056 0.680838
4527 19 137 2.96 0.00985 0.028684 -0.737663 0.674487
4528 19 137 2.88 -0.005021 0.016054 -0.709376 0.704629
4529 19 136 2.86 -0.000884 0.026407 -0.712906 0.700762
4530 19 136 2.8 -0.008356 0.021515 -0.7442 0.667558
4531 19 136 2.74 0.014808 0.024469 -0.730288 0.68254
4532 18.9 135 2.72 -0.006338 0.032324 -0.709202 0.704236
4533 18.9 135 2.64 -0.014333 0.027615 -0.742318 0.669325
4534 18.9 135 2.6 0.003141 0.033241 -0.74189 0.669689
4535 18.9 134 2.53 -0.001293 0.016678 -0.718579 0.695244
4536 19 134 2.49 0.001998 0.044864 -0.727561 0.684571
4537 19 133 2.44 -0.005358 0.031486 -0.766142 0.641878
4538 19 133 2.38 0.004864 0.029674 -0.754606 0.655489
4539 19 133 2.38 0.004077 0.041265 -0.729849 0.68235
4540 19 132 2.32 -0.002642 0.029727 -0.763162 0.645517
4541 19 132 2.31 0.023283 0.039815 -0.780357 0.623631
4542 18.9 132 2.29 0.003754 0.013224 -0.769841 0.638088
4543 18.9 131 2.26 0.012699 0.033051 -0.775961 0.629786
4544 18.9 131 2.24 0.014802 0.02597 -0.799421 0.600027
4545 18.8 130 2.21 0.019869 0.027334 -0.790764 0.611188
4546 18.7 130 2.23 0.015244 0.024783 -0.768862 0.638753
4547 18.7 130 2.17 0.013113 0.042335 -0.781726 0.622045
4548 18.7 129 2.18 0.03223 0.065458 -0.773957 0.62902
4549 18.7 129 2.16 0.024497 0.03241 -0.749403 0.660867
4550 18.8 128 2.15 0.021752 0.049003 -0.732326 0.67884
4551 18.8 128 2.16 0.007388 0.029495 -0.763609 0.644963
4552 18.8 128 2.15 0.0034 0.014345 -0.762838 0.646421
4553 18.8 127 2.17 0.013204 0.029963 -0.736805 0.675312
4554 18.8 127 2.13 -0.013997 0.032585 -0.74398 0.667261
4555 18.8 126 2.14 0.017362 0.0248 -0.747911 0.663109
4556 18.8 126 2.13 -0.004039 0.00973 -0.739445 0.673134
4557 18.8 126 2.1 0.001411 0.022864 -0.736082 0.676504
4558 18.8 125 2.13 -0.003773 0.004962 -0.754523 0.656244
4559 18.8 125 2.08 0.008857 0.008635 -0.745599 0.66628
4560 18.8 124 2.11 0.018418 0.025879 -0.727553 0.685316
4561 18.8 124 2.08 -0.01306 0.019595 -0.749606 0.661466
4562 18.8 123 2.09 0.002338 0.026747 -0.753904 0.656436
4563 18.7 123 2.1 -0.005608 0.014408 -0.732507 0.680584
4564 18.7 123 2.07 -0.011092 0.036715 -0.735278 0.67668
4565 18.7 122 2.1 0.001792 0.036351 -0.753422 0.656529
4566 18.7 122 2.08 -0.005568 0.01314 -0.741459 0.670846
4567 18.7 121 2.1 -0.015753 0.025072 -0.727317 0.685663
4568 18.7 121 2.09 -0.02102 0.014935 -0.75063 0.660219
4569 18.7 120 2.07 0.000215 0.018758 -0.756478 0.65375
4570 18.7 120 2.1 -0.01375 0.021526 -0.735495 0.677048
4571 18.7 120 2.06 -0.019503 0.02095 -0.743457 0.668171
4572 18.7 119 2.08 -0.002643 0.027694 -0.757751 0.651951
4573 18.7 119 2.07 -0.011557 0.008075 -0.738235 0.674396
4574 18.7 118 2.06 -0.015135 0.023296 -0.732408 0.680299
4575 18.7 118 2.05 -0.023833 0.021336 -0.749372 0.661376
4576 18.7 118 2.04 0.002219 0.023471 -0.753222 0.657343
4577 18.7 117 2.08 -0.031284 -0.000531 -0.725454 0.68756
4578 18.7 117 2.04 -0.033096 0.005709 -0.730141 0.68247
4579 18.7 116 2.06 -0.012092 0.02266 -0.750147 0.660772
4580 18.7 116 2.05 -0.044118 0.003544 -0.736042 0.675487
4581 18.7 115 2.04 -0.018838 0.027204 -0.726154 0.686736
4582 18.7 115 2.03 -0.024639 0.019833 -0.74312 0.66841
4583 18.7 115 1.99 0.004412 0.014753 -0.751313 0.659767
4584 18.7 114 2.01 0.010333 0.020842 -0.736686 0.675835
4585 18.7 114 1.97 -0.014177 0.024234 -0.740766 0.671176
4586 18.7 113 1.99 0.008338 0.020129 -0.743836 0.668007
4587 18.7 113 1.95 0.011117 0.015725 -0.736616 0.676037
4588 18.7 112 1.99 0.000587 0.018086 -0.718943 0.694834
4589 18.7 112 1.97 -0.02093 0.00797 -0.738701 0.673661
4590 18.7 112 1.95 0.011707 0.01351 -0.73849 0.674027
4591 18.7 111 1.98 -0.005073 0.002123 -0.728995 0.684497
4592 18.7 111 1.94 -0.020257 0.02177 -0.731851 0.680816
4593 18.7 110 1.97 -0.000361 0.02801 -0.746561 0.664727
4594 18.7 110 1.94 -0.010649 0.00116 -0.736869 0.675951
4595 18.6 109 1.95 -0.010914 0.024744 -0.729066 0.683909
4596 18.7 109 1.92 -0.034314 0.024562 -0.736315 0.675322
4597 18.6 109 1.94 -0.00064 0.023 -0.744064 0.667712
4598 18.6 108 1.91 -0.002581 0.006794 -0.738856 0.673824
4599 18.6 108 1.93 -0.005084 0.008593 -0.727252 0.686298
4600 18.6 108 1.89 -0.016639 0.01629 -0.730738 0.682261
4601 18.6 107 1.92 0.001063 0.009212 -0.740163 0.672364
4602 18.5 107 1.91 -0.023163 -0.000508 -0.728317 0.684848
4603 18.5 106 1.89 -0.016978 0.014132 -0.711841 0.701993
4604 18.5 106 1.91 -0.021199 -0.004077 -0.730796 0.682254
4605 18.5 106 1.85 -0.003505 -0.006754 -0.723723 0.690049
4606 18.5 105 1.87 -0.005466 0.002188 -0.7136 0.700529
4607 18.5 105 1.83 -0.020026 0.004714 -0.725309 0.688116
4608 18.5 104 1.84 0.003698 0.015484 -0.733298 0.679721
4609 18.5 104 1.83 -0.012389 0.008356 -0.718077 0.695803
4610 18.5 104 1.85 -0.010908 0.016133 -0.706563 0.707382
4611 18.5 103 1.83 -0.026921 0.006029 -0.724218 0.689019
4612 18.5 103 1.81 0.003576 0.002599 -0.727474 0.686121
4613 18.5 102 1.84 -0.004552 -0.001036 -0.711259 0.702915
4614 18.5 102 1.79 -0.016289 0.007905 -0.722314 0.691328
4615 18.5 101 1.81 0.001193 0.017628 -0.740442 0.671888
4616 18.5 101 1.79 -0.016462 -0.008752 -0.724346 0.689184
4617 18.5 101 1.79 -0.018885 0.006989 -0.713589 0.700275
4618 18.5 100 1.79 -0.021867 -0.006823 -0.744566 0.667156
4619 18.5 99.7 1.77 -0.014011 -0.012409 -0.74772 0.663751
4620 18.5 99.3 1.8 -0.010158 0.004316 -0.725524 0.688109
4621 18.5 98.8 1.77 -0.041544 0.00664 -0.734725 0.677059
4622 18.5 98.4 1.77 -0.016483 0.009033 -0.747361 0.664153
4623 18.5 98.1 1.76 -0.020856 0.003546 -0.734528 0.678249
4624 18.4 97.7 1.77 -0.023609 0.018803 -0.726146 0.686878
4625 18.4 97.3 1.77 -0.034232 0.011632 -0.74456 0.666576
4626 18.4 96.8 1.75 -0.016342 -0.002688 -0.747201 0.664392
4627 18.4 96.4 1.78 -0.01407 0.010484 -0.72553 0.687967
4628 18.4 96 1.75 -0.034157 0.001779 -0.734497 0.677749
4629 18.3 95.5 1.75 -0.012739 0.00999 -0.747883 0.663633
4630 18.3 95.2 1.73 -0.019863 -0.005017 -0.740613 0.67162
4631 18.3 94.8 1.75 -0.013848 0.011214 -0.720924 0.692785
4632 18.3 94.3 1.74 -0.035303 -0.005446 -0.74003 0.671625
4633 18.3 93.9 1.72 -0.027155 -0.006334 -0.741519 0.670352
4634 18.3 93.6 1.72 -0.022598 -0.006482 -0.729838 0.683216
4635 18.3 93.2 1.72 -0.031785 0.010822 -0.724113 0.688863
4636 18.3 92.9 1.71 -0.037831 0.001745 -0.739087 0.672544
4637 18.3 92.5 1.7 -0.020792 -0.00332 -0.739184 0.673175
4638 18.3 92 1.71 -0.037554 -0.002398 -0.726815 0.685801
4639 18.3 91.6 1.68 -0.0498 -0.00528 -0.734622 0.676626
4640 18.3 91.2 1.7 -0.02848 0.004699 -0.751571 0.659021
4641 18.3 90.7 1.67 -0.040609 -0.015825 -0.734028 0.677719
4642 18.3 90.3 1.68 -0.027881 0.004242 -0.72425 0.68896
4643 18.3 90 1.67 -0.046431 -0.00191 -0.737663 0.673568
4644 18.3 89.6 1.69 -0.016114 0.001679 -0.740633 0.671714
4645 18.3 89.1 1.68 -0.027517 -0.023933 -0.716777 0.696348
4646 18.3 88.7 1.64 -0.031615 0.010567 -0.718423 0.694807
4647 18.3 88.3 1.67 -0.020386 0.018614 -0.737451 0.674836
4648 18.3 87.8 1.62 -0.005949 0.003574 -0.736304 0.676615
4649 18.3 87.4 1.65 -0.007142 0.019766 -0.726707 0.686626
4650 18.3 87 1.63 -0.025108 0.009901 -0.747939 0.663219
4651 18.3 86.6 1.62 -0.011396 0.008244 -0.743962 0.668074
4652 18.3 86.1 1.63 0.004444 0.019799 -0.722512 0.69106
4653 18.3 85.7 1.6 -0.018112 0.028149 -0.730521 0.682069
4654 18.3 85.3 1.63 -0.001132 0.026284 -0.741863 0.670035
4655 18.3 84.9 1.6 -0.017065 -0.004103 -0.727611 0.685765
4656 18.3 84.5 1.61 -0.016898 0.014129 -0.719694 0.693942
4657 18.3 84 1.6 -0.031096 0.00693 -0.728544 0.684258
4658 18.2 83.6 1.57 -0.005316 0.002555 -0.72439 0.689365
4659 18.2 83.2 1.59 -0.009865 0.010303 -0.702797 0.711247
4660 18.2 82.7 1.55 -0.046841 -0.000922 -0.711382 0.701242
4661 18.2 82.3 1.57 -0.010766 0.01328 -0.719407 0.694378
4662 18.2 81.9 1.55 -0.021559 -0.010829 -0.703646 0.710141
4663 18.3 81.5 1.53 -0.016596 0.019012 -0.702984 0.710757
4664 18.3 81 1.54 -0.012022 0.0208 -0.728346 0.684788
4665 18.2 80.6 1.51 -0.02142 -0.010652 -0.720034 0.693526
4666 18.2 80.2 1.53 -0.024776 0.007372 -0.706999 0.706742
4667 18.2 79.8 1.5 -0.03354 -0.002447 -0.72908 0.683602
4668 18.2 79.3 1.48 -0.005027 0.008519 -0.733025 0.68013
4669 18.2 79 1.46 0.002072 0.005922 -0.722886 0.690939
4670 18.1 78.6 1.48 -0.011512 0.017639 -0.718496 0.695212
4671 18.1 78.2 1.48 -0.022552 0.006024 -0.730237 0.682795
4672 18.1 77.7 1.47 -0.013297 -0.008772 -0.727323 0.686111
4673 18.1 77.3 1.49 -0.015068 0.009634 -0.706775 0.707213
4674 18.1 76.9 1.46 -0.03043 -0.002874 -0.714495 0.698972
4675 18.1 76.5 1.46 -0.009047 -0.00261 -0.731869 0.68138
4676 18 76.1 1.44 -0.02298 -0.01138 -0.722034 0.691383
4677 18 75.7 1.44 -0.040938 -0.012512 -0.720082 0.692568
4678 18.1 75.3 1.43 -0.017524 -0.002781 -0.733178 0.679805
4679 18.1 74.9 1.4 -0.004238 -0.015278 -0.726201 0.6873
4680 18.1 74.5 1.43 -0.013737 -0.009391 -0.713662 0.700293
4681 18.1 74.1 1.39 -0.01751 -0.013609 -0.726104 0.687228
4682 18.1 73.7 1.39 -0.003717 -0.013075 -0.726051 0.687506
4683 18 73.2 1.39 -0.01424 -0.002979 -0.71158 0.702454
4684 18 72.8 1.37 -0.026975 0.003094 -0.714566 0.69904
4685 18 72.4 1.39 -0.008299 0.001704 -0.722017 0.691823
4686 18 72 1.37 -0.016236 -0.017156 -0.713064 0.700701
4687 18 71.6 1.37 -0.024932 0.003104 -0.710131 0.703621
4688 18 71.1 1.36 -0.029304 0.001195 -0.723558 0.68964
4689 18 70.7 1.35 -0.02561 -0.021728 -0.712699 0.700666
4690 18 70.3 1.37 -0.025828 -0.010678 -0.711591 0.702037
4691 18 69.9 1.32 -0.027725 -0.001187 -0.724848 0.68835
4692 18 69.4 1.34 -0.006246 -0.005523 -0.72616 0.687475
4693 18 69 1.34 -0.02006 -0.017786 -0.711651 0.702021
4694 18 68.6 1.31 -0.027387 -0.000985 -0.715555 0.698018
4695 18 68.2 1.32 -0.012418 0.005362 -0.7348 0.678149
4696 18 67.7 1.3 -0.024165 -0.024394 -0.729599 0.683013
4697 18 67.3 1.31 -0.017121 0.008902 -0.723907 0.689628
4698 18 66.9 1.29 -0.033571 -0.015819 -0.735506 0.676502
4699 18 66.5 1.28 -0.014525 -0.0127 -0.733327 0.679602
4700 18 66 1.29 -0.008821 -0.000462 -0.71682 0.697202
4701 18 65.6 1.25 -0.027625 0.005923 -0.719797 0.693609
4702 17.9 65.2 1.27 -0.027511 -0.004431 -0.729647 0.683256
4703 17.9 64.8 1.24 -0.029967 -0.024578 -0.718083 0.694878
4704 17.9 64.3 1.23 -0.029858 0.00073 -0.71179 0.701757
4705 17.9 63.9 1.23 -0.031899 -0.003659 -0.726897 0.685996
4706 18 63.5 1.2 -0.021359 -0.018151 -0.719027 0.694417
4707 17.9 63 1.23 -0.023896 -0.01453 -0.711311 0.702321
4708 17.9 62.6 1.19 -0.040121 -0.016347 -0.735502 0.676136
4709 17.9 62.2 1.2 -0.021477 -0.011657 -0.743305 0.668506
4710 17.9 61.8 1.21 -0.043713 -0.030938 -0.724188 0.68752
4711 17.9 61.3 1.17 -0.04557 -0.009389 -0.735709 0.675697
4712 17.9 60.9 1.19 -0.027399 -0.011107 -0.749427 0.661427
4713 17.9 60.5 1.16 -0.026808 -0.023331 -0.744219 0.666989
4714 17.9 60 1.18 -0.029515 -0.013915 -0.733065 0.679375
4715 17.9 59.7 1.16 -0.049385 -0.019004 -0.735477 0.67548
4716 17.9 59.3 1.16 -0.023325 -0.009489 -0.735283 0.677293
4717 17.9 59 1.13 -0.020442 -0.017728 -0.727668 0.685396
4718 17.9 58.5 1.16 -0.031828 -0.008602 -0.722996 0.690065
4719 17.9 58.2 1.13 -0.048558 -0.022891 -0.736937 0.673827
4720 18 57.8 1.14 -0.011629 -0.010649 -0.740488 0.671884
4721 17.9 57.4 1.13 -0.01835 -0.0196 -0.73697 0.675392
4722 18 56.9 1.11 -0.031321 0.007576 -0.737496 0.674582
4723 17.9 56.5 1.15 -0.023742 -0.010268 -0.736999 0.675399
4724 17.9 56 1.11 -0.035294 -0.01901 -0.710909 0.702141
4725 17.9 55.6 1.12 -0.029263 -0.011013 -0.69923 0.714213
4726 17.8 55.2 1.1 -0.042672 -0.017771 -0.717854 0.694658
4727 17.8 54.8 1.07 -0.021194 -0.011728 -0.715103 0.698599
4728 17.8 54.3 1.09 -0.025172 -0.006424 -0.700993 0.712695
4729 17.8 53.9 1.04 -0.03855 -0.000734 -0.710243 0.7029
4730 17.8 53.6 1.06 -0.01516 -0.00042 -0.718732 0.695122
4731 17.8 53.1 1.02 -0.016285 -0.022997 -0.718475 0.694982
4732 17.8 52.8 1.05 -0.015143 -0.003725 -0.714974 0.698977
4733 17.8 52.5 1.01 -0.026426 0.009787 -0.715462 0.698083
4734 17.8 52.2 1.01 -0.034777 -0.009105 -0.726942 0.685757
4735 17.9 51.9 1.03 -0.017736 0.004778 -0.721629 0.692036
4736 17.9 51.6 0.992 -0.023496 -0.022731 -0.714678 0.698689
4737 17.9 51.3 1 -0.0255 -0.00441 -0.707071 0.706669
4738 17.9 51 0.968 -0.030278 0.003479 -0.704895 0.708657
4739 17.9 50.7 0.964 -0.034067 0.004848 -0.721202 0.69187
4740 17.9 50.2 0.956 -0.013959 -0.012576 -0.724414 0.689109
4741 17.9 49.8 0.973 -0.015504 -0.00663 -0.714329 0.699607
4742 17.9 49.3 0.939 -0.043669 -0.008937 -0.725745 0.686519
4743 17.9 48.9 0.969 -0.031601 -0.00979 -0.733483 0.678902
4744 17.9 48.5 0.937 -0.020025 -0.019327 -0.722616 0.690689
4745 17.9 48 0.93 -0.027221 -0.003414 -0.720621 0.692786
4746 17.9 47.7 0.921 -0.029822 -0.015143 -0.730939 0.681622
4747 17.9 47.3 0.913 -0.017047 -0.009555 -0.736345 0.676324
4748 17.9 46.9 0.931 -0.030535 -0.010353 -0.720299 0.692914
4749 17.9 46.4 0.888 -0.040328 -0.005876 -0.726724 0.685719
4750 18 46 0.922 -0.02454 -0.003641 -0.745574 0.665961
4751 18 45.6 0.906 -0.044541 -0.038151 -0.756073 0.651854
4752 18 45.1 0.916 -0.045323 -0.008217 -0.76702 0.639968
4753 18 44.7 0.919 -0.051445 -0.017572 -0.781679 0.621308
4754 18 44.3 0.918 -0.030746 -0.007625 -0.787989 0.614873
4755 18 43.9 0.959 -0.030115 0.001208 -0.785756 0.617802
4756 18.1 43.4 0.925 -0.041351 0.001937 -0.797361 0.602081
4757 18.1 43 0.949 -0.024958 0.001497 -0.80148 0.597499
4758 18.1 42.6 0.935 -0.039805 -0.023533 -0.788794 0.612916
4759 18.1 42.1 0.863 -0.021774 0.018561 -0.786969 0.616329
4760 18.1 41.8 0.85 -0.014536 0.010371 -0.785706 0.618342
4761 18.1 41.4 0.822 -0.003356 0.002023 -0.769792 0.638282
4762 18 41.1 0.821 -0.007572 0.00191 -0.756302 0.654177
4763 18 40.6 0.787 -0.005495 0.020072 -0.757554 0.652441
4764 18.1 40.2 0.803 0.005071 0.027508 -0.763572 0.645116
4765 18 39.7 0.773 0.004162 -0.008003 -0.748366 0.663225
4766 18 39.4 0.801 0.008039 0.008736 -0.749501 0.661897
4767 18 39 0.766 -0.02402 0.008346 -0.771738 0.635432
4768 18 38.6 0.79 -0.010512 0.00571 -0.775912 0.630727
4769 18 38.3 0.757 -0.016598 -0.011432 -0.773242 0.633791
4770 18 37.8 0.792 -0.025566 0.003082 -0.770551 0.636858
4771 18 37.5 0.756 -0.034705 0.005494 -0.772375 0.634194
4772 18 37.1 0.787 -0.02644 0.00872 -0.77363 0.633025
4773 18 36.7 0.78 -0.045522 -0.032381 -0.765145 0.64143
4774 18 36.2 0.762 -0.048693 -0.002553 -0.762135 0.645579
4775 18 35.9 0.767 -0.056744 -0.017279 -0.774139 0.63023
4776 18 35.5 0.801 -0.042963 -0.018254 -0.770201 0.636091
4777 18 35.2 0.794 -0.051682 -0.029698 -0.76541 0.640777
4778 18 34.8 0.797 -0.048845 -0.005152 -0.770153 0.635965
4779 18 34.3 0.78 -0.040586 -0.013138 -0.781031 0.623033
4780 18 33.9 0.729 -0.00506 -0.000934 -0.771993 0.63561
4781 18 33.4 0.749 -0.004114 -0.001667 -0.763376 0.64594
4782 18 33 0.683 -0.019755 0.002889 -0.774503 0.632255
4783 18 32.6 0.691 -0.006946 0.015018 -0.787849 0.615647
4784 18 32.3 0.66 -0.02368 -0.005173 -0.785899 0.617879
4785 17.9 32 0.688 -0.023975 0.020502 -0.769273 0.638141
4786 17.9 31.7 0.642 -0.01857 0.017832 -0.762906 0.645996
4787 17.9 31.4 0.655 -0.032822 -0.003973 -0.775761 0.63016
4788 18 31 0.644 0.002966 0.021725 -0.77602 0.630327
4789 18 30.7 0.611 -0.010535 -0.002137 -0.771951 0.635591
4790 18 30.4 0.645 -0.009038 0.002667 -0.766397 0.642298
4791 18 30 0.589 -0.029285 0.009769 -0.773487 0.63306
4792 18 29.7 0.616 -0.008721 0.012457 -0.780151 0.625406
4793 18 29.2 0.58 -0.011374 -0.000645 -0.77757 0.628694
4794 18 28.8 0.608 -0.007634 0.019207 -0.772487 0.634694
4795 18 28.4 0.574 -0.025472 0.002682 -0.797756 0.602436
4796 18 27.9 0.571 -0.001707 0.012518 -0.803303 0.595437
4797 18 27.5 0.583 -0.015312 -0.006254 -0.79214 0.610116
4798 18 27.1 0.548 -0.034189 0.017433 -0.78275 0.621152
4799 18 26.6 0.574 -0.015128 0.007077 -0.79232 0.609877
4800 18 26.2 0.532 -0.027105 -0.013765 -0.799335 0.600116
4801 18 25.8 0.569 -0.022416 -0.000198 -0.788428 0.614718
4802 18 25.4 0.53 -0.022573 -0.006929 -0.790796 0.611624
4803 18 24.9 0.523 0.00977 -0.015918 -0.789837 0.613032
4804 18 24.6 0.518 -0.002211 -0.024017 -0.780865 0.624234
4805 17.9 24.2 0.52 -0.00544 -0.006949 -0.767873 0.640541
4806 17.9 23.9 0.499 -0.027122 -0.017444 -0.77811 0.6273
4807 17.9 23.5 0.512 -0.012954 -0.012621 -0.794531 0.606954
4808 17.8 23.1 0.493 -0.018117 -0.017014 -0.789159 0.613686
4809 17.8 22.7 0.526 -0.026398 -0.00121 -0.784785 0.619204
4810 17.8 22.3 0.542 -0.053514 -0.027637 -0.797461 0.600357
4811 17.8 21.8 0.512 -0.0235 -0.014425 -0.793559 0.607868
4812 17.8 21.4 0.536 -0.012633 -0.004212 -0.77988 0.625788
4813 17.8 21 0.489 -0.028296 0.009551 -0.786409 0.616984
4814 17.8 20.5 0.49 -0.003258 0.017533 -0.798242 0.602073
4815 17.8 20.1 0.451 -0.018467 -0.007397 -0.788631 0.614545
4816 17.9 19.7 0.439 -0.026597 0.012413 -0.772918 0.633826
4817 17.9 19.4 0.432 -0.030751 -0.002231 -0.775671 0.630384
4818 17.9 19 0.428 -0.010314 -0.003339 -0.772592 0.634811
4819 17.9 18.7 0.406 -0.013664 -0.006929 -0.765332 0.643453
4820 17.9 18.2 0.407 -0.014646 0.016241 -0.768146 0.639901
4821 18 17.9 0.368 -0.011575 0.015337 -0.780528 0.624825
4822 18 17.5 0.391 0.003998 0.01902 -0.781659 0.623404
4823 18 17.2 0.362 0.001451 -0.004144 -0.778892 0.627142
4824 18 16.8 0.387 -0.006616 0.018641 -0.776701 0.629559
4825 18 16.4 0.37 -0.01532 0.010224 -0.805295 0.592589
4826 18 15.9 0.354 0.00776 0.01383 -0.801785 0.597403
4827 18 15.5 0.367 0.008727 0.007921 -0.792774 0.609401
4828 18.1 15.1 0.328 -0.002589 0.020166 -0.813517 0.581185
4829 18.1 14.7 0.356 0.01964 0.021116 -0.833959 0.551073
4830 18.1 14.2 0.313 0.014929 -0.001036 -0.842677 0.538211
4831 18.2 13.8 0.336 0.00796801 0.014439 -0.853149 0.521407
4832 18.2 13.4 0.336 0.005435 0.008008 -0.865809 0.500282
4833 18.2 13 0.378 -0.002481 -0.007223 -0.858585 0.512614
4834 18.2 12.5 0.418 -0.003413 -0.005003 -0.840568 0.541672
4835 18.2 12.1 0.407 -0.02104 0.003913 -0.846946 0.531248
4836 18.2 11.7 0.476 -0.013099 0.002383 -0.852809 0.522053
4837 18.2 11.3 0.462 -0.004263 -0.019313 -0.839401 0.543153
4838 18.2 10.8 0.519 0.001721 0.00446 -0.836755 0.547557
4839 18.3 10.4 0.537 -0.007685 0.006683 -0.859551 0.510949
4840 18.3 10 0.551 0.024637 0.0104 -0.861675 0.506756
4841 18.3 9.59 0.618 0.025902 0.001703 -0.864447 0.502053
4842 18.3 9.18 0.622 -0.007801 0.015014 -0.865278 0.501006
4843 18.3 8.78 0.702 0.012736 0.015887 -0.848338 0.529063
4844 18.3 8.39 0.677 0.035526 -0.00138 -0.832464 0.552938
4845 18.3 8.04 0.744 0.03793 0.01178 -0.82564 0.562797
4846 18.3 7.71 0.749 0.029513 0.024099 -0.841248 0.539305
4847 18.3 7.38 0.774 0.067287 0.04478 -0.832695 0.547801
4848 18.3 7 0.78 0.05463 0.02983 -0.790822 0.608873
4849 18.3 6.63 0.872 0.019605 0.026857 -0.749928 0.660683
4850 18.3 6.26 0.914 0.008613 0.015949 -0.740389 0.671934
4851 18.4 5.9 0.954 0.011731 0.007634 -0.723325 0.690366
4852 18.4 5.53 1.02 -0.006855 -0.004624 -0.701429 0.712691
4853 18.4 5.17 1.03 -0.024593 0.004795 -0.69611 0.717497
4854 18.4 4.81 1.09 -0.008926 0.016422 -0.714765 0.699115
4855 18.4 4.49 1.1 0.009622 0.002367 -0.708146 0.705996
4856 18.4 4.15 1.16 0.014095 0.006375 -0.692311 0.721433
4857 18.4 3.82 1.16 -0.004677 0.014659 -0.701395 0.712606
4858 18.4 3.48 1.23 -0.010637 0.006484 -0.723762 0.689937
4859 18.4 3.17 1.24 -0.004476 -0.003705 -0.72928 0.684191
4860 18.4 2.84 1.3 -0.009288 -0.00392 -0.721612 0.692224
4861 18.3 2.5 1.25 -0.007374 0.013271 -0.728798 0.684561
4862 18.2 2.14 1.27 0.009544 0.013739 -0.736181 0.676578
4863 18.2 1.79 1.24 0.004676 0.006653 -0.728694 0.684791
4864 18.2 1.44 1.26 0.003373 0.009626 -0.734345 0.6787
4865 18.1 1.09 1.23 -0.00194 0.002029 -0.793028 0.609179
4866 18 0.774 1.24 0.010523 0.006528 -0.80998 0.586327
4867 17.9 0.44 1.24 -1.4e-05 -0.005254 -0.80698 0.590555
4868 17.7 0.121 1.23 -0.009832 0.011704 -0.823999 0.566385
4869 17.6 -0.204 1.24 -0.019391 -4.4e-05 -0.851181 0.524515
4870 17.4 -0.497 1.22 -0.016399 -0.008905 -0.864534 0.502228
4871 17.2 -0.791 1.23 0.008423 -0.004874 0.881913 -0.471311
4872 17 -1.08 1.2 0.01923 -0.010044 0.915428 -0.401896
4873 16.8 -1.33 1.23 0.020201 -0.005423 0.939225 -0.342665
4874 16.6 -1.54 1.21 0.042958 0.007585 0.948795 -0.312865
4875 16.4 -1.74 1.23 0.029384 -0.00373 0.955657 -0.292989
4876 16.1 -1.92 1.19 0.034948 -0.013599 0.977469 -0.207719
4877 15.8 -2.09 1.2 0.020219 0.000816 0.993546 -0.111613
4878 15.5 -2.19 1.2 0.020861 -0.000392 0.996306 -0.083305
4879 15.1 -2.31 1.2 0.025201 -0.015888 0.99927 -0.023916
4880 14.8 -2.37 1.18 0.002756 -0.012993 0.999181 0.038209
4881 14.4 -2.36 1.2 0.019668 -0.010164 0.999188 0.033657
4882 14 -2.37 1.21 0.021299 -0.026067 0.998057 0.052431
4883 13.7 -2.37 1.22 0.025277 -0.008317 0.995923 0.086197
4884 13.4 -2.32 1.19 0.039197 -0.009732 0.996544 0.072591
4885 13 -2.24 1.2 0.037032 -0.025581 0.993646 0.103155
4886 12.7 -2.18 1.19 0.030484 -0.042646 0.980289 0.190488
4887 12.4 -2.05 1.2 0.027109 -0.043114 0.962118 0.267834
4888 12.1 -1.95 1.22 0.049793 -0.045833 0.955802 0.286116
4889 11.8 -1.91 1.21 0.059811 -0.065991 0.942772 0.321324
4890 11.4 -1.86 1.19 0.03004 -0.052911 0.935027 0.349317
4891 11.1 -1.76 1.19 0.046777 -0.039856 0.931977 0.35727
4892 10.7 -1.7 1.2 0.034219 -0.053048 0.938544 0.339337
4893 10.4 -1.67 1.15 0.042121 -0.06792 0.925523 0.370162
4894 9.98 -1.6 1.21 0.046065 -0.064999 0.925103 0.371265
4895 9.6 -1.51 1.2 0.072124 -0.043869 0.940459 0.329258
4896 9.25 -1.43 1.22 0.054884 -0.046386 0.944539 0.320442
4897 8.9 -1.36 1.19 0.065441 -0.064643 0.929516 0.357126
4898 8.53 -1.26 1.2 0.036302 -0.041738 0.933043 0.355487
4899 8.19 -1.17 1.21 0.049606 -0.038787 0.940395 0.334203
4900 7.85 -1.11 1.21 0.053463 -0.061655 0.936921 0.33988
4901 7.51 -1.04 1.21 0.049149 -0.059194 0.914684 0.396778
4902 7.18 -0.945 1.19 0.048589 -0.056111 0.910576 0.406623
4903 6.84 -0.836 1.22 0.05861 -0.051305 0.904624 0.419032
4904 6.51 -0.749 1.18 0.045942 -0.0751 0.879043 0.468543
4905 6.16 -0.66 1.21 0.045228 -0.065135 0.853049 0.51577
4906 5.82 -0.539 1.17 0.044417 -0.047667 0.839704 0.539121
4907 5.49 -0.419 1.19 0.036933 -0.04905 0.83806 0.542112
4908 5.17 -0.308 1.21 0.05221 -0.065027 0.830998 0.54999
4909 4.89 -0.17 1.22 0.078434 -0.074289 0.831987 0.544176
4910 4.64 -0.00295 1.23 0.102419 -0.0958789 0.84419 0.517359
4911 4.31 0.215 1.21 0.097868 -0.122836 0.82309 0.545762
4912 4.02 0.397 1.23 0.06014 -0.093812 0.796896 0.593751
4913 3.74 0.594 1.22 0.08446 -0.10161 0.783082 0.60772
4914 3.45 0.769 1.26 0.073411 -0.127119 0.775775 0.613698
4915 3.16 0.924 1.23 0.081134 -0.129644 0.742589 0.652052
4916 2.87 1.08 1.27 0.076478 -0.123739 0.725636 0.672527
4917 2.61 1.26 1.22 0.081608 -0.110559 0.727849 0.671828
4918 2.37 1.45 1.25 0.078828 -0.12035 0.727502 0.670852
4919 2.08 1.72 1.24 0.080015 -0.099925 0.701862 0.700715
4920 1.86 2.06 1.25 0.089008 -0.093742 0.706321 0.695989
4921 1.72 2.41 1.28 0.074094 -0.10043 0.717303 0.685492
4922 1.61 2.76 1.3 0.079023 -0.095818 0.713298 0.689768
4923 1.57 3.1 1.29 0.098959 -0.115664 0.717999 0.679196
4924 1.53 3.46 1.29 0.0543 -0.094994 0.729369 0.675313
4925 1.45 3.81 1.29 0.073597 -0.103364 0.695386 0.707345
4926 1.41 4.21 1.24 0.064755 -0.083788 0.697259 0.708955
4927 1.4 4.55 1.23 0.062068 -0.08985 0.703713 0.702042
4928 1.39 4.91 1.17 0.058679 -0.094088 0.685706 0.719383
4929 1.42 5.26 1.19 0.070223 -0.0909709 0.679089 0.725005
4930 1.46 5.63 1.11 0.06066 -0.102551 0.696991 0.707112
4931 1.46 5.98 1.09 0.036884 -0.080499 0.695964 0.712596
4932 1.45 6.32 1.06 0.062316 -0.094784 0.67218 0.731646
4933 1.43 6.69 1.02 0.0623 -0.094317 0.694391 0.710665
4934 1.43 7.07 0.988 0.054794 -0.077452 0.712661 0.695064
4935 1.42 7.43 0.926 0.052081 -0.096563 0.693251 0.712296
4936 1.44 7.77 0.92 0.048588 -0.069336 0.672287 0.735433
4937 1.48 8.15 0.837 0.034783 -0.067154 0.676976 0.732109
4938 1.51 8.52 0.8 0.003512 -0.034176 0.683301 0.729328
4939 1.55 8.89 0.739 -0.010565 -0.028852 0.663629 0.747431
4940 1.61 9.26 0.704 -9e-05 -0.020203 0.675804 0.736804
4941 1.67 9.63 0.652 -0.014891 -0.020062 0.690444 0.722954
4942 1.71 10 0.579 -0.011041 -0.036524 0.672326 0.739271
4943 1.77 10.4 0.568 -0.00809 -0.011515 0.667118 0.744819
4944 1.82 10.8 0.512 0.003435 -0.053623 0.694499 0.717484
4945 1.87 11.2 0.468 -0.011829 -0.028052 0.692133 0.721128
4946 1.92 11.5 0.407 -0.013652 -0.03391 0.666423 0.744677
4947 1.97 11.8 0.387 -0.004047 -0.024605 0.680521 0.732304
4948 2 12.2 0.39 -0.021187 -0.020688 0.688269 0.724851
4949 2.02 12.6 0.326 -0.014839 -0.028058 0.673297 0.738691
4950 2.02 12.9 0.32 -0.02075 -0.013281 0.674186 0.738151
4951 2.03 13.3 0.291 -0.021213 -0.024738 0.690493 0.722605
4952 2 13.7 0.288 -0.017961 -0.032294 0.690289 0.72259
4953 1.98 14.1 0.302 -0.015149 -0.022523 0.678734 0.733882
4954 1.99 14.5 0.28 0.00206 -0.028889 0.696377 0.717091
4955 1.99 14.8 0.318 -0.023865 -0.026694 0.710286 0.703002
4956 1.97 15.2 0.321 -0.00432 -0.033322 0.69291 0.720241
4957 1.94 15.6 0.332 -0.002903 -0.02526 0.70066 0.713042
4958 1.91 15.9 0.345 0.00048 -0.035062 0.722101 0.690899
4959 1.87 16.3 0.338 -0.005077 -0.04012 0.716152 0.696772
4960 1.79 16.6 0.346 0.00823 -0.037438 0.698324 0.714755
4961 1.68 16.9 0.345 0.01601 -0.030128 0.709763 0.703614
4962 1.6 17.2 0.371 0.00571 -0.036166 0.702454 0.710786
4963 1.54 17.6 0.363 -0.022221 -0.016568 0.693103 0.720305
4964 1.54 17.9 0.386 -0.057771 0.079025 0.691664 0.715555
4965 1.56 18.3 0.418 -0.030255 0.054508 0.688418 0.72263
4966 1.51 18.6 0.448 0.029001 -0.004259 0.681718 0.731028
4967 1.5 18.9 0.447 0.02715 -0.036253 0.6818 0.730135
4968 1.53 19.3 0.438 -0.000413 -0.004044 0.71545 0.698652
4969 1.55 19.6 0.426 -0.006538 -0.008625 0.720423 0.693451
4970 1.55 20 0.432 -0.027736 -0.02222 0.707522 0.705797
4971 1.6 20.4 0.416 -0.027265 0.006053 0.70254 0.711096
4972 1.63 20.8 0.422 -0.065396 0.01134 0.713508 0.697497
4973 1.62 21.2 0.397 -0.044994 -0.009308 0.719641 0.692825
4974 1.63 21.6 0.403 -0.081358 0.024681 0.701719 0.707363
4975 1.67 22 0.372 -0.05335 0.038894 0.702638 0.708477
4976 1.68 22.4 0.381 -0.082549 0.034374 0.707402 0.701132
4977 1.67 22.8 0.367 -0.07723 -0.01522 0.705689 0.704135
4978 1.7 23.2 0.407 -0.040631 -0.003155 0.696322 0.716571
4979 1.72 23.7 0.407 -0.041706 0.026538 0.706683 0.705802
4980 1.69 24.1 0.4 -0.041771 0.016974 0.71619 0.696447
4981 1.67 24.5 0.415 -0.057676 0.045423 0.69322 0.716977
4982 1.69 25 0.394 -0.043648 0.049147 0.683082 0.727377
4983 1.67 25.4 0.408 -0.05922 0.072632 0.70882 0.699136
4984 1.66 25.7 0.377 -0.0558 0.051036 0.715439 0.694571
4985 1.71 26.1 0.389 -0.0978271 0.0935321 0.675942 0.724419
4986 1.76 26.6 0.39 -0.047704 0.065622 0.671085 0.736928
4987 1.74 27 0.43 -0.054861 0.049982 0.701947 0.708352
4988 1.71 27.3 0.422 -0.036186 0.025234 0.702861 0.709958
4989 1.74 27.8 0.466 -0.049414 0.045485 0.670563 0.738807
4990 1.79 28.1 0.448 -0.018545 0.040304 0.664569 0.745909
4991 1.77 28.5 0.467 -0.058632 0.05677 0.695253 0.714117
4992 1.76 28.8 0.434 -0.051384 0.033493 0.696403 0.715025
4993 1.78 29.2 0.46 -0.068837 0.068511 0.649506 0.754128
4994 1.84 29.7 0.456 -0.026101 0.043483 0.637075 0.769132
4995 1.82 30.1 0.499 -0.047582 0.037556 0.656245 0.752109
4996 1.81 30.4 0.479 -0.037873 0.016018 0.647166 0.761239
4997 1.82 30.8 0.496 -0.064039 0.070216 0.616571 0.781542
4998 1.83 31.3 0.484 -0.045232 0.065185 0.62352 0.777771
4999 1.82 31.7 0.51 -0.071913 0.058101 0.635506 0.766541
5000 1.8 32.1 0.508 -0.069226 0.049322 0.615336 0.783669
5001 1.81 32.5 0.519 -0.064828 0.071125 0.606777 0.789025
5002 1.8 32.9 0.537 -0.058485 0.077458 0.618636 0.77966
5003 1.77 33.3 0.532 -0.061781 0.052953 0.626865 0.774868
5004 1.75 33.7 0.557 -0.059223 0.060461 0.612098 0.78624
5005 1.74 34.1 0.535 -0.037994 0.057908 0.627774 0.775309
5006 1.7 34.5 0.56 -0.064515 0.064932 0.657113 0.748214
5007 1.63 35 0.523 -0.068708 0.047507 0.663841 0.743194
5008 1.6 35.4 0.56 -0.064902 0.056883 0.653973 0.751579
5009 1.58 35.8 0.565 -0.035413 0.044077 0.677345 0.73349
5010 1.53 36.2 0.561 -0.058642 0.035747 0.717314 0.693357
5011 1.48 36.6 0.571 -0.063561 0.043997 0.733518 0.67526
5012 1.49 37 0.571 -0.042148 0.045775 0.744266 0.664978
5013 1.49 37.4 0.597 -0.047533 0.054629 0.757952 0.648279
5014 1.48 37.8 0.559 -0.054363 0.03657 0.752791 0.65499
5015 1.49 38.2 0.591 -0.062245 0.073504 0.737678 0.668247
5016 1.55 38.7 0.575 -0.042082 0.06534 0.739165 0.669025
5017 1.58 39.1 0.587 -0.057005 0.060117 0.744796 0.66213
5018 1.6 39.5 0.576 -0.035225 0.037404 0.734292 0.676887
5019 1.65 39.9 0.563 -0.026009 0.063102 0.720347 0.690247
5020 1.69 40.4 0.573 -0.04711 0.055583 0.729222 0.680387
5021 1.7 40.8 0.554 -0.057341 0.033402 0.730666 0.679502
5022 1.73 41.2 0.586 -0.058769 0.054983 0.715345 0.694121
5023 1.78 41.6 0.582 -0.032228 0.0284 0.712795 0.700055
5024 1.8 41.9 0.598 -0.062717 0.052559 0.727855 0.680831
5025 1.81 42.3 0.571 -0.072068 0.041702 0.723282 0.685515
5026 1.84 42.7 0.592 -0.072419 0.066981 0.705664 0.701646
5027 1.88 43.1 0.594 -0.057719 0.066055 0.704298 0.704464
5028 1.89 43.5 0.604 -0.065824 0.050178 0.711078 0.698225
5029 1.9 43.9 0.611 -0.064086 0.045407 0.685177 0.724129
5030 1.93 44.3 0.617 -0.044291 0.04651 0.667988 0.741395
5031 1.96 44.7 0.638 -0.046688 0.055842 0.675855 0.733432
5032 1.97 45.1 0.617 -0.03403 0.028861 0.663563 0.746789
5033 1.99 45.5 0.636 -0.047335 0.056284 0.627686 0.774985
5034 2.02 45.9 0.622 -0.017299 0.045599 0.61609 0.786165
5035 2.01 46.4 0.655 -0.036068 0.036183 0.632972 0.772487
5036 2 46.8 0.642 -0.024745 0.031324 0.61182 0.789989
5037 2.01 47.2 0.664 -0.034572 0.03136 0.604311 0.79538
5038 2.03 47.6 0.678 -0.031897 0.031052 0.621519 0.782134
5039 2.02 48 0.679 -0.031786 0.002411 0.637384 0.769887
5040 2.01 48.4 0.702 -0.027184 -0.000932 0.611842 0.790512
5041 2.01 48.8 0.7 0.01965 -0.016596 0.609678 0.792232
5042 1.98 49.2 0.725 0.004598 -0.01382 0.637014 0.770715
5043 1.95 49.6 0.698 0.003772 -0.037132 0.651348 0.757861
5044 1.96 50 0.732 -0.004994 -0.006615 0.621565 0.783319
5045 1.99 50.4 0.723 0.013238 -0.018341 0.620811 0.783634
5046 1.99 50.8 0.736 -0.020857 0.000136 0.635843 0.771536
5047 1.96 51.2 0.722 -0.029983 0.005808 0.624532 0.780402
5048 1.96 51.6 0.734 -0.027082 0.014351 0.626225 0.77904
5049 1.98 51.9 0.728 -0.024373 0.012794 0.637457 0.769994
5050 1.97 52.3 0.707 -0.047368 0.0136 0.650673 0.757757
5051 1.95 52.7 0.719 -0.044411 0.028076 0.637961 0.768274
5052 1.96 53.1 0.711 -0.032632 0.029114 0.643126 0.76451
5053 1.95 53.5 0.726 -0.05574 0.044197 0.667336 0.741352
5054 1.93 53.9 0.706 -0.053977 0.01909 0.675719 0.734933
5055 1.92 54.3 0.738 -0.058859 0.037654 0.676332 0.733276
5056 1.93 54.7 0.716 -0.04795 0.041928 0.697511 0.713737
5057 1.91 55.1 0.734 -0.061295 0.03273 0.728919 0.681064
5058 1.88 55.5 0.733 -0.055084 0.032043 0.734503 0.675607
5059 1.86 55.9 0.749 -0.03836 0.030225 0.735252 0.676032
5060 1.84 56.3 0.772 -0.03429 0.027864 0.760575 0.647745
5061 1.81 56.7 0.746 -0.04134 0.01253 0.769144 0.637614
5062 1.8 57.1 0.785 -0.04129 0.026507 0.758018 0.650386
5063 1.82 57.5 0.773 -0.030533 0.023899 0.76304 0.645187
5064 1.83 57.9 0.8 -0.051329 0.031861 0.785015 0.616523
5065 1.83 58.3 0.769 -0.054191 0.009216 0.775625 0.628796
5066 1.84 58.6 0.81 -0.051167 0.03687 0.769172 0.635922
5067 1.87 59 0.8 -0.049534 0.031187 0.77321 0.631443
5068 1.9 59.4 0.816 -0.056542 0.022146 0.769973 0.63518
5069 1.9 59.9 0.814 -0.045994 0.017849 0.743152 0.667301
5070 1.92 60.3 0.829 -0.024278 0.024348 0.725378 0.687491
5071 1.93 60.7 0.852 -0.029669 0.033666 0.734392 0.677241
5072 1.92 61.1 0.824 -0.035584 0.011675 0.735232 0.67678
5073 1.91 61.5 0.853 -0.054691 0.037518 0.726567 0.683887
5074 1.94 61.9 0.842 -0.032368 0.024301 0.732709 0.679337
5075 1.95 62.3 0.87 -0.049173 0.031095 0.749652 0.65927
5076 1.95 62.7 0.855 -0.051565 0.006785 0.748802 0.66075
5077 1.97 63.1 0.887 -0.051039 0.013446 0.746485 0.663305
5078 2 63.5 0.871 -0.053333 0.030859 0.755261 0.652521
5079 2 63.9 0.882 -0.051913 0.013054 0.769368 0.636559
5080 2 64.3 0.9 -0.03838 0.022582 0.752636 0.65693
5081 2.04 64.8 0.899 -0.028229 0.02724 0.730319 0.681979
5082 2.05 65.2 0.926 -0.053633 0.034429 0.748825 0.659696
5083 2.04 65.6 0.894 -0.052132 0.011365 0.751282 0.657821
5084 2.07 66 0.945 -0.044011 0.028835 0.734969 0.676056
5085 2.1 66.4 0.935 -0.034615 0.003766 0.740419 0.671244
5086 2.08 66.8 0.95 -0.035238 0.004516 0.755771 0.653871
5087 2.07 67.3 0.937 -0.04201 0.014209 0.744967 0.665626
5088 2.12 67.7 0.949 -0.02265 0.026659 0.715654 0.697578
5089 2.15 68.1 0.971 -0.04513 0.026406 0.721804 0.69012
5090 2.16 68.5 0.936 -0.050232 0.015059 0.714033 0.698145
5091 2.19 68.9 0.978 -0.051036 0.035554 0.685418 0.725488
5092 2.24 69.3 0.961 -0.04364 0.027073 0.673795 0.737131
5093 2.25 69.8 0.979 -0.074811 0.03161 0.684102 0.724851
5094 2.25 70.2 0.953 -0.076622 0.032697 0.661397 0.745395
5095 2.25 70.6 0.974 -0.069087 0.048573 0.64637 0.758336
5096 2.25 71.1 0.981 -0.058854 0.048316 0.645823 0.75968
5097 2.22 71.5 0.976 -0.052712 0.020722 0.643967 0.762954
5098 2.21 71.9 1 -0.072148 0.044512 0.621285 0.778986
5099 2.22 72.3 0.977 -0.034665 0.036164 0.617198 0.785212
5100 2.19 72.7 1.02 -0.044679 0.033416 0.652015 0.75615
5101 2.15 73 0.984 -0.043282 0.007572 0.667359 0.743439
5102 2.13 73.5 1.03 -0.048456 0.039949 0.665266 0.74396
5103 2.16 73.8 1.01 -0.022367 0.033575 0.659033 0.751031
5104 2.17 74.2 1.04 -0.037152 0.028171 0.683258 0.728687
5105 2.17 74.7 1 -0.031807 -0.007523 0.693037 0.720161
5106 2.21 75.1 1.05 -0.028997 0.011981 0.670082 0.741623
5107 2.25 75.5 1.04 -0.017173 -0.001904 0.679559 0.733418
5108 2.22 75.9 1.06 -0.036316 -0.006097 0.722012 0.6909
5109 2.2 76.2 1.02 -0.044341 -0.001111 0.716468 0.696208
5110 2.22 76.7 1.07 -0.034417 0.023668 0.697716 0.715156
5111 2.23 77 1.05 -0.012997 0.0217 0.683911 0.729127
5112 2.22 77.4 1.07 -0.036784 0.030479 0.705821 0.706778
5113 2.2 77.7 1.04 -0.044427 -0.004758 0.703488 0.709301
5114 2.2 78.1 1.08 -0.052504 0.014156 0.680548 0.730683
5115 2.23 78.6 1.06 -0.026868 0.004599 0.678921 0.733705
5116 2.2 79 1.09 -0.042136 0.012603 0.716515 0.696184
5117 2.17 79.3 1.06 -0.03829 -0.008461 0.723866 0.688825
5118 2.18 79.7 1.1 -0.037457 0.014908 0.698651 0.714326
5119 2.2 80 1.08 0.001119 -0.00328 0.687128 0.726528
5120 2.15 80.4 1.1 -0.035176 0.013341 0.727654 0.684912
5121 2.11 80.9 1.08 -0.00876 -0.025134 0.732688 0.680044
5122 2.13 81.3 1.11 -0.01734 0.002339 0.708321 0.705674
5123 2.13 81.7 1.1 -0.012123 0.007275 0.719794 0.694044
5124 2.09 82.2 1.1 -0.025175 -0.00446 0.748414 0.662739
5125 2.08 82.6 1.12 -0.018995 0.001186 0.726713 0.686677
5126 2.13 83 1.12 -0.001687 0.014473 0.704224 0.709828
5127 2.11 83.5 1.15 -0.020815 0.027338 0.74639 0.664622
5128 2.09 83.9 1.11 -0.025214 -0.006767 0.759468 0.65002
5129 2.12 84.3 1.14 -0.043767 0.018215 0.725856 0.686211
5130 2.16 84.6 1.12 -0.022752 0.022049 0.707473 0.70603
5131 2.15 85.1 1.16 -0.026794 0.025482 0.721216 0.691723
5132 2.15 85.5 1.13 -0.004768 -0.026744 0.699844 0.713779
5133 2.17 85.9 1.17 -0.003103 0.004158 0.654124 0.756369
5134 2.2 86.4 1.16 0.012811 -0.00921 0.653667 0.756618
5135 2.17 86.8 1.18 0.00421 -0.021928 0.67605 0.736517
5136 2.14 87.1 1.16 -0.00959 -0.022142 0.669858 0.742097
5137 2.16 87.5 1.19 -0.012043 -0.014155 0.652154 0.757858
5138 2.18 87.8 1.16 0.003434 -0.006768 0.656021 0.754704
5139 2.17 88.3 1.19 -0.025606 0.011146 0.679618 0.733035
5140 2.15 88.6 1.16 -0.033503 -0.006792 0.689861 0.723135
5141 2.15 89 1.21 -0.043139 0.007323 0.67633 0.735298
5142 2.16 89.4 1.18 -0.022822 -0.007355 0.679111 0.733643
5143 2.11 89.8 1.22 -0.032095 -0.012611 0.714711 0.698569
5144 2.08 90.2 1.18 -0.038873 -0.024545 0.712629 0.700033
5145 2.07 90.6 1.22 -0.041381 0.008624 0.688323 0.724171
5146 2.06 90.9 1.2 -0.016519 0.003799 0.685743 0.727647
5147 2.03 91.2 1.23 -0.022651 0.019564 0.709715 0.703853
5148 1.97 91.6 1.21 -0.029322 -0.016814 0.734477 0.677791
5149 1.96 92.1 1.25 -0.050482 0.013349 0.713385 0.698824
5150 1.98 92.5 1.25 -0.015445 -0.002832 0.714328 0.699635
5151 1.95 92.9 1.27 -0.039346 -0.003447 0.748212 0.662283
5152 1.92 93.3 1.24 -0.028531 -0.041316 0.75415 0.65478
5153 1.94 93.7 1.29 -0.037941 -0.010431 0.725986 0.686583
5154 1.98 94.1 1.27 -0.009927 -0.014919 0.709371 0.704607
5155 1.96 94.6 1.31 -0.021382 -0.03163 0.736148 0.675743
5156 1.94 94.9 1.28 -0.031604 -0.045761 0.732687 0.67829
5157 1.97 95.3 1.33 -0.03459 -0.004361 0.707488 0.705865
5158 2.01 95.6 1.3 -0.026071 -0.005522 0.68632 0.726811
5159 2.02 96 1.34 -0.026568 0.018371 0.704663 0.708806
5160 2.01 96.3 1.31 -0.018326 -0.021794 0.697453 0.716064
5161 2.03 96.8 1.35 -0.032701 -0.003979 0.671556 0.740221
5162 2.09 97.2 1.33 0.011071 -0.016309 0.66536 0.746263
5163 2.11 97.6 1.37 -0.003211 -0.016326 0.691181 0.72249
5164 2.12 97.9 1.33 -0.010391 -0.032088 0.683863 0.728831
5165 2.16 98.3 1.37 -0.028838 0.003584 0.66388 0.747274
5166 2.2 98.6 1.34 0.005343 -0.001074 0.653886 0.756573
5167 2.19 99.1 1.37 -0.025012 0.009378 0.697521 0.716066
5168 2.19 99.5 1.33 -0.037117 -0.019835 0.713101 0.699797
5169 2.24 99.9 1.39 -0.021886 0.005139 0.683488 0.729616
5170 2.29 100 1.38 -0.000602 -0.010785 0.688572 0.725087
5171 2.28 101 1.39 -0.010121 -0.029144 0.721382 0.69185
5172 2.29 101 1.36 -0.024854 -0.027649 0.715123 0.698009
5173 2.35 102 1.4 -0.000361 -0.003645 0.687597 0.726084
5174 2.39 102 1.38 -0.000995 -0.002335 0.688042 0.725666
5175 2.38 102 1.41 -0.020927 0.005352 0.72011 0.693524
5176 2.37 103 1.39 -0.030668 -0.011344 0.729106 0.68362
5177 2.39 103 1.43 -0.045786 0.014282 0.713142 0.699377
5178 2.44 103 1.4 -0.031542 0.017883 0.700084 0.713139
5179 2.42 104 1.43 -0.034489 0.004224 0.733801 0.678476
5180 2.42 104 1.41 -0.032468 -0.010526 0.730536 0.68202
5181 2.48 105 1.43 -0.001833 0.002388 0.699741 0.714391
5182 2.49 105 1.44 -0.010383 0.014604 0.719006 0.694772
5183 2.44 106 1.43 -0.013544 -0.014475 0.746705 0.664859
5184 2.44 106 1.46 -0.034825 0.007111 0.71949 0.693593
5185 2.46 106 1.44 -0.006249 0.018651 0.697059 0.716744
5186 2.43 107 1.49 -0.015107 0.012273 0.734414 0.678422
5187 2.39 107 1.45 -0.025685 -0.020861 0.741902 0.669692
5188 2.43 108 1.48 -0.017449 0.013684 0.711797 0.702035
5189 2.44 108 1.47 -0.011573 0.012771 0.722023 0.691654
5190 2.4 108 1.48 -0.01799 -0.017569 0.755586 0.654567
5191 2.37 109 1.49 -0.006935 -0.025422 0.744294 0.667332
5192 2.4 109 1.48 0.004451 -0.00993801 0.712087 0.702006
5193 2.4 110 1.49 -0.038956 0.026897 0.72104 0.691274
5194 2.39 110 1.47 -0.034466 -0.017505 0.714958 0.698098
5195 2.42 111 1.51 -0.034802 0.010149 0.680497 0.731853
5196 2.47 111 1.48 -0.012462 0.009996 0.670683 0.741572
5197 2.46 111 1.52 -0.028665 0.000727 0.702898 0.710712
5198 2.44 112 1.49 -0.042711 -0.023263 0.698183 0.714265
5199 2.47 112 1.53 -0.052235 0.019682 0.665646 0.744177
5200 2.51 113 1.49 -0.028644 0.029758 0.657732 0.752119
5201 2.49 113 1.52 -0.062643 0.050225 0.698131 0.711454
5202 2.44 113 1.49 -0.060745 0.001749 0.70769 0.703905
5203 2.45 114 1.54 -0.053675 0.03321 0.689828 0.721217
5204 2.46 114 1.52 -0.025337 0.031488 0.687723 0.724847
5205 2.41 115 1.55 -0.060118 0.034697 0.727566 0.682517
5206 2.37 115 1.52 -0.056932 0.005086 0.746528 0.662894
5207 2.34 115 1.58 -0.051978 0.021055 0.743306 0.666596
5208 2.36 116 1.57 0.018287 -0.003736 0.737626 0.674952
5209 2.32 116 1.6 -0.010215 -0.004933 0.759466 0.650448
5210 2.27 117 1.59 -0.006843 -0.027716 0.754351 0.65585
5211 2.28 117 1.62 0.000957 -0.003743 0.742045 0.670339
5212 2.29 117 1.6 -0.008293 0.009071 0.752666 0.658287
5213 2.28 118 1.6 -0.013159 -0.000898 0.750399 0.660854
5214 2.28 118 1.61 -0.018083 0.026956 0.721035 0.692138
5215 2.3 119 1.6 -0.011798 0.023059 0.710426 0.703295
5216 2.31 119 1.62 -0.050515 0.044898 0.714561 0.696301
5217 2.31 120 1.6 -0.037382 0.016892 0.683732 0.72858
5218 2.32 120 1.64 -0.022612 0.014195 0.654344 0.755725
5219 2.34 120 1.65 -0.00774 0.003586 0.644146 0.764855
5220 2.31 121 1.65 -0.022725 -0.013885 0.651843 0.757886
5221 2.27 121 1.65 -0.037073 -0.00624 0.647051 0.76152
5222 2.3 122 1.65 0.003462 -0.017858 0.642496 0.766073
5223 2.28 122 1.69 -0.005579 -0.030709 0.680874 0.731735
5224 2.25 122 1.68 0.025238 -0.086899 0.706348 0.702057
5225 2.24 123 1.71 0.00729 -0.050609 0.710195 0.702146
5226 2.27 123 1.69 0.037942 -0.051343 0.713343 0.697901
5227 2.24 124 1.69 -0.017778 -0.032317 0.763086 0.645244
5228 2.23 124 1.65 -0.0449 -0.006889 0.755154 0.653971
5229 2.27 125 1.68 -0.019547 -0.000468 0.726136 0.687273
5230 2.3 125 1.7 -0.040219 0.007857 0.744179 0.666722
5231 2.3 125 1.67 -0.046439 -0.001432 0.75281 0.656596
5232 2.33 126 1.69 -0.063903 0.043076 0.716165 0.693663
5233 2.4 126 1.69 -0.043039 0.032573 0.677745 0.733313
5234 2.44 127 1.72 -0.058676 0.048255 0.671549 0.737055
5235 2.49 127 1.7 -0.055576 0.01961 0.635812 0.76959
5236 2.55 128 1.74 -0.038873 0.0312 0.606751 0.793328
5237 2.63 128 1.74 -0.032113 0.027219 0.619602 0.783787
5238 2.66 128 1.78 -0.019508 0.01154 0.626542 0.779058
5239 2.7 129 1.78 -0.032692 0.031244 0.604741 0.795137
5240 2.77 129 1.79 -0.006635 0.021626 0.581795 0.813021
5241 2.82 130 1.83 -0.02161 0.018518 0.59938 0.799958
5242 2.83 130 1.82 -0.017494 -0.010606 0.58557 0.810363
5243 2.85 130 1.86 -0.06796 0.024666 0.566194 0.821095
5244 2.9 131 1.9 -0.00773 -0.001223 0.5717 0.820425
5245 2.93 131 1.94 -0.017848 -0.000859 0.577541 0.816166
5246 2.95 132 1.94 -0.010261 -0.043107 0.539128 0.841057
5247 2.97 132 1.94 -0.011444 -0.016382 0.5334 0.845627
5248 2.98 132 1.95 -0.004026 -0.001177 0.537436 0.843294
5249 2.93 133 1.95 -0.017792 -0.024328 0.544891 0.837965
5250 2.85 133 2 -0.037393 0.010133 0.544881 0.837618
5251 2.8 134 2.05 -0.009566 0.003596 0.533912 0.845478
5252 2.75 134 2.15 -0.024971 0.015794 0.531143 0.846767
5253 2.66 134 2.19 -0.0146 -0.014883 0.494289 0.869047
5254 2.59 135 2.25 -0.016838 0.031622 0.440792 0.896894
5255 2.57 135 2.27 -0.012847 0.022338 0.380109 0.924583
5256 2.56 135 2.36 -0.013649 0.030265 0.345046 0.937998
5257 2.55 136 2.38 -0.029502 0.026074 0.291046 0.955899
5258 2.56 136 2.46 -0.033352 0.022878 0.249747 0.967466
5259 2.64 136 2.5 0.007391 -0.008272 0.239611 0.970806
5260 2.69 137 2.56 -0.011292 -0.015221 0.255243 0.966691
5261 2.72 137 2.61 -0.002796 -0.027166 0.247884 0.968405
5262 2.78 137 2.67 -0.011212 -0.026514 0.237953 0.97085
5263 2.89 138 2.69 0.003102 -0.023689 0.233496 0.972064
5264 2.97 138 2.73 -0.013993 -0.021448 0.243285 0.969617
5265 3.06 139 2.76 -0.022431 -0.005112 0.238195 0.970945
5266 3.18 139 2.82 -0.005928 0.00454 0.218725 0.975758
5267 3.34 139 2.84 0.01196 0.009848 0.190886 0.98149
5268 3.49 139 2.87 -0.004992 0.022771 0.167124 0.98566
5269 3.64 140 2.91 -0.019293 0.028953 0.106141 0.993742
5270 3.89 140 2.98 0.003879 0.016939 0.04432 0.998866
5271 4.14 140 3.05 -0.00301 0.026947 -0.020404 0.999424
5272 4.46 140 3.11 -0.022347 0.001958 -0.056998 0.998122
5273 4.73 141 3.13 0.001426 -0.009229 -0.126735 0.991893
5274 5.04 141 3.14 0.01858 -0.014122 -0.149976 0.988414
5275 5.37 141 3.17 0.016054 -0.010185 -0.144613 0.989306
5276 5.68 141 3.15 0.004945 -0.007886 -0.181189 0.983404
5277 5.99 141 3.18 0.009916 0.025861 -0.280098 0.959572
5278 6.31 141 3.19 0.019699 -0.01717 -0.352223 0.935551
5279 6.62 141 3.24 0.013007 -0.006079 -0.387689 0.921679
5280 6.95 141 3.25 -0.018862 -0.05506 -0.40934 0.910524
5281 7.28 141 3.28 -0.022353 -0.042882 -0.407484 0.911931
5282 7.64 141 3.26 -0.026032 -0.066396 -0.371627 0.925639
5283 8.01 141 3.28 -0.023628 -0.055612 -0.313317 0.947724
5284 8.39 141 3.26 -0.043314 -0.070024 -0.289526 0.953622
5285 8.73 141 3.29 -0.023853 -0.050904 -0.2975 0.953065
5286 9.08 142 3.29 -0.011923 -0.052254 -0.258111 0.964627
5287 9.4 142 3.28 -0.023936 -0.038228 -0.26653 0.962771
5288 9.69 142 3.29 -0.008384 -0.019292 -0.332255 0.942955
5289 10 142 3.26 0.023798 -0.027247 -0.351587 0.935456
5290 10.3 142 3.27 0.027686 0.035821 -0.376275 0.925401
5291 10.6 142 3.27 -0.0077 0.019363 -0.393003 0.919301
5292 11 142 3.3 0.004614 0.031895 -0.401519 0.915284
5293 11.3 142 3.29 0.014947 -0.014148 -0.393938 0.918907
5294 11.6 142 3.35 0.004219 -0.041995 -0.375727 0.925769
5295 12 142 3.32 -0.02593 -0.071666 -0.411777 0.908092
5296 12.3 142 3.36 -0.024732 -0.037647 -0.440792 0.896478
5297 12.6 142 3.35 -0.020012 -0.06635 -0.379332 0.922662
5298 13 142 3.38 -0.006452 -0.084167 -0.296618 0.951258
5299 13.3 142 3.39 -0.019736 -0.095495 -0.26275 0.959924
5300 13.6 141 3.38 0.009136 -0.062072 -0.304875 0.950324
5301 13.7 141 3.39 0.001835 -0.070802 -0.416015 0.906595
5302 13.8 141 3.39 -0.017103 -0.074906 -0.516356 0.85292
5303 13.8 141 3.4 -0.023552 -0.0698 -0.605935 0.792096
5304 13.8 141 3.41 -0.032071 -0.042287 -0.677466 0.733637
5305 13.6 141 3.4 0.005733 -0.005716 -0.740708 0.671778
5306 13.4 141 3.4 0.026987 0.008014 -0.804149 0.593761
5307 13.3 141 3.39 0.016429 0.000424 -0.86367 0.50379
5308 13.2 141 3.39 0.02154 0.024381 0.908341 -0.416962
5309 13.2 141 3.4 0.079251 0.02985 0.939462 -0.332024
5310 13.1 141 3.38 0.036783 0.017169 0.969124 -0.243209
5311 13 141 3.36 -0.060456 0.005548 0.982849 -0.174131
5312 13 141 3.34 -0.098362 0.018008 0.991405 -0.08436
5313 13 141 3.33 -0.091774 0.019714 0.995521 0.011273
5314 12.9 141 3.35 -0.062974 0.022623 0.991757 0.109272
5315 13 141 3.39 0.028501 0.014963 0.984378 0.173103
5316 13 141 3.44 0.114574 -0.00277 0.979864 0.163498
5317 13 141 3.4 0.021285 0.005659 0.982078 0.187182
5318 13 141 3.35 -0.070904 0.022138 0.978319 0.193325
5319 13 141 3.33 -0.125913 0.016515 0.987127 0.097227
5320 13 141 3.34 -0.110128 0.009228 0.993872 -0.002199
5321 13 141 3.36 -0.090268 0.006751 0.990276 -0.105642
5322 13 141 3.37 -0.068214 0.008202 0.974728 -0.212567
5323 13 141 3.39 -0.033033 0.004818 0.954707 -0.295669
5324 13 141 3.41 0.039759 0.034559 0.924418 -0.377726
5325 13.1 141 3.4 0.050589 0.025474 0.879398 -0.472706
5326 13.1 141 3.39 0.000261 0.004156 -0.837402 0.546571
5327 13.3 141 3.37 0.047202 0.037346 -0.777575 0.625903
5328 13.4 141 3.37 0.046333 0.036241 -0.713779 0.697897
5329 13.5 140 3.35 0.041732 0.032531 -0.650776 0.757424
5330 13.6 140 3.34 0.046635 0.046245 -0.576038 0.81478
5331 13.7 140 3.34 0.019982 0.025102 -0.498975 0.866022
5332 13.8 140 3.36 -0.025354 -0.038682 -0.415473 0.908429
5333 14 140 3.35 -0.018788 -0.010552 -0.335284 0.941871
5334 14.1 140 3.34 -0.01883 0.037036 -0.230357 0.972219
5335 14.2 140 3.33 -0.017803 0.062001 -0.141315 0.987861
5336 14.2 140 3.32 -0.018751 0.080859 -0.047819 0.995401
5337 14.2 140 3.32 -0.012976 0.089176 0.039411 0.995151
5338 14.2 141 3.32 -0.013566 0.087454 0.126761 0.987977
5339 14.2 141 3.34 -0.011192 0.071057 0.215504 0.97385
5340 14.2 141 3.37 -0.010477 0.032752 0.310232 0.950039
5341 14.1 141 3.41 0.021637 -0.075129 0.38216 0.920783
5342 14.1 141 3.44 0.048584 -0.158551 0.375202 0.911989
5343 14.1 141 3.47 0.0836 -0.243833 0.296124 0.91971
5344 14.1 141 3.48 0.102245 -0.272303 0.206886 0.934128
5345 14.1 141 3.45 0.090549 -0.18423 0.139846 0.968661
5346 14.2 141 3.42 0.088933 -0.09511 0.136665 0.982022
5347 14.2 141 3.37 0.091835 -0.00467 0.146362 0.984948
5348 14.2 141 3.31 0.084801 0.089608 0.095396 0.987765
5349 14.2 140 3.3 0.059511 0.097166 0.004099 0.993479
5350 14.2 140 3.3 0.043005 0.109915 -0.085268 0.989343
5351 14.2 140 3.31 0.038169 0.111241 -0.179533 0.976697
5352 14.1 140 3.33 0.038101 0.088842 -0.274702 0.956658
5353 14.1 140 3.34 0.03746 0.064251 -0.36061 0.929747
5354 14 140 3.35 0.035329 0.010444 -0.446156 0.894197
5355 14 140 3.35 0.017712 -0.034436 -0.539903 0.840836
5356 13.9 140 3.32 0.034867 -0.013658 -0.619124 0.7844
5357 13.8 140 3.24 0.079801 0.061762 -0.683114 0.723306
5358 13.7 139 3.18 0.069262 0.038915 -0.753889 0.652181
5359 13.6 139 3.14 0.062619 0.001713 -0.811059 0.5816
5360 13.4 139 3.11 -0.01685 -0.036061 -0.814356 0.578999
5361 13.4 138 3.05 -0.016637 -0.017398 -0.809498 0.586629
5362 13.3 138 2.97 0.014972 0.016316 -0.813662 0.580916
5363 13.2 138 2.93 -0.002995 -0.002082 -0.795353 0.606135
5364 13.2 137 2.91 -0.021425 -0.010437 -0.738317 0.674033
5365 13.2 137 2.82 -0.049057 -0.016282 -0.722227 0.689722
5366 13.2 137 2.76 0.022579 0.034 -0.720421 0.692335
5367 13.3 136 2.67 0.004592 0.010111 -0.695452 0.718486
5368 13.4 136 2.65 -0.006531 0.008199 -0.651097 0.758922
5369 13.4 135 2.61 -0.038828 -0.037403 -0.669041 0.741268
5370 13.4 135 2.57 -0.003394 -0.021825 -0.697357 0.716384
5371 13.4 135 2.52 -0.027519 -0.034028 -0.676002 0.735599
5372 13.5 134 2.48 -0.034266 -0.013577 -0.675067 0.736835
5373 13.4 134 2.48 -0.029787 -0.022871 -0.699517 0.713629
5374 13.4 133 2.41 -0.02956 -0.039044 -0.690477 0.721695
5375 13.4 133 2.39 -0.022494 -0.004936 -0.686669 0.726605
5376 13.5 133 2.36 -0.025619 -0.023211 -0.705796 0.707571
5377 13.5 132 2.3 -0.008776 -0.029434 -0.718294 0.695061
5378 13.5 132 2.23 -0.021708 -0.036342 -0.70009 0.712798
5379 13.6 131 2.19 0.007685 -0.0143 -0.709818 0.704198
5380 13.6 131 2.12 -0.00504 -0.011817 -0.733924 0.67911
5381 13.6 131 2.1 0.031695 0.004203 -0.767128 0.640696
5382 13.5 130 2.07 0.027934 0.005642 -0.771229 0.63592
5383 13.5 130 2.09 0.026322 0.024844 -0.78386 0.619882
5384 13.4 130 2.05 -5e-06 0.011198 -0.812016 0.583528
5385 13.4 129 2.07 0.043874 0.028583 -0.829326 0.556307
5386 13.3 129 2.05 0.031985 0.002196 -0.822015 0.568562
5387 13.3 128 2.06 0.01473 0.011582 -0.788039 0.61534
5388 13.3 128 2.05 0.000107 0.012553 -0.78223 0.622863
5389 13.3 128 2.05 0.028736 0.026758 -0.780072 0.624456
5390 13.2 127 2.04 0.017698 -0.002987 -0.765114 0.643644
5391 13.3 127 2.05 0.037765 0.028325 -0.731215 0.680511
5392 13.3 127 2.03 0.007376 0.025439 -0.710845 0.70285
5393 13.3 126 2.04 0.00765 0.01795 -0.719227 0.694501
5394 13.3 126 2.03 0.023396 -0.003715 -0.747058 0.664336
5395 13.3 126 2.03 0.019187 0.003539 -0.731358 0.681714
5396 13.3 125 2.03 0.00122 0.025816 -0.694942 0.718601
5397 13.3 125 2.03 -0.000118 0.015573 -0.709016 0.705021
5398 13.2 124 2.03 0.026132 0.01519 -0.743612 0.667928
5399 13.1 124 2.02 0.014679 0.012063 -0.744677 0.667155
5400 13.1 124 2.03 0.029704 0.036116 -0.721517 0.690816
5401 13.1 123 2 -0.004149 0.026282 -0.70617 0.707542
5402 13.1 123 2.01 0.012108 0.016571 -0.72541 0.688011
5403 13.1 123 2 0.029684 0.036344 -0.745469 0.664886
5404 13 122 1.98 0.01375 0.015802 -0.735337 0.677377
5405 13 122 2 0.021396 0.035685 -0.709773 0.703201
5406 13.1 122 1.99 0.002811 0.012628 -0.695276 0.718627
5407 13.1 122 1.98 0.011442 0.026974 -0.712085 0.701482
5408 13 121 1.99 0.026224 0.020055 -0.731387 0.681163
5409 13 121 1.97 0.006031 0.001275 -0.732318 0.680935
5410 13 121 2 0.013849 0.025399 -0.709084 0.704531
5411 13 120 1.99 -0.008599 0.013575 -0.691777 0.721933
5412 13 120 1.99 -0.013179 0.023585 -0.70633 0.707367
5413 13 120 2.01 0.007124 0.028755 -0.726723 0.686292
5414 13 119 1.98 -0.014983 0.003364 -0.728372 0.68501
5415 13 119 2 0.002119 0.024526 -0.700881 0.712853
5416 13.1 119 1.99 -0.021866 0.007199 -0.674842 0.737603
5417 13.1 118 1.99 -0.027796 -0.003667 -0.686723 0.726378
5418 13.1 118 2 -0.006751 0.014959 -0.713212 0.700756
5419 13.1 118 1.98 -0.019714 -0.011835 -0.723992 0.689425
5420 13.1 117 2 -0.025122 -0.009633 -0.70655 0.707151
5421 13.1 117 1.99 -0.032673 -0.006732 -0.692533 0.720614
5422 13.1 117 1.96 -0.017337 0.012248 -0.70161 0.712245
5423 13.1 116 1.99 0.012555 0.028358 -0.722078 0.691116
5424 13 116 1.96 0.008376 0.005694 -0.744082 0.668012
5425 13 116 1.97 0.00811 0.022209 -0.730429 0.682579
5426 13 116 1.97 0.001674 0.019371 -0.712107 0.701802
5427 13 115 1.95 -0.019243 0.005275 -0.710955 0.702955
5428 13 115 1.97 0.002269 0.020676 -0.725232 0.68819
5429 13 115 1.94 -0.004142 -0.007274 -0.73851 0.674191
5430 13 114 1.96 -0.012864 0.005644 -0.718639 0.695241
5431 13 114 1.97 -0.009168 0.019013 -0.695676 0.718045
5432 13 114 1.94 -0.020338 0.012091 -0.692777 0.720763
5433 13 113 1.96 -0.009704 0.029192 -0.710057 0.703472
5434 13 113 1.94 -0.001905 0.006922 -0.729498 0.683946
5435 13 113 1.93 -3.1e-05 0.013542 -0.715608 0.698371
5436 13 112 1.94 0.013957 0.012954 -0.70216 0.711765
5437 13 112 1.89 0.001664 0.024054 -0.69981 0.713922
5438 13 112 1.92 0.026947 0.010351 -0.713545 0.700015
5439 13 111 1.91 0.014726 -0.015729 -0.741443 0.67067
5440 13 111 1.9 0.016967 0.00939401 -0.723376 0.690181
5441 13.1 111 1.92 0.024133 0.038129 -0.691773 0.720704
5442 13.1 111 1.88 -0.010156 0.02903 -0.685912 0.727034
5443 13.1 110 1.9 -0.000815 0.024678 -0.707735 0.706047
5444 13.1 110 1.9 0.019984 0.031227 -0.731418 0.680921
5445 13.1 110 1.89 0.00896 0.021331 -0.725549 0.687782
5446 13.1 109 1.9 0.022623 0.033135 -0.695129 0.717764
5447 13.1 109 1.87 0.002736 0.026304 -0.707627 0.706091
5448 13.1 109 1.9 0.02481 0.039109 -0.71966 0.69278
5449 13 108 1.88 0.013 0.015658 -0.728337 0.684916
5450 13 108 1.89 -0.007832 -0.00171 -0.718354 0.695632
5451 13 108 1.89 0.003553 0.01202 -0.697233 0.716735
5452 13 107 1.86 -0.021599 0.012512 -0.696198 0.717415
5453 13 107 1.89 0.000242 0.010081 -0.714429 0.699635
5454 13 107 1.88 -0.000666 0.002512 -0.726276 0.687398
5455 13 106 1.88 0.006244 0.010077 -0.71258 0.70149
5456 13 106 1.9 0.008493 0.030662 -0.697777 0.715608
5457 13 106 1.88 -0.011136 0.020362 -0.692136 0.721394
5458 13 105 1.91 0.000549 0.019163 -0.701735 0.71218
5459 13 105 1.88 0.014973 0.014605 -0.705533 0.708369
5460 13 105 1.88 0.005019 0.01113 -0.697103 0.716867
5461 13 104 1.89 0.012175 0.025136 -0.681798 0.731007
5462 13.1 104 1.85 -0.010753 0.024952 -0.684672 0.728345
5463 13 104 1.84 0.020854 0.031149 -0.72262 0.690229
5464 13 103 1.79 0.021915 0.015436 -0.736617 0.675779
5465 13 103 1.81 0.025781 0.028716 -0.719089 0.693846
5466 13.1 103 1.8 -0.003266 0.010027 -0.698842 0.715199
5467 13.1 102 1.79 -0.047599 -0.019049 -0.696667 0.71556
5468 13 102 1.79 -0.005159 0.016875 -0.715831 0.698051
5469 13 102 1.75 -0.00552 -0.002169 -0.731713 0.681587
5470 13 101 1.78 -0.008737 0.004455 -0.71616 0.697867
5471 13.1 101 1.78 -0.027775 -0.002513 -0.700831 0.712782
5472 13.1 101 1.75 -0.034809 0.00517 -0.717122 0.696059
5473 13 100 1.76 -0.021667 0.016869 -0.742073 0.669757
5474 13 100 1.73 -0.013662 0.012866 -0.746454 0.665173
5475 13 99.8 1.76 0.004642 0.026342 -0.727432 0.685658
5476 13 99.5 1.74 -0.022518 0.016032 -0.709669 0.703993
5477 13 99.2 1.75 -0.032198 0.001689 -0.736787 0.675356
5478 12.9 98.9 1.75 -0.013431 0.015235 -0.764607 0.644176
5479 12.9 98.5 1.72 -0.034185 -0.01105 -0.77761 0.62772
5480 12.9 98.2 1.74 -0.012749 0.00588 -0.763738 0.645374
5481 12.9 97.9 1.71 -0.043414 0.00848 -0.748704 0.661427
5482 12.9 97.6 1.69 -0.029953 0.031389 -0.760769 0.647571
5483 12.9 97.1 1.68 -0.007194 0.013983 -0.786117 0.617877
5484 12.9 96.8 1.66 0.015253 0.01154 -0.773705 0.633257
5485 12.9 96.5 1.68 0.032293 0.029798 -0.750186 0.659765
5486 12.9 96.2 1.65 -0.020834 0.019231 -0.743358 0.668292
5487 12.9 95.9 1.68 -0.011407 0.032804 -0.75709 0.652386
5488 12.9 95.4 1.65 -0.024134 0.016108 -0.759409 0.649966
5489 12.9 95.1 1.67 -0.022141 0.016985 -0.734501 0.678034
5490 13 94.8 1.68 -0.019209 0.024775 -0.70052 0.712944
5491 13 94.5 1.66 -0.03513 0.002743 -0.700489 0.712793
5492 12.9 94.2 1.68 -0.003102 0.033508 -0.725549 0.687348
5493 12.9 93.9 1.65 -0.008077 -0.001168 -0.747431 0.664289
5494 12.9 93.5 1.65 -0.006937 -0.002074 -0.730731 0.682627
5495 13 93.2 1.66 -0.003716 0.016053 -0.694344 0.719455
5496 13 92.9 1.63 -0.031183 0.010418 -0.68515 0.727659
5497 13 92.6 1.66 -0.008337 0.014112 -0.704622 0.709393
5498 13 92.3 1.65 -0.020953 -0.038724 -0.733047 0.678752
5499 13 92 1.65 -0.021725 -0.020518 -0.722217 0.691021
5500 13 91.7 1.68 -0.032216 -0.016375 -0.69528 0.71783
5501 13.1 91.3 1.65 -0.079524 -0.034629 -0.663551 0.743086
5502 13 91 1.67 -0.041972 -0.006149 -0.696228 0.716566
5503 13 90.7 1.67 -0.055947 -0.044825 -0.722054 0.688112
5504 13 90.4 1.66 -0.089433 -0.046507 -0.718345 0.688346
5505 13 90.1 1.66 -0.037504 -0.016371 -0.712473 0.700506
5506 13 89.8 1.62 -0.061105 -0.027312 -0.705637 0.705405
5507 13 89.5 1.63 -0.036937 -0.013675 -0.726475 0.686063
5508 12.9 89.2 1.63 -0.029806 -0.021947 -0.750818 0.659472
5509 12.9 88.8 1.61 -0.042268 -0.03455 -0.755778 0.652548
5510 12.9 88.5 1.63 -0.014355 -0.015564 -0.736456 0.676154
5511 12.9 88.2 1.6 -0.036897 -0.018261 -0.719246 0.693535
5512 12.9 87.9 1.6 -0.028469 -0.026878 -0.733123 0.678968
5513 12.9 87.6 1.61 -0.022694 -0.015224 -0.742716 0.669049
5514 12.8 87.3 1.57 -0.020462 -0.024725 -0.744309 0.667064
5515 12.8 87 1.6 -0.015105 -0.005839 -0.720874 0.692877
5516 12.9 86.7 1.59 -0.040322 -0.015969 -0.69747 0.7153
5517 12.8 86.3 1.57 -0.027997 -0.010996 -0.719016 0.694342
5518 12.8 85.9 1.57 -0.029346 -0.040696 -0.759898 0.648104
5519 12.8 85.6 1.57 -0.037239 -0.035082 -0.743641 0.666618
5520 12.8 85.2 1.58 -0.019073 -0.006788 -0.710041 0.703869
5521 12.9 84.9 1.54 -0.028401 -0.007827 -0.687265 0.725809
5522 12.8 84.6 1.55 -0.004862 0.005673 -0.704108 0.710054
5523 12.8 84.3 1.54 -0.007148 -0.007316 -0.732311 0.680893
5524 12.8 84 1.51 -0.015751 -0.000153 -0.737662 0.674986
5525 12.8 83.7 1.54 -0.007075 0.018399 -0.716491 0.697318
5526 12.8 83.4 1.5 -0.04193 0.022159 -0.701532 0.711058
5527 12.8 83.1 1.52 -0.0343 0.018871 -0.726431 0.686123
5528 12.8 82.8 1.53 -0.024171 0.011195 -0.748138 0.663009
5529 12.8 82.4 1.5 -0.007801 -0.024034 -0.746407 0.665009
5530 12.8 82.1 1.51 0.012068 0.009572 -0.727364 0.686079
5531 12.8 81.8 1.49 -0.009875 -0.022309 -0.697438 0.71623
5532 12.9 81.5 1.49 -0.01172 -0.012975 -0.712471 0.701484
5533 12.8 81.2 1.5 0.01424 0.00208 -0.729394 0.683942
5534 12.8 80.8 1.47 0.008809 -0.04049 -0.733826 0.678073
5535 12.9 80.5 1.49 0.023767 -0.004927 -0.707638 0.706159
5536 12.9 80.2 1.48 -5.4e-05 -0.040554 -0.668048 0.743013
5537 12.9 79.9 1.47 0.001576 -0.043088 -0.66089 0.749243
5538 12.9 79.5 1.47 -0.001641 -0.03863 -0.67775 0.734275
5539 12.9 79.1 1.45 -0.013252 -0.019156 -0.685171 0.728009
5540 12.9 78.8 1.46 0.000985 0.011314 -0.685941 0.727569
5541 12.9 78.5 1.42 -0.018389 0.018995 -0.701252 0.712423
5542 12.8 78.2 1.43 0.000613 0.02778 -0.749959 0.6609
5543 12.8 77.9 1.42 0.007246 0.022705 -0.781568 0.623365
5544 12.7 77.6 1.4 0.000808 0.030631 -0.786845 0.616389
5545 12.7 77.3 1.43 0.018551 0.056389 -0.756899 0.650831
5546 12.7 76.9 1.39 -0.033996 0.04454 -0.741168 0.668978
5547 12.7 76.6 1.4 -0.023967 0.047207 -0.758672 0.649318
5548 12.7 76.3 1.4 -0.020168 0.032334 -0.767301 0.640154
5549 12.7 76 1.39 -0.024085 -0.00335 -0.750655 0.660246
5550 12.7 75.7 1.41 0.003941 0.024222 -0.717698 0.695922
5551 12.7 75.4 1.38 -0.02852 0.015357 -0.711163 0.70228
5552 12.7 75.1 1.37 -0.032102 0.017087 -0.723162 0.689721
5553 12.7 74.6 1.35 -0.022487 0.007569 -0.747509 0.663827
5554 12.7 74.3 1.35 -0.021141 0.005091 -0.725377 0.688008
5555 12.8 73.9 1.35 -0.031706 -0.008724 -0.685323 0.727496
5556 12.8 73.5 1.34 -0.040674 -0.029908 -0.710888 0.701491
5557 12.7 73.1 1.34 -0.02363 -0.038335 -0.73863 0.672606
5558 12.7 72.8 1.33 -0.031247 -0.052063 -0.73463 0.675745
5559 12.8 72.4 1.34 -0.041938 -0.037991 -0.706484 0.705463
5560 12.8 72 1.3 -0.038058 -0.025291 -0.724071 0.68821
5561 12.7 71.6 1.32 -0.005684 -0.018815 -0.761565 0.647791
5562 12.7 71.3 1.29 -0.01035 -0.032066 -0.765524 0.642524
5563 12.7 71 1.31 0.010018 0.005473 -0.741783 0.670543
5564 12.8 70.7 1.29 -0.018033 -0.001235 -0.726582 0.686842
5565 12.8 70.4 1.28 -0.011961 0.027499 -0.739434 0.672561
5566 12.8 69.9 1.27 -0.003827 0.005046 -0.756976 0.653412
5567 12.7 69.6 1.27 -0.011481 -0.007114 -0.743234 0.668896
5568 12.8 69.3 1.28 -0.003016 0.01569 -0.71183 0.70217
5569 12.8 69 1.25 -0.040152 0.002394 -0.69564 0.717264
5570 12.8 68.7 1.27 -0.029824 0.006076 -0.712278 0.701237
5571 12.8 68.2 1.24 -0.019557 -0.011089 -0.731172 0.681822
5572 12.8 67.9 1.25 -0.014472 -0.016442 -0.714409 0.699385
5573 12.9 67.5 1.23 -0.031391 -0.008852 -0.68787 0.725101
5574 12.9 67.2 1.23 -0.013736 -0.006539 -0.70013 0.713853
5575 12.8 66.7 1.2 -0.003154 0.009739 -0.718142 0.695822
5576 12.8 66.4 1.21 0.00103 0.013282 -0.705351 0.708733
5577 12.8 66.1 1.22 0.001918 0.007405 -0.680526 0.732684
5578 12.9 65.8 1.18 -0.002676 0.002067 -0.685363 0.728193
5579 12.8 65.5 1.2 0.018173 0.029477 -0.717305 0.695898
5580 12.8 65.2 1.2 -0.000131 0.015068 -0.745226 0.666642
5581 12.8 64.9 1.19 -0.004386 0.020422 -0.752095 0.658723
5582 12.7 64.4 1.19 -0.019718 0.027073 -0.736 0.676152
5583 12.7 64.1 1.16 -0.011943 0.026196 -0.752903 0.657501
5584 12.7 63.6 1.17 0.004775 0.012817 -0.777601 0.628609
5585 12.6 63.3 1.15 -0.001987 -0.000501 -0.773655 0.633604
5586 12.6 63 1.18 0.011843 0.016883 -0.748921 0.662338
5587 12.6 62.7 1.15 -0.027701 -0.004262 -0.732224 0.680487
5588 12.7 62.4 1.16 -0.027306 -0.000863 -0.739389 0.672724
5589 12.6 61.9 1.14 -0.014594 -0.018899 -0.750287 0.660681
5590 12.6 61.6 1.13 0.005572 -0.012504 -0.730218 0.683078
5591 12.7 61.2 1.14 -0.020599 -0.000323 -0.690314 0.723216
5592 12.7 60.9 1.12 -0.01475 -0.003445 -0.704491 0.709551
5593 12.7 60.4 1.11 0.001149 -0.018563 -0.743327 0.66867
5594 12.7 60.1 1.1 -0.000749 -0.031321 -0.74329 0.668235
5595 12.7 59.7 1.12 -0.02235 -0.024104 -0.707765 0.705683
5596 12.7 59.4 1.09 -0.026253 -0.024179 -0.708604 0.704703
5597 12.7 58.9 1.1 -0.00181 -0.009359 -0.738396 0.6743
5598 12.6 58.6 1.06 -0.009142 -0.018712 -0.743392 0.668532
5599 12.7 58.3 1.09 -0.000348 -0.00418 -0.709387 0.704807
5600 12.7 58 1.07 -0.02426 -0.001805 -0.675958 0.736538
5601 12.7 57.7 1.06 -0.021696 0.003158 -0.672847 0.739457
5602 12.7 57.3 1.06 -0.00846 -0.00149 -0.677019 0.735916
5603 12.7 56.9 1.04 -0.00456 0.001355 -0.668811 0.743417
5604 12.7 56.5 1.06 -0.012467 -0.000515 -0.646636 0.762697
5605 12.7 56.2 1.03 -0.024616 -0.014226 -0.668236 0.743406
5606 12.6 55.8 1.05 0.00139 -0.012098 -0.719442 0.694446
5607 12.6 55.5 1.01 0.001791 -0.020005 -0.731272 0.68179
5608 12.6 55 1.04 -0.004575 -0.001082 -0.703217 0.710959
5609 12.6 54.7 1.01 -0.021494 -0.006451 -0.701631 0.712187
5610 12.6 54.3 1.03 -0.003573 0.006741 -0.745518 0.666442
5611 12.5 54 0.984 -0.00922801 -0.027642 -0.765088 0.643265
5612 12.5 53.7 0.996 -0.000123 -0.010682 -0.745622 0.666283
5613 12.5 53.4 0.986 -0.000746 -0.001463 -0.717242 0.696822
5614 12.5 53 0.951 -0.00824 0.001452 -0.729975 0.683423
5615 12.5 52.6 0.968 0.005016 0.003084 -0.757045 0.653336
5616 12.5 52.3 0.93 0.001404 -0.005308 -0.756278 0.654227
5617 12.5 51.8 0.956 0.001868 0.012362 -0.720219 0.693635
5618 12.5 51.5 0.918 -0.020114 0.006682 -0.719389 0.694284
5619 12.5 51.1 0.941 0.00601 0.02304 -0.75157 0.659223
5620 12.5 50.8 0.909 0.001868 -0.012118 -0.767627 0.64078
5621 12.5 50.5 0.936 0.000457 -0.010107 -0.752904 0.658052
5622 12.5 50.2 0.924 -0.018945 -0.001556 -0.737161 0.67545
5623 12.5 49.8 0.899 -0.026269 0.001164 -0.739683 0.672442
5624 12.5 49.4 0.912 -0.00586 -0.000929 -0.768313 0.640047
5625 12.4 49.1 0.878 -0.006597 -0.023443 -0.773816 0.632943
5626 12.4 48.7 0.908 -0.017621 -0.013371 -0.750902 0.660043
5627 12.4 48.3 0.873 -0.040079 -0.012675 -0.753008 0.656667
5628 12.5 48 0.891 -0.010945 0.011601 -0.761003 0.648552
5629 12.4 47.6 0.843 -0.00428 -0.027669 -0.774486 0.631971
5630 12.4 47.3 0.859 0.019564 0.00298 -0.755822 0.654478
5631 12.5 46.8 0.84 -0.026776 -0.00431 -0.738344 0.673879
5632 12.5 46.5 0.845 -0.023341 0.002897 -0.744338 0.667389
5633 12.5 46.1 0.824 -0.007806 -0.013342 -0.764711 0.644188
5634 12.5 45.8 0.83 -0.011689 -0.004387 -0.7409 0.671499
5635 12.5 45.3 0.826 -0.02123 0.013103 -0.699391 0.714304
5636 12.4 45 0.803 -0.005191 0.031294 -0.719171 0.694109
5637 12.4 44.6 0.814 -0.001443 -0.002459 -0.750014 0.661416
5638 12.3 44.3 0.794 0.002683 0.001001 -0.739981 0.672622
5639 12.4 43.8 0.813 -0.021581 0.00646 -0.697916 0.715825
5640 12.3 43.5 0.772 -0.01447 0.022306 -0.712225 0.701447
5641 12.3 43.1 0.802 0.000717 0.011811 -0.731307 0.681946
5642 12.3 42.8 0.773 -0.009999 -0.012112 -0.729334 0.683977
5643 12.4 42.4 0.8 -0.00562 -0.006255 -0.693328 0.720573
5644 12.4 42.1 0.763 -0.042895 -0.010889 -0.683853 0.728276
5645 12.4 41.6 0.773 -0.008783 0.012464 -0.70672 0.707329
5646 12.3 41.3 0.743 -0.017344 -0.022706 -0.721045 0.692299
5647 12.4 40.9 0.769 -0.012759 -0.00827 -0.690274 0.723388
5648 12.4 40.6 0.741 -0.045107 -0.013669 -0.668982 0.741782
5649 12.4 40.2 0.751 -0.01315 0.005406 -0.694957 0.71891
5650 12.4 39.7 0.718 -0.014683 -0.021833 -0.710222 0.703486
5651 12.4 39.4 0.739 -0.000953 0.00383 -0.690253 0.723557
5652 12.5 39 0.716 -0.056964 -0.026892 -0.671822 0.738029
5653 12.5 38.7 0.718 -0.033496 -0.004492 -0.686088 0.726733
5654 12.5 38.2 0.683 -0.010315 -0.008116 -0.715495 0.698495
5655 12.5 37.8 0.711 -0.011752 0.003935 -0.691812 0.721972
5656 12.6 37.3 0.679 -0.034179 -0.005233 -0.682188 0.730358
5657 12.5 36.9 0.687 0.003786 0.021078 -0.730916 0.682132
5658 12.5 36.5 0.659 0.004124 0.01195 -0.748315 0.663223
5659 12.5 36 0.676 -0.013295 0.006501 -0.718904 0.694951
5660 12.5 35.7 0.641 -0.023534 0.004628 -0.726992 0.686227
5661 12.5 35.3 0.655 -0.002183 0.006868 -0.763493 0.645776
5662 12.4 35 0.623 -0.00557 -0.014953 -0.767744 0.640558
5663 12.4 34.6 0.654 -0.002814 0.004866 -0.733493 0.679674
5664 12.4 34.3 0.613 -0.024978 0.006363 -0.734328 0.678305
5665 12.4 33.9 0.64 -0.004389 0.021474 -0.771399 0.635975
5666 12.3 33.6 0.61 -0.017466 -0.008356 -0.781904 0.623098
5667 12.3 33.3 0.616 0.006751 0.005569 -0.763617 0.645611
5668 12.4 32.8 0.6 -0.021845 0.007372 -0.716216 0.697497
5669 12.4 32.4 0.609 -0.010473 0.01444 -0.724352 0.6892
5670 12.4 31.9 0.572 -0.005951 -0.030601 -0.728944 0.683863
5671 12.4 31.5 0.595 0.004712 0.006835 -0.693641 0.720273
5672 12.4 31.1 0.552 -0.007075 0.00107 -0.698735 0.715345
5673 12.4 30.7 0.568 0.010653 0.005045 -0.743445 0.668693
5674 12.3 30.2 0.548 -0.014567 0.003916 -0.720459 0.693333
5675 12.4 29.8 0.54 -0.028292 0.015083 -0.675371 0.736781
5676 12.3 29.4 0.532 -0.016906 0.006539 -0.708686 0.705291
5677 12.3 29 0.519 -0.015264 -0.028574 -0.723755 0.689296
5678 12.3 28.7 0.529 -0.005852 -0.019189 -0.65563 0.754816
5679 12.3 28.3 0.506 -0.034962 -0.015235 -0.607238 0.793604
5680 12.3 27.9 0.507 -0.00748 0.030735 -0.650454 0.758887
5681 12.3 27.4 0.478 -0.006875 -0.015473 -0.694577 0.719219
5682 12.3 27 0.505 0.00299 0.02202 -0.677714 0.73499
5683 12.3 26.6 0.482 -0.032957 -0.004311 -0.689621 0.723407
5684 12.2 26.1 0.493 -0.001841 -0.010874 -0.734763 0.678234
5685 12.2 25.7 0.482 -0.015011 -0.0323 -0.734615 0.677549
5686 12.2 25.3 0.466 -0.032719 -0.004849 -0.722619 0.690455
5687 12.2 24.9 0.453 -0.012646 0.01603 -0.748544 0.66277
5688 12.1 24.5 0.429 0.000354 -0.020381 -0.77973 0.625784
5689 12.1 24 0.45 0.010635 0.013315 -0.743548 0.668466
5690 12.2 23.6 0.411 -0.035152 0.017397 -0.708756 0.704363
5691 12.1 23.2 0.435 0.006626 0.011863 -0.739396 0.673134
5692 12.1 22.8 0.393 -0.002868 -0.005503 -0.746777 0.665045
5693 12.1 22.3 0.411 -0.012812 0.008162 -0.699356 0.714612
5694 12.1 21.9 0.391 -0.025082 0.001018 -0.714422 0.699265
5695 12.1 21.5 0.369 5.6e-05 0.016483 -0.76714 0.641268
5696 12.1 21.2 0.355 0.00442 0.020785 -0.771036 0.636437
5697 12.2 20.7 0.368 -0.012943 0.021075 -0.732811 0.679983
5698 12.2 20.4 0.337 -0.025398 0.037438 -0.729488 0.682496
5699 12.3 20 0.361 -0.000805 0.033329 -0.729506 0.683161
5700 12.3 19.6 0.342 -0.001274 0.014091 -0.693457 0.720359
5701 12.4 19.2 0.355 -0.034059 0.002714 -0.651701 0.757706
5702 12.5 18.8 0.371 -0.042456 -0.019192 -0.669928 0.740963
5703 12.5 18.3 0.343 -0.026288 -0.043777 -0.723109 0.688844
5704 12.5 17.9 0.347 -0.010708 -0.022584 -0.732818 0.679966
5705 12.5 17.5 0.315 -0.045207 -0.038369 -0.761726 0.64518
5706 12.5 17.1 0.331 0.000536 -0.011949 -0.801214 0.598258
5707 12.5 16.7 0.294 0.010118 -0.033021 -0.793891 0.607078
5708 12.6 16.3 0.313 -0.009636 -0.001615 -0.742254 0.670047
5709 12.7 15.8 0.284 -0.0094 0.018505 -0.728107 0.685149
5710 12.7 15.4 0.284 0.006912 0.005031 -0.714705 0.699374
5711 12.7 15 0.278 0.016967 0.02049 -0.66464 0.74669
5712 12.7 14.6 0.261 -0.021829 0.008386 -0.636736 0.770727
5713 12.7 14.2 0.269 0.00668 0.035395 -0.671874 0.739789
5714 12.6 13.7 0.246 -0.002265 0.001093 -0.70892 0.705284
5715 12.6 13.3 0.27 0.01086 0.022634 -0.705384 0.70838
5716 12.6 12.9 0.241 -0.016366 0.014483 -0.74982 0.661281
5717 12.5 12.5 0.268 -0.001424 -0.000914 -0.797006 0.603969
5718 12.5 12 0.258 0.009981 -0.01045 -0.812466 0.582829
5719 12.5 11.6 0.294 -0.016922 -0.007261 -0.819007 0.573487
5720 12.4 11.3 0.325 -0.006238 0.016112 -0.847143 0.531084
5721 12.4 10.9 0.394 0.026485 0.004498 0.865717 -0.499813
5722 12.3 10.5 0.431 -0.011962 -0.003387 -0.852273 0.522949
5723 12.4 10 0.492 -0.044142 -0.005754 -0.801758 0.595989
5724 12.4 9.58 0.582 -0.035448 -0.008412 -0.782863 0.621127
5725 12.4 9.17 0.607 -0.061785 -0.033381 -0.752064 0.655338
5726 12.4 8.76 0.674 -0.041401 -0.023027 -0.700741 0.711841
5727 12.4 8.34 0.687 -0.059065 -0.024615 -0.671893 0.737878
5728 12.4 7.95 0.758 -0.023028 -0.011522 -0.652117 0.757681
5729 12.4 7.56 0.792 -0.027691 -0.025759 -0.592506 0.804678
5730 12.4 7.17 0.84 -0.017376 -0.011303 -0.539531 0.841711
5731 12.4 6.74 0.863 -0.002824 -0.005003 -0.503186 0.864159
5732 12.4 6.34 0.9 0.026678 -0.016489 -0.479661 0.876893
5733 12.3 5.96 0.938 0.026538 -0.003201 -0.433656 0.900682
5734 12.2 5.57 0.945 0.013507 -0.030312 -0.425633 0.904287
5735 12.1 5.19 1.01 0.008222 -0.038617 -0.471524 0.880969
5736 12 4.8 1.02 -0.007454 -0.042133 -0.527525 0.848461
5737 11.9 4.45 1.09 0.001411 -0.041162 -0.563349 0.825192
5738 11.8 4.09 1.08 -0.014137 -0.036842 -0.573986 0.817914
5739 11.6 3.75 1.13 0.0024 -0.027244 -0.572519 0.819435
5740 11.5 3.42 1.13 0.005752 -0.00716 -0.538508 0.84257
5741 11.4 3.13 1.18 0.008341 -0.006371 -0.488798 0.872334
5742 11.4 2.83 1.19 0.008115 -0.002603 -0.445102 0.895439
5743 11.3 2.47 1.22 0.028981 -0.030206 -0.409752 0.911236
5744 11.1 2.13 1.21 0.023414 0.017145 -0.383874 0.922929
5745 11 1.8 1.19 -0.003694 0.017462 -0.356061 0.934292
5746 10.9 1.53 1.21 0.001534 0.019935 -0.287634 0.957532
5747 10.7 1.29 1.21 0.001111 0.016575 -0.202232 0.979197
5748 10.6 0.983 1.2 0.007425 -0.005609 -0.125655 0.99203
5749 10.4 0.672 1.22 0.016779 -0.026567 -0.067683 0.997212
5750 10.2 0.445 1.19 -0.007238 -0.01385 -0.057707 0.998211
5751 9.9 0.284 1.16 0.008337 -0.021434 -0.086934 0.995949
5752 9.59 0.137 1.17 0.000403 -0.034356 -0.051912 0.99806
5753 9.31 0.0185 1.17 -0.010625 -0.027228 -0.000357 0.999573
5754 8.95 -0.0896 1.15 -0.009886 -0.028335 -0.067688 0.997255
5755 8.57 -0.21 1.15 -0.002376 -0.036548 -0.067712 0.997032
5756 8.26 -0.321 1.13 -0.001606 -0.026213 -0.035096 0.999039
5757 7.88 -0.393 1.12 -0.00136 -0.006233 -0.058211 0.998284
5758 7.5 -0.459 1.13 0.007412 -0.01357 -0.057965 0.998199
5759 7.2 -0.557 1.11 -0.011903 -0.031877 -0.071087 0.99689
5760 6.9 -0.658 1.11 -0.003552 -0.000543 -0.114332 0.993436
5761 6.6 -0.695 1.09 0.004309 0.017774 -0.124754 0.992019
5762 6.21 -0.688 1.11 -0.013851 -0.010071 -0.083366 0.996372
5763 5.82 -0.667 1.11 -0.002617 -0.013357 -0.088178 0.996012
5764 5.48 -0.612 1.05 -0.001382 0.034846 -0.14975 0.988109
5765 5.14 -0.56 1.12 -0.005077 -0.026428 -0.136288 0.990304
5766 4.84 -0.568 1.08 0.007009 -0.010932 -0.088656 0.995978
5767 4.46 -0.542 1.11 -0.003766 -0.016004 -0.088771 0.995916
5768 4.12 -0.453 1.08 0.004221 0.010474 -0.121462 0.992532
5769 3.74 -0.453 1.09 -0.014632 -0.021635 -0.106746 0.993943
5770 3.43 -0.523 1.06 -0.027997 0.0221 -0.085961 0.99566
5771 3.08 -0.515 1.1 -0.01222 -0.004437 -0.084635 0.996327
5772 2.75 -0.457 1.08 -0.00407 0.017899 -0.115147 0.993179
5773 2.41 -0.445 1.1 -0.010668 -0.027383 -0.070055 0.99711
5774 2.09 -0.418 1.11 -0.005612 -0.022532 -0.021655 0.999496
5775 1.73 -0.401 1.06 -0.000109 0.006319 -0.093966 0.995555
5776 1.41 -0.498 1.07 -0.015938 -0.025849 -0.060248 0.997721
5777 1.06 -0.562 1.08 -0.006193 -0.007572 -0.035755 0.999313
5778 0.75 -0.556 1.04 -0.013117 -0.001546 -0.087377 0.996088
5779 0.428 -0.555 1.09 -0.013696 -0.049587 -0.078291 0.995602
5780 0.106 -0.6 1.07 -0.014033 -0.022076 -0.011601 0.99959
5781 -0.248 -0.555 1.08 -0.011685 -0.039277 -0.007479 0.999132
5782 -0.559 -0.518 1.06 0.000929 -0.040208 0.039945 0.998392
5783 -0.818 -0.398 0.884 -0.015028 -0.007387 -0.04755 0.998728
5784 -0.99 -0.274 0.923 -0.002634 -0.035178 0.044801 0.998373
5785 -0.844 -0.0584 0.662 0.000988 -0.052805 -0.033444 0.998044
5786 -0.764 0.0322 0.312 0.006627 -0.010833 -0.000301 0.999919
5787 -0.701 0.0746 0.0195 0.005788 0.002797 0.016931 0.999836
